ISO-10303-21;
HEADER;
FILE_DESCRIPTION (( 'STEP AP214' ),
    '1' );
FILE_NAME ('Actuation arm.step',
    '2026-04-16T06:28:42',
    ( '' ),
    ( '' ),
    'SwSTEP 2.0',
    'SolidWorks 2020',
    '' );
FILE_SCHEMA (( 'AUTOMOTIVE_DESIGN' ));
ENDSEC;

DATA;
#1 = CARTESIAN_POINT ( 'NONE',  ( 37.66011671503738256, -0.3321395265761041826, 1.249999999999994671 ) ) ;
#2 = ORIENTED_EDGE ( 'NONE', *, *, #619, .F. ) ;
#3 = VERTEX_POINT ( 'NONE', #1001 ) ;
#4 = ORIENTED_EDGE ( 'NONE', *, *, #1666, .F. ) ;
#5 = CARTESIAN_POINT ( 'NONE',  ( 40.00672929459253879, 2.598149054281850834, 1.250000000000000000 ) ) ;
#6 = CARTESIAN_POINT ( 'NONE',  ( 36.44264997537227657, -0.3483428465432814036, -1.700000000000000178 ) ) ;
#7 = ORIENTED_EDGE ( 'NONE', *, *, #504, .T. ) ;
#8 = DIRECTION ( 'NONE',  ( -0.000000000000000000, -0.000000000000000000, -1.000000000000000000 ) ) ;
#9 = ORIENTED_EDGE ( 'NONE', *, *, #840, .F. ) ;
#10 = DIRECTION ( 'NONE',  ( 1.000000000000000000, 0.000000000000000000, 0.000000000000000000 ) ) ;
#11 = CARTESIAN_POINT ( 'NONE',  ( 38.71331050604095481, 5.068274169075795754, -1.249999999999995559 ) ) ;
#12 = EDGE_CURVE ( 'NONE', #909, #2490, #2849, .T. ) ;
#13 = CARTESIAN_POINT ( 'NONE',  ( 1.148891823298499704, 3.093549349591474762, -2.000000000000000000 ) ) ;
#14 = CARTESIAN_POINT ( 'NONE',  ( 1.148891823298500148, 3.093549349591474762, 2.000000000000000000 ) ) ;
#15 = CARTESIAN_POINT ( 'NONE',  ( 4.241241905485717112, -168.5537438249798754, -1.700000000000000178 ) ) ;
#16 = ORIENTED_EDGE ( 'NONE', *, *, #1975, .F. ) ;
#17 = EDGE_CURVE ( 'NONE', #2502, #1240, #2092, .T. ) ;
#18 = ORIENTED_EDGE ( 'NONE', *, *, #1180, .T. ) ;
#19 = CARTESIAN_POINT ( 'NONE',  ( 3.874709418001696104, 8.405876580172527923, -1.250000000000000000 ) ) ;
#20 = VERTEX_POINT ( 'NONE', #518 ) ;
#21 = ADVANCED_FACE ( 'NONE', ( #2029 ), #1521, .T. ) ;
#22 = CARTESIAN_POINT ( 'NONE',  ( 2.327262649190778188, -1.893105533688360653, 1.700000000000000178 ) ) ;
#23 = CARTESIAN_POINT ( 'NONE',  ( 37.00672929459250327, 2.598149054281850834, 2.000000000000000000 ) ) ;
#24 = DIRECTION ( 'NONE',  ( -0.7177726818027014843, 0.6962775145426985945, 0.000000000000000000 ) ) ;
#25 = ADVANCED_FACE ( 'NONE', ( #265 ), #891, .T. ) ;
#26 = ORIENTED_EDGE ( 'NONE', *, *, #2412, .F. ) ;
#27 = DIRECTION ( 'NONE',  ( 1.000000000000000000, 0.000000000000000000, 0.000000000000000000 ) ) ;
#28 = AXIS2_PLACEMENT_3D ( 'NONE', #2334, #284, #2604 ) ;
#29 = VECTOR ( 'NONE', #2424, 1000.000000000000000 ) ;
#30 = DIRECTION ( 'NONE',  ( 0.000000000000000000, 0.000000000000000000, 1.000000000000000000 ) ) ;
#31 = DIRECTION ( 'NONE',  ( 1.000000000000000000, 0.000000000000000000, 0.000000000000000000 ) ) ;
#32 = CARTESIAN_POINT ( 'NONE',  ( 45.96999999999999886, 3.061616997868386099E-16, -5.000000000000000000 ) ) ;
#33 = CARTESIAN_POINT ( 'NONE',  ( 48.46999999999999886, 0.000000000000000000, -1.050000000000000488 ) ) ;
#34 = AXIS2_PLACEMENT_3D ( 'NONE', #2614, #1311, #337 ) ;
#35 = ORIENTED_EDGE ( 'NONE', *, *, #297, .T. ) ;
#36 = CIRCLE ( 'NONE', #1414, 3.500000000000000000 ) ;
#37 = ORIENTED_EDGE ( 'NONE', *, *, #2887, .F. ) ;
#38 = DIRECTION ( 'NONE',  ( 0.000000000000000000, 0.000000000000000000, 1.000000000000000000 ) ) ;
#39 = CIRCLE ( 'NONE', #194, 2.700000000000028599 ) ;
#40 = DIRECTION ( 'NONE',  ( 0.000000000000000000, -1.000000000000000000, 0.000000000000000000 ) ) ;
#41 = CIRCLE ( 'NONE', #1890, 171.5599999999999739 ) ;
#42 = EDGE_CURVE ( 'NONE', #909, #2254, #36, .T. ) ;
#43 = ORIENTED_EDGE ( 'NONE', *, *, #2467, .F. ) ;
#44 = DIRECTION ( 'NONE',  ( -1.000000000000000000, 0.000000000000000000, 0.000000000000000000 ) ) ;
#45 = CARTESIAN_POINT ( 'NONE',  ( 0.000000000000000000, 0.000000000000000000, 4.700000000000000178 ) ) ;
#46 = AXIS2_PLACEMENT_3D ( 'NONE', #2057, #841, #2128 ) ;
#47 = CARTESIAN_POINT ( 'NONE',  ( 0.7804264472511899253, 3.082966843874723306, 1.699999999999854516 ) ) ;
#48 = ADVANCED_FACE ( 'NONE', ( #2303 ), #242, .F. ) ;
#49 = AXIS2_PLACEMENT_3D ( 'NONE', #1330, #55, #548 ) ;
#50 = DIRECTION ( 'NONE',  ( 0.8978664923101264961, 0.4402678298339652851, 0.000000000000000000 ) ) ;
#51 = AXIS2_PLACEMENT_3D ( 'NONE', #1299, #1769, #1792 ) ;
#52 = CARTESIAN_POINT ( 'NONE',  ( 0.7804264738830475334, 3.082966881510575963, -1.781255115858557003 ) ) ;
#53 = CARTESIAN_POINT ( 'NONE',  ( 0.000000000000000000, 0.000000000000000000, -5.000000000000000000 ) ) ;
#54 = CARTESIAN_POINT ( 'NONE',  ( 2.971986458509494611, -0.4090189365251732379, 2.299999999999999822 ) ) ;
#55 = DIRECTION ( 'NONE',  ( -0.000000000000000000, -0.000000000000000000, 1.000000000000000000 ) ) ;
#56 = CYLINDRICAL_SURFACE ( 'NONE', #34, 2.999999999999998224 ) ;
#57 = CARTESIAN_POINT ( 'NONE',  ( -3.889327009339771823, 1.799123955119882101, 0.9500000000000000666 ) ) ;
#58 = ORIENTED_EDGE ( 'NONE', *, *, #2993, .T. ) ;
#59 = DIRECTION ( 'NONE',  ( -0.000000000000000000, -0.000000000000000000, -1.000000000000000000 ) ) ;
#60 = ORIENTED_EDGE ( 'NONE', *, *, #1016, .F. ) ;
#61 = SPHERICAL_SURFACE ( 'NONE', #463, 0.2999999999999999889 ) ;
#62 = DIRECTION ( 'NONE',  ( -1.000000000000000000, 0.000000000000000000, 0.000000000000000000 ) ) ;
#63 = ORIENTED_EDGE ( 'NONE', *, *, #3056, .T. ) ;
#64 = CARTESIAN_POINT ( 'NONE',  ( 3.299999999999998046, 0.000000000000000000, -2.000000000000000000 ) ) ;
#65 = ADVANCED_FACE ( 'NONE', ( #3244 ), #979, .T. ) ;
#66 = DIRECTION ( 'NONE',  ( 1.000000000000000000, 0.000000000000000000, 0.000000000000000000 ) ) ;
#67 = DIRECTION ( 'NONE',  ( -0.000000000000000000, -0.000000000000000000, -1.000000000000000000 ) ) ;
#68 = EDGE_CURVE ( 'NONE', #2259, #521, #1929, .T. ) ;
#69 = DIRECTION ( 'NONE',  ( -0.000000000000000000, -0.000000000000000000, 1.000000000000000000 ) ) ;
#70 = PLANE ( 'NONE',  #3215 ) ;
#71 = DIRECTION ( 'NONE',  ( 0.000000000000000000, 0.000000000000000000, -1.000000000000000000 ) ) ;
#72 = LINE ( 'NONE', #111, #2952 ) ;
#73 = DIRECTION ( 'NONE',  ( 1.000000000000000000, 0.000000000000000000, 0.000000000000000000 ) ) ;
#74 = CARTESIAN_POINT ( 'NONE',  ( 46.68173121987033625, -2.653694551001219537, 1.250000000000000000 ) ) ;
#75 = ADVANCED_FACE ( 'NONE', ( #1611 ), #2109, .T. ) ;
#76 = DIRECTION ( 'NONE',  ( -0.000000000000000000, -0.000000000000000000, 1.000000000000000000 ) ) ;
#77 = ORIENTED_EDGE ( 'NONE', *, *, #1433, .F. ) ;
#78 = DIRECTION ( 'NONE',  ( 1.000000000000000000, 0.000000000000000000, 0.000000000000000000 ) ) ;
#79 = LINE ( 'NONE', #1846, #2102 ) ;
#80 = CARTESIAN_POINT ( 'NONE',  ( 1.300000000000000044, 0.000000000000000000, 5.000000000000000000 ) ) ;
#81 = ORIENTED_EDGE ( 'NONE', *, *, #2270, .F. ) ;
#82 = CARTESIAN_POINT ( 'NONE',  ( 0.000000000000000000, 0.000000000000000000, 4.700000000000000178 ) ) ;
#83 = VERTEX_POINT ( 'NONE', #550 ) ;
#84 = CARTESIAN_POINT ( 'NONE',  ( 43.71991105278057432, -7.048876151096988174, 0.9500000000000002887 ) ) ;
#85 = EDGE_CURVE ( 'NONE', #3238, #1111, #353, .T. ) ;
#86 = DIRECTION ( 'NONE',  ( -0.000000000000000000, -0.000000000000000000, 1.000000000000000000 ) ) ;
#87 = CARTESIAN_POINT ( 'NONE',  ( 37.54824592178069764, -0.3547459467414221246, -1.237635579111299400 ) ) ;
#88 = DIRECTION ( 'NONE',  ( 0.000000000000000000, 0.000000000000000000, -1.000000000000000000 ) ) ;
#89 = ADVANCED_FACE ( 'NONE', ( #2072 ), #2466, .T. ) ;
#90 = CARTESIAN_POINT ( 'NONE',  ( -3.770693629966585192, 1.393667101148005516, -1.249999999999999778 ) ) ;
#91 = EDGE_LOOP ( 'NONE', ( #113, #2708, #1002, #673, #2522 ) ) ;
#92 = FACE_OUTER_BOUND ( 'NONE', #2179, .T. ) ;
#93 = AXIS2_PLACEMENT_3D ( 'NONE', #2942, #2182, #677 ) ;
#94 = LINE ( 'NONE', #341, #1989 ) ;
#95 = DIRECTION ( 'NONE',  ( 1.000000000000000000, 0.000000000000000000, 0.000000000000000000 ) ) ;
#96 = VERTEX_POINT ( 'NONE', #2394 ) ;
#97 = VECTOR ( 'NONE', #2648, 1000.000000000000000 ) ;
#98 = ORIENTED_EDGE ( 'NONE', *, *, #1762, .F. ) ;
#99 = FILL_AREA_STYLE_COLOUR ( '', #3064 ) ;
#100 = ORIENTED_EDGE ( 'NONE', *, *, #1319, .T. ) ;
#101 = AXIS2_PLACEMENT_3D ( 'NONE', #3270, #2281, #270 ) ;
#102 = CIRCLE ( 'NONE', #1935, 176.9600000000000364 ) ;
#103 = AXIS2_PLACEMENT_3D ( 'NONE', #2666, #2410, #2157 ) ;
#104 = AXIS2_PLACEMENT_3D ( 'NONE', #2151, #2673, #400 ) ;
#105 =( NAMED_UNIT ( * ) PLANE_ANGLE_UNIT ( ) SI_UNIT ( $, .RADIAN. ) );
#106 = TOROIDAL_SURFACE ( 'NONE', #466, 4.599999999999999645, 0.2999999999999999889 ) ;
#107 = FACE_OUTER_BOUND ( 'NONE', #1856, .T. ) ;
#108 = AXIS2_PLACEMENT_3D ( 'NONE', #2217, #707, #2230 ) ;
#109 = EDGE_CURVE ( 'NONE', #1240, #3245, #2317, .T. ) ;
#110 = CARTESIAN_POINT ( 'NONE',  ( 0.01292834629495290266, 8.355732926394784599, 1.250000000000000000 ) ) ;
#111 = CARTESIAN_POINT ( 'NONE',  ( -0.7338192662517214471, 0.4236707509069596034, -1.700000000000000178 ) ) ;
#112 = CARTESIAN_POINT ( 'NONE',  ( 1.044447112089545104, 2.812317590537704248, -2.299999999999999822 ) ) ;
#113 = ORIENTED_EDGE ( 'NONE', *, *, #405, .T. ) ;
#114 = CARTESIAN_POINT ( 'NONE',  ( 45.77000000000001023, 3.306546357697837956E-16, 1.250000000000000222 ) ) ;
#115 = CARTESIAN_POINT ( 'NONE',  ( -2.729660544970507363, 5.566772252322823356, 1.250000000000000222 ) ) ;
#116 = ADVANCED_FACE ( 'NONE', ( #1841 ), #2949, .T. ) ;
#117 = CARTESIAN_POINT ( 'NONE',  ( -2.729660544970507363, 5.566772252322823356, 1.250000000000000000 ) ) ;
#118 = DIRECTION ( 'NONE',  ( 0.8660254037844411501, -0.4999999999999955591, 0.000000000000000000 ) ) ;
#119 = EDGE_LOOP ( 'NONE', ( #573, #2239, #1749, #3018 ) ) ;
#120 = ORIENTED_EDGE ( 'NONE', *, *, #2564, .F. ) ;
#121 = ORIENTED_EDGE ( 'NONE', *, *, #42, .T. ) ;
#122 = DIRECTION ( 'NONE',  ( 1.000000000000000000, 0.000000000000000000, 0.000000000000000000 ) ) ;
#123 = CARTESIAN_POINT ( 'NONE',  ( 4.221338092443585488, 8.406255055666168374, -2.000000000000000000 ) ) ;
#124 = ORIENTED_EDGE ( 'NONE', *, *, #697, .F. ) ;
#125 = CARTESIAN_POINT ( 'NONE',  ( -2.999999999999998224, 3.673940397442057896E-16, -4.700000000000000178 ) ) ;
#126 = DIRECTION ( 'NONE',  ( -1.000000000000000000, 0.000000000000000000, 0.000000000000000000 ) ) ;
#127 = CARTESIAN_POINT ( 'NONE',  ( 4.221338092443599699, 8.406255055666132847, 1.700000000000000178 ) ) ;
#128 = DIRECTION ( 'NONE',  ( 0.3481490373631818125, 0.9374391968459019342, 0.000000000000000000 ) ) ;
#129 = CARTESIAN_POINT ( 'NONE',  ( 2.999999999999998224, 0.000000000000000000, -2.000000000000000000 ) ) ;
#130 = VERTEX_POINT ( 'NONE', #1065 ) ;
#131 = EDGE_CURVE ( 'NONE', #1619, #2567, #1332, .T. ) ;
#132 = EDGE_LOOP ( 'NONE', ( #1509, #2766, #1365, #2796 ) ) ;
#133 = ORIENTED_EDGE ( 'NONE', *, *, #17, .T. ) ;
#134 = DIRECTION ( 'NONE',  ( 0.000000000000000000, 0.000000000000000000, -1.000000000000000000 ) ) ;
#135 = DIRECTION ( 'NONE',  ( -0.9821639669417048246, 0.1880264397400901177, 0.000000000000000000 ) ) ;
#136 = CYLINDRICAL_SURFACE ( 'NONE', #2521, 4.999999999999999112 ) ;
#137 = ORIENTED_EDGE ( 'NONE', *, *, #2463, .T. ) ;
#138 = CARTESIAN_POINT ( 'NONE',  ( 37.00672929459250327, 2.598149054281850834, 2.000000000000000000 ) ) ;
#139 = DIRECTION ( 'NONE',  ( -0.000000000000000000, 0.000000000000000000, 1.000000000000000000 ) ) ;
#140 = CARTESIAN_POINT ( 'NONE',  ( 2.699999999999998401, 0.000000000000000000, 5.000000000000000000 ) ) ;
#141 = VERTEX_POINT ( 'NONE', #1555 ) ;
#142 = CARTESIAN_POINT ( 'NONE',  ( 0.005760093199579617573, 8.655647274413619030, -2.000000000000000000 ) ) ;
#143 = VECTOR ( 'NONE', #3071, 1000.000000000000000 ) ;
#144 = ORIENTED_EDGE ( 'NONE', *, *, #1645, .T. ) ;
#145 = EDGE_CURVE ( 'NONE', #2366, #2609, #570, .T. ) ;
#146 = AXIS2_PLACEMENT_3D ( 'NONE', #2627, #2105, #1118 ) ;
#147 = TOROIDAL_SURFACE ( 'NONE', #2035, 5.299999999999999822, 0.2999999999999999889 ) ;
#148 = AXIS2_PLACEMENT_3D ( 'NONE', #3068, #38, #328 ) ;
#149 = AXIS2_PLACEMENT_3D ( 'NONE', #801, #3131, #2615 ) ;
#150 = EDGE_CURVE ( 'NONE', #3228, #1541, #2041, .T. ) ;
#151 = CIRCLE ( 'NONE', #2907, 4.299999999999999822 ) ;
#152 = CIRCLE ( 'NONE', #1104, 4.299999999999999822 ) ;
#153 = CIRCLE ( 'NONE', #2164, 3.500000000000000444 ) ;
#154 = AXIS2_PLACEMENT_3D ( 'NONE', #1324, #942, #503 ) ;
#155 = DIRECTION ( 'NONE',  ( 0.3077587944996694747, 0.9514644104789785617, 0.000000000000000000 ) ) ;
#156 = DIRECTION ( 'NONE',  ( 1.000000000000000000, 0.000000000000000000, 0.000000000000000000 ) ) ;
#157 = ORIENTED_EDGE ( 'NONE', *, *, #1762, .T. ) ;
#158 = AXIS2_PLACEMENT_3D ( 'NONE', #3012, #2049, #3061 ) ;
#159 = DIRECTION ( 'NONE',  ( 1.000000000000000000, 9.819189486661174428E-16, 0.000000000000000000 ) ) ;
#160 = CARTESIAN_POINT ( 'NONE',  ( 0.4868515064510802182, 2.960232357546667803, 1.855115748818274790 ) ) ;
#161 = DIRECTION ( 'NONE',  ( 0.000000000000000000, 0.000000000000000000, 1.000000000000000000 ) ) ;
#162 = ORIENTED_EDGE ( 'NONE', *, *, #2033, .T. ) ;
#163 = DIRECTION ( 'NONE',  ( 1.000000000000000000, 0.000000000000000000, 0.000000000000000000 ) ) ;
#164 = ORIENTED_EDGE ( 'NONE', *, *, #1941, .F. ) ;
#165 =( GEOMETRIC_REPRESENTATION_CONTEXT ( 3 ) GLOBAL_UNCERTAINTY_ASSIGNED_CONTEXT ( ( #1654 ) ) GLOBAL_UNIT_ASSIGNED_CONTEXT ( ( #1878, #105, #1116 ) ) REPRESENTATION_CONTEXT ( 'NONE', 'WORKASPACE' ) );
#166 = EDGE_CURVE ( 'NONE', #1230, #3, #186, .T. ) ;
#167 = CARTESIAN_POINT ( 'NONE',  ( 3.148172465759815797, -0.6949112787403659564, 1.987593515723729443 ) ) ;
#168 = CARTESIAN_POINT ( 'NONE',  ( 2.843574845713809029, -0.9665103979427888126, -2.199675537685901183 ) ) ;
#169 = CARTESIAN_POINT ( 'NONE',  ( 37.00672929459250327, 2.598149054281850834, 1.700000000000000178 ) ) ;
#170 = FACE_OUTER_BOUND ( 'NONE', #781, .T. ) ;
#171 = CARTESIAN_POINT ( 'NONE',  ( 45.76999999999998892, 0.000000000000000000, -1.250000000000000000 ) ) ;
#172 = DIRECTION ( 'NONE',  ( 0.4999999999999951705, 0.8660254037844413721, -0.000000000000000000 ) ) ;
#173 = EDGE_LOOP ( 'NONE', ( #1524, #1580 ) ) ;
#174 = DIRECTION ( 'NONE',  ( 1.000000000000000000, 0.000000000000000000, 0.000000000000000000 ) ) ;
#175 = EDGE_LOOP ( 'NONE', ( #2024, #1293, #407, #1338 ) ) ;
#176 = CARTESIAN_POINT ( 'NONE',  ( 0.000000000000000000, 0.000000000000000000, -1.250000000000000000 ) ) ;
#177 = ORIENTED_EDGE ( 'NONE', *, *, #1698, .F. ) ;
#178 = CARTESIAN_POINT ( 'NONE',  ( 2.514040125715416796, -1.663493271143754670, -1.769664934424150626 ) ) ;
#179 = EDGE_CURVE ( 'NONE', #385, #1128, #1570, .T. ) ;
#180 = EDGE_CURVE ( 'NONE', #2820, #598, #949, .T. ) ;
#181 = CYLINDRICAL_SURFACE ( 'NONE', #1424, 2.999999999999998224 ) ;
#182 = ORIENTED_EDGE ( 'NONE', *, *, #614, .F. ) ;
#183 = CARTESIAN_POINT ( 'NONE',  ( -2.693599476930376380, -1.320803489501896966, 2.000000000000000000 ) ) ;
#184 = ORIENTED_EDGE ( 'NONE', *, *, #2339, .F. ) ;
#185 = VERTEX_POINT ( 'NONE', #2330 ) ;
#186 = B_SPLINE_CURVE_WITH_KNOTS ( 'NONE', 3,
 ( #2819, #2360, #2574, #338, #1346, #2875, #90, #2650 ),
 .UNSPECIFIED., .F., .F.,
 ( 4, 2, 2, 4 ),
 ( 1.084202172485504434E-19, 0.0001373821126163760975, 0.0002747642252327520867, 0.0005495284504655060165 ),
 .UNSPECIFIED. ) ;
#187 = DIRECTION ( 'NONE',  ( 0.000000000000000000, 0.000000000000000000, 1.000000000000000000 ) ) ;
#188 = CIRCLE ( 'NONE', #1668, 2.500000000000002220 ) ;
#189 = CARTESIAN_POINT ( 'NONE',  ( 4.221304349541728840, 8.706255053768478192, -0.9500000000000000666 ) ) ;
#190 = AXIS2_PLACEMENT_3D ( 'NONE', #169, #1901, #1181 ) ;
#191 = ORIENTED_EDGE ( 'NONE', *, *, #1252, .F. ) ;
#192 = AXIS2_PLACEMENT_3D ( 'NONE', #2406, #2612, #852 ) ;
#193 = CONICAL_SURFACE ( 'NONE', #510, 2.500000000000000444, 0.7853981633974634891 ) ;
#194 = AXIS2_PLACEMENT_3D ( 'NONE', #23, #1753, #2771 ) ;
#195 = VECTOR ( 'NONE', #2686, 1000.000000000000000 ) ;
#196 = AXIS2_PLACEMENT_3D ( 'NONE', #553, #608, #1804 ) ;
#197 = CIRCLE ( 'NONE', #1370, 2.699999999999987299 ) ;
#198 = EDGE_CURVE ( 'NONE', #2567, #1492, #2258, .T. ) ;
#199 = DIRECTION ( 'NONE',  ( 1.000000000000000000, 0.000000000000000000, 0.000000000000000000 ) ) ;
#200 = CIRCLE ( 'NONE', #2050, 3.500000000000000444 ) ;
#201 = DIRECTION ( 'NONE',  ( -0.000000000000000000, -0.000000000000000000, -1.000000000000000000 ) ) ;
#202 = ORIENTED_EDGE ( 'NONE', *, *, #1537, .T. ) ;
#203 = DIRECTION ( 'NONE',  ( -1.000000000000000000, 0.000000000000000000, 0.000000000000000000 ) ) ;
#204 = ORIENTED_EDGE ( 'NONE', *, *, #1898, .T. ) ;
#205 = ADVANCED_FACE ( 'NONE', ( #652 ), #3179, .F. ) ;
#206 = CIRCLE ( 'NONE', #2052, 177.2600000000000193 ) ;
#207 = ORIENTED_EDGE ( 'NONE', *, *, #876, .T. ) ;
#208 = CARTESIAN_POINT ( 'NONE',  ( 2.929898043644557859, -1.064971078347642708, 1.924539399603126588 ) ) ;
#209 = CARTESIAN_POINT ( 'NONE',  ( 48.46999999999999886, 0.000000000000000000, -0.9500000000000000666 ) ) ;
#210 = EDGE_CURVE ( 'NONE', #3197, #2219, #1679, .T. ) ;
#211 = ORIENTED_EDGE ( 'NONE', *, *, #166, .F. ) ;
#212 = DIRECTION ( 'NONE',  ( 1.000000000000000000, 0.000000000000000000, 0.000000000000000000 ) ) ;
#213 = CARTESIAN_POINT ( 'NONE',  ( 2.921292069150483783, -0.6973931847105730997, -2.274611801394001098 ) ) ;
#214 = CARTESIAN_POINT ( 'NONE',  ( 1.254056312437923371, 3.266772252322847958, -2.000000000000000000 ) ) ;
#215 = ORIENTED_EDGE ( 'NONE', *, *, #444, .F. ) ;
#216 = DIRECTION ( 'NONE',  ( 1.000000000000000000, 0.000000000000000000, 0.000000000000000000 ) ) ;
#217 = ORIENTED_EDGE ( 'NONE', *, *, #1172, .F. ) ;
#218 = VERTEX_POINT ( 'NONE', #881 ) ;
#219 = ADVANCED_FACE ( 'NONE', ( #1915 ), #2101, .T. ) ;
#220 = DIRECTION ( 'NONE',  ( 0.2381873771791866712, 0.9712192200283621402, 0.000000000000000000 ) ) ;
#221 = ORIENTED_EDGE ( 'NONE', *, *, #1058, .F. ) ;
#222 = CARTESIAN_POINT ( 'NONE',  ( 46.51408102173317616, -2.902478415157581981, -0.9500000000000000666 ) ) ;
#223 = DIRECTION ( 'NONE',  ( -0.000000000000000000, -0.000000000000000000, -1.000000000000000000 ) ) ;
#224 = CARTESIAN_POINT ( 'NONE',  ( -2.729660544970507363, 5.566772252322823356, -2.000000000000000000 ) ) ;
#225 = ORIENTED_EDGE ( 'NONE', *, *, #2146, .T. ) ;
#226 = ORIENTED_EDGE ( 'NONE', *, *, #1941, .T. ) ;
#227 = ORIENTED_EDGE ( 'NONE', *, *, #1488, .T. ) ;
#228 = ORIENTED_EDGE ( 'NONE', *, *, #210, .T. ) ;
#229 = VERTEX_POINT ( 'NONE', #1148 ) ;
#230 = CYLINDRICAL_SURFACE ( 'NONE', #2515, 5.000000000000000000 ) ;
#231 = ADVANCED_FACE ( 'NONE', ( #3165 ), #193, .F. ) ;
#232 = DIRECTION ( 'NONE',  ( -0.8660254037844413721, 0.4999999999999951705, 0.000000000000000000 ) ) ;
#233 = EDGE_LOOP ( 'NONE', ( #2405, #3035, #164, #1926 ) ) ;
#234 = FACE_OUTER_BOUND ( 'NONE', #268, .T. ) ;
#235 = AXIS2_PLACEMENT_3D ( 'NONE', #1807, #2020, #2825 ) ;
#236 = ADVANCED_FACE ( 'NONE', ( #664 ), #136, .F. ) ;
#237 = DIRECTION ( 'NONE',  ( -0.000000000000000000, 0.000000000000000000, 1.000000000000000000 ) ) ;
#238 = TOROIDAL_SURFACE ( 'NONE', #362, 3.200000000000000178, 0.2999999999999999889 ) ;
#239 = TOROIDAL_SURFACE ( 'NONE', #455, 176.9600000000000364, 0.2999999999999999889 ) ;
#240 = CARTESIAN_POINT ( 'NONE',  ( -2.693599476930380376, -1.320803489501899186, -2.000000000000000000 ) ) ;
#241 = CIRCLE ( 'NONE', #679, 2.500000000000000444 ) ;
#242 = CONICAL_SURFACE ( 'NONE', #1626, 2.500000000000002220, 0.7853981633974634891 ) ;
#243 = DIRECTION ( 'NONE',  ( 0.000000000000000000, -0.000000000000000000, -1.000000000000000000 ) ) ;
#244 = DIRECTION ( 'NONE',  ( 1.000000000000000000, 0.000000000000000000, 0.000000000000000000 ) ) ;
#245 = CIRCLE ( 'NONE', #103, 176.9600000000000364 ) ;
#246 = CIRCLE ( 'NONE', #3111, 2.999999999999998224 ) ;
#247 = ORIENTED_EDGE ( 'NONE', *, *, #3034, .F. ) ;
#248 = EDGE_LOOP ( 'NONE', ( #1700, #3166, #1018, #2765 ) ) ;
#249 = VECTOR ( 'NONE', #2510, 1000.000000000000000 ) ;
#250 = ORIENTED_EDGE ( 'NONE', *, *, #2623, .F. ) ;
#251 = TOROIDAL_SURFACE ( 'NONE', #1784, 5.299999999999999822, 0.2999999999999999889 ) ;
#252 = EDGE_LOOP ( 'NONE', ( #784, #1218, #1985, #177 ) ) ;
#253 = FACE_OUTER_BOUND ( 'NONE', #2414, .T. ) ;
#254 = DIRECTION ( 'NONE',  ( 0.000000000000000000, 0.000000000000000000, 1.000000000000000000 ) ) ;
#255 = FACE_OUTER_BOUND ( 'NONE', #91, .T. ) ;
#256 = CIRCLE ( 'NONE', #421, 176.9600000000000364 ) ;
#257 = ORIENTED_EDGE ( 'NONE', *, *, #2321, .T. ) ;
#258 = EDGE_CURVE ( 'NONE', #2525, #760, #2152, .T. ) ;
#259 = DIRECTION ( 'NONE',  ( -1.000000000000000000, 0.000000000000000000, 0.000000000000000000 ) ) ;
#260 = DIRECTION ( 'NONE',  ( 0.7071067811865583419, 8.659560562355064746E-17, -0.7071067811865368036 ) ) ;
#261 = ADVANCED_FACE ( 'NONE', ( #1886 ), #1508, .T. ) ;
#262 = DIRECTION ( 'NONE',  ( -1.000000000000000000, 0.000000000000000000, 0.000000000000000000 ) ) ;
#263 = CARTESIAN_POINT ( 'NONE',  ( 12.19352068087550478, 2.521528678905010423, -2.000000000000000000 ) ) ;
#264 = ADVANCED_FACE ( 'NONE', ( #2912, #3172 ), #1966, .T. ) ;
#265 = FACE_OUTER_BOUND ( 'NONE', #1895, .T. ) ;
#266 = ORIENTED_EDGE ( 'NONE', *, *, #3077, .F. ) ;
#267 = EDGE_LOOP ( 'NONE', ( #792, #716, #2184, #2312, #1195, #611, #861, #2978, #1085 ) ) ;
#268 = EDGE_LOOP ( 'NONE', ( #1638, #4, #1110, #182 ) ) ;
#269 = DIRECTION ( 'NONE',  ( 1.000000000000000000, 0.000000000000000000, 0.000000000000000000 ) ) ;
#270 = DIRECTION ( 'NONE',  ( 1.000000000000000000, 0.000000000000000000, 0.000000000000000000 ) ) ;
#271 = FACE_OUTER_BOUND ( 'NONE', #2073, .T. ) ;
#272 = ORIENTED_EDGE ( 'NONE', *, *, #1747, .F. ) ;
#273 = DIRECTION ( 'NONE',  ( 0.000000000000000000, 0.000000000000000000, 1.000000000000000000 ) ) ;
#274 = CARTESIAN_POINT ( 'NONE',  ( 38.31488305978048459, 5.300295970847308524, -1.175360039932983991 ) ) ;
#275 = ADVANCED_FACE ( 'NONE', ( #1415 ), #436, .F. ) ;
#276 = CARTESIAN_POINT ( 'NONE',  ( 47.65327327016257897, 8.460671217389851506, -1.250000000000000000 ) ) ;
#277 = PLANE ( 'NONE',  #419 ) ;
#278 = DIRECTION ( 'NONE',  ( -0.000000000000000000, -0.000000000000000000, 1.000000000000000000 ) ) ;
#279 = DIRECTION ( 'NONE',  ( -0.7177726818027014843, 0.6962775145426987056, 0.000000000000000000 ) ) ;
#280 = ORIENTED_EDGE ( 'NONE', *, *, #840, .T. ) ;
#281 = ADVANCED_FACE ( 'NONE', ( #671, #690 ), #2697, .T. ) ;
#282 = ORIENTED_EDGE ( 'NONE', *, *, #1275, .F. ) ;
#283 = CARTESIAN_POINT ( 'NONE',  ( -6.229660544970507807, 5.566772252322823356, -0.9500000000000000666 ) ) ;
#284 = DIRECTION ( 'NONE',  ( 0.000000000000000000, 0.000000000000000000, 1.000000000000000000 ) ) ;
#285 = EDGE_LOOP ( 'NONE', ( #1475, #2807, #43, #2075 ) ) ;
#286 = DIRECTION ( 'NONE',  ( 1.000000000000000000, 0.000000000000000000, 0.000000000000000000 ) ) ;
#287 = CARTESIAN_POINT ( 'NONE',  ( 3.299999999999998046, 0.000000000000000000, -2.299999999999999822 ) ) ;
#288 = DIRECTION ( 'NONE',  ( -0.6962775145426985945, -0.7177726818027013733, 0.000000000000000000 ) ) ;
#289 = CYLINDRICAL_SURFACE ( 'NONE', #305, 2.500000000000002220 ) ;
#290 = CARTESIAN_POINT ( 'NONE',  ( 51.16999999999998749, 0.000000000000000000, 1.250000000000000000 ) ) ;
#291 = TOROIDAL_SURFACE ( 'NONE', #2577, 2.700000000000029932, 0.2999999999999999889 ) ;
#292 = DIRECTION ( 'NONE',  ( 0.8660254037844413721, -0.4999999999999951150, 0.000000000000000000 ) ) ;
#293 = VECTOR ( 'NONE', #1345, 1000.000000000000000 ) ;
#294 = CARTESIAN_POINT ( 'NONE',  ( 0.000000000000000000, 0.000000000000000000, -4.700000000000000178 ) ) ;
#295 = CARTESIAN_POINT ( 'NONE',  ( 0.4868515115177009522, 2.960232356713391688, 1.863014029052351805 ) ) ;
#296 = CARTESIAN_POINT ( 'NONE',  ( -1.300000000000000044, 1.592040838891559095E-16, 5.000000000000000000 ) ) ;
#297 = EDGE_CURVE ( 'NONE', #914, #2469, #1155, .T. ) ;
#298 = DIRECTION ( 'NONE',  ( -0.8292795471878783298, 0.5588339937905241195, 1.615704080337167296E-15 ) ) ;
#299 = CIRCLE ( 'NONE', #1306, 0.2999999999999999334 ) ;
#300 = VECTOR ( 'NONE', #1289, 1000.000000000000000 ) ;
#301 = EDGE_LOOP ( 'NONE', ( #2898, #963, #2458, #2236 ) ) ;
#302 = AXIS2_PLACEMENT_3D ( 'NONE', #1801, #1579, #352 ) ;
#303 = ORIENTED_EDGE ( 'NONE', *, *, #511, .T. ) ;
#304 = DIRECTION ( 'NONE',  ( -0.000000000000000000, 0.000000000000000000, 1.000000000000000000 ) ) ;
#305 = AXIS2_PLACEMENT_3D ( 'NONE', #1301, #2318, #3074 ) ;
#306 = DIRECTION ( 'NONE',  ( -0.000000000000000000, -0.000000000000000000, -1.000000000000000000 ) ) ;
#307 = CIRCLE ( 'NONE', #1990, 0.2999999999999997669 ) ;
#308 = EDGE_CURVE ( 'NONE', #2119, #1400, #1770, .T. ) ;
#309 = ORIENTED_EDGE ( 'NONE', *, *, #1449, .F. ) ;
#310 = FACE_OUTER_BOUND ( 'NONE', #435, .T. ) ;
#311 = DIRECTION ( 'NONE',  ( 0.000000000000000000, 0.000000000000000000, 1.000000000000000000 ) ) ;
#312 = VERTEX_POINT ( 'NONE', #1217 ) ;
#313 = CIRCLE ( 'NONE', #2158, 2.500000000000000444 ) ;
#314 = DIRECTION ( 'NONE',  ( -0.000000000000000000, -0.000000000000000000, 1.000000000000000000 ) ) ;
#315 = VECTOR ( 'NONE', #1057, 1000.000000000000000 ) ;
#316 = CARTESIAN_POINT ( 'NONE',  ( -5.153900074207931503, 4.378049111771073143, -0.9500000000000000666 ) ) ;
#317 = TOROIDAL_SURFACE ( 'NONE', #51, 5.299999999999999822, 0.2999999999999999889 ) ;
#318 = EDGE_CURVE ( 'NONE', #477, #957, #2642, .T. ) ;
#319 = CARTESIAN_POINT ( 'NONE',  ( -3.969641008328923082, 1.449258997554701223, 1.150686879719699185 ) ) ;
#320 = DIRECTION ( 'NONE',  ( 1.000000000000000000, 7.636180747596671069E-14, 0.000000000000000000 ) ) ;
#321 = CARTESIAN_POINT ( 'NONE',  ( 3.934390124999951777, 8.509246596925141404, 1.236849192562457844 ) ) ;
#322 = CARTESIAN_POINT ( 'NONE',  ( 0.000000000000000000, 0.000000000000000000, 1.250000000000000000 ) ) ;
#323 = CARTESIAN_POINT ( 'NONE',  ( 0.7804264472511909245, 3.082966843874722862, -1.700000000000000178 ) ) ;
#324 = CARTESIAN_POINT ( 'NONE',  ( 38.71331107725148257, 5.068273740296743490, 1.249999999999995559 ) ) ;
#325 = ORIENTED_EDGE ( 'NONE', *, *, #727, .F. ) ;
#326 = DIRECTION ( 'NONE',  ( 0.000000000000000000, -0.000000000000000000, -1.000000000000000000 ) ) ;
#327 = VERTEX_POINT ( 'NONE', #183 ) ;
#328 = DIRECTION ( 'NONE',  ( 1.000000000000000000, 0.000000000000000000, 0.000000000000000000 ) ) ;
#329 = PLANE ( 'NONE',  #1565 ) ;
#330 = ORIENTED_EDGE ( 'NONE', *, *, #1912, .F. ) ;
#331 = ORIENTED_EDGE ( 'NONE', *, *, #3019, .F. ) ;
#332 = EDGE_CURVE ( 'NONE', #610, #468, #908, .T. ) ;
#333 = EDGE_CURVE ( 'NONE', #3, #873, #1042, .T. ) ;
#334 = CARTESIAN_POINT ( 'NONE',  ( 1.107063771279844344, 3.100344889986384800, -2.000000000000025313 ) ) ;
#335 = CARTESIAN_POINT ( 'NONE',  ( -2.729660544970507363, 5.566772252322823356, -1.250000000000000000 ) ) ;
#336 = CARTESIAN_POINT ( 'NONE',  ( 0.005760093199579617573, 8.655647274413619030, -0.9500000000000000666 ) ) ;
#337 = DIRECTION ( 'NONE',  ( 1.000000000000000000, 0.000000000000000000, 0.000000000000000000 ) ) ;
#338 = CARTESIAN_POINT ( 'NONE',  ( -4.003575753324915887, 1.459730821394765510, -1.118240898681629902 ) ) ;
#339 = ORIENTED_EDGE ( 'NONE', *, *, #959, .F. ) ;
#340 = DIRECTION ( 'NONE',  ( -1.000000000000000000, 0.000000000000000000, 0.000000000000000000 ) ) ;
#341 = CARTESIAN_POINT ( 'NONE',  ( -2.999999999999998224, 3.673940397442057896E-16, -2.000000000000000000 ) ) ;
#342 = CARTESIAN_POINT ( 'NONE',  ( 2.971986458509494611, -0.4090189365251732379, 2.299999999999999822 ) ) ;
#343 = ORIENTED_EDGE ( 'NONE', *, *, #487, .T. ) ;
#344 = ORIENTED_EDGE ( 'NONE', *, *, #1843, .F. ) ;
#345 = SURFACE_SIDE_STYLE ('',( #1603 ) ) ;
#346 = ORIENTED_EDGE ( 'NONE', *, *, #2976, .F. ) ;
#347 = EDGE_CURVE ( 'NONE', #1149, #477, #514, .T. ) ;
#348 = CARTESIAN_POINT ( 'NONE',  ( 1.044447112089545104, 2.812317590537704248, -2.299999999999999822 ) ) ;
#349 = EDGE_CURVE ( 'NONE', #2930, #2227, #41, .T. ) ;
#350 = CARTESIAN_POINT ( 'NONE',  ( 36.87668939726572148, -0.4073203369503083371, -1.089929287344099773 ) ) ;
#351 = CARTESIAN_POINT ( 'NONE',  ( 4.034645770537266252, 8.646534282614933176, 1.136535621084182379 ) ) ;
#352 = DIRECTION ( 'NONE',  ( -1.000000000000000000, 0.000000000000000000, 0.000000000000000000 ) ) ;
#353 = B_SPLINE_CURVE_WITH_KNOTS ( 'NONE', 3,
 ( #1379, #324, #1855, #3099, #567, #835, #2890, #1869 ),
 .UNSPECIFIED., .F., .F.,
 ( 4, 2, 2, 4 ),
 ( 0.000000000000000000, 0.0003495624079798983303, 0.0006991248159597966607, 0.001398249631919610669 ),
 .UNSPECIFIED. ) ;
#354 = VERTEX_POINT ( 'NONE', #3232 ) ;
#355 = CARTESIAN_POINT ( 'NONE',  ( 3.269185104360444072, -0.4499208301776905783, 2.000000000000000000 ) ) ;
#356 = DIRECTION ( 'NONE',  ( -0.000000000000000000, -0.000000000000000000, -1.000000000000000000 ) ) ;
#357 = AXIS2_PLACEMENT_3D ( 'NONE', #718, #187, #2196 ) ;
#358 = VECTOR ( 'NONE', #663, 999.9999999999998863 ) ;
#359 = CYLINDRICAL_SURFACE ( 'NONE', #3162, 4.299999999999999822 ) ;
#360 = FACE_OUTER_BOUND ( 'NONE', #485, .T. ) ;
#361 = EDGE_LOOP ( 'NONE', ( #978, #137, #1103, #1335 ) ) ;
#362 = AXIS2_PLACEMENT_3D ( 'NONE', #2857, #71, #639 ) ;
#363 = AXIS2_PLACEMENT_3D ( 'NONE', #426, #646, #1173 ) ;
#364 = ORIENTED_EDGE ( 'NONE', *, *, #2861, .T. ) ;
#365 =( NAMED_UNIT ( * ) PLANE_ANGLE_UNIT ( ) SI_UNIT ( $, .RADIAN. ) );
#366 = EDGE_LOOP ( 'NONE', ( #973, #330, #552, #847 ) ) ;
#367 = AXIS2_PLACEMENT_3D ( 'NONE', #3095, #1378, #2377 ) ;
#368 = VECTOR ( 'NONE', #2945, 1000.000000000000000 ) ;
#369 = AXIS2_PLACEMENT_3D ( 'NONE', #1286, #1272, #2298 ) ;
#370 = VECTOR ( 'NONE', #3147, 1000.000000000000000 ) ;
#371 = STYLED_ITEM ( 'NONE', ( #2250 ), #2194 ) ;
#372 = EDGE_CURVE ( 'NONE', #468, #1436, #417, .T. ) ;
#373 = TOROIDAL_SURFACE ( 'NONE', #2481, 3.200000000000000178, 0.2999999999999999889 ) ;
#374 = DIRECTION ( 'NONE',  ( 0.000000000000000000, 0.000000000000000000, -1.000000000000000000 ) ) ;
#375 = EDGE_CURVE ( 'NONE', #2754, #734, #956, .T. ) ;
#376 = CARTESIAN_POINT ( 'NONE',  ( 0.4868515064510792745, 2.960232357546667803, -1.854957587922798412 ) ) ;
#377 = ORIENTED_EDGE ( 'NONE', *, *, #1078, .T. ) ;
#378 = LINE ( 'NONE', #2396, #2792 ) ;
#379 = DIRECTION ( 'NONE',  ( -1.000000000000000000, 0.000000000000000000, 0.000000000000000000 ) ) ;
#380 = EDGE_CURVE ( 'NONE', #874, #2238, #513, .T. ) ;
#381 = CARTESIAN_POINT ( 'NONE',  ( 37.00672929459250327, 2.598149054281850834, 1.700000000000000178 ) ) ;
#382 = CARTESIAN_POINT ( 'NONE',  ( 1.148891823298499704, 3.093549349591474762, -2.299999999999999822 ) ) ;
#383 = DIRECTION ( 'NONE',  ( -0.000000000000000000, -0.000000000000000000, -1.000000000000000000 ) ) ;
#384 = ORIENTED_EDGE ( 'NONE', *, *, #68, .T. ) ;
#385 = VERTEX_POINT ( 'NONE', #1156 ) ;
#386 = ORIENTED_EDGE ( 'NONE', *, *, #2980, .T. ) ;
#387 = CARTESIAN_POINT ( 'NONE',  ( -4.066977831037368318, 1.480015289107766474, -1.250000000000000000 ) ) ;
#388 = DIRECTION ( 'NONE',  ( 0.000000000000000000, 0.000000000000000000, -1.000000000000000000 ) ) ;
#389 = DIRECTION ( 'NONE',  ( 0.000000000000000000, 0.000000000000000000, -1.000000000000000000 ) ) ;
#390 = VERTEX_POINT ( 'NONE', #2162 ) ;
#391 = EDGE_CURVE ( 'NONE', #2030, #2543, #1967, .T. ) ;
#392 = CARTESIAN_POINT ( 'NONE',  ( -2.729660544970507363, 5.566772252322823356, -1.250000000000000000 ) ) ;
#393 = CARTESIAN_POINT ( 'NONE',  ( 37.51440068189074850, 5.249991765024484280, -2.000000000000000000 ) ) ;
#394 = CYLINDRICAL_SURFACE ( 'NONE', #2045, 4.999999999999997335 ) ;
#395 = ORIENTED_EDGE ( 'NONE', *, *, #2104, .F. ) ;
#396 = CARTESIAN_POINT ( 'NONE',  ( 2.507179882396459281, -1.671926814734667754, 1.767106162165059891 ) ) ;
#397 = ORIENTED_EDGE ( 'NONE', *, *, #1586, .T. ) ;
#398 = EDGE_CURVE ( 'NONE', #1874, #2119, #152, .T. ) ;
#399 = PRODUCT_DEFINITION_CONTEXT ( 'detailed design', #2905, 'design' ) ;
#400 = DIRECTION ( 'NONE',  ( -1.000000000000000000, 0.000000000000000000, 0.000000000000000000 ) ) ;
#401 = DIRECTION ( 'NONE',  ( -1.000000000000000000, 0.000000000000000000, 0.000000000000000000 ) ) ;
#402 = ORIENTED_EDGE ( 'NONE', *, *, #432, .F. ) ;
#403 = FACE_OUTER_BOUND ( 'NONE', #2679, .T. ) ;
#404 = CARTESIAN_POINT ( 'NONE',  ( 1.044447112089545104, 2.812317590537704248, 2.299999999999999822 ) ) ;
#405 = EDGE_CURVE ( 'NONE', #2928, #1556, #2428, .T. ) ;
#406 = CARTESIAN_POINT ( 'NONE',  ( 51.96999999999999886, 0.000000000000000000, -2.000000000000000000 ) ) ;
#407 = ORIENTED_EDGE ( 'NONE', *, *, #2212, .T. ) ;
#408 = CARTESIAN_POINT ( 'NONE',  ( 3.139058534098173148, -0.7118226908313508572, 1.985651655140693528 ) ) ;
#409 = AXIS2_PLACEMENT_3D ( 'NONE', #540, #2005, #269 ) ;
#410 = ORIENTED_EDGE ( 'NONE', *, *, #1551, .F. ) ;
#411 = CIRCLE ( 'NONE', #1625, 3.200000000000001510 ) ;
#412 = CIRCLE ( 'NONE', #2255, 0.3000000000000007105 ) ;
#413 = EDGE_CURVE ( 'NONE', #760, #2132, #2103, .T. ) ;
#414 = CIRCLE ( 'NONE', #2688, 1.000000000000000000 ) ;
#415 = AXIS2_PLACEMENT_3D ( 'NONE', #2087, #76, #3118 ) ;
#416 = AXIS2_PLACEMENT_3D ( 'NONE', #381, #2429, #3148 ) ;
#417 = CIRCLE ( 'NONE', #2644, 0.2999999999999995448 ) ;
#418 = CARTESIAN_POINT ( 'NONE',  ( 2.933320549453004578, -0.6465831956014963522, -2.051113174627017699 ) ) ;
#419 = AXIS2_PLACEMENT_3D ( 'NONE', #322, #1838, #73 ) ;
#420 = DIRECTION ( 'NONE',  ( -1.000000000000000000, 0.000000000000000000, 0.000000000000000000 ) ) ;
#421 = AXIS2_PLACEMENT_3D ( 'NONE', #1040, #1193, #2800 ) ;
#422 = DIRECTION ( 'NONE',  ( 1.000000000000000000, 0.000000000000000000, 0.000000000000000000 ) ) ;
#423 = CARTESIAN_POINT ( 'NONE',  ( -1.300000000000000044, 1.592040838891559095E-16, 4.700000000000000178 ) ) ;
#424 = DIRECTION ( 'NONE',  ( -1.000000000000000000, -1.224646799147353207E-16, 0.000000000000000000 ) ) ;
#425 = VERTEX_POINT ( 'NONE', #1062 ) ;
#426 = CARTESIAN_POINT ( 'NONE',  ( 0.000000000000000000, 0.000000000000000000, 2.000000000000000000 ) ) ;
#427 = EDGE_LOOP ( 'NONE', ( #1037, #3189, #2427, #2720 ) ) ;
#428 = CARTESIAN_POINT ( 'NONE',  ( 2.861406518844263669, -0.9122689823699218215, 2.037179356986676293 ) ) ;
#429 = EDGE_CURVE ( 'NONE', #3245, #3238, #941, .T. ) ;
#430 = ORIENTED_EDGE ( 'NONE', *, *, #1058, .T. ) ;
#431 = CARTESIAN_POINT ( 'NONE',  ( 2.815227831014183835, -1.047532603133914053, -2.012903271116839310 ) ) ;
#432 = EDGE_CURVE ( 'NONE', #2490, #1492, #2156, .T. ) ;
#433 = CARTESIAN_POINT ( 'NONE',  ( 0.9782028289691210299, 3.105938004304080291, -1.962730402298109578 ) ) ;
#434 = DIRECTION ( 'NONE',  ( -1.000000000000000000, 0.000000000000000000, 0.000000000000000000 ) ) ;
#435 = EDGE_LOOP ( 'NONE', ( #3154, #1430, #1824, #1134 ) ) ;
#436 = CYLINDRICAL_SURFACE ( 'NONE', #3211, 4.299999999999999822 ) ;
#437 = ORIENTED_EDGE ( 'NONE', *, *, #1163, .T. ) ;
#438 = VERTEX_POINT ( 'NONE', #1746 ) ;
#439 = DIRECTION ( 'NONE',  ( -0.000000000000000000, -0.000000000000000000, 1.000000000000000000 ) ) ;
#440 = DIRECTION ( 'NONE',  ( 1.000000000000000000, 0.000000000000000000, 0.000000000000000000 ) ) ;
#441 = ORIENTED_EDGE ( 'NONE', *, *, #2773, .F. ) ;
#442 = ADVANCED_FACE ( 'NONE', ( #3015 ), #1683, .F. ) ;
#443 = LINE ( 'NONE', #946, #2154 ) ;
#444 = EDGE_CURVE ( 'NONE', #2821, #2928, #1463, .T. ) ;
#445 = FACE_OUTER_BOUND ( 'NONE', #1029, .T. ) ;
#446 = EDGE_LOOP ( 'NONE', ( #2660, #2078, #3085, #1374 ) ) ;
#447 = CARTESIAN_POINT ( 'NONE',  ( 3.269185104360444072, -0.4499208301776905783, 2.000000000000000000 ) ) ;
#448 = ORIENTED_EDGE ( 'NONE', *, *, #1936, .T. ) ;
#449 = EDGE_CURVE ( 'NONE', #555, #909, #1259, .T. ) ;
#450 = ORIENTED_EDGE ( 'NONE', *, *, #1256, .F. ) ;
#451 = CIRCLE ( 'NONE', #1300, 2.700000000000008171 ) ;
#452 = DIRECTION ( 'NONE',  ( 1.000000000000000000, 0.000000000000000000, 0.000000000000000000 ) ) ;
#453 = AXIS2_PLACEMENT_3D ( 'NONE', #1221, #1943, #488 ) ;
#454 = DIRECTION ( 'NONE',  ( 0.000000000000000000, 0.000000000000000000, -1.000000000000000000 ) ) ;
#455 = AXIS2_PLACEMENT_3D ( 'NONE', #1953, #1452, #2468 ) ;
#456 = ORIENTED_EDGE ( 'NONE', *, *, #1606, .F. ) ;
#457 = CARTESIAN_POINT ( 'NONE',  ( 0.5355366570961883621, 3.256255593301334628, -2.000000000000000000 ) ) ;
#458 = AXIS2_PLACEMENT_3D ( 'NONE', #1331, #1576, #2598 ) ;
#459 = AXIS2_PLACEMENT_3D ( 'NONE', #1818, #2835, #590 ) ;
#460 = CIRCLE ( 'NONE', #1678, 0.3000000000000007105 ) ;
#461 = AXIS2_PLACEMENT_3D ( 'NONE', #1329, #1344, #2358 ) ;
#462 = APPLICATION_CONTEXT ( 'automotive_design' ) ;
#463 = AXIS2_PLACEMENT_3D ( 'NONE', #1087, #2076, #859 ) ;
#464 = EDGE_CURVE ( 'NONE', #2876, #1129, #2852, .T. ) ;
#465 = FACE_BOUND ( 'NONE', #934, .T. ) ;
#466 = AXIS2_PLACEMENT_3D ( 'NONE', #2572, #1553, #1310 ) ;
#467 = CARTESIAN_POINT ( 'NONE',  ( -2.729660544970507363, 5.566772252322823356, 0.9500000000000002887 ) ) ;
#468 = VERTEX_POINT ( 'NONE', #515 ) ;
#469 = ORIENTED_EDGE ( 'NONE', *, *, #2453, .T. ) ;
#470 = ORIENTED_EDGE ( 'NONE', *, *, #1231, .F. ) ;
#471 = AXIS2_PLACEMENT_3D ( 'NONE', #382, #2138, #128 ) ;
#472 = ADVANCED_FACE ( 'NONE', ( #2051 ), #1496, .T. ) ;
#473 = EDGE_LOOP ( 'NONE', ( #3005, #1984, #505, #1380 ) ) ;
#474 = PRODUCT_DEFINITION_SHAPE ( 'NONE', 'NONE',  #1540 ) ;
#475 = DIRECTION ( 'NONE',  ( -0.4402678298339659513, 0.8978664923101262740, -0.000000000000000000 ) ) ;
#476 = CARTESIAN_POINT ( 'NONE',  ( -4.158686957032807996, 1.667043606169692938, 0.9500000000000002887 ) ) ;
#477 = VERTEX_POINT ( 'NONE', #13 ) ;
#478 = CARTESIAN_POINT ( 'NONE',  ( -0.4740116451163889910, 0.2736707509069610800, -1.700000000000000178 ) ) ;
#479 = B_SPLINE_CURVE_WITH_KNOTS ( 'NONE', 3,
 ( #1151, #2388, #1384, #3182, #2916, #1127, #2411, #2677 ),
 .UNSPECIFIED., .F., .F.,
 ( 4, 2, 2, 4 ),
 ( 0.000000000000000000, 0.0004388420130839813240, 0.0008776840261679626481, 0.001755368052335925296 ),
 .UNSPECIFIED. ) ;
#480 = DIRECTION ( 'NONE',  ( -0.000000000000000000, -0.000000000000000000, -1.000000000000000000 ) ) ;
#481 = PLANE ( 'NONE',  #2108 ) ;
#482 = ORIENTED_EDGE ( 'NONE', *, *, #830, .T. ) ;
#483 = ADVANCED_FACE ( 'NONE', ( #3278 ), #1024, .F. ) ;
#484 = EDGE_LOOP ( 'NONE', ( #1167, #708, #1658, #2486, #1066 ) ) ;
#485 = EDGE_LOOP ( 'NONE', ( #227, #1718, #2985, #2501 ) ) ;
#486 = EDGE_LOOP ( 'NONE', ( #26, #657, #2803, #2963 ) ) ;
#487 = EDGE_CURVE ( 'NONE', #761, #967, #2787, .T. ) ;
#488 = DIRECTION ( 'NONE',  ( 1.000000000000000000, 0.000000000000000000, 0.000000000000000000 ) ) ;
#489 = DIRECTION ( 'NONE',  ( 0.4402678298339660068, -0.8978664923101262740, 0.000000000000000000 ) ) ;
#490 = ORIENTED_EDGE ( 'NONE', *, *, #1976, .T. ) ;
#491 = FACE_OUTER_BOUND ( 'NONE', #3141, .T. ) ;
#492 = CARTESIAN_POINT ( 'NONE',  ( 0.7756448569209096755, 2.898792459912397312, -2.225460812541950162 ) ) ;
#493 = CARTESIAN_POINT ( 'NONE',  ( 3.961530471308267298, 8.556255055666158071, 1.250000000000000000 ) ) ;
#494 = DIRECTION ( 'NONE',  ( -0.000000000000000000, -0.000000000000000000, 1.000000000000000000 ) ) ;
#495 = CARTESIAN_POINT ( 'NONE',  ( 37.77248356600240697, -0.3024750847299014223, -1.250000000000000000 ) ) ;
#496 = EDGE_LOOP ( 'NONE', ( #2445, #768, #1291, #1639 ) ) ;
#497 = ORIENTED_EDGE ( 'NONE', *, *, #578, .T. ) ;
#498 = VERTEX_POINT ( 'NONE', #1237 ) ;
#499 = ADVANCED_FACE ( 'NONE', ( #2326 ), #3043, .T. ) ;
#500 = VERTEX_POINT ( 'NONE', #54 ) ;
#501 = DIRECTION ( 'NONE',  ( 0.4402678298339659513, -0.8978664923101262740, 0.000000000000000000 ) ) ;
#502 = DIRECTION ( 'NONE',  ( -0.4999999999999951705, -0.8660254037844413721, 0.000000000000000000 ) ) ;
#503 = DIRECTION ( 'NONE',  ( 0.2374513962907081888, 0.9713994206296363565, 0.000000000000000000 ) ) ;
#504 = EDGE_CURVE ( 'NONE', #1909, #1665, #3213, .T. ) ;
#505 = ORIENTED_EDGE ( 'NONE', *, *, #1419, .F. ) ;
#506 = DIRECTION ( 'NONE',  ( -0.000000000000000000, -0.000000000000000000, 1.000000000000000000 ) ) ;
#507 = VECTOR ( 'NONE', #2580, 999.9999999999998863 ) ;
#508 = CARTESIAN_POINT ( 'NONE',  ( 38.41765649870632160, 5.248155765168101006, -1.200563788647444508 ) ) ;
#509 = AXIS2_PLACEMENT_3D ( 'NONE', #820, #59, #592 ) ;
#510 = AXIS2_PLACEMENT_3D ( 'NONE', #1902, #1405, #401 ) ;
#511 = EDGE_CURVE ( 'NONE', #630, #2930, #1367, .T. ) ;
#512 = TOROIDAL_SURFACE ( 'NONE', #2319, 176.9600000000000364, 0.2999999999999999889 ) ;
#513 = CIRCLE ( 'NONE', #1836, 2.999999999999997335 ) ;
#514 = B_SPLINE_CURVE_WITH_KNOTS ( 'NONE', 3,
 ( #2193, #3198, #1694, #2709, #1664, #1196, #1442, #3185 ),
 .UNSPECIFIED., .F., .F.,
 ( 4, 2, 2, 4 ),
 ( 0.000000000000000000, 0.0001297967703431071227, 0.0002595935406862142454, 0.0005191870813724284908 ),
 .UNSPECIFIED. ) ;
#515 = CARTESIAN_POINT ( 'NONE',  ( 0.005760093199579617573, 8.655647274413619030, 0.9500000000000002887 ) ) ;
#516 = TOROIDAL_SURFACE ( 'NONE', #369, 5.299999999999999822, 0.2999999999999999889 ) ;
#517 = AXIS2_PLACEMENT_3D ( 'NONE', #1899, #1164, #650 ) ;
#518 = CARTESIAN_POINT ( 'NONE',  ( -1.000000000000000000, 1.224646799147353207E-16, -4.700000000000000178 ) ) ;
#519 = ORIENTED_EDGE ( 'NONE', *, *, #2166, .T. ) ;
#520 = AXIS2_PLACEMENT_3D ( 'NONE', #3090, #826, #1021 ) ;
#521 = VERTEX_POINT ( 'NONE', #2540 ) ;
#522 = CIRCLE ( 'NONE', #2385, 0.2999999999999999334 ) ;
#523 = ORIENTED_EDGE ( 'NONE', *, *, #198, .T. ) ;
#524 = CARTESIAN_POINT ( 'NONE',  ( -0.2296605449705066693, 5.566772252322823356, -5.000000000000000000 ) ) ;
#525 = DIRECTION ( 'NONE',  ( 0.9514644104789785617, -0.3077587944996700853, 0.000000000000000000 ) ) ;
#526 = DIRECTION ( 'NONE',  ( 1.000000000000000000, 0.000000000000000000, 0.000000000000000000 ) ) ;
#527 = EDGE_LOOP ( 'NONE', ( #397, #7 ) ) ;
#528 = CARTESIAN_POINT ( 'NONE',  ( 37.00672929459250327, 2.598149054281850834, 1.700000000000000178 ) ) ;
#529 = EDGE_CURVE ( 'NONE', #2227, #2525, #1425, .T. ) ;
#530 = CARTESIAN_POINT ( 'NONE',  ( 0.4868515064510804402, 2.960232357546667803, -1.699999999999999956 ) ) ;
#531 = EDGE_CURVE ( 'NONE', #2723, #2559, #1574, .T. ) ;
#532 = DIRECTION ( 'NONE',  ( -0.09608549762794386939, 0.9953730843988050081, 0.000000000000000000 ) ) ;
#533 = CARTESIAN_POINT ( 'NONE',  ( 0.4868515064510798851, 2.960232357546668247, 1.699999999999709077 ) ) ;
#534 = CARTESIAN_POINT ( 'NONE',  ( 11.63631324595389138, -9.465527668441804821, 2.000000000000000000 ) ) ;
#535 = CARTESIAN_POINT ( 'NONE',  ( -2.729660544970507363, 5.566772252322823356, 0.9500000000000002887 ) ) ;
#536 = ORIENTED_EDGE ( 'NONE', *, *, #511, .F. ) ;
#537 = EDGE_LOOP ( 'NONE', ( #2433, #121, #225, #2726, #3246 ) ) ;
#538 = DIRECTION ( 'NONE',  ( 1.000000000000000000, 0.000000000000000000, -0.000000000000000000 ) ) ;
#539 = ORIENTED_EDGE ( 'NONE', *, *, #1505, .T. ) ;
#540 = CARTESIAN_POINT ( 'NONE',  ( 11.63631324595389138, -9.465527668441804821, 1.700000000000000178 ) ) ;
#541 = CARTESIAN_POINT ( 'NONE',  ( 3.961530471308267298, 8.556255055666158071, -1.700000000000000178 ) ) ;
#542 = CARTESIAN_POINT ( 'NONE',  ( 0.9942486913025916362, 3.416772252322846093, 1.250000000000000000 ) ) ;
#543 = EDGE_LOOP ( 'NONE', ( #247, #2036, #2520, #3186, #1487 ) ) ;
#544 = DIRECTION ( 'NONE',  ( 1.000000000000000000, 1.160664893510702512E-14, 0.000000000000000000 ) ) ;
#545 = EDGE_CURVE ( 'NONE', #967, #761, #2209, .T. ) ;
#546 = CARTESIAN_POINT ( 'NONE',  ( 0.6720268411030712041, 2.929777690566532478, -1.700000000000000178 ) ) ;
#547 = CARTESIAN_POINT ( 'NONE',  ( -2.424239529237342872, -1.188723140551709134, 0.9500000000000000666 ) ) ;
#548 = DIRECTION ( 'NONE',  ( 1.000000000000000000, 0.000000000000000000, 0.000000000000000000 ) ) ;
#549 = DIRECTION ( 'NONE',  ( -1.000000000000000000, 0.000000000000000000, 0.000000000000000000 ) ) ;
#550 = CARTESIAN_POINT ( 'NONE',  ( 0.4868515064510802182, 2.960232357546667803, 1.700000000000000178 ) ) ;
#551 = ORIENTED_EDGE ( 'NONE', *, *, #3014, .T. ) ;
#552 = ORIENTED_EDGE ( 'NONE', *, *, #210, .F. ) ;
#553 = CARTESIAN_POINT ( 'NONE',  ( 4.241241905485717112, -168.5537438249798754, -1.700000000000000178 ) ) ;
#554 = CARTESIAN_POINT ( 'NONE',  ( -2.719422214324873188, 1.266784441109215731, -1.250000000000000000 ) ) ;
#555 = VERTEX_POINT ( 'NONE', #2628 ) ;
#556 = LINE ( 'NONE', #1503, #2096 ) ;
#557 = DIRECTION ( 'NONE',  ( 0.000000000000000000, 0.000000000000000000, 1.000000000000000000 ) ) ;
#558 = CARTESIAN_POINT ( 'NONE',  ( 46.46233638426669188, 3.604575117248043359, -2.000000000000000000 ) ) ;
#559 = CYLINDRICAL_SURFACE ( 'NONE', #1777, 0.3000000000000000444 ) ;
#560 = DIRECTION ( 'NONE',  ( -0.000000000000000000, -0.000000000000000000, 1.000000000000000000 ) ) ;
#561 = CARTESIAN_POINT ( 'NONE',  ( 48.46999999999999886, 0.000000000000000000, 1.250000000000000000 ) ) ;
#562 = CIRCLE ( 'NONE', #458, 3.500000000000003109 ) ;
#563 = CIRCLE ( 'NONE', #2420, 2.999999999999998224 ) ;
#564 = CARTESIAN_POINT ( 'NONE',  ( -2.729660544970507363, 5.566772252322823356, -1.250000000000000000 ) ) ;
#565 = FACE_BOUND ( 'NONE', #173, .T. ) ;
#566 = DIRECTION ( 'NONE',  ( 0.000000000000000000, 0.000000000000000000, 1.000000000000000000 ) ) ;
#567 = CARTESIAN_POINT ( 'NONE',  ( 38.31488617400793828, 5.300294435968811335, 1.175360819896674514 ) ) ;
#568 = VECTOR ( 'NONE', #2938, 999.9999999999998863 ) ;
#569 = ORIENTED_EDGE ( 'NONE', *, *, #1421, .T. ) ;
#570 = CIRCLE ( 'NONE', #3109, 2.700000000000008171 ) ;
#571 = EDGE_CURVE ( 'NONE', #20, #2723, #1573, .T. ) ;
#572 = DIRECTION ( 'NONE',  ( 1.000000000000000000, 0.000000000000000000, 0.000000000000000000 ) ) ;
#573 = ORIENTED_EDGE ( 'NONE', *, *, #1389, .F. ) ;
#574 = FACE_OUTER_BOUND ( 'NONE', #527, .T. ) ;
#575 = CIRCLE ( 'NONE', #1682, 2.700000000000028599 ) ;
#576 = CARTESIAN_POINT ( 'NONE',  ( 45.77000000000001023, 3.306546357697837463E-16, 1.250000000000000000 ) ) ;
#577 = ORIENTED_EDGE ( 'NONE', *, *, #166, .T. ) ;
#578 = EDGE_CURVE ( 'NONE', #2939, #2749, #1308, .T. ) ;
#579 = ORIENTED_EDGE ( 'NONE', *, *, #1795, .T. ) ;
#580 = AXIS2_PLACEMENT_3D ( 'NONE', #2070, #799, #2802 ) ;
#581 = DIRECTION ( 'NONE',  ( -0.000000000000000000, 0.000000000000000000, 1.000000000000000000 ) ) ;
#582 = CIRCLE ( 'NONE', #154, 0.3000000000000000444 ) ;
#583 = FACE_OUTER_BOUND ( 'NONE', #366, .T. ) ;
#584 = AXIS2_PLACEMENT_3D ( 'NONE', #3041, #237, #1796 ) ;
#585 = CARTESIAN_POINT ( 'NONE',  ( 4.221338092443599699, 8.406255055666159492, 1.700000000000000178 ) ) ;
#586 = CARTESIAN_POINT ( 'NONE',  ( 12.19352068087550478, 2.521528678905010423, -1.700000000000000178 ) ) ;
#587 = CARTESIAN_POINT ( 'NONE',  ( 1.044447112089545548, 2.812317590537704248, 2.299999999999999822 ) ) ;
#588 = CARTESIAN_POINT ( 'NONE',  ( 3.992406340804608877, 8.609733630361692036, 1.178772641442185520 ) ) ;
#589 = AXIS2_PLACEMENT_3D ( 'NONE', #82, #1589, #1112 ) ;
#590 = DIRECTION ( 'NONE',  ( 1.000000000000000000, 0.000000000000000000, 0.000000000000000000 ) ) ;
#591 = VERTEX_POINT ( 'NONE', #1435 ) ;
#592 = DIRECTION ( 'NONE',  ( 1.000000000000000000, 1.697012096064267981E-15, 0.000000000000000000 ) ) ;
#593 = DIRECTION ( 'NONE',  ( 0.000000000000000000, 0.000000000000000000, 1.000000000000000000 ) ) ;
#594 = CARTESIAN_POINT ( 'NONE',  ( -2.729660544970507363, 5.566772252322823356, 1.250000000000000000 ) ) ;
#595 = EDGE_CURVE ( 'NONE', #2767, #1263, #2691, .T. ) ;
#596 = ORIENTED_EDGE ( 'NONE', *, *, #2412, .T. ) ;
#597 =( LENGTH_UNIT ( ) NAMED_UNIT ( * ) SI_UNIT ( .MILLI., .METRE. ) );
#598 = VERTEX_POINT ( 'NONE', #2198 ) ;
#599 = ADVANCED_FACE ( 'NONE', ( #1687 ), #2591, .T. ) ;
#600 = CARTESIAN_POINT ( 'NONE',  ( 0.9765374456486223265, 2.837538090255032230, -2.299999970170953034 ) ) ;
#601 = DIRECTION ( 'NONE',  ( 0.000000000000000000, 0.000000000000000000, -1.000000000000000000 ) ) ;
#602 = CARTESIAN_POINT ( 'NONE',  ( 0.000000000000000000, 0.000000000000000000, -4.700000000000000178 ) ) ;
#603 = B_SPLINE_CURVE_WITH_KNOTS ( 'NONE', 3,
 ( #1946, #321, #680, #2106 ),
 .UNSPECIFIED., .F., .F.,
 ( 4, 4 ),
 ( 0.000000000000000000, 0.0001783533725157957894 ),
 .UNSPECIFIED. ) ;
#604 = DIRECTION ( 'NONE',  ( 0.000000000000000000, 0.000000000000000000, 1.000000000000000000 ) ) ;
#605 = DIRECTION ( 'NONE',  ( 1.000000000000000000, 0.000000000000000000, 0.000000000000000000 ) ) ;
#606 = ORIENTED_EDGE ( 'NONE', *, *, #3251, .F. ) ;
#607 = CARTESIAN_POINT ( 'NONE',  ( 44.90716803423415371, -2.191879047948791737, 0.9500000000000002887 ) ) ;
#608 = DIRECTION ( 'NONE',  ( -0.000000000000000000, -0.000000000000000000, -1.000000000000000000 ) ) ;
#609 = CARTESIAN_POINT ( 'NONE',  ( 2.921293533964700817, -0.6973863605302450530, 2.274612978915048433 ) ) ;
#610 = VERTEX_POINT ( 'NONE', #336 ) ;
#611 = ORIENTED_EDGE ( 'NONE', *, *, #2065, .T. ) ;
#612 = FACE_OUTER_BOUND ( 'NONE', #2959, .T. ) ;
#613 = ORIENTED_EDGE ( 'NONE', *, *, #432, .T. ) ;
#614 = EDGE_CURVE ( 'NONE', #1486, #1388, #72, .T. ) ;
#615 = EDGE_CURVE ( 'NONE', #2924, #2913, #776, .T. ) ;
#616 = EDGE_CURVE ( 'NONE', #749, #1339, #307, .T. ) ;
#617 = CARTESIAN_POINT ( 'NONE',  ( 0.01292834629495290440, 8.355732926394784599, -0.9500000000000000666 ) ) ;
#618 = DIRECTION ( 'NONE',  ( -1.000000000000000000, 0.000000000000000000, 0.000000000000000000 ) ) ;
#619 = EDGE_CURVE ( 'NONE', #2711, #691, #603, .T. ) ;
#620 = CARTESIAN_POINT ( 'NONE',  ( 37.00672929459250327, 2.598149054281850834, 1.250000000000000000 ) ) ;
#621 = ORIENTED_EDGE ( 'NONE', *, *, #1866, .F. ) ;
#622 = CARTESIAN_POINT ( 'NONE',  ( 12.20745086674854640, 2.821205087588681160, 1.700000000000000178 ) ) ;
#623 = DIRECTION ( 'NONE',  ( -0.1363396455083913383, -0.9906621528364987217, 0.000000000000000000 ) ) ;
#624 = DIRECTION ( 'NONE',  ( -1.000000000000000000, 0.000000000000000000, 0.000000000000000000 ) ) ;
#625 = DIRECTION ( 'NONE',  ( 0.0001124763395239876314, -0.9999999936745365137, 0.000000000000000000 ) ) ;
#626 = LINE ( 'NONE', #2160, #2586 ) ;
#627 = VERTEX_POINT ( 'NONE', #2449 ) ;
#628 = CIRCLE ( 'NONE', #1983, 3.000000000000030198 ) ;
#629 = AXIS2_PLACEMENT_3D ( 'NONE', #3082, #1101, #2054 ) ;
#630 = VERTEX_POINT ( 'NONE', #2967 ) ;
#631 = ORIENTED_EDGE ( 'NONE', *, *, #2086, .F. ) ;
#632 = AXIS2_PLACEMENT_3D ( 'NONE', #1170, #2657, #1932 ) ;
#633 = AXIS2_PLACEMENT_3D ( 'NONE', #2027, #2555, #3259 ) ;
#634 = AXIS2_PLACEMENT_3D ( 'NONE', #528, #273, #27 ) ;
#635 = CIRCLE ( 'NONE', #2900, 171.5599999999999739 ) ;
#636 = COLOUR_RGB ( '',0.7921568627450980005, 0.8196078431372548767, 0.9333333333333333481 ) ;
#637 = EDGE_CURVE ( 'NONE', #500, #914, #246, .T. ) ;
#638 = TOROIDAL_SURFACE ( 'NONE', #2597, 12.29999999999998650, 0.2999999999999999889 ) ;
#639 = DIRECTION ( 'NONE',  ( -1.000000000000000000, 0.000000000000000000, 0.000000000000000000 ) ) ;
#640 = ADVANCED_FACE ( 'NONE', ( #1627 ), #2168, .F. ) ;
#641 = VERTEX_POINT ( 'NONE', #947 ) ;
#642 = DIRECTION ( 'NONE',  ( 0.0001124763395702469196, -0.9999999936745365137, 0.000000000000000000 ) ) ;
#643 = CARTESIAN_POINT ( 'NONE',  ( 3.961530471308267298, 8.556255055666158071, 1.209680621018530688 ) ) ;
#644 = FACE_OUTER_BOUND ( 'NONE', #733, .T. ) ;
#645 = ORIENTED_EDGE ( 'NONE', *, *, #413, .T. ) ;
#646 = DIRECTION ( 'NONE',  ( 0.000000000000000000, 0.000000000000000000, 1.000000000000000000 ) ) ;
#647 = ORIENTED_EDGE ( 'NONE', *, *, #1203, .F. ) ;
#648 = B_SPLINE_CURVE_WITH_KNOTS ( 'NONE', 3,
 ( #3050, #1337, #2635, #2880, #823, #609, #2619, #342 ),
 .UNSPECIFIED., .F., .F.,
 ( 4, 2, 2, 4 ),
 ( -9.571106501304318939E-06, 0.0008729649386553365621, 0.001314232961233656504, 0.001755500983811976879 ),
 .UNSPECIFIED. ) ;
#649 = EDGE_CURVE ( 'NONE', #2525, #1499, #1911, .T. ) ;
#650 = DIRECTION ( 'NONE',  ( 1.000000000000000000, 0.000000000000000000, 0.000000000000000000 ) ) ;
#651 = DIRECTION ( 'NONE',  ( -0.1363396455083911440, -0.9906621528364987217, -0.000000000000000000 ) ) ;
#652 = FACE_OUTER_BOUND ( 'NONE', #3003, .T. ) ;
#653 = ORIENTED_EDGE ( 'NONE', *, *, #3191, .F. ) ;
#654 = DIRECTION ( 'NONE',  ( 0.4402678298339660068, -0.8978664923101262740, 0.000000000000000000 ) ) ;
#655 = DIRECTION ( 'NONE',  ( 0.000000000000000000, 0.000000000000000000, 1.000000000000000000 ) ) ;
#656 = DIRECTION ( 'NONE',  ( -0.000000000000000000, 0.000000000000000000, 1.000000000000000000 ) ) ;
#657 = ORIENTED_EDGE ( 'NONE', *, *, #748, .T. ) ;
#658 = DIRECTION ( 'NONE',  ( 1.000000000000000000, 0.000000000000000000, 0.000000000000000000 ) ) ;
#659 = ORIENTED_EDGE ( 'NONE', *, *, #3030, .F. ) ;
#660 = ADVANCED_FACE ( 'NONE', ( #2910 ), #1512, .T. ) ;
#661 = APPLICATION_PROTOCOL_DEFINITION ( 'draft international standard', 'automotive_design', 1998, #2905 ) ;
#662 = CARTESIAN_POINT ( 'NONE',  ( 36.44264997537227657, -0.3483428465432814036, -1.250000000000000000 ) ) ;
#663 = DIRECTION ( 'NONE',  ( -0.4999999999999952260, -0.8660254037844413721, 0.000000000000000000 ) ) ;
#664 = FACE_OUTER_BOUND ( 'NONE', #1522, .T. ) ;
#665 = ORIENTED_EDGE ( 'NONE', *, *, #2166, .F. ) ;
#666 = CARTESIAN_POINT ( 'NONE',  ( -2.699999999999998401, 3.490243377569954582E-16, 5.000000000000000000 ) ) ;
#667 = DIRECTION ( 'NONE',  ( -1.000000000000000000, -1.957264443164624627E-14, 0.000000000000000000 ) ) ;
#668 = DIRECTION ( 'NONE',  ( 0.000000000000000000, 0.000000000000000000, 1.000000000000000000 ) ) ;
#669 = ORIENTED_EDGE ( 'NONE', *, *, #2605, .T. ) ;
#670 = EDGE_CURVE ( 'NONE', #1263, #2767, #1418, .T. ) ;
#671 = FACE_BOUND ( 'NONE', #1498, .T. ) ;
#672 = VECTOR ( 'NONE', #1322, 1000.000000000000000 ) ;
#673 = ORIENTED_EDGE ( 'NONE', *, *, #3126, .F. ) ;
#674 = VECTOR ( 'NONE', #1594, 1000.000000000000000 ) ;
#675 = AXIS2_PLACEMENT_3D ( 'NONE', #856, #298, #2381 ) ;
#676 = EDGE_CURVE ( 'NONE', #96, #1197, #102, .T. ) ;
#677 = DIRECTION ( 'NONE',  ( 1.000000000000000000, 0.000000000000000000, 0.000000000000000000 ) ) ;
#678 = CIRCLE ( 'NONE', #1462, 4.299999999999999822 ) ;
#679 = AXIS2_PLACEMENT_3D ( 'NONE', #1064, #2860, #549 ) ;
#680 = CARTESIAN_POINT ( 'NONE',  ( 3.905019569103692412, 8.458375301866279727, 1.250000000000000222 ) ) ;
#681 = AXIS2_PLACEMENT_3D ( 'NONE', #138, #2399, #422 ) ;
#682 = ORIENTED_EDGE ( 'NONE', *, *, #1975, .T. ) ;
#683 = AXIS2_PLACEMENT_3D ( 'NONE', #294, #2832, #2069 ) ;
#684 = CARTESIAN_POINT ( 'NONE',  ( 2.957289181570811554, -0.5158115026793894664, -2.037287324910359132 ) ) ;
#685 = AXIS2_PLACEMENT_3D ( 'NONE', #687, #655, #917 ) ;
#686 = TOROIDAL_SURFACE ( 'NONE', #2271, 3.299999999999998046, 0.2999999999999999889 ) ;
#687 = CARTESIAN_POINT ( 'NONE',  ( 11.63631324595389138, -9.465527668441804821, -2.000000000000000000 ) ) ;
#688 = CARTESIAN_POINT ( 'NONE',  ( 43.71991105278057432, -7.048876151096988174, -2.000000000000000000 ) ) ;
#689 = ORIENTED_EDGE ( 'NONE', *, *, #1377, .T. ) ;
#690 = FACE_OUTER_BOUND ( 'NONE', #1708, .T. ) ;
#691 = VERTEX_POINT ( 'NONE', #1402 ) ;
#692 = ORIENTED_EDGE ( 'NONE', *, *, #258, .F. ) ;
#693 = ADVANCED_FACE ( 'NONE', ( #899 ), #1940, .T. ) ;
#694 =( GEOMETRIC_REPRESENTATION_CONTEXT ( 3 ) GLOBAL_UNCERTAINTY_ASSIGNED_CONTEXT ( ( #795 ) ) GLOBAL_UNIT_ASSIGNED_CONTEXT ( ( #597, #365, #1373 ) ) REPRESENTATION_CONTEXT ( 'NONE', 'WORKASPACE' ) );
#695 = FACE_OUTER_BOUND ( 'NONE', #1793, .T. ) ;
#696 = CARTESIAN_POINT ( 'NONE',  ( 0.000000000000000000, 0.000000000000000000, 2.299999999999999822 ) ) ;
#697 = EDGE_CURVE ( 'NONE', #1819, #1499, #2647, .T. ) ;
#698 = ORIENTED_EDGE ( 'NONE', *, *, #615, .T. ) ;
#699 = CARTESIAN_POINT ( 'NONE',  ( 0.4868515064510803292, 2.960232357546668691, -2.000000000000000000 ) ) ;
#700 = DIRECTION ( 'NONE',  ( -1.000000000000000000, 0.000000000000000000, 0.000000000000000000 ) ) ;
#701 = DIRECTION ( 'NONE',  ( 0.9712192200283623622, -0.2381873771791852834, 0.000000000000000000 ) ) ;
#702 = ORIENTED_EDGE ( 'NONE', *, *, #1439, .T. ) ;
#703 = DIRECTION ( 'NONE',  ( 0.000000000000000000, 0.000000000000000000, -1.000000000000000000 ) ) ;
#704 = ORIENTED_EDGE ( 'NONE', *, *, #1714, .T. ) ;
#705 = ORIENTED_EDGE ( 'NONE', *, *, #12, .F. ) ;
#706 = DIRECTION ( 'NONE',  ( 0.000000000000000000, 0.000000000000000000, -1.000000000000000000 ) ) ;
#707 = DIRECTION ( 'NONE',  ( 0.000000000000000000, 0.000000000000000000, 1.000000000000000000 ) ) ;
#708 = ORIENTED_EDGE ( 'NONE', *, *, #2274, .F. ) ;
#709 = LINE ( 'NONE', #2762, #1420 ) ;
#710 = ADVANCED_FACE ( 'NONE', ( #1146 ), #2477, .T. ) ;
#711 = DIRECTION ( 'NONE',  ( -0.000000000000000000, -0.000000000000000000, 1.000000000000000000 ) ) ;
#712 = DIRECTION ( 'NONE',  ( 1.000000000000000000, 0.000000000000000000, 0.000000000000000000 ) ) ;
#713 = ORIENTED_EDGE ( 'NONE', *, *, #2672, .F. ) ;
#714 = ORIENTED_EDGE ( 'NONE', *, *, #444, .T. ) ;
#715 = VERTEX_POINT ( 'NONE', #3163 ) ;
#716 = ORIENTED_EDGE ( 'NONE', *, *, #2245, .T. ) ;
#717 = AXIS2_PLACEMENT_3D ( 'NONE', #1740, #2975, #971 ) ;
#718 = CARTESIAN_POINT ( 'NONE',  ( 48.46999999999999886, 0.000000000000000000, -2.000000000000000000 ) ) ;
#719 = AXIS2_PLACEMENT_3D ( 'NONE', #2601, #326, #1844 ) ;
#720 = CARTESIAN_POINT ( 'NONE',  ( 48.46999999999999886, 0.000000000000000000, -0.9500000000000000666 ) ) ;
#721 = VECTOR ( 'NONE', #223, 1000.000000000000000 ) ;
#722 = VERTEX_POINT ( 'NONE', #2920 ) ;
#723 = CARTESIAN_POINT ( 'NONE',  ( 0.000000000000000000, 0.000000000000000000, 4.700000000000000178 ) ) ;
#724 = VECTOR ( 'NONE', #172, 1000.000000000000114 ) ;
#725 = TOROIDAL_SURFACE ( 'NONE', #2590, 2.699999999999998401, 0.2999999999999999889 ) ;
#726 = VECTOR ( 'NONE', #1908, 1000.000000000000000 ) ;
#727 = EDGE_CURVE ( 'NONE', #760, #2930, #2908, .T. ) ;
#728 = TOROIDAL_SURFACE ( 'NONE', #1640, 171.5599999999999739, 0.2999999999999999889 ) ;
#729 = DIRECTION ( 'NONE',  ( -0.4999999999999945044, -0.8660254037844418162, 0.000000000000000000 ) ) ;
#730 = ADVANCED_FACE ( 'NONE', ( #2892 ), #2048, .T. ) ;
#731 = CARTESIAN_POINT ( 'NONE',  ( -2.729660544970507363, 5.566772252322823356, -0.9500000000000000666 ) ) ;
#732 = AXIS2_PLACEMENT_3D ( 'NONE', #3227, #454, #2493 ) ;
#733 = EDGE_LOOP ( 'NONE', ( #2055, #645, #331, #2769 ) ) ;
#734 = VERTEX_POINT ( 'NONE', #355 ) ;
#735 = ORIENTED_EDGE ( 'NONE', *, *, #2386, .F. ) ;
#736 = CIRCLE ( 'NONE', #2855, 11.99999999999998579 ) ;
#737 = EDGE_LOOP ( 'NONE', ( #2014, #1432, #1281, #1027 ) ) ;
#738 = CARTESIAN_POINT ( 'NONE',  ( 2.795814663570484360, -1.096151058897440800, 2.149078795315903179 ) ) ;
#739 = DIRECTION ( 'NONE',  ( -1.000000000000000000, 8.881784197001244435E-16, 0.000000000000000000 ) ) ;
#740 = MECHANICAL_DESIGN_GEOMETRIC_PRESENTATION_REPRESENTATION (  '', ( #1690 ), #165 ) ;
#741 = VERTEX_POINT ( 'NONE', #1630 ) ;
#742 = CARTESIAN_POINT ( 'NONE',  ( 38.61657675493436415, 5.132245006980059365, -1.237631987429947511 ) ) ;
#743 = EDGE_CURVE ( 'NONE', #754, #2924, #945, .T. ) ;
#744 = DIRECTION ( 'NONE',  ( 0.000000000000000000, 0.000000000000000000, 1.000000000000000000 ) ) ;
#745 = DIRECTION ( 'NONE',  ( -1.000000000000000000, 0.000000000000000000, 0.000000000000000000 ) ) ;
#746 = ORIENTED_EDGE ( 'NONE', *, *, #2146, .F. ) ;
#747 = ORIENTED_EDGE ( 'NONE', *, *, #3193, .T. ) ;
#748 = EDGE_CURVE ( 'NONE', #1803, #715, #378, .T. ) ;
#749 = VERTEX_POINT ( 'NONE', #1381 ) ;
#750 = EDGE_LOOP ( 'NONE', ( #551, #1189, #1050, #2093 ) ) ;
#751 = LINE ( 'NONE', #524, #143 ) ;
#752 = DIRECTION ( 'NONE',  ( 0.000000000000000000, -0.000000000000000000, -1.000000000000000000 ) ) ;
#753 = DIRECTION ( 'NONE',  ( 0.000000000000000000, 0.000000000000000000, 1.000000000000000000 ) ) ;
#754 = VERTEX_POINT ( 'NONE', #2383 ) ;
#755 = LINE ( 'NONE', #1963, #249 ) ;
#756 = CARTESIAN_POINT ( 'NONE',  ( 38.80772685019655910, 4.997400563546439578, -1.250000000000000000 ) ) ;
#757 = CARTESIAN_POINT ( 'NONE',  ( 4.124306864678163542, 8.694652865585331014, -1.046916800415506055 ) ) ;
#758 = DIRECTION ( 'NONE',  ( 0.000000000000000000, 0.000000000000000000, 1.000000000000000000 ) ) ;
#759 = CARTESIAN_POINT ( 'NONE',  ( 37.21111906107318390, -0.3969576378994718047, 1.175360094081812523 ) ) ;
#760 = VERTEX_POINT ( 'NONE', #2632 ) ;
#761 = VERTEX_POINT ( 'NONE', #125 ) ;
#762 = EDGE_CURVE ( 'NONE', #787, #2939, #2136, .T. ) ;
#763 = ORIENTED_EDGE ( 'NONE', *, *, #936, .T. ) ;
#764 = CARTESIAN_POINT ( 'NONE',  ( -0.02966054497049921274, 5.566772252322823356, 1.250000000000000000 ) ) ;
#765 = CYLINDRICAL_SURFACE ( 'NONE', #1413, 0.2999999999999999334 ) ;
#766 = CARTESIAN_POINT ( 'NONE',  ( -2.729660544970507363, 5.566772252322823356, -0.9500000000000000666 ) ) ;
#767 = EDGE_CURVE ( 'NONE', #2820, #3228, #1778, .T. ) ;
#768 = ORIENTED_EDGE ( 'NONE', *, *, #1491, .T. ) ;
#769 = CARTESIAN_POINT ( 'NONE',  ( 40.00672929459253879, 2.598149054281850834, -1.700000000000000178 ) ) ;
#770 = VECTOR ( 'NONE', #2866, 999.9999999999998863 ) ;
#771 = CIRCLE ( 'NONE', #935, 0.3000000000000002109 ) ;
#772 = CARTESIAN_POINT ( 'NONE',  ( -2.699999999999998401, 0.000000000000000000, -5.000000000000000000 ) ) ;
#773 = CIRCLE ( 'NONE', #1041, 0.2999999999999995448 ) ;
#774 = AXIS2_PLACEMENT_3D ( 'NONE', #1937, #2225, #163 ) ;
#775 = CIRCLE ( 'NONE', #1887, 1.300000000000000044 ) ;
#776 = CIRCLE ( 'NONE', #1727, 171.5599999999999739 ) ;
#777 = CARTESIAN_POINT ( 'NONE',  ( 37.77248356600240697, -0.3024750847299014223, -1.250000000000000000 ) ) ;
#778 = CARTESIAN_POINT ( 'NONE',  ( 0.7373776782298407939, 2.914556674603407060, 1.906813162202471545 ) ) ;
#779 = AXIS2_PLACEMENT_3D ( 'NONE', #1106, #593, #2618 ) ;
#780 = AXIS2_PLACEMENT_3D ( 'NONE', #1871, #1122, #1366 ) ;
#781 = EDGE_LOOP ( 'NONE', ( #2335, #1821, #1921, #2043 ) ) ;
#782 = VERTEX_POINT ( 'NONE', #2877 ) ;
#783 = AXIS2_PLACEMENT_3D ( 'NONE', #1497, #758, #244 ) ;
#784 = ORIENTED_EDGE ( 'NONE', *, *, #2980, .F. ) ;
#785 = DIRECTION ( 'NONE',  ( 0.000000000000000000, -0.000000000000000000, -1.000000000000000000 ) ) ;
#786 = AXIS2_PLACEMENT_3D ( 'NONE', #2715, #2507, #2263 ) ;
#787 = VERTEX_POINT ( 'NONE', #813 ) ;
#788 = DIRECTION ( 'NONE',  ( 1.000000000000000000, 0.000000000000000000, 0.000000000000000000 ) ) ;
#789 = CARTESIAN_POINT ( 'NONE',  ( 4.241241905485717112, -168.5537438249798754, 1.700000000000000178 ) ) ;
#790 = EDGE_CURVE ( 'NONE', #2749, #2939, #197, .T. ) ;
#791 = CARTESIAN_POINT ( 'NONE',  ( 0.4868515064510804957, 2.960232357546666915, -1.250000000000000000 ) ) ;
#792 = ORIENTED_EDGE ( 'NONE', *, *, #2661, .T. ) ;
#793 = DIRECTION ( 'NONE',  ( 1.000000000000000000, 0.000000000000000000, 0.000000000000000000 ) ) ;
#794 = ADVANCED_FACE ( 'NONE', ( #1328, #2342 ), #70, .T. ) ;
#795 = UNCERTAINTY_MEASURE_WITH_UNIT (LENGTH_MEASURE( 1.000000000000000082E-05 ), #597, 'distance_accuracy_value', 'NONE');
#796 = AXIS2_PLACEMENT_3D ( 'NONE', #2608, #3127, #1864 ) ;
#797 = CARTESIAN_POINT ( 'NONE',  ( 4.241241905485717112, -168.5537438249798754, -0.9500000000000000666 ) ) ;
#798 = DIRECTION ( 'NONE',  ( 1.000000000000000000, 0.000000000000000000, 0.000000000000000000 ) ) ;
#799 = DIRECTION ( 'NONE',  ( -0.000000000000000000, -1.000000000000000000, -0.000000000000000000 ) ) ;
#800 = CARTESIAN_POINT ( 'NONE',  ( 4.241241905485717112, -168.5537438249798754, -0.9500000000000000666 ) ) ;
#801 = CARTESIAN_POINT ( 'NONE',  ( 0.000000000000000000, 0.000000000000000000, -2.299999999999999822 ) ) ;
#802 = VERTEX_POINT ( 'NONE', #1572 ) ;
#803 = VERTEX_POINT ( 'NONE', #1835 ) ;
#804 = DIRECTION ( 'NONE',  ( 0.000000000000000000, 0.000000000000000000, -1.000000000000000000 ) ) ;
#805 = DIRECTION ( 'NONE',  ( 0.000000000000000000, 0.000000000000000000, -1.000000000000000000 ) ) ;
#806 = EDGE_LOOP ( 'NONE', ( #523, #402, #705, #621 ) ) ;
#807 = CARTESIAN_POINT ( 'NONE',  ( 45.96999999999999886, 3.061616997868386099E-16, -1.050000000000000488 ) ) ;
#808 = CARTESIAN_POINT ( 'NONE',  ( 48.13370075830223271, 3.483805795395821470, -0.9500000000000000666 ) ) ;
#809 = DIRECTION ( 'NONE',  ( 0.000000000000000000, 0.000000000000000000, 1.000000000000000000 ) ) ;
#810 = LINE ( 'NONE', #1810, #1726 ) ;
#811 = CARTESIAN_POINT ( 'NONE',  ( 0.4868515940655830931, 2.960232343137240374, -1.862510235506288137 ) ) ;
#812 = EDGE_CURVE ( 'NONE', #924, #185, #2214, .T. ) ;
#813 = CARTESIAN_POINT ( 'NONE',  ( 45.96999999999999886, 3.061616997868386099E-16, 1.050000000000013589 ) ) ;
#814 = CARTESIAN_POINT ( 'NONE',  ( 0.000000000000000000, 0.000000000000000000, 5.000000000000000000 ) ) ;
#815 = DIRECTION ( 'NONE',  ( -0.9821639669417092655, 0.1880264397400673304, -2.590703987813467827E-16 ) ) ;
#816 = CARTESIAN_POINT ( 'NONE',  ( 4.241241905485717112, -168.5537438249798754, -2.000000000000000000 ) ) ;
#817 = ADVANCED_FACE ( 'NONE', ( #2830 ), #2325, .T. ) ;
#818 = CARTESIAN_POINT ( 'NONE',  ( -5.423260021900969896, 4.245968762820884201, 0.9500000000000002887 ) ) ;
#819 = ORIENTED_EDGE ( 'NONE', *, *, #830, .F. ) ;
#820 = CARTESIAN_POINT ( 'NONE',  ( -2.729660544970507363, 5.566772252322823356, 2.000000000000000000 ) ) ;
#821 = ORIENTED_EDGE ( 'NONE', *, *, #1586, .F. ) ;
#822 = CARTESIAN_POINT ( 'NONE',  ( 0.000000000000000000, 0.000000000000000000, -4.700000000000000178 ) ) ;
#823 = CARTESIAN_POINT ( 'NONE',  ( 2.842044211262033659, -0.9711273596545175746, 2.198107461808237684 ) ) ;
#824 = ORIENTED_EDGE ( 'NONE', *, *, #616, .F. ) ;
#825 = DIRECTION ( 'NONE',  ( 0.000000000000000000, 0.000000000000000000, 1.000000000000000000 ) ) ;
#826 = DIRECTION ( 'NONE',  ( 0.000000000000000000, 1.000000000000000000, 0.000000000000000000 ) ) ;
#827 = EDGE_CURVE ( 'NONE', #1240, #390, #635, .T. ) ;
#828 = CARTESIAN_POINT ( 'NONE',  ( 1.044447112089545326, 2.812317590537706913, -2.000000000000025313 ) ) ;
#829 = DIRECTION ( 'NONE',  ( 1.000000000000000000, 0.000000000000000000, 0.000000000000000000 ) ) ;
#830 = EDGE_CURVE ( 'NONE', #1850, #2124, #771, .T. ) ;
#831 = CARTESIAN_POINT ( 'NONE',  ( 3.961530471308267298, 8.556255055666158071, -2.000000000000000000 ) ) ;
#832 = CIRCLE ( 'NONE', #719, 5.299999999999998934 ) ;
#833 = CARTESIAN_POINT ( 'NONE',  ( 0.8949483834536704485, 2.867452786901386830, 2.011731618671802391 ) ) ;
#834 = CARTESIAN_POINT ( 'NONE',  ( 44.90716803423415371, -2.191879047948791737, -2.000000000000000000 ) ) ;
#835 = CARTESIAN_POINT ( 'NONE',  ( 38.00324500971287733, 5.436883414741459752, 1.089929376791433979 ) ) ;
#836 = AXIS2_PLACEMENT_3D ( 'NONE', #2401, #1676, #1385 ) ;
#837 = TOROIDAL_SURFACE ( 'NONE', #1250, 176.9600000000000364, 0.2999999999999999889 ) ;
#838 = EDGE_LOOP ( 'NONE', ( #1954, #2560, #3032, #2781 ) ) ;
#839 = CARTESIAN_POINT ( 'NONE',  ( -2.729660544970507363, 5.566772252322823356, -1.250000000000000000 ) ) ;
#840 = EDGE_CURVE ( 'NONE', #2124, #2711, #1550, .T. ) ;
#841 = DIRECTION ( 'NONE',  ( 0.000000000000000000, 0.000000000000000000, 1.000000000000000000 ) ) ;
#842 = AXIS2_PLACEMENT_3D ( 'NONE', #1904, #1660, #2676 ) ;
#843 = CARTESIAN_POINT ( 'NONE',  ( 1.300000000000000044, 0.000000000000000000, 4.700000000000000178 ) ) ;
#844 = AXIS2_PLACEMENT_3D ( 'NONE', #602, #2873, #2596 ) ;
#845 = ORIENTED_EDGE ( 'NONE', *, *, #3030, .T. ) ;
#846 = APPLICATION_PROTOCOL_DEFINITION ( 'draft international standard', 'automotive_design', 1998, #462 ) ;
#847 = ORIENTED_EDGE ( 'NONE', *, *, #1537, .F. ) ;
#848 = AXIS2_PLACEMENT_3D ( 'NONE', #1701, #2969, #1235 ) ;
#849 = CIRCLE ( 'NONE', #2699, 2.999999999999997335 ) ;
#850 = TOROIDAL_SURFACE ( 'NONE', #1162, 176.9600000000000364, 0.2999999999999999889 ) ;
#851 = DIRECTION ( 'NONE',  ( 1.000000000000000000, 0.000000000000000000, 0.000000000000000000 ) ) ;
#852 = DIRECTION ( 'NONE',  ( 1.000000000000000000, 0.000000000000000000, 0.000000000000000000 ) ) ;
#853 = CARTESIAN_POINT ( 'NONE',  ( 37.21112181550149245, -0.3969574307248423528, -1.175360725026491027 ) ) ;
#854 = DIRECTION ( 'NONE',  ( -1.000000000000000000, 0.000000000000000000, 0.000000000000000000 ) ) ;
#855 = EDGE_CURVE ( 'NONE', #354, #1473, #1483, .T. ) ;
#856 = CARTESIAN_POINT ( 'NONE',  ( 46.68173121987033625, -2.653694551001219093, 0.9500000000000002887 ) ) ;
#857 = EDGE_LOOP ( 'NONE', ( #1583, #2918, #1739, #606 ) ) ;
#858 = CARTESIAN_POINT ( 'NONE',  ( 37.00672929459250327, 2.598149054281850834, -1.700000000000000178 ) ) ;
#859 = DIRECTION ( 'NONE',  ( 1.000000000000000000, 0.000000000000000000, 0.000000000000000000 ) ) ;
#860 = DIRECTION ( 'NONE',  ( -1.000000000000000000, 0.000000000000000000, 0.000000000000000000 ) ) ;
#861 = ORIENTED_EDGE ( 'NONE', *, *, #2204, .T. ) ;
#862 = EDGE_CURVE ( 'NONE', #2631, #327, #2247, .T. ) ;
#863 = EDGE_LOOP ( 'NONE', ( #1618, #3146, #1653, #1008 ) ) ;
#864 = ORIENTED_EDGE ( 'NONE', *, *, #2717, .T. ) ;
#865 = ADVANCED_FACE ( 'NONE', ( #996 ), #986, .F. ) ;
#866 = DIRECTION ( 'NONE',  ( 1.000000000000000000, 0.000000000000000000, 0.000000000000000000 ) ) ;
#867 = DIRECTION ( 'NONE',  ( 0.000000000000000000, 0.000000000000000000, 1.000000000000000000 ) ) ;
#868 = CARTESIAN_POINT ( 'NONE',  ( 0.5490689679335003515, 2.951205720454812109, -2.006499131530339319 ) ) ;
#869 = ORIENTED_EDGE ( 'NONE', *, *, #2867, .F. ) ;
#870 = CARTESIAN_POINT ( 'NONE',  ( 44.97840345312135923, -1.900459221759925654, -0.9500000000000000666 ) ) ;
#871 = DIRECTION ( 'NONE',  ( 1.000000000000000000, 0.000000000000000000, 0.000000000000000000 ) ) ;
#872 = DIRECTION ( 'NONE',  ( -0.000000000000000000, 0.000000000000000000, 1.000000000000000000 ) ) ;
#873 = VERTEX_POINT ( 'NONE', #1236 ) ;
#874 = VERTEX_POINT ( 'NONE', #3257 ) ;
#875 = ORIENTED_EDGE ( 'NONE', *, *, #2539, .T. ) ;
#876 = EDGE_CURVE ( 'NONE', #1129, #2876, #2778, .T. ) ;
#877 = PRODUCT_CONTEXT ( 'NONE', #462, 'mechanical' ) ;
#878 = EDGE_CURVE ( 'NONE', #1486, #2738, #2687, .T. ) ;
#879 = CARTESIAN_POINT ( 'NONE',  ( 4.241241905485717112, -168.5537438249798754, 0.9500000000000002887 ) ) ;
#880 = CIRCLE ( 'NONE', #2943, 2.700000000000008171 ) ;
#881 = CARTESIAN_POINT ( 'NONE',  ( 4.221338092443587264, 8.406255055666139953, -2.000000000000000000 ) ) ;
#882 = ORIENTED_EDGE ( 'NONE', *, *, #413, .F. ) ;
#883 = CARTESIAN_POINT ( 'NONE',  ( 0.000000000000000000, 0.000000000000000000, -2.299999999999999822 ) ) ;
#884 = CIRCLE ( 'NONE', #1407, 4.999999999999997335 ) ;
#885 = AXIS2_PLACEMENT_3D ( 'NONE', #467, #966, #2207 ) ;
#886 = CARTESIAN_POINT ( 'NONE',  ( 0.8407475853487018647, 3.093473547292099113, 1.860503756714473766 ) ) ;
#887 = DIRECTION ( 'NONE',  ( -0.000000000000000000, -1.000000000000000000, -0.000000000000000000 ) ) ;
#888 = DIRECTION ( 'NONE',  ( 1.000000000000000000, 0.000000000000000000, 0.000000000000000000 ) ) ;
#889 = VERTEX_POINT ( 'NONE', #2994 ) ;
#890 = AXIS2_PLACEMENT_3D ( 'NONE', #2187, #604, #1610 ) ;
#891 = TOROIDAL_SURFACE ( 'NONE', #1833, 171.5599999999999739, 0.2999999999999999889 ) ;
#892 = ORIENTED_EDGE ( 'NONE', *, *, #2703, .T. ) ;
#893 = CIRCLE ( 'NONE', #367, 0.2999999999999999334 ) ;
#894 = AXIS2_PLACEMENT_3D ( 'NONE', #276, #2286, #1815 ) ;
#895 = EDGE_CURVE ( 'NONE', #2712, #3067, #1303, .T. ) ;
#896 = AXIS2_PLACEMENT_3D ( 'NONE', #2345, #1063, #3080 ) ;
#897 = ADVANCED_FACE ( 'NONE', ( #3013 ), #147, .T. ) ;
#898 = AXIS2_PLACEMENT_3D ( 'NONE', #1960, #232, #1507 ) ;
#899 = FACE_OUTER_BOUND ( 'NONE', #1772, .T. ) ;
#900 = CARTESIAN_POINT ( 'NONE',  ( -0.7338192662517214471, 0.4236707509069596034, 1.250000000000000000 ) ) ;
#901 = DIRECTION ( 'NONE',  ( 0.000000000000000000, 0.000000000000000000, 1.000000000000000000 ) ) ;
#902 = EDGE_LOOP ( 'NONE', ( #395, #1015, #2056, #1646 ) ) ;
#903 = AXIS2_PLACEMENT_3D ( 'NONE', #2638, #2883, #1090 ) ;
#904 = CARTESIAN_POINT ( 'NONE',  ( 0.000000000000000000, 0.000000000000000000, -2.000000000000000000 ) ) ;
#905 = CARTESIAN_POINT ( 'NONE',  ( 48.46999999999999886, 0.000000000000000000, -5.000000000000000000 ) ) ;
#906 = CARTESIAN_POINT ( 'NONE',  ( 37.00672929459250327, 2.598149054281850834, 1.250000000000000000 ) ) ;
#907 = ORIENTED_EDGE ( 'NONE', *, *, #1877, .F. ) ;
#908 = LINE ( 'NONE', #142, #726 ) ;
#909 = VERTEX_POINT ( 'NONE', #2737 ) ;
#910 = DIRECTION ( 'NONE',  ( 0.000000000000000000, 0.000000000000000000, 1.000000000000000000 ) ) ;
#911 = ADVANCED_FACE ( 'NONE', ( #1964 ), #3255, .T. ) ;
#912 = CARTESIAN_POINT ( 'NONE',  ( 2.999999999999998224, 0.000000000000000000, -4.700000000000000178 ) ) ;
#913 = DIRECTION ( 'NONE',  ( 1.000000000000000000, 0.000000000000000000, 0.000000000000000000 ) ) ;
#914 = VERTEX_POINT ( 'NONE', #1194 ) ;
#915 = EDGE_CURVE ( 'NONE', #2821, #2243, #1830, .T. ) ;
#916 = CARTESIAN_POINT ( 'NONE',  ( 0.8717091825370292257, 3.097920330930769239, 1.891792899389316496 ) ) ;
#917 = DIRECTION ( 'NONE',  ( 1.000000000000000000, 0.000000000000000000, 0.000000000000000000 ) ) ;
#918 = DIRECTION ( 'NONE',  ( -0.000000000000000000, -0.000000000000000000, 1.000000000000000000 ) ) ;
#919 = ORIENTED_EDGE ( 'NONE', *, *, #145, .T. ) ;
#920 = CARTESIAN_POINT ( 'NONE',  ( 3.961530471308267298, 8.556255055666158071, -1.209680621018530466 ) ) ;
#921 = ORIENTED_EDGE ( 'NONE', *, *, #150, .F. ) ;
#922 = DIRECTION ( 'NONE',  ( 1.000000000000000000, 0.000000000000000000, 0.000000000000000000 ) ) ;
#923 = DIRECTION ( 'NONE',  ( -0.000000000000000000, -0.000000000000000000, -1.000000000000000000 ) ) ;
#924 = VERTEX_POINT ( 'NONE', #2485 ) ;
#925 = CARTESIAN_POINT ( 'NONE',  ( 3.212400410296679443, -0.5723670879204844075, -2.000000000000000000 ) ) ;
#926 = FACE_OUTER_BOUND ( 'NONE', #1458, .T. ) ;
#927 = ADVANCED_FACE ( 'NONE', ( #445 ), #239, .T. ) ;
#928 = CARTESIAN_POINT ( 'NONE',  ( 0.7804264472521305063, 3.082966843874398233, 1.744007376220216399 ) ) ;
#929 = CARTESIAN_POINT ( 'NONE',  ( 0.7548018755092327225, 2.905405072260453192, 2.228747473200078488 ) ) ;
#930 = CYLINDRICAL_SURFACE ( 'NONE', #1154, 3.000000000000030198 ) ;
#931 = ORIENTED_EDGE ( 'NONE', *, *, #1606, .T. ) ;
#932 = CARTESIAN_POINT ( 'NONE',  ( -2.729660544970507363, 5.566772252322823356, 1.250000000000000000 ) ) ;
#933 = CIRCLE ( 'NONE', #1715, 0.2999999999999999334 ) ;
#934 = EDGE_LOOP ( 'NONE', ( #2116, #497 ) ) ;
#935 = AXIS2_PLACEMENT_3D ( 'NONE', #585, #1307, #1593 ) ;
#936 = EDGE_CURVE ( 'NONE', #1754, #130, #563, .T. ) ;
#937 = CIRCLE ( 'NONE', #2782, 4.299999999999999822 ) ;
#938 = AXIS2_PLACEMENT_3D ( 'NONE', #620, #2599, #2862 ) ;
#939 = LINE ( 'NONE', #1924, #2728 ) ;
#940 = AXIS2_PLACEMENT_3D ( 'NONE', #2584, #2548, #2565 ) ;
#941 = CIRCLE ( 'NONE', #2471, 3.000000000000030198 ) ;
#942 = DIRECTION ( 'NONE',  ( 0.9713994206296363565, -0.2374513962907081888, 0.000000000000000000 ) ) ;
#943 = DIRECTION ( 'NONE',  ( -0.4999999999999951705, -0.8660254037844413721, 0.000000000000000000 ) ) ;
#944 = EDGE_LOOP ( 'NONE', ( #2639, #120, #2017, #77 ) ) ;
#945 = CIRCLE ( 'NONE', #1466, 0.2999999999999998224 ) ;
#946 = CARTESIAN_POINT ( 'NONE',  ( 0.4868515064510807733, 2.960232357546668691, -2.000000000000000000 ) ) ;
#947 = CARTESIAN_POINT ( 'NONE',  ( 51.67000000000000171, 0.000000000000000000, 1.250000000000000000 ) ) ;
#948 = CIRCLE ( 'NONE', #580, 0.2999999999999999334 ) ;
#949 = B_SPLINE_CURVE_WITH_KNOTS ( 'NONE', 3,
 ( #112, #1120, #2123, #868, #376, #1313 ),
 .UNSPECIFIED., .F., .F.,
 ( 4, 2, 4 ),
 ( 0.000000000000000000, 0.0004602242045592298695, 0.0009204484091184597389 ),
 .UNSPECIFIED. ) ;
#950 = CIRCLE ( 'NONE', #1161, 0.2999999999999999889 ) ;
#951 = CARTESIAN_POINT ( 'NONE',  ( -2.729660544970507363, 5.566772252322823356, 1.250000000000000000 ) ) ;
#952 = CARTESIAN_POINT ( 'NONE',  ( 46.39088017111293993, 3.313209351239520650, -0.9500000000000000666 ) ) ;
#953 = EDGE_CURVE ( 'NONE', #1128, #641, #1457, .T. ) ;
#954 = ORIENTED_EDGE ( 'NONE', *, *, #3092, .F. ) ;
#955 = DIRECTION ( 'NONE',  ( 1.000000000000000000, 0.000000000000000000, 0.000000000000000000 ) ) ;
#956 = B_SPLINE_CURVE_WITH_KNOTS ( 'NONE', 3,
 ( #1955, #396, #1706, #2681, #2972, #408, #2721, #447 ),
 .UNSPECIFIED., .F., .F.,
 ( 4, 2, 2, 4 ),
 ( -1.042099678516376485E-05, 0.0008682945820450395846, 0.001307652371460141369, 0.001747010160875243044 ),
 .UNSPECIFIED. ) ;
#957 = VERTEX_POINT ( 'NONE', #214 ) ;
#958 = EDGE_LOOP ( 'NONE', ( #2658, #339, #1863, #3057, #3151 ) ) ;
#959 = EDGE_CURVE ( 'NONE', #874, #2119, #1226, .T. ) ;
#960 = DIRECTION ( 'NONE',  ( 0.000000000000000000, 0.000000000000000000, 1.000000000000000000 ) ) ;
#961 = CARTESIAN_POINT ( 'NONE',  ( -4.957748591507142422, 3.269899670554178517, 1.250000000000000000 ) ) ;
#962 = EDGE_CURVE ( 'NONE', #3180, #2532, #412, .T. ) ;
#963 = ORIENTED_EDGE ( 'NONE', *, *, #1031, .T. ) ;
#964 = DIRECTION ( 'NONE',  ( 0.7071067811865460184, 0.000000000000000000, 0.7071067811865489050 ) ) ;
#965 = CARTESIAN_POINT ( 'NONE',  ( -5.429660544970514202, 5.566772252322823356, -1.250000000000000000 ) ) ;
#966 = DIRECTION ( 'NONE',  ( -0.000000000000000000, 0.000000000000000000, 1.000000000000000000 ) ) ;
#967 = VERTEX_POINT ( 'NONE', #912 ) ;
#968 = CARTESIAN_POINT ( 'NONE',  ( -2.729660544970507363, 5.566772252322823356, -1.250000000000000000 ) ) ;
#969 = ORIENTED_EDGE ( 'NONE', *, *, #1861, .T. ) ;
#970 = ORIENTED_EDGE ( 'NONE', *, *, #1999, .F. ) ;
#971 = DIRECTION ( 'NONE',  ( 1.000000000000000000, 0.000000000000000000, 0.000000000000000000 ) ) ;
#972 = EDGE_CURVE ( 'NONE', #500, #734, #2731, .T. ) ;
#973 = ORIENTED_EDGE ( 'NONE', *, *, #2463, .F. ) ;
#974 = DIRECTION ( 'NONE',  ( 0.000000000000000000, 0.000000000000000000, 1.000000000000000000 ) ) ;
#975 = EDGE_CURVE ( 'NONE', #20, #2999, #2171, .T. ) ;
#976 = DIRECTION ( 'NONE',  ( 1.000000000000000000, 0.000000000000000000, 0.000000000000000000 ) ) ;
#977 = FACE_OUTER_BOUND ( 'NONE', #3128, .T. ) ;
#978 = ORIENTED_EDGE ( 'NONE', *, *, #1000, .F. ) ;
#979 = CYLINDRICAL_SURFACE ( 'NONE', #1885, 0.2999999999999999334 ) ;
#980 = EDGE_LOOP ( 'NONE', ( #2637, #3010, #1968, #1371, #2195, #1957, #2211 ) ) ;
#981 = ORIENTED_EDGE ( 'NONE', *, *, #2906, .T. ) ;
#982 = CIRCLE ( 'NONE', #2838, 0.3000000000000000444 ) ;
#983 = CARTESIAN_POINT ( 'NONE',  ( 4.241241905485717112, -168.5537438249798754, -2.000000000000000000 ) ) ;
#984 = VECTOR ( 'NONE', #2398, 1000.000000000000000 ) ;
#985 = DIRECTION ( 'NONE',  ( 0.000000000000000000, 0.000000000000000000, 1.000000000000000000 ) ) ;
#986 = CONICAL_SURFACE ( 'NONE', #1672, 2.699999999999987299, 0.7853981633974439491 ) ;
#987 = ORIENTED_EDGE ( 'NONE', *, *, #571, .F. ) ;
#988 = ADVANCED_FACE ( 'NONE', ( #1669 ), #3205, .T. ) ;
#989 = FILL_AREA_STYLE_COLOUR ( '', #636 ) ;
#990 = VECTOR ( 'NONE', #1636, 1000.000000000000000 ) ;
#991 = AXIS2_PLACEMENT_3D ( 'NONE', #2333, #1559, #2579 ) ;
#992 = AXIS2_PLACEMENT_3D ( 'NONE', #1644, #910, #2663 ) ;
#993 = DIRECTION ( 'NONE',  ( -1.000000000000000000, 0.000000000000000000, 0.000000000000000000 ) ) ;
#994 = EDGE_CURVE ( 'NONE', #691, #2402, #2932, .T. ) ;
#995 = VECTOR ( 'NONE', #1223, 1000.000000000000000 ) ;
#996 = FACE_OUTER_BOUND ( 'NONE', #248, .T. ) ;
#997 = DIRECTION ( 'NONE',  ( -0.000000000000000000, 0.000000000000000000, 1.000000000000000000 ) ) ;
#998 = CARTESIAN_POINT ( 'NONE',  ( 0.000000000000000000, 0.000000000000000000, 1.250000000000000000 ) ) ;
#999 = CIRCLE ( 'NONE', #2268, 0.2999999999999999889 ) ;
#1000 = EDGE_CURVE ( 'NONE', #3039, #141, #1622, .T. ) ;
#1001 = CARTESIAN_POINT ( 'NONE',  ( -3.680482097444022216, 1.373213098650151176, -1.250000000000000000 ) ) ;
#1002 = ORIENTED_EDGE ( 'NONE', *, *, #2534, .F. ) ;
#1003 = CIRCLE ( 'NONE', #3272, 176.9600000000000364 ) ;
#1004 = ORIENTED_EDGE ( 'NONE', *, *, #2186, .T. ) ;
#1005 = VERTEX_POINT ( 'NONE', #1426 ) ;
#1006 = CARTESIAN_POINT ( 'NONE',  ( -2.999999999999997335, 3.673940397442057403E-16, -2.000000000000000000 ) ) ;
#1007 = LINE ( 'NONE', #2007, #1520 ) ;
#1008 = ORIENTED_EDGE ( 'NONE', *, *, #2626, .F. ) ;
#1009 = SURFACE_SIDE_STYLE ('',( #3274 ) ) ;
#1010 = DIRECTION ( 'NONE',  ( 0.000000000000000000, 0.000000000000000000, 1.000000000000000000 ) ) ;
#1011 = ADVANCED_FACE ( 'NONE', ( #926 ), #2951, .F. ) ;
#1012 = DIRECTION ( 'NONE',  ( 0.000000000000000000, 0.000000000000000000, 1.000000000000000000 ) ) ;
#1013 =( NAMED_UNIT ( * ) SI_UNIT ( $, .STERADIAN. ) SOLID_ANGLE_UNIT ( ) );
#1014 = ORIENTED_EDGE ( 'NONE', *, *, #2438, .T. ) ;
#1015 = ORIENTED_EDGE ( 'NONE', *, *, #1389, .T. ) ;
#1016 = EDGE_CURVE ( 'NONE', #1244, #2711, #1969, .T. ) ;
#1017 = ORIENTED_EDGE ( 'NONE', *, *, #258, .T. ) ;
#1018 = ORIENTED_EDGE ( 'NONE', *, *, #2626, .T. ) ;
#1019 = CARTESIAN_POINT ( 'NONE',  ( 0.9942486913025916362, 3.416772252322846093, 1.250000000000000000 ) ) ;
#1020 = CARTESIAN_POINT ( 'NONE',  ( 0.000000000000000000, 0.000000000000000000, -2.000000000000000000 ) ) ;
#1021 = DIRECTION ( 'NONE',  ( 1.000000000000000000, 0.000000000000000000, 0.000000000000000000 ) ) ;
#1022 = ORIENTED_EDGE ( 'NONE', *, *, #1123, .T. ) ;
#1023 = CARTESIAN_POINT ( 'NONE',  ( 38.00323992568875298, 5.436885303113416334, -1.089927835579530990 ) ) ;
#1024 = CYLINDRICAL_SURFACE ( 'NONE', #2954, 4.299999999999999822 ) ;
#1025 = CARTESIAN_POINT ( 'NONE',  ( 0.7661272430032021186, 2.902529493448432252, 2.236057780523449168 ) ) ;
#1026 = EDGE_CURVE ( 'NONE', #734, #2924, #2465, .T. ) ;
#1027 = ORIENTED_EDGE ( 'NONE', *, *, #1401, .T. ) ;
#1028 = ORIENTED_EDGE ( 'NONE', *, *, #975, .F. ) ;
#1029 = EDGE_LOOP ( 'NONE', ( #441, #2, #60, #309, #1321 ) ) ;
#1030 = CARTESIAN_POINT ( 'NONE',  ( 3.905008153265983051, 8.458355529055380018, -1.250000000000000000 ) ) ;
#1031 = EDGE_CURVE ( 'NONE', #3219, #787, #1045, .T. ) ;
#1032 = EDGE_LOOP ( 'NONE', ( #1933, #266, #1806, #2365 ) ) ;
#1033 = DIRECTION ( 'NONE',  ( 1.000000000000000000, 0.000000000000000000, 0.000000000000000000 ) ) ;
#1034 = CARTESIAN_POINT ( 'NONE',  ( 0.000000000000000000, 0.000000000000000000, 4.700000000000000178 ) ) ;
#1035 = DIRECTION ( 'NONE',  ( 0.000000000000000000, 0.000000000000000000, -1.000000000000000000 ) ) ;
#1036 = B_SPLINE_CURVE_WITH_KNOTS ( 'NONE', 3,
 ( #2611, #1568, #2593, #319, #1077, #1342, #3093, #2351 ),
 .UNSPECIFIED., .F., .F.,
 ( 4, 2, 2, 4 ),
 ( 0.000000000000000000, 0.0002743935491802336241, 0.0004115903237703510595, 0.0005487870983604685492 ),
 .UNSPECIFIED. ) ;
#1037 = ORIENTED_EDGE ( 'NONE', *, *, #2508, .T. ) ;
#1038 = FACE_OUTER_BOUND ( 'NONE', #806, .T. ) ;
#1039 = AXIS2_PLACEMENT_3D ( 'NONE', #176, #706, #1709 ) ;
#1040 = CARTESIAN_POINT ( 'NONE',  ( 4.241241905485717112, -168.5537438249798754, 1.250000000000000000 ) ) ;
#1041 = AXIS2_PLACEMENT_3D ( 'NONE', #617, #2393, #1624 ) ;
#1042 = CIRCLE ( 'NONE', #2740, 4.299999999999999822 ) ;
#1043 = CARTESIAN_POINT ( 'NONE',  ( 43.71991105278057432, -7.048876151096988174, -0.9500000000000000666 ) ) ;
#1044 = CARTESIAN_POINT ( 'NONE',  ( 51.17000000000000881, 3.306546357697862608E-16, -1.250000000000000000 ) ) ;
#1045 = LINE ( 'NONE', #32, #300 ) ;
#1046 = AXIS2_PLACEMENT_3D ( 'NONE', #3058, #2064, #793 ) ;
#1047 = AXIS2_PLACEMENT_3D ( 'NONE', #1079, #2068, #292 ) ;
#1048 = CARTESIAN_POINT ( 'NONE',  ( 37.32404478729420561, -0.3871717235575171667, 1.200565626477960279 ) ) ;
#1049 = ORIENTED_EDGE ( 'NONE', *, *, #1199, .T. ) ;
#1050 = ORIENTED_EDGE ( 'NONE', *, *, #1476, .T. ) ;
#1051 = DIRECTION ( 'NONE',  ( 0.000000000000000000, 0.000000000000000000, -1.000000000000000000 ) ) ;
#1052 = CARTESIAN_POINT ( 'NONE',  ( 3.961530471308267298, 8.556255055666158071, -1.209680621018530466 ) ) ;
#1053 = VECTOR ( 'NONE', #1649, 1000.000000000000000 ) ;
#1054 = ORIENTED_EDGE ( 'NONE', *, *, #1016, .T. ) ;
#1055 = CARTESIAN_POINT ( 'NONE',  ( 2.327262649190777744, -1.893105533688360875, 1.700000000000000178 ) ) ;
#1056 = PLANE ( 'NONE',  #2786 ) ;
#1057 = DIRECTION ( 'NONE',  ( -0.7071067811865583419, 0.000000000000000000, -0.7071067811865368036 ) ) ;
#1058 = EDGE_CURVE ( 'NONE', #924, #1393, #2150, .T. ) ;
#1059 = DIRECTION ( 'NONE',  ( 0.000000000000000000, 0.000000000000000000, -1.000000000000000000 ) ) ;
#1060 = CARTESIAN_POINT ( 'NONE',  ( 0.7139614214206051468, 2.914303046930863506, -2.181935613042527145 ) ) ;
#1061 = DIRECTION ( 'NONE',  ( -0.4402678298339658958, 0.8978664923101263851, 0.000000000000000000 ) ) ;
#1062 = CARTESIAN_POINT ( 'NONE',  ( 48.13370075830223271, 3.483805795395821470, 0.9500000000000002887 ) ) ;
#1063 = DIRECTION ( 'NONE',  ( 0.000000000000000000, -0.000000000000000000, -1.000000000000000000 ) ) ;
#1064 = CARTESIAN_POINT ( 'NONE',  ( -2.729660544970507363, 5.566772252322823356, -1.049999999999998934 ) ) ;
#1065 = CARTESIAN_POINT ( 'NONE',  ( -2.999999999999998224, 3.673940397442057896E-16, 4.700000000000000178 ) ) ;
#1066 = ORIENTED_EDGE ( 'NONE', *, *, #676, .F. ) ;
#1067 = CARTESIAN_POINT ( 'NONE',  ( 47.65327327016257897, 8.460671217389851506, -2.000000000000000000 ) ) ;
#1068 = EDGE_LOOP ( 'NONE', ( #2968, #2582, #653, #124 ) ) ;
#1069 = DIRECTION ( 'NONE',  ( -0.000000000000000000, -0.000000000000000000, -1.000000000000000000 ) ) ;
#1070 = LINE ( 'NONE', #2746, #2034 ) ;
#1071 = ORIENTED_EDGE ( 'NONE', *, *, #649, .F. ) ;
#1072 = FACE_OUTER_BOUND ( 'NONE', #2002, .T. ) ;
#1073 = DIRECTION ( 'NONE',  ( -0.000000000000000000, -0.000000000000000000, 1.000000000000000000 ) ) ;
#1074 = LINE ( 'NONE', #2079, #2690 ) ;
#1075 = ADVANCED_FACE ( 'NONE', ( #2818 ), #837, .T. ) ;
#1076 = B_SPLINE_CURVE_WITH_KNOTS ( 'NONE', 3,
 ( #1138, #160, #1931, #929, #2937, #404 ),
 .UNSPECIFIED., .F., .F.,
 ( 4, 2, 4 ),
 ( 0.000000000000000000, 0.0004636051903757719135, 0.0009272103807515438270 ),
 .UNSPECIFIED. ) ;
#1077 = CARTESIAN_POINT ( 'NONE',  ( -4.002975911318318758, 1.459543113438888984, 1.118993004272853975 ) ) ;
#1078 = EDGE_CURVE ( 'NONE', #2142, #802, #241, .T. ) ;
#1079 = CARTESIAN_POINT ( 'NONE',  ( -0.4740116451163891020, 0.2736707509069611355, 1.700000000000000178 ) ) ;
#1080 = CARTESIAN_POINT ( 'NONE',  ( -4.957748591507142422, 3.269899670554178517, -1.250000000000000000 ) ) ;
#1081 = DIRECTION ( 'NONE',  ( 1.000000000000000000, 0.000000000000000000, 0.000000000000000000 ) ) ;
#1082 = LINE ( 'NONE', #2084, #1257 ) ;
#1083 = DIRECTION ( 'NONE',  ( -0.000000000000000000, -0.000000000000000000, 1.000000000000000000 ) ) ;
#1084 = DIRECTION ( 'NONE',  ( 0.000000000000000000, 0.000000000000000000, 1.000000000000000000 ) ) ;
#1085 = ORIENTED_EDGE ( 'NONE', *, *, #3158, .T. ) ;
#1086 = CARTESIAN_POINT ( 'NONE',  ( 37.77248356600240697, -0.3024750847299014223, 1.250000000000000000 ) ) ;
#1087 = CARTESIAN_POINT ( 'NONE',  ( 4.221338092443584600, 8.406255055666136400, 1.700000000000000178 ) ) ;
#1088 = DIRECTION ( 'NONE',  ( 0.000000000000000000, 0.000000000000000000, -1.000000000000000000 ) ) ;
#1089 = EDGE_LOOP ( 'NONE', ( #970, #1022, #821, #2884 ) ) ;
#1090 = DIRECTION ( 'NONE',  ( 1.000000000000000000, 0.000000000000000000, 0.000000000000000000 ) ) ;
#1091 = EDGE_LOOP ( 'NONE', ( #2869, #16, #1347, #2545 ) ) ;
#1092 = EDGE_CURVE ( 'NONE', #2227, #1637, #628, .T. ) ;
#1093 = DIRECTION ( 'NONE',  ( 1.000000000000000000, 0.000000000000000000, 0.000000000000000000 ) ) ;
#1094 = VECTOR ( 'NONE', #501, 1000.000000000000227 ) ;
#1095 = AXIS2_PLACEMENT_3D ( 'NONE', #952, #701, #2719 ) ;
#1096 = DIRECTION ( 'NONE',  ( 0.000000000000000000, -1.000000000000000000, 0.000000000000000000 ) ) ;
#1097 = AXIS2_PLACEMENT_3D ( 'NONE', #2346, #1083, #2085 ) ;
#1098 = AXIS2_PLACEMENT_3D ( 'NONE', #1166, #2173, #2134 ) ;
#1099 = DIRECTION ( 'NONE',  ( 1.000000000000000000, 1.504586460861208548E-14, 0.000000000000000000 ) ) ;
#1100 = DIRECTION ( 'NONE',  ( -1.000000000000000000, 1.224646799147353207E-16, 0.000000000000000000 ) ) ;
#1101 = DIRECTION ( 'NONE',  ( -0.000000000000000000, -0.000000000000000000, 1.000000000000000000 ) ) ;
#1102 = CIRCLE ( 'NONE', #3108, 171.2599999999999625 ) ;
#1103 = ORIENTED_EDGE ( 'NONE', *, *, #1898, .F. ) ;
#1104 = AXIS2_PLACEMENT_3D ( 'NONE', #2801, #997, #798 ) ;
#1105 = DIRECTION ( 'NONE',  ( 0.000000000000000000, 0.000000000000000000, -1.000000000000000000 ) ) ;
#1106 = CARTESIAN_POINT ( 'NONE',  ( 0.000000000000000000, 0.000000000000000000, 5.000000000000000000 ) ) ;
#1107 = AXIS2_PLACEMENT_3D ( 'NONE', #2340, #67, #1531 ) ;
#1108 = DIRECTION ( 'NONE',  ( 1.000000000000000000, 0.000000000000000000, 0.000000000000000000 ) ) ;
#1109 = AXIS2_PLACEMENT_3D ( 'NONE', #224, #1012, #3079 ) ;
#1110 = ORIENTED_EDGE ( 'NONE', *, *, #2717, .F. ) ;
#1111 = VERTEX_POINT ( 'NONE', #2107 ) ;
#1112 = DIRECTION ( 'NONE',  ( 1.000000000000000000, 0.000000000000000000, 0.000000000000000000 ) ) ;
#1113 = ORIENTED_EDGE ( 'NONE', *, *, #380, .T. ) ;
#1114 = CIRCLE ( 'NONE', #783, 3.299999999999998046 ) ;
#1115 = VECTOR ( 'NONE', #8, 1000.000000000000000 ) ;
#1116 =( NAMED_UNIT ( * ) SI_UNIT ( $, .STERADIAN. ) SOLID_ANGLE_UNIT ( ) );
#1117 = TOROIDAL_SURFACE ( 'NONE', #2701, 5.299999999999999822, 0.2999999999999999889 ) ;
#1118 = DIRECTION ( 'NONE',  ( 1.000000000000000000, 0.000000000000000000, 0.000000000000000000 ) ) ;
#1119 = DIRECTION ( 'NONE',  ( -0.04643395291013244219, -0.9989213622789030467, 0.000000000000000000 ) ) ;
#1120 = CARTESIAN_POINT ( 'NONE',  ( 0.8989801472841142393, 2.866341557036599763, -2.299999999999999378 ) ) ;
#1121 = ORIENTED_EDGE ( 'NONE', *, *, #3014, .F. ) ;
#1122 = DIRECTION ( 'NONE',  ( -0.000000000000000000, 0.000000000000000000, 1.000000000000000000 ) ) ;
#1123 = EDGE_CURVE ( 'NONE', #130, #1909, #2253, .T. ) ;
#1124 = DIRECTION ( 'NONE',  ( 1.000000000000000000, 0.000000000000000000, 0.000000000000000000 ) ) ;
#1125 = DIRECTION ( 'NONE',  ( -0.000000000000000000, -0.000000000000000000, 1.000000000000000000 ) ) ;
#1126 = DIRECTION ( 'NONE',  ( 1.000000000000000000, 0.000000000000000000, 0.000000000000000000 ) ) ;
#1127 = CARTESIAN_POINT ( 'NONE',  ( 2.678051950636884282, -1.443270199545682031, -1.834734216123276695 ) ) ;
#1128 = VERTEX_POINT ( 'NONE', #74 ) ;
#1129 = VERTEX_POINT ( 'NONE', #296 ) ;
#1130 = ADVANCED_FACE ( 'NONE', ( #3081 ), #56, .T. ) ;
#1131 = ORIENTED_EDGE ( 'NONE', *, *, #545, .F. ) ;
#1132 = DIRECTION ( 'NONE',  ( 1.000000000000000000, 0.000000000000000000, 0.000000000000000000 ) ) ;
#1133 = DIRECTION ( 'NONE',  ( 0.000000000000000000, 0.000000000000000000, 1.000000000000000000 ) ) ;
#1134 = ORIENTED_EDGE ( 'NONE', *, *, #2422, .F. ) ;
#1135 = DIRECTION ( 'NONE',  ( -0.04643395291013821535, -0.9989213622789028246, 0.000000000000000000 ) ) ;
#1136 = DIRECTION ( 'NONE',  ( 0.000000000000000000, 0.000000000000000000, 1.000000000000000000 ) ) ;
#1137 = PLANE ( 'NONE',  #2953 ) ;
#1138 = CARTESIAN_POINT ( 'NONE',  ( 0.4868515064510802182, 2.960232357546667803, 1.700000000000000178 ) ) ;
#1139 = ADVANCED_FACE ( 'NONE', ( #2329 ), #2071, .T. ) ;
#1140 = CARTESIAN_POINT ( 'NONE',  ( -2.729660544970507363, 5.566772252322823356, 1.250000000000000000 ) ) ;
#1141 = ORIENTED_EDGE ( 'NONE', *, *, #1645, .F. ) ;
#1142 = ORIENTED_EDGE ( 'NONE', *, *, #2760, .F. ) ;
#1143 = ORIENTED_EDGE ( 'NONE', *, *, #2019, .T. ) ;
#1144 = EDGE_CURVE ( 'NONE', #425, #1447, #562, .T. ) ;
#1145 = LINE ( 'NONE', #387, #97 ) ;
#1146 = FACE_OUTER_BOUND ( 'NONE', #1947, .T. ) ;
#1147 = CIRCLE ( 'NONE', #1039, 2.999999999999997335 ) ;
#1148 = CARTESIAN_POINT ( 'NONE',  ( -2.719422214324873188, 1.266784441109215731, -2.000000000000000000 ) ) ;
#1149 = VERTEX_POINT ( 'NONE', #323 ) ;
#1150 = DIRECTION ( 'NONE',  ( -0.9999999936745365137, -0.0001124763395702527608, 0.000000000000000000 ) ) ;
#1151 = CARTESIAN_POINT ( 'NONE',  ( 3.269185104360444072, -0.4499208301776907448, -2.000000000000000000 ) ) ;
#1152 = CARTESIAN_POINT ( 'NONE',  ( -2.999999999999998224, 3.673940397442057896E-16, -2.000000000000000000 ) ) ;
#1153 = ORIENTED_EDGE ( 'NONE', *, *, #3092, .T. ) ;
#1154 = AXIS2_PLACEMENT_3D ( 'NONE', #906, #1906, #2927 ) ;
#1155 = CIRCLE ( 'NONE', #1361, 0.2999999999999999334 ) ;
#1156 = CARTESIAN_POINT ( 'NONE',  ( 46.51408102173317616, -2.902478415157581981, 0.9500000000000002887 ) ) ;
#1157 = ORIENTED_EDGE ( 'NONE', *, *, #2212, .F. ) ;
#1158 = AXIS2_PLACEMENT_3D ( 'NONE', #2692, #2925, #1918 ) ;
#1159 = AXIS2_PLACEMENT_3D ( 'NONE', #1238, #3230, #745 ) ;
#1160 = EDGE_CURVE ( 'NONE', #229, #1523, #1246, .T. ) ;
#1161 = AXIS2_PLACEMENT_3D ( 'NONE', #2443, #2190, #118 ) ;
#1162 = AXIS2_PLACEMENT_3D ( 'NONE', #797, #1494, #993 ) ;
#1163 = EDGE_CURVE ( 'NONE', #760, #1222, #3098, .T. ) ;
#1164 = DIRECTION ( 'NONE',  ( -0.000000000000000000, 0.000000000000000000, 1.000000000000000000 ) ) ;
#1165 = DIRECTION ( 'NONE',  ( 0.9906621528364986107, -0.1363396455083913106, 0.000000000000000000 ) ) ;
#1166 = CARTESIAN_POINT ( 'NONE',  ( 4.241241905485717112, -168.5537438249798754, -0.9500000000000000666 ) ) ;
#1167 = ORIENTED_EDGE ( 'NONE', *, *, #1419, .T. ) ;
#1168 = FACE_OUTER_BOUND ( 'NONE', #1760, .T. ) ;
#1169 = CARTESIAN_POINT ( 'NONE',  ( 0.000000000000000000, 0.000000000000000000, -2.000000000000000000 ) ) ;
#1170 = CARTESIAN_POINT ( 'NONE',  ( -0.1137107917233066423, 13.65421974139413663, -1.250000000000000000 ) ) ;
#1171 = ORIENTED_EDGE ( 'NONE', *, *, #380, .F. ) ;
#1172 = EDGE_CURVE ( 'NONE', #555, #185, #1201, .T. ) ;
#1173 = DIRECTION ( 'NONE',  ( 1.000000000000000000, 0.000000000000000000, 0.000000000000000000 ) ) ;
#1174 = ORIENTED_EDGE ( 'NONE', *, *, #109, .F. ) ;
#1175 = CARTESIAN_POINT ( 'NONE',  ( 3.006270975917568755, -0.9423947585659253612, 1.949837764293795406 ) ) ;
#1176 = CARTESIAN_POINT ( 'NONE',  ( 37.32404698368927853, -0.3871714693430071130, -1.200566054419596185 ) ) ;
#1177 = ORIENTED_EDGE ( 'NONE', *, *, #333, .T. ) ;
#1178 = EDGE_CURVE ( 'NONE', #2008, #1473, #2581, .T. ) ;
#1179 = CARTESIAN_POINT ( 'NONE',  ( 2.654806507400579552, -1.422373203215217208, -1.913253211470270942 ) ) ;
#1180 = EDGE_CURVE ( 'NONE', #1556, #2243, #1829, .T. ) ;
#1181 = DIRECTION ( 'NONE',  ( 1.000000000000000000, 0.000000000000000000, 0.000000000000000000 ) ) ;
#1182 = DIRECTION ( 'NONE',  ( 0.000000000000000000, -0.000000000000000000, -1.000000000000000000 ) ) ;
#1183 = DIRECTION ( 'NONE',  ( -0.000000000000000000, -0.000000000000000000, 1.000000000000000000 ) ) ;
#1184 = DIRECTION ( 'NONE',  ( 1.000000000000000000, 0.000000000000000000, 0.000000000000000000 ) ) ;
#1185 = ORIENTED_EDGE ( 'NONE', *, *, #1999, .T. ) ;
#1186 = DIRECTION ( 'NONE',  ( -0.000000000000000000, -0.000000000000000000, 1.000000000000000000 ) ) ;
#1187 = ORIENTED_EDGE ( 'NONE', *, *, #1478, .T. ) ;
#1188 = CARTESIAN_POINT ( 'NONE',  ( 2.631671140058595704, -1.465201050509322700, 1.979017857694182592 ) ) ;
#1189 = ORIENTED_EDGE ( 'NONE', *, *, #975, .T. ) ;
#1190 = CARTESIAN_POINT ( 'NONE',  ( 2.861406518844264557, -0.9122689823699206002, -2.037179356986674517 ) ) ;
#1191 = EDGE_CURVE ( 'NONE', #2712, #498, #2309, .T. ) ;
#1192 = ADVANCED_FACE ( 'NONE', ( #1368 ), #1768, .F. ) ;
#1193 = DIRECTION ( 'NONE',  ( -0.000000000000000000, 0.000000000000000000, 1.000000000000000000 ) ) ;
#1194 = CARTESIAN_POINT ( 'NONE',  ( 2.999999999999998224, 0.000000000000000000, 2.299999999999999822 ) ) ;
#1195 = ORIENTED_EDGE ( 'NONE', *, *, #1666, .T. ) ;
#1196 = CARTESIAN_POINT ( 'NONE',  ( 0.9758895603086851223, 3.107225470453735205, -1.968819265020681275 ) ) ;
#1197 = VERTEX_POINT ( 'NONE', #1315 ) ;
#1198 = VECTOR ( 'NONE', #480, 1000.000000000000000 ) ;
#1199 = EDGE_CURVE ( 'NONE', #1400, #327, #2902, .T. ) ;
#1200 = ORIENTED_EDGE ( 'NONE', *, *, #1491, .F. ) ;
#1201 = CIRCLE ( 'NONE', #2039, 5.000000000000000888 ) ;
#1202 = AXIS2_PLACEMENT_3D ( 'NONE', #2741, #2446, #955 ) ;
#1203 = EDGE_CURVE ( 'NONE', #390, #1128, #832, .T. ) ;
#1204 = CARTESIAN_POINT ( 'NONE',  ( 2.951981691254875084, -0.5543762588326787144, 2.299999938793768628 ) ) ;
#1205 = AXIS2_PLACEMENT_3D ( 'NONE', #3072, #1791, #2021 ) ;
#1206 = CYLINDRICAL_SURFACE ( 'NONE', #2113, 0.2999999999999999889 ) ;
#1207 = VECTOR ( 'NONE', #1059, 1000.000000000000000 ) ;
#1208 = ORIENTED_EDGE ( 'NONE', *, *, #3158, .F. ) ;
#1209 = AXIS2_PLACEMENT_3D ( 'NONE', #870, #3133, #2652 ) ;
#1210 = DIRECTION ( 'NONE',  ( 1.000000000000000000, 0.000000000000000000, 0.000000000000000000 ) ) ;
#1211 = AXIS2_PLACEMENT_3D ( 'NONE', #457, #506, #1210 ) ;
#1212 = CIRCLE ( 'NONE', #1376, 3.500000000000003109 ) ;
#1213 =( LENGTH_UNIT ( ) NAMED_UNIT ( * ) SI_UNIT ( .MILLI., .METRE. ) );
#1214 = DIRECTION ( 'NONE',  ( 0.000000000000000000, 0.000000000000000000, -1.000000000000000000 ) ) ;
#1215 = ORIENTED_EDGE ( 'NONE', *, *, #1144, .F. ) ;
#1216 = EDGE_CURVE ( 'NONE', #2928, #630, #411, .T. ) ;
#1217 = CARTESIAN_POINT ( 'NONE',  ( 39.70672929459253453, 2.598149054281850834, -2.000000000000000000 ) ) ;
#1218 = ORIENTED_EDGE ( 'NONE', *, *, #2186, .F. ) ;
#1219 = ORIENTED_EDGE ( 'NONE', *, *, #1877, .T. ) ;
#1220 = ADVANCED_FACE ( 'NONE', ( #2384 ), #1382, .T. ) ;
#1221 = CARTESIAN_POINT ( 'NONE',  ( 4.241241905485717112, -168.5537438249798754, -1.700000000000000178 ) ) ;
#1222 = VERTEX_POINT ( 'NONE', #607 ) ;
#1223 = DIRECTION ( 'NONE',  ( -0.000000000000000000, -0.000000000000000000, -1.000000000000000000 ) ) ;
#1224 = DIRECTION ( 'NONE',  ( -0.000000000000000000, -0.000000000000000000, 1.000000000000000000 ) ) ;
#1225 = DIRECTION ( 'NONE',  ( -0.000000000000000000, 0.000000000000000000, 1.000000000000000000 ) ) ;
#1226 = LINE ( 'NONE', #2763, #29 ) ;
#1227 = EDGE_LOOP ( 'NONE', ( #2606, #2135, #2018, #2278 ) ) ;
#1228 = DIRECTION ( 'NONE',  ( 0.000000000000000000, 0.000000000000000000, -1.000000000000000000 ) ) ;
#1229 = ORIENTED_EDGE ( 'NONE', *, *, #1712, .T. ) ;
#1230 = VERTEX_POINT ( 'NONE', #2864 ) ;
#1231 = EDGE_CURVE ( 'NONE', #1486, #218, #2419, .T. ) ;
#1232 = CARTESIAN_POINT ( 'NONE',  ( 2.690335562373187273, -1.426358047602345414, 1.839508924956740232 ) ) ;
#1233 = DIRECTION ( 'NONE',  ( 0.000000000000000000, 0.000000000000000000, -1.000000000000000000 ) ) ;
#1234 = ORIENTED_EDGE ( 'NONE', *, *, #449, .F. ) ;
#1235 = DIRECTION ( 'NONE',  ( -1.000000000000000000, 0.000000000000000000, 0.000000000000000000 ) ) ;
#1236 = CARTESIAN_POINT ( 'NONE',  ( -2.719422214324873188, 1.266784441109215731, -1.250000000000000000 ) ) ;
#1237 = CARTESIAN_POINT ( 'NONE',  ( 1.148891823298499704, 3.093549349591474762, 2.000000000000000000 ) ) ;
#1238 = CARTESIAN_POINT ( 'NONE',  ( 4.241241905485717112, -168.5537438249798754, -0.9500000000000000666 ) ) ;
#1239 = ORIENTED_EDGE ( 'NONE', *, *, #1199, .F. ) ;
#1240 = VERTEX_POINT ( 'NONE', #1086 ) ;
#1241 = ORIENTED_EDGE ( 'NONE', *, *, #2270, .T. ) ;
#1242 = ORIENTED_EDGE ( 'NONE', *, *, #1398, .T. ) ;
#1243 = CIRCLE ( 'NONE', #235, 0.2999999999999999334 ) ;
#1244 = VERTEX_POINT ( 'NONE', #1614 ) ;
#1245 = DIRECTION ( 'NONE',  ( 1.000000000000000000, 0.000000000000000000, 0.000000000000000000 ) ) ;
#1246 = CIRCLE ( 'NONE', #1097, 2.999999999999997335 ) ;
#1247 = FACE_OUTER_BOUND ( 'NONE', #2518, .T. ) ;
#1248 = EDGE_LOOP ( 'NONE', ( #2331, #2578, #2348, #1865 ) ) ;
#1249 = DIRECTION ( 'NONE',  ( -0.4999999999999952260, -0.8660254037844414832, 0.000000000000000000 ) ) ;
#1250 = AXIS2_PLACEMENT_3D ( 'NONE', #800, #88, #1800 ) ;
#1251 = AXIS2_PLACEMENT_3D ( 'NONE', #3145, #2674, #1670 ) ;
#1252 = EDGE_CURVE ( 'NONE', #3219, #741, #1459, .T. ) ;
#1253 = CIRCLE ( 'NONE', #1107, 4.299999999999999822 ) ;
#1254 = AXIS2_PLACEMENT_3D ( 'NONE', #3115, #2613, #618 ) ;
#1255 = DIRECTION ( 'NONE',  ( 0.000000000000000000, 0.000000000000000000, 1.000000000000000000 ) ) ;
#1256 = EDGE_CURVE ( 'NONE', #3184, #2600, #937, .T. ) ;
#1257 = VECTOR ( 'NONE', #1816, 1000.000000000000000 ) ;
#1258 = DIRECTION ( 'NONE',  ( 0.000000000000000000, 0.000000000000000000, 1.000000000000000000 ) ) ;
#1259 = LINE ( 'NONE', #1287, #3001 ) ;
#1260 = CYLINDRICAL_SURFACE ( 'NONE', #2215, 11.99999999999998579 ) ;
#1261 = AXIS2_PLACEMENT_3D ( 'NONE', #1564, #2587, #1035 ) ;
#1262 = ORIENTED_EDGE ( 'NONE', *, *, #2645, .T. ) ;
#1263 = VERTEX_POINT ( 'NONE', #2362 ) ;
#1264 = CIRCLE ( 'NONE', #158, 2.500000000000000444 ) ;
#1265 = EDGE_LOOP ( 'NONE', ( #2256, #2279, #1558, #2983, #133 ) ) ;
#1266 = EDGE_CURVE ( 'NONE', #967, #3228, #3121, .T. ) ;
#1267 = EDGE_LOOP ( 'NONE', ( #2961, #191, #1285, #2395 ) ) ;
#1268 = CARTESIAN_POINT ( 'NONE',  ( -8.648019418583444917, -0.5342955430001402606, -2.000000000000000000 ) ) ;
#1269 = DIRECTION ( 'NONE',  ( -0.000000000000000000, -0.000000000000000000, -1.000000000000000000 ) ) ;
#1270 = DIRECTION ( 'NONE',  ( 0.000000000000000000, 0.000000000000000000, -1.000000000000000000 ) ) ;
#1271 = ORIENTED_EDGE ( 'NONE', *, *, #1078, .F. ) ;
#1272 = DIRECTION ( 'NONE',  ( -0.000000000000000000, 0.000000000000000000, 1.000000000000000000 ) ) ;
#1273 = ADVANCED_FACE ( 'NONE', ( #92 ), #2633, .F. ) ;
#1274 = CARTESIAN_POINT ( 'NONE',  ( 0.8304116570476663961, 3.093910835215457844, -1.859533719701164767 ) ) ;
#1275 = EDGE_CURVE ( 'NONE', #782, #1541, #1302, .T. ) ;
#1276 = DIRECTION ( 'NONE',  ( 0.9953730843988048971, 0.09608549762794399429, 0.000000000000000000 ) ) ;
#1277 = CARTESIAN_POINT ( 'NONE',  ( 0.8300370859107241150, 3.093855655526394965, 1.859136989498036741 ) ) ;
#1278 = DIRECTION ( 'NONE',  ( 1.000000000000000000, 0.000000000000000000, -0.000000000000000000 ) ) ;
#1279 = ORIENTED_EDGE ( 'NONE', *, *, #2672, .T. ) ;
#1280 = ORIENTED_EDGE ( 'NONE', *, *, #1734, .T. ) ;
#1281 = ORIENTED_EDGE ( 'NONE', *, *, #3225, .T. ) ;
#1282 = CYLINDRICAL_SURFACE ( 'NONE', #2684, 3.000000000000030198 ) ;
#1283 = CARTESIAN_POINT ( 'NONE',  ( 51.96999999999999886, 0.000000000000000000, 0.9500000000000002887 ) ) ;
#1284 = CARTESIAN_POINT ( 'NONE',  ( -4.957748591507143310, 3.269899670554178073, -0.9500000000000000666 ) ) ;
#1285 = ORIENTED_EDGE ( 'NONE', *, *, #2397, .T. ) ;
#1286 = CARTESIAN_POINT ( 'NONE',  ( -8.648019418583444917, -0.5342955430001402606, 0.9500000000000002887 ) ) ;
#1287 = CARTESIAN_POINT ( 'NONE',  ( -5.166631845869951611, 3.054567866013368160, -2.000000000000000000 ) ) ;
#1288 = CARTESIAN_POINT ( 'NONE',  ( 36.49905790729428645, -0.05369365646078915616, 1.700000000000000178 ) ) ;
#1289 = DIRECTION ( 'NONE',  ( -0.000000000000000000, -0.000000000000000000, 1.000000000000000000 ) ) ;
#1290 = DIRECTION ( 'NONE',  ( 1.000000000000000000, 0.000000000000000000, 0.000000000000000000 ) ) ;
#1291 = ORIENTED_EDGE ( 'NONE', *, *, #767, .F. ) ;
#1292 = ADVANCED_FACE ( 'NONE', ( #1632 ), #3105, .T. ) ;
#1293 = ORIENTED_EDGE ( 'NONE', *, *, #3077, .T. ) ;
#1294 = FACE_OUTER_BOUND ( 'NONE', #2934, .T. ) ;
#1295 = CARTESIAN_POINT ( 'NONE',  ( 0.000000000000000000, 0.000000000000000000, -2.000000000000000000 ) ) ;
#1296 = ORIENTED_EDGE ( 'NONE', *, *, #332, .T. ) ;
#1297 = DIRECTION ( 'NONE',  ( -0.000000000000000000, -0.000000000000000000, 1.000000000000000000 ) ) ;
#1298 = DIRECTION ( 'NONE',  ( 0.000000000000000000, 0.000000000000000000, 1.000000000000000000 ) ) ;
#1299 = CARTESIAN_POINT ( 'NONE',  ( -0.1137107917233066423, 13.65421974139413663, -0.9500000000000000666 ) ) ;
#1300 = AXIS2_PLACEMENT_3D ( 'NONE', #2060, #1297, #44 ) ;
#1301 = CARTESIAN_POINT ( 'NONE',  ( 48.46999999999999886, 0.000000000000000000, -5.000000000000000000 ) ) ;
#1302 = CIRCLE ( 'NONE', #2992, 0.2999999999999997669 ) ;
#1303 = CIRCLE ( 'NONE', #2310, 0.2999999999999999334 ) ;
#1304 = LINE ( 'NONE', #3253, #3116 ) ;
#1305 = AXIS2_PLACEMENT_3D ( 'NONE', #3183, #1650, #1411 ) ;
#1306 = AXIS2_PLACEMENT_3D ( 'NONE', #287, #3134, #2126 ) ;
#1307 = DIRECTION ( 'NONE',  ( -0.4999999999999967248, -0.8660254037844407060, 5.007715329123876980E-15 ) ) ;
#1308 = CIRCLE ( 'NONE', #1631, 2.699999999999987299 ) ;
#1309 = DIRECTION ( 'NONE',  ( 0.8978664923101261630, 0.4402678298339658958, 0.000000000000000000 ) ) ;
#1310 = DIRECTION ( 'NONE',  ( 1.000000000000000000, 0.000000000000000000, 0.000000000000000000 ) ) ;
#1311 = DIRECTION ( 'NONE',  ( 0.000000000000000000, 0.000000000000000000, 1.000000000000000000 ) ) ;
#1312 = AXIS2_PLACEMENT_3D ( 'NONE', #127, #1150, #642 ) ;
#1313 = CARTESIAN_POINT ( 'NONE',  ( 0.4868515064510806623, 2.960232357546667803, -1.700000000000000178 ) ) ;
#1314 = ORIENTED_EDGE ( 'NONE', *, *, #3143, .T. ) ;
#1315 = CARTESIAN_POINT ( 'NONE',  ( 3.874709418001696104, 8.405876580172527923, -1.250000000000000000 ) ) ;
#1316 = ORIENTED_EDGE ( 'NONE', *, *, #150, .T. ) ;
#1317 = CARTESIAN_POINT ( 'NONE',  ( 2.999999999999998224, 0.000000000000000000, 4.700000000000000178 ) ) ;
#1318 = LINE ( 'NONE', #1860, #507 ) ;
#1319 = EDGE_CURVE ( 'NONE', #2469, #734, #1567, .T. ) ;
#1320 = CIRCLE ( 'NONE', #685, 12.29999999999998472 ) ;
#1321 = ORIENTED_EDGE ( 'NONE', *, *, #372, .T. ) ;
#1322 = DIRECTION ( 'NONE',  ( -0.000000000000000000, -0.000000000000000000, 1.000000000000000000 ) ) ;
#1323 = DIRECTION ( 'NONE',  ( 1.000000000000000000, 1.158700550353457859E-14, 0.000000000000000000 ) ) ;
#1324 = CARTESIAN_POINT ( 'NONE',  ( 44.97840345312135923, -1.900459221759924766, 0.9500000000000000666 ) ) ;
#1325 = ADVANCED_FACE ( 'NONE', ( #1643 ), #238, .T. ) ;
#1326 = DIRECTION ( 'NONE',  ( 0.000000000000000000, 0.000000000000000000, 1.000000000000000000 ) ) ;
#1327 = DIRECTION ( 'NONE',  ( -0.000000000000000000, -0.000000000000000000, 1.000000000000000000 ) ) ;
#1328 = FACE_OUTER_BOUND ( 'NONE', #2482, .T. ) ;
#1329 = CARTESIAN_POINT ( 'NONE',  ( 0.000000000000000000, 0.000000000000000000, -4.700000000000000178 ) ) ;
#1330 = CARTESIAN_POINT ( 'NONE',  ( -2.729660544970507363, 5.566772252322823356, 1.049999999999991829 ) ) ;
#1331 = CARTESIAN_POINT ( 'NONE',  ( 48.46999999999999886, 0.000000000000000000, 0.9500000000000002887 ) ) ;
#1332 = LINE ( 'NONE', #818, #1987 ) ;
#1333 = ORIENTED_EDGE ( 'NONE', *, *, #405, .F. ) ;
#1334 = CARTESIAN_POINT ( 'NONE',  ( 4.221338092443587264, 8.406255055666139953, -1.700000000000000178 ) ) ;
#1335 = ORIENTED_EDGE ( 'NONE', *, *, #2302, .F. ) ;
#1336 = FACE_BOUND ( 'NONE', #3051, .T. ) ;
#1337 = CARTESIAN_POINT ( 'NONE',  ( 2.491213250279076696, -1.691555169255284152, 1.837981454393638803 ) ) ;
#1338 = ORIENTED_EDGE ( 'NONE', *, *, #2422, .T. ) ;
#1339 = VERTEX_POINT ( 'NONE', #586 ) ;
#1340 = EDGE_CURVE ( 'NONE', #2502, #141, #1867, .T. ) ;
#1341 = EDGE_CURVE ( 'NONE', #1916, #425, #884, .T. ) ;
#1342 = CARTESIAN_POINT ( 'NONE',  ( -4.052079933751924656, 1.475089202323752513, 1.041836643591446343 ) ) ;
#1343 = DIRECTION ( 'NONE',  ( -1.000000000000000000, 0.000000000000000000, 0.000000000000000000 ) ) ;
#1344 = DIRECTION ( 'NONE',  ( -0.000000000000000000, -0.000000000000000000, 1.000000000000000000 ) ) ;
#1345 = DIRECTION ( 'NONE',  ( 0.000000000000000000, 0.000000000000000000, 1.000000000000000000 ) ) ;
#1346 = CARTESIAN_POINT ( 'NONE',  ( -3.970739228352141215, 1.449585070083937888, -1.149841607619573658 ) ) ;
#1347 = ORIENTED_EDGE ( 'NONE', *, *, #2508, .F. ) ;
#1348 = CARTESIAN_POINT ( 'NONE',  ( 2.999999999999998224, 0.000000000000000000, -2.000000000000000000 ) ) ;
#1349 = CARTESIAN_POINT ( 'NONE',  ( 4.221338092443599699, 8.406255055666132847, 2.000000000000000000 ) ) ;
#1350 = DIRECTION ( 'NONE',  ( -0.000000000000000000, 0.000000000000000000, 1.000000000000000000 ) ) ;
#1351 = ORIENTED_EDGE ( 'NONE', *, *, #994, .F. ) ;
#1352 = EDGE_LOOP ( 'NONE', ( #2457, #536, #1453, #882 ) ) ;
#1353 = SURFACE_STYLE_USAGE ( .BOTH. , #345 ) ;
#1354 = VERTEX_POINT ( 'NONE', #1852 ) ;
#1355 = CARTESIAN_POINT ( 'NONE',  ( 0.000000000000000000, 0.000000000000000000, -5.000000000000000000 ) ) ;
#1356 = EDGE_CURVE ( 'NONE', #1754, #1665, #3254, .T. ) ;
#1357 = CIRCLE ( 'NONE', #2899, 0.2999999999999999889 ) ;
#1358 = AXIS2_PLACEMENT_3D ( 'NONE', #2234, #3240, #1745 ) ;
#1359 = DIRECTION ( 'NONE',  ( -0.000000000000000000, 0.000000000000000000, 1.000000000000000000 ) ) ;
#1360 = AXIS2_PLACEMENT_3D ( 'NONE', #2557, #2301, #1100 ) ;
#1361 = AXIS2_PLACEMENT_3D ( 'NONE', #1680, #1431, #2960 ) ;
#1362 = EDGE_CURVE ( 'NONE', #1393, #889, #2730, .T. ) ;
#1363 = DIRECTION ( 'NONE',  ( -1.000000000000000000, 0.000000000000000000, 0.000000000000000000 ) ) ;
#1364 = CIRCLE ( 'NONE', #1305, 2.699999999999998401 ) ;
#1365 = ORIENTED_EDGE ( 'NONE', *, *, #372, .F. ) ;
#1366 = DIRECTION ( 'NONE',  ( 1.000000000000000000, 0.000000000000000000, 0.000000000000000000 ) ) ;
#1367 = CIRCLE ( 'NONE', #1775, 5.299999999999998934 ) ;
#1368 = FACE_OUTER_BOUND ( 'NONE', #486, .T. ) ;
#1369 = DIRECTION ( 'NONE',  ( 1.000000000000000000, 0.000000000000000000, 0.000000000000000000 ) ) ;
#1370 = AXIS2_PLACEMENT_3D ( 'NONE', #561, #3094, #829 ) ;
#1371 = ORIENTED_EDGE ( 'NONE', *, *, #855, .F. ) ;
#1372 = ORIENTED_EDGE ( 'NONE', *, *, #637, .F. ) ;
#1373 =( NAMED_UNIT ( * ) SI_UNIT ( $, .STERADIAN. ) SOLID_ANGLE_UNIT ( ) );
#1374 = ORIENTED_EDGE ( 'NONE', *, *, #1178, .F. ) ;
#1375 = TOROIDAL_SURFACE ( 'NONE', #1159, 171.5599999999999739, 0.2999999999999999889 ) ;
#1376 = AXIS2_PLACEMENT_3D ( 'NONE', #209, #3248, #739 ) ;
#1377 = EDGE_CURVE ( 'NONE', #2562, #2490, #2519, .T. ) ;
#1378 = DIRECTION ( 'NONE',  ( -1.224646799147353207E-16, 1.000000000000000000, 0.000000000000000000 ) ) ;
#1379 = CARTESIAN_POINT ( 'NONE',  ( 38.80772685019655910, 4.997400563546439578, 1.250000000000000000 ) ) ;
#1380 = ORIENTED_EDGE ( 'NONE', *, *, #1605, .F. ) ;
#1381 = CARTESIAN_POINT ( 'NONE',  ( 12.20745086674854463, 2.821205087588688265, -2.000000000000000000 ) ) ;
#1382 = CYLINDRICAL_SURFACE ( 'NONE', #2843, 3.500000000000003109 ) ;
#1383 = CARTESIAN_POINT ( 'NONE',  ( 1.148891823298499704, 3.093549349591474762, 2.000000000000000000 ) ) ;
#1384 = CARTESIAN_POINT ( 'NONE',  ( 3.139057577948327626, -0.7118244955796472206, -1.985651465019024231 ) ) ;
#1385 = DIRECTION ( 'NONE',  ( -1.000000000000000000, 0.000000000000000000, 0.000000000000000000 ) ) ;
#1386 = ORIENTED_EDGE ( 'NONE', *, *, #2467, .T. ) ;
#1387 = ORIENTED_EDGE ( 'NONE', *, *, #2700, .T. ) ;
#1388 = VERTEX_POINT ( 'NONE', #3114 ) ;
#1389 = EDGE_CURVE ( 'NONE', #1751, #889, #1720, .T. ) ;
#1390 = CARTESIAN_POINT ( 'NONE',  ( -2.729660544970507363, 5.566772252322823356, 1.250000000000000000 ) ) ;
#1391 = DIRECTION ( 'NONE',  ( -1.000000000000000000, 0.000000000000000000, 0.000000000000000000 ) ) ;
#1392 = CARTESIAN_POINT ( 'NONE',  ( 0.000000000000000000, 0.000000000000000000, -5.000000000000000000 ) ) ;
#1393 = VERTEX_POINT ( 'NONE', #1080 ) ;
#1394 = CARTESIAN_POINT ( 'NONE',  ( 0.9763366216717023205, 3.107246703839680713, 1.969051674101720995 ) ) ;
#1395 = DIRECTION ( 'NONE',  ( -1.000000000000000000, 1.224646799147353207E-16, 0.000000000000000000 ) ) ;
#1396 = LINE ( 'NONE', #2695, #724 ) ;
#1397 = ORIENTED_EDGE ( 'NONE', *, *, #3056, .F. ) ;
#1398 = EDGE_CURVE ( 'NONE', #1230, #1693, #1145, .T. ) ;
#1399 = DIRECTION ( 'NONE',  ( 1.000000000000000000, 1.776356839400250465E-15, 0.000000000000000000 ) ) ;
#1400 = VERTEX_POINT ( 'NONE', #2083 ) ;
#1401 = EDGE_CURVE ( 'NONE', #1923, #787, #1928, .T. ) ;
#1402 = CARTESIAN_POINT ( 'NONE',  ( 3.874709418001698769, 8.405876580172533252, 1.250000000000000000 ) ) ;
#1403 = AXIS2_PLACEMENT_3D ( 'NONE', #2058, #805, #62 ) ;
#1404 = CARTESIAN_POINT ( 'NONE',  ( 3.269185104360444072, -0.4499208301776905783, 2.299999999999999822 ) ) ;
#1405 = DIRECTION ( 'NONE',  ( 0.000000000000000000, 0.000000000000000000, -1.000000000000000000 ) ) ;
#1406 = ORIENTED_EDGE ( 'NONE', *, *, #429, .F. ) ;
#1407 = AXIS2_PLACEMENT_3D ( 'NONE', #3129, #1359, #122 ) ;
#1408 = AXIS2_PLACEMENT_3D ( 'NONE', #1998, #2514, #1978 ) ;
#1409 = DIRECTION ( 'NONE',  ( 0.000000000000000000, 0.000000000000000000, 1.000000000000000000 ) ) ;
#1410 = CARTESIAN_POINT ( 'NONE',  ( 4.241241905485717112, -168.5537438249798754, -0.9500000000000000666 ) ) ;
#1411 = DIRECTION ( 'NONE',  ( 1.000000000000000000, 0.000000000000000000, 0.000000000000000000 ) ) ;
#1412 = ORIENTED_EDGE ( 'NONE', *, *, #308, .F. ) ;
#1413 = AXIS2_PLACEMENT_3D ( 'NONE', #2432, #161, #1184 ) ;
#1414 = AXIS2_PLACEMENT_3D ( 'NONE', #535, #2288, #1290 ) ;
#1415 = FACE_OUTER_BOUND ( 'NONE', #958, .T. ) ;
#1416 = ORIENTED_EDGE ( 'NONE', *, *, #2554, .T. ) ;
#1417 = CIRCLE ( 'NONE', #681, 2.700000000000028599 ) ;
#1418 = CIRCLE ( 'NONE', #3262, 2.699999999999998401 ) ;
#1419 = EDGE_CURVE ( 'NONE', #96, #610, #773, .T. ) ;
#1420 = VECTOR ( 'NONE', #964, 1000.000000000000114 ) ;
#1421 = EDGE_CURVE ( 'NONE', #967, #1263, #893, .T. ) ;
#1422 = CIRCLE ( 'NONE', #2748, 0.2999999999999998224 ) ;
#1423 = CARTESIAN_POINT ( 'NONE',  ( 2.951981691254875528, -0.5543762588326726082, -2.299999938793768628 ) ) ;
#1424 = AXIS2_PLACEMENT_3D ( 'NONE', #1779, #1255, #2814 ) ;
#1425 = B_SPLINE_CURVE_WITH_KNOTS ( 'NONE', 3,
 ( #777, #1782, #87, #1176, #853, #350, #1868, #3206 ),
 .UNSPECIFIED., .F., .F.,
 ( 4, 2, 2, 4 ),
 ( 6.374850625613732380E-17, 0.0003440891987893250669, 0.0006881783975785863827, 0.001376356795157129180 ),
 .UNSPECIFIED. ) ;
#1426 = CARTESIAN_POINT ( 'NONE',  ( 2.327262649190777744, -1.893105533688356434, -1.700000000000000178 ) ) ;
#1427 = CARTESIAN_POINT ( 'NONE',  ( 1.062276373868979773, 3.107621219915383204, 2.000000000000000888 ) ) ;
#1428 = DIRECTION ( 'NONE',  ( 1.224646799147353207E-16, 1.000000000000000000, -0.000000000000000000 ) ) ;
#1429 = CARTESIAN_POINT ( 'NONE',  ( 0.9942486913025916362, 3.416772252322846093, -1.250000000000000000 ) ) ;
#1430 = ORIENTED_EDGE ( 'NONE', *, *, #1026, .F. ) ;
#1431 = DIRECTION ( 'NONE',  ( 0.000000000000000000, -1.000000000000000000, 0.000000000000000000 ) ) ;
#1432 = ORIENTED_EDGE ( 'NONE', *, *, #1252, .T. ) ;
#1433 = EDGE_CURVE ( 'NONE', #2030, #1486, #2148, .T. ) ;
#1434 = CARTESIAN_POINT ( 'NONE',  ( 2.654806507400718107, -1.422373203215101745, 1.913253211470080650 ) ) ;
#1435 = CARTESIAN_POINT ( 'NONE',  ( -3.680482097444022660, 1.373213098650152064, 1.250000000000000000 ) ) ;
#1436 = VERTEX_POINT ( 'NONE', #110 ) ;
#1437 = CARTESIAN_POINT ( 'NONE',  ( 2.492740250325671258, -1.689677973235027775, -1.839266614004848588 ) ) ;
#1438 = ADVANCED_FACE ( 'NONE', ( #2120 ), #512, .T. ) ;
#1439 = EDGE_CURVE ( 'NONE', #3171, #438, #775, .T. ) ;
#1440 = CARTESIAN_POINT ( 'NONE',  ( 0.9757181424110833445, 2.838002477400155765, -2.011434496475248412 ) ) ;
#1441 = ORIENTED_EDGE ( 'NONE', *, *, #1513, .T. ) ;
#1442 = CARTESIAN_POINT ( 'NONE',  ( 1.062280137426619975, 3.107620608473712576, -1.999999999999999556 ) ) ;
#1443 = ORIENTED_EDGE ( 'NONE', *, *, #915, .F. ) ;
#1444 = ORIENTED_EDGE ( 'NONE', *, *, #198, .F. ) ;
#1445 = CARTESIAN_POINT ( 'NONE',  ( 2.971986458509494167, -0.4090189365251731268, 1.999999999999999778 ) ) ;
#1446 = CARTESIAN_POINT ( 'NONE',  ( 4.241241905485717112, -168.5537438249798754, 0.9500000000000002887 ) ) ;
#1447 = VERTEX_POINT ( 'NONE', #1283 ) ;
#1448 = PLANE ( 'NONE',  #2795 ) ;
#1449 = EDGE_CURVE ( 'NONE', #468, #1244, #2257, .T. ) ;
#1450 = EDGE_CURVE ( 'NONE', #2254, #2562, #460, .T. ) ;
#1451 = DIRECTION ( 'NONE',  ( 0.000000000000000000, -0.000000000000000000, -1.000000000000000000 ) ) ;
#1452 = DIRECTION ( 'NONE',  ( -0.000000000000000000, 0.000000000000000000, 1.000000000000000000 ) ) ;
#1453 = ORIENTED_EDGE ( 'NONE', *, *, #3126, .T. ) ;
#1454 = CARTESIAN_POINT ( 'NONE',  ( 0.000000000000000000, 0.000000000000000000, 1.250000000000000000 ) ) ;
#1455 = CIRCLE ( 'NONE', #3042, 3.299999999999998046 ) ;
#1456 = ORIENTED_EDGE ( 'NONE', *, *, #2491, .T. ) ;
#1457 = CIRCLE ( 'NONE', #3156, 3.200000000000001510 ) ;
#1458 = EDGE_LOOP ( 'NONE', ( #1200, #1465, #1590, #921 ) ) ;
#1459 = CIRCLE ( 'NONE', #2685, 2.500000000000002220 ) ;
#1460 = AXIS2_PLACEMENT_3D ( 'NONE', #2001, #1737, #1278 ) ;
#1461 = CARTESIAN_POINT ( 'NONE',  ( 2.933320549453004578, -0.6465831956014980175, 2.051113174627019031 ) ) ;
#1462 = AXIS2_PLACEMENT_3D ( 'NONE', #1140, #656, #1662 ) ;
#1463 = CIRCLE ( 'NONE', #894, 5.299999999999998934 ) ;
#1464 = CIRCLE ( 'NONE', #1892, 176.9600000000000364 ) ;
#1465 = ORIENTED_EDGE ( 'NONE', *, *, #2245, .F. ) ;
#1466 = AXIS2_PLACEMENT_3D ( 'NONE', #622, #2125, #1135 ) ;
#1467 = FACE_OUTER_BOUND ( 'NONE', #1248, .T. ) ;
#1468 = AXIS2_PLACEMENT_3D ( 'NONE', #1288, #815, #1535 ) ;
#1469 = CIRCLE ( 'NONE', #1686, 0.3000000000000006550 ) ;
#1470 = EDGE_CURVE ( 'NONE', #627, #2219, #1934, .T. ) ;
#1471 = DIRECTION ( 'NONE',  ( 0.000000000000000000, 0.000000000000000000, 1.000000000000000000 ) ) ;
#1472 = DIRECTION ( 'NONE',  ( 1.000000000000000000, 0.000000000000000000, 0.000000000000000000 ) ) ;
#1473 = VERTEX_POINT ( 'NONE', #2038 ) ;
#1474 = VERTEX_POINT ( 'NONE', #64 ) ;
#1475 = ORIENTED_EDGE ( 'NONE', *, *, #17, .F. ) ;
#1476 = EDGE_CURVE ( 'NONE', #2999, #2559, #414, .T. ) ;
#1477 = ORIENTED_EDGE ( 'NONE', *, *, #1623, .T. ) ;
#1478 = EDGE_CURVE ( 'NONE', #722, #1556, #2373, .T. ) ;
#1479 = CARTESIAN_POINT ( 'NONE',  ( 2.815227831014114113, -1.047532603133961793, 2.012903271116947224 ) ) ;
#1480 = PLANE ( 'NONE',  #898 ) ;
#1481 = EDGE_LOOP ( 'NONE', ( #2783, #1187, #2265, #2669 ) ) ;
#1482 = DIRECTION ( 'NONE',  ( 0.8660254037844413721, -0.4999999999999951150, 0.000000000000000000 ) ) ;
#1483 = LINE ( 'NONE', #2496, #721 ) ;
#1484 = ORIENTED_EDGE ( 'NONE', *, *, #2735, .T. ) ;
#1485 = CARTESIAN_POINT ( 'NONE',  ( 36.44264997537227657, -0.3483428465432814036, 0.9500000000000002887 ) ) ;
#1486 = VERTEX_POINT ( 'NONE', #541 ) ;
#1487 = ORIENTED_EDGE ( 'NONE', *, *, #1912, .T. ) ;
#1488 = EDGE_CURVE ( 'NONE', #1693, #229, #1832, .T. ) ;
#1489 = DIRECTION ( 'NONE',  ( -1.000000000000000000, 0.000000000000000000, 0.000000000000000000 ) ) ;
#1490 = DIRECTION ( 'NONE',  ( -1.000000000000000000, 0.000000000000000000, 0.000000000000000000 ) ) ;
#1491 = EDGE_CURVE ( 'NONE', #1474, #3228, #299, .T. ) ;
#1492 = VERTEX_POINT ( 'NONE', #1767 ) ;
#1493 = DIRECTION ( 'NONE',  ( 0.4999999999999951705, 0.8660254037844413721, 0.000000000000000000 ) ) ;
#1494 = DIRECTION ( 'NONE',  ( 0.000000000000000000, 0.000000000000000000, -1.000000000000000000 ) ) ;
#1495 = CARTESIAN_POINT ( 'NONE',  ( 48.46999999999999886, 0.000000000000000000, 1.250000000000000222 ) ) ;
#1496 = CYLINDRICAL_SURFACE ( 'NONE', #2529, 0.3000000000000001554 ) ;
#1497 = CARTESIAN_POINT ( 'NONE',  ( 0.000000000000000000, 0.000000000000000000, -2.000000000000000000 ) ) ;
#1498 = EDGE_LOOP ( 'NONE', ( #1314, #919 ) ) ;
#1499 = VERTEX_POINT ( 'NONE', #6 ) ;
#1500 = ORIENTED_EDGE ( 'NONE', *, *, #743, .F. ) ;
#1501 = AXIS2_PLACEMENT_3D ( 'NONE', #3089, #1526, #1033 ) ;
#1502 = ORIENTED_EDGE ( 'NONE', *, *, #1866, .T. ) ;
#1503 = CARTESIAN_POINT ( 'NONE',  ( 50.96999999999999886, 0.000000000000000000, -5.000000000000000000 ) ) ;
#1504 = DIRECTION ( 'NONE',  ( 0.000000000000000000, 0.000000000000000000, 1.000000000000000000 ) ) ;
#1505 = EDGE_CURVE ( 'NONE', #1436, #2562, #1774, .T. ) ;
#1506 = AXIS2_PLACEMENT_3D ( 'NONE', #1390, #2343, #1132 ) ;
#1507 = DIRECTION ( 'NONE',  ( -0.4999999999999951705, -0.8660254037844413721, 0.000000000000000000 ) ) ;
#1508 = TOROIDAL_SURFACE ( 'NONE', #2370, 1.300000000000000044, 0.2999999999999999889 ) ;
#1509 = ORIENTED_EDGE ( 'NONE', *, *, #1450, .T. ) ;
#1510 = CARTESIAN_POINT ( 'NONE',  ( 3.961530471308267298, 8.556255055666158071, 1.700000000000000178 ) ) ;
#1511 = AXIS2_PLACEMENT_3D ( 'NONE', #1034, #1504, #2061 ) ;
#1512 = TOROIDAL_SURFACE ( 'NONE', #992, 2.699999999999998401, 0.2999999999999999889 ) ;
#1513 = EDGE_CURVE ( 'NONE', #141, #754, #1102, .T. ) ;
#1514 = AXIS2_PLACEMENT_3D ( 'NONE', #822, #1051, #624 ) ;
#1515 = AXIS2_PLACEMENT_3D ( 'NONE', #883, #1889, #1857 ) ;
#1516 = CARTESIAN_POINT ( 'NONE',  ( 0.6720269183016256420, 2.929777672270336808, -1.807121422627571805 ) ) ;
#1517 = AXIS2_PLACEMENT_3D ( 'NONE', #478, #1249, #1482 ) ;
#1518 = DIRECTION ( 'NONE',  ( -1.000000000000000000, -2.618450529776313049E-15, 0.000000000000000000 ) ) ;
#1519 = CARTESIAN_POINT ( 'NONE',  ( 2.842039930412137760, -0.9711403818734157811, -2.198103092576979556 ) ) ;
#1520 = VECTOR ( 'NONE', #753, 1000.000000000000000 ) ;
#1521 = PLANE ( 'NONE',  #1460 ) ;
#1522 = EDGE_LOOP ( 'NONE', ( #746, #3047, #2716, #1456 ) ) ;
#1523 = VERTEX_POINT ( 'NONE', #1006 ) ;
#1524 = ORIENTED_EDGE ( 'NONE', *, *, #2964, .T. ) ;
#1525 = CONICAL_SURFACE ( 'NONE', #796, 2.500000000000002220, 0.7853981633974634891 ) ;
#1526 = DIRECTION ( 'NONE',  ( 0.000000000000000000, 0.000000000000000000, 1.000000000000000000 ) ) ;
#1527 = DIRECTION ( 'NONE',  ( -1.000000000000000000, 0.000000000000000000, 0.000000000000000000 ) ) ;
#1528 = DIRECTION ( 'NONE',  ( -1.000000000000000000, 0.000000000000000000, 0.000000000000000000 ) ) ;
#1529 = ORIENTED_EDGE ( 'NONE', *, *, #3177, .F. ) ;
#1530 = EDGE_CURVE ( 'NONE', #1850, #2712, #3023, .T. ) ;
#1531 = DIRECTION ( 'NONE',  ( 1.000000000000000000, 0.000000000000000000, 0.000000000000000000 ) ) ;
#1532 = CARTESIAN_POINT ( 'NONE',  ( 39.70672929459253453, 2.598149054281850834, 2.000000000000000000 ) ) ;
#1533 = ADVANCED_FACE ( 'NONE', ( #1808 ), #1056, .F. ) ;
#1534 = DIRECTION ( 'NONE',  ( 1.000000000000000000, -7.998548102676079792E-15, 0.000000000000000000 ) ) ;
#1535 = DIRECTION ( 'NONE',  ( -0.1880264397400670251, -0.9821639669417092655, 0.000000000000000000 ) ) ;
#1536 = DIRECTION ( 'NONE',  ( 1.000000000000000000, 0.000000000000000000, 0.000000000000000000 ) ) ;
#1537 = EDGE_CURVE ( 'NONE', #2744, #3197, #39, .T. ) ;
#1538 = CARTESIAN_POINT ( 'NONE',  ( 37.54824482614328929, -0.3547461686472058173, 1.237635462740378722 ) ) ;
#1539 = ORIENTED_EDGE ( 'NONE', *, *, #1771, .F. ) ;
#1540 = PRODUCT_DEFINITION ( 'Î´Öª', '', #2607, #399 ) ;
#1541 = VERTEX_POINT ( 'NONE', #2295 ) ;
#1542 = DIRECTION ( 'NONE',  ( 1.000000000000000000, 0.000000000000000000, 0.000000000000000000 ) ) ;
#1543 = ORIENTED_EDGE ( 'NONE', *, *, #531, .T. ) ;
#1544 = CARTESIAN_POINT ( 'NONE',  ( -2.424239529237342872, -1.188723140551709134, 1.250000000000000000 ) ) ;
#1545 = CARTESIAN_POINT ( 'NONE',  ( 4.241241905485717112, -168.5537438249798754, 1.700000000000000178 ) ) ;
#1546 = FACE_OUTER_BOUND ( 'NONE', #473, .T. ) ;
#1547 = ORIENTED_EDGE ( 'NONE', *, *, #297, .F. ) ;
#1548 = FACE_OUTER_BOUND ( 'NONE', #737, .T. ) ;
#1549 = CARTESIAN_POINT ( 'NONE',  ( 0.7378116429101403417, 2.914438464996282008, -1.907243640591273826 ) ) ;
#1550 = LINE ( 'NONE', #493, #1198 ) ;
#1551 = EDGE_CURVE ( 'NONE', #2559, #2999, #2950, .T. ) ;
#1552 = DIRECTION ( 'NONE',  ( 0.4402678298339659513, -0.8978664923101261630, 0.000000000000000000 ) ) ;
#1553 = DIRECTION ( 'NONE',  ( 0.000000000000000000, 0.000000000000000000, 1.000000000000000000 ) ) ;
#1554 = DIRECTION ( 'NONE',  ( -0.000000000000000000, -0.000000000000000000, 1.000000000000000000 ) ) ;
#1555 = CARTESIAN_POINT ( 'NONE',  ( 36.44264997537227657, -0.3483428465432814036, 1.700000000000000178 ) ) ;
#1556 = VERTEX_POINT ( 'NONE', #808 ) ;
#1557 = EDGE_CURVE ( 'NONE', #2403, #3067, #2100, .T. ) ;
#1558 = ORIENTED_EDGE ( 'NONE', *, *, #1000, .T. ) ;
#1559 = DIRECTION ( 'NONE',  ( 0.000000000000000000, 0.000000000000000000, 1.000000000000000000 ) ) ;
#1560 = CARTESIAN_POINT ( 'NONE',  ( 12.20745086674854640, 2.821205087588688265, 2.000000000000000000 ) ) ;
#1561 = ORIENTED_EDGE ( 'NONE', *, *, #994, .T. ) ;
#1562 = CARTESIAN_POINT ( 'NONE',  ( 38.80772685019655910, 4.997400563546439578, 1.250000000000000000 ) ) ;
#1563 = DIRECTION ( 'NONE',  ( 1.000000000000000000, 0.000000000000000000, -0.000000000000000000 ) ) ;
#1564 = CARTESIAN_POINT ( 'NONE',  ( 39.70672929459253453, 2.598149054281850834, 1.700000000000000178 ) ) ;
#1565 = AXIS2_PLACEMENT_3D ( 'NONE', #1295, #2292, #538 ) ;
#1566 = FACE_OUTER_BOUND ( 'NONE', #2232, .T. ) ;
#1567 = CIRCLE ( 'NONE', #146, 3.299999999999998046 ) ;
#1568 = CARTESIAN_POINT ( 'NONE',  ( -3.770734720399545825, 1.393676417737525153, 1.249999999999999778 ) ) ;
#1569 = CIRCLE ( 'NONE', #148, 0.2999999999999999334 ) ;
#1570 = CIRCLE ( 'NONE', #675, 0.3000000000000003220 ) ;
#1571 = TOROIDAL_SURFACE ( 'NONE', #1046, 176.9600000000000364, 0.2999999999999999889 ) ;
#1572 = CARTESIAN_POINT ( 'NONE',  ( -0.2296605449705066693, 5.566772252322823356, -1.049999999999998934 ) ) ;
#1573 = CIRCLE ( 'NONE', #844, 1.000000000000000000 ) ;
#1574 = LINE ( 'NONE', #2889, #368 ) ;
#1575 = CARTESIAN_POINT ( 'NONE',  ( 4.241241905485717112, -168.5537438249798754, 1.700000000000000178 ) ) ;
#1576 = DIRECTION ( 'NONE',  ( 0.000000000000000000, -0.000000000000000000, -1.000000000000000000 ) ) ;
#1577 = CONICAL_SURFACE ( 'NONE', #848, 2.500000000000000444, 0.7853981633974634891 ) ;
#1578 = ADVANCED_FACE ( 'NONE', ( #2527 ), #765, .T. ) ;
#1579 = DIRECTION ( 'NONE',  ( 0.000000000000000000, 0.000000000000000000, -1.000000000000000000 ) ) ;
#1580 = ORIENTED_EDGE ( 'NONE', *, *, #2231, .T. ) ;
#1581 = DIRECTION ( 'NONE',  ( 0.000000000000000000, 0.000000000000000000, 1.000000000000000000 ) ) ;
#1582 = VECTOR ( 'NONE', #489, 999.9999999999998863 ) ;
#1583 = ORIENTED_EDGE ( 'NONE', *, *, #1795, .F. ) ;
#1584 = LINE ( 'NONE', #2879, #2528 ) ;
#1585 = DIRECTION ( 'NONE',  ( -0.000000000000000000, 0.000000000000000000, 1.000000000000000000 ) ) ;
#1586 = EDGE_CURVE ( 'NONE', #1665, #1909, #1364, .T. ) ;
#1587 = AXIS2_PLACEMENT_3D ( 'NONE', #2323, #1812, #1996 ) ;
#1588 = ORIENTED_EDGE ( 'NONE', *, *, #876, .F. ) ;
#1589 = DIRECTION ( 'NONE',  ( 0.000000000000000000, 0.000000000000000000, 1.000000000000000000 ) ) ;
#1590 = ORIENTED_EDGE ( 'NONE', *, *, #1275, .T. ) ;
#1591 = EDGE_CURVE ( 'NONE', #2600, #1388, #2139, .T. ) ;
#1592 = CARTESIAN_POINT ( 'NONE',  ( 1.012864039841802288, 2.824047019761617872, -2.008037544765770122 ) ) ;
#1593 = DIRECTION ( 'NONE',  ( -0.8660254037844405950, 0.4999999999999965583, 0.000000000000000000 ) ) ;
#1594 = DIRECTION ( 'NONE',  ( -0.000000000000000000, -0.000000000000000000, 1.000000000000000000 ) ) ;
#1595 = CARTESIAN_POINT ( 'NONE',  ( 37.00672929459250327, 2.598149054281850834, -1.700000000000000178 ) ) ;
#1596 = DIRECTION ( 'NONE',  ( -0.000000000000000000, -0.000000000000000000, -1.000000000000000000 ) ) ;
#1597 = DIRECTION ( 'NONE',  ( -0.000000000000000000, -0.000000000000000000, 1.000000000000000000 ) ) ;
#1598 = ORIENTED_EDGE ( 'NONE', *, *, #1433, .T. ) ;
#1599 = DIRECTION ( 'NONE',  ( -0.5000000000000619504, -0.8660254037844030695, -0.000000000000000000 ) ) ;
#1600 = DIRECTION ( 'NONE',  ( 0.000000000000000000, 0.000000000000000000, 1.000000000000000000 ) ) ;
#1601 = CARTESIAN_POINT ( 'NONE',  ( 0.5355366570961886952, 3.256255593301334184, 1.700000000000000178 ) ) ;
#1602 = ORIENTED_EDGE ( 'NONE', *, *, #1623, .F. ) ;
#1603 = SURFACE_STYLE_FILL_AREA ( #2621 ) ;
#1604 = ORIENTED_EDGE ( 'NONE', *, *, #2906, .F. ) ;
#1605 = EDGE_CURVE ( 'NONE', #3180, #96, #1723, .T. ) ;
#1606 = EDGE_CURVE ( 'NONE', #1197, #2600, #2958, .T. ) ;
#1607 = DIRECTION ( 'NONE',  ( -1.000000000000000000, 0.000000000000000000, 0.000000000000000000 ) ) ;
#1608 = CARTESIAN_POINT ( 'NONE',  ( 36.44264997537227657, -0.3483428465432814036, 1.250000000000000000 ) ) ;
#1609 = DIRECTION ( 'NONE',  ( -0.9989213622789031577, 0.04643395291013244219, 0.000000000000000000 ) ) ;
#1610 = DIRECTION ( 'NONE',  ( 1.000000000000000000, 0.000000000000000000, 0.000000000000000000 ) ) ;
#1611 = FACE_OUTER_BOUND ( 'NONE', #543, .T. ) ;
#1612 = ORIENTED_EDGE ( 'NONE', *, *, #1266, .T. ) ;
#1613 = DIRECTION ( 'NONE',  ( -0.7071067811865460184, 8.659560562354913137E-17, 0.7071067811865489050 ) ) ;
#1614 = CARTESIAN_POINT ( 'NONE',  ( 4.221304349541728840, 8.706255053768478192, 0.9500000000000002887 ) ) ;
#1615 = DIRECTION ( 'NONE',  ( -0.7071067811865583419, 0.000000000000000000, -0.7071067811865368036 ) ) ;
#1616 = CARTESIAN_POINT ( 'NONE',  ( 44.97840345312135923, -1.900459221759925432, -1.250000000000000000 ) ) ;
#1617 = ORIENTED_EDGE ( 'NONE', *, *, #2752, .F. ) ;
#1618 = ORIENTED_EDGE ( 'NONE', *, *, #2815, .F. ) ;
#1619 = VERTEX_POINT ( 'NONE', #2668 ) ;
#1620 = ADVANCED_FACE ( 'NONE', ( #2444 ), #3258, .F. ) ;
#1621 = CIRCLE ( 'NONE', #3102, 0.2999999999999999334 ) ;
#1622 = CIRCLE ( 'NONE', #190, 3.000000000000030198 ) ;
#1623 = EDGE_CURVE ( 'NONE', #914, #1754, #1920, .T. ) ;
#1624 = DIRECTION ( 'NONE',  ( -0.02389417698457734981, 0.9997144933961044089, 0.000000000000000000 ) ) ;
#1625 = AXIS2_PLACEMENT_3D ( 'NONE', #2893, #1105, #2878 ) ;
#1626 = AXIS2_PLACEMENT_3D ( 'NONE', #33, #1228, #2237 ) ;
#1627 = FACE_OUTER_BOUND ( 'NONE', #2575, .T. ) ;
#1628 = CIRCLE ( 'NONE', #836, 2.700000000000007283 ) ;
#1629 = ORIENTED_EDGE ( 'NONE', *, *, #1530, .T. ) ;
#1630 = CARTESIAN_POINT ( 'NONE',  ( 50.96999999999999886, 0.000000000000000000, -1.050000000000000488 ) ) ;
#1631 = AXIS2_PLACEMENT_3D ( 'NONE', #2183, #1925, #2344 ) ;
#1632 = FACE_OUTER_BOUND ( 'NONE', #132, .T. ) ;
#1633 = DIRECTION ( 'NONE',  ( 0.000000000000000000, -1.000000000000000000, 0.000000000000000000 ) ) ;
#1634 = CIRCLE ( 'NONE', #196, 171.2599999999999625 ) ;
#1635 = CYLINDRICAL_SURFACE ( 'NONE', #3223, 2.500000000000002220 ) ;
#1636 = DIRECTION ( 'NONE',  ( 0.000000000000000000, 0.000000000000000000, 1.000000000000000000 ) ) ;
#1637 = VERTEX_POINT ( 'NONE', #3150 ) ;
#1638 = ORIENTED_EDGE ( 'NONE', *, *, #1231, .T. ) ;
#1639 = ORIENTED_EDGE ( 'NONE', *, *, #2649, .F. ) ;
#1640 = AXIS2_PLACEMENT_3D ( 'NONE', #2200, #3026, #212 ) ;
#1641 = TOROIDAL_SURFACE ( 'NONE', #2594, 3.299999999999998046, 0.2999999999999999889 ) ;
#1642 = PRESENTATION_LAYER_ASSIGNMENT (  '', '', ( #1690 ) ) ;
#1643 = FACE_OUTER_BOUND ( 'NONE', #902, .T. ) ;
#1644 = CARTESIAN_POINT ( 'NONE',  ( 0.000000000000000000, 0.000000000000000000, 4.700000000000000178 ) ) ;
#1645 = EDGE_CURVE ( 'NONE', #3171, #2723, #2149, .T. ) ;
#1646 = ORIENTED_EDGE ( 'NONE', *, *, #2451, .T. ) ;
#1647 = EDGE_CURVE ( 'NONE', #521, #2259, #1628, .T. ) ;
#1648 = DIRECTION ( 'NONE',  ( -0.8978664923101262740, -0.4402678298339660068, 0.000000000000000000 ) ) ;
#1649 = DIRECTION ( 'NONE',  ( 0.7071067811865444641, 0.000000000000000000, 0.7071067811865505703 ) ) ;
#1650 = DIRECTION ( 'NONE',  ( 0.000000000000000000, 0.000000000000000000, 1.000000000000000000 ) ) ;
#1651 = EDGE_LOOP ( 'NONE', ( #519, #702 ) ) ;
#1652 = CARTESIAN_POINT ( 'NONE',  ( 4.241241905485717112, -168.5537438249798754, -1.250000000000000000 ) ) ;
#1653 = ORIENTED_EDGE ( 'NONE', *, *, #790, .F. ) ;
#1654 = UNCERTAINTY_MEASURE_WITH_UNIT (LENGTH_MEASURE( 1.000000000000000082E-05 ), #1878, 'distance_accuracy_value', 'NONE');
#1655 = CARTESIAN_POINT ( 'NONE',  ( 4.241241905485717112, -168.5537438249798754, -1.250000000000000000 ) ) ;
#1656 = CARTESIAN_POINT ( 'NONE',  ( -1.744832402571561136, 8.611458365855552799, -0.9500000000000000666 ) ) ;
#1657 = DIRECTION ( 'NONE',  ( -0.8978664923101261630, -0.4402678298339658958, 0.000000000000000000 ) ) ;
#1658 = ORIENTED_EDGE ( 'NONE', *, *, #391, .F. ) ;
#1659 = ADVANCED_FACE ( 'NONE', ( #644 ), #394, .F. ) ;
#1660 = DIRECTION ( 'NONE',  ( 0.000000000000000000, 0.000000000000000000, 1.000000000000000000 ) ) ;
#1661 = DIRECTION ( 'NONE',  ( 1.000000000000000000, 0.000000000000000000, 0.000000000000000000 ) ) ;
#1662 = DIRECTION ( 'NONE',  ( 1.000000000000000000, 0.000000000000000000, 0.000000000000000000 ) ) ;
#1663 = EDGE_LOOP ( 'NONE', ( #1876, #1888, #1500, #3132 ) ) ;
#1664 = CARTESIAN_POINT ( 'NONE',  ( 0.8714861275449827804, 3.097891079617579368, -1.891579023077271104 ) ) ;
#1665 = VERTEX_POINT ( 'NONE', #140 ) ;
#1666 = EDGE_CURVE ( 'NONE', #957, #218, #1396, .T. ) ;
#1667 = CARTESIAN_POINT ( 'NONE',  ( 2.631671140058548630, -1.465201050509431058, -1.979017857694387761 ) ) ;
#1668 = AXIS2_PLACEMENT_3D ( 'NONE', #3087, #3123, #860 ) ;
#1669 = FACE_OUTER_BOUND ( 'NONE', #1352, .T. ) ;
#1670 = DIRECTION ( 'NONE',  ( -0.1880264397400900900, -0.9821639669417048246, 0.000000000000000000 ) ) ;
#1671 = AXIS2_PLACEMENT_3D ( 'NONE', #1858, #1581, #2127 ) ;
#1672 = AXIS2_PLACEMENT_3D ( 'NONE', #1495, #1224, #976 ) ;
#1673 = CARTESIAN_POINT ( 'NONE',  ( -5.423260021900969896, 4.245968762820884201, -2.000000000000000000 ) ) ;
#1674 = CARTESIAN_POINT ( 'NONE',  ( 48.16252640759061165, 3.185193870076179490, 0.9500000000000002887 ) ) ;
#1675 = EDGE_CURVE ( 'NONE', #761, #1523, #2413, .T. ) ;
#1676 = DIRECTION ( 'NONE',  ( -0.000000000000000000, -0.000000000000000000, 1.000000000000000000 ) ) ;
#1677 = ORIENTED_EDGE ( 'NONE', *, *, #2718, .F. ) ;
#1678 = AXIS2_PLACEMENT_3D ( 'NONE', #2809, #525, #2006 ) ;
#1679 = CIRCLE ( 'NONE', #1251, 0.3000000000000000444 ) ;
#1680 = CARTESIAN_POINT ( 'NONE',  ( 3.299999999999998046, 0.000000000000000000, 2.299999999999999822 ) ) ;
#1681 = ORIENTED_EDGE ( 'NONE', *, *, #3138, .F. ) ;
#1682 = AXIS2_PLACEMENT_3D ( 'NONE', #1822, #1069, #2841 ) ;
#1683 = CONICAL_SURFACE ( 'NONE', #633, 2.700000000000008171, 0.7853981633974461696 ) ;
#1684 = CIRCLE ( 'NONE', #2531, 2.700000000000008171 ) ;
#1685 = CARTESIAN_POINT ( 'NONE',  ( 0.000000000000000000, 0.000000000000000000, 2.000000000000000000 ) ) ;
#1686 = AXIS2_PLACEMENT_3D ( 'NONE', #3195, #2895, #625 ) ;
#1687 = FACE_OUTER_BOUND ( 'NONE', #1068, .T. ) ;
#1688 = EDGE_LOOP ( 'NONE', ( #2251, #1722, #325, #692 ) ) ;
#1689 = CARTESIAN_POINT ( 'NONE',  ( 2.795814663570509673, -1.096151058897386177, -2.149078795315798818 ) ) ;
#1690 = STYLED_ITEM ( 'NONE', ( #2367 ), #2222 ) ;
#1691 = CARTESIAN_POINT ( 'NONE',  ( 1.254056312437924037, 3.266772252322847958, 2.000000000000000000 ) ) ;
#1692 = CARTESIAN_POINT ( 'NONE',  ( 48.46999999999999886, 0.000000000000000000, 1.250000000000000222 ) ) ;
#1693 = VERTEX_POINT ( 'NONE', #2191 ) ;
#1694 = CARTESIAN_POINT ( 'NONE',  ( 0.7947681149518502908, 3.085884514120606603, -1.786725118568144755 ) ) ;
#1695 = EDGE_LOOP ( 'NONE', ( #3207, #1907, #2004, #2844 ) ) ;
#1696 = ORIENTED_EDGE ( 'NONE', *, *, #676, .T. ) ;
#1697 = CARTESIAN_POINT ( 'NONE',  ( 46.68173121987033625, -2.653694551001219981, -0.9500000000000000666 ) ) ;
#1698 = EDGE_CURVE ( 'NONE', #2088, #2403, #626, .T. ) ;
#1699 = DIRECTION ( 'NONE',  ( 0.000000000000000000, 0.000000000000000000, 1.000000000000000000 ) ) ;
#1700 = ORIENTED_EDGE ( 'NONE', *, *, #762, .F. ) ;
#1701 = CARTESIAN_POINT ( 'NONE',  ( -2.729660544970507363, 5.566772252322823356, -1.049999999999998934 ) ) ;
#1702 = ADVANCED_FACE ( 'NONE', ( #3170 ), #930, .T. ) ;
#1703 = FACE_OUTER_BOUND ( 'NONE', #2015, .T. ) ;
#1704 = CARTESIAN_POINT ( 'NONE',  ( -8.648019418583444917, -0.5342955430001402606, -0.9500000000000000666 ) ) ;
#1705 = EDGE_LOOP ( 'NONE', ( #482, #2455, #2306, #2489 ) ) ;
#1706 = CARTESIAN_POINT ( 'NONE',  ( 2.678056583493723775, -1.443263658262217808, 1.834735972972982854 ) ) ;
#1707 = EDGE_LOOP ( 'NONE', ( #450, #1416, #1681, #2181, #845, #430, #3263, #875, #2602, #1696, #931 ) ) ;
#1708 = EDGE_LOOP ( 'NONE', ( #303, #2704, #3124, #364, #714, #3233 ) ) ;
#1709 = DIRECTION ( 'NONE',  ( 1.000000000000000000, 0.000000000000000000, 0.000000000000000000 ) ) ;
#1710 = CARTESIAN_POINT ( 'NONE',  ( -1.652504764221659928, 8.896897688999247933, -0.9500000000000000666 ) ) ;
#1711 = ORIENTED_EDGE ( 'NONE', *, *, #1191, .F. ) ;
#1712 = EDGE_CURVE ( 'NONE', #591, #874, #678, .T. ) ;
#1713 = CARTESIAN_POINT ( 'NONE',  ( 0.000000000000000000, 0.000000000000000000, -5.000000000000000000 ) ) ;
#1714 = EDGE_CURVE ( 'NONE', #722, #1447, #2678, .T. ) ;
#1715 = AXIS2_PLACEMENT_3D ( 'NONE', #843, #40, #1088 ) ;
#1716 = FACE_OUTER_BOUND ( 'NONE', #119, .T. ) ;
#1717 = DIRECTION ( 'NONE',  ( -0.000000000000000000, 0.000000000000000000, 1.000000000000000000 ) ) ;
#1718 = ORIENTED_EDGE ( 'NONE', *, *, #1160, .T. ) ;
#1719 = CARTESIAN_POINT ( 'NONE',  ( -4.957748591507143310, 3.269899670554178073, 0.9500000000000002887 ) ) ;
#1720 = CIRCLE ( 'NONE', #2947, 0.2999999999999999334 ) ;
#1721 = ORIENTED_EDGE ( 'NONE', *, *, #2086, .T. ) ;
#1722 = ORIENTED_EDGE ( 'NONE', *, *, #349, .F. ) ;
#1723 = CIRCLE ( 'NONE', #632, 5.300000000000000711 ) ;
#1724 = AXIS2_PLACEMENT_3D ( 'NONE', #1392, #2923, #913 ) ;
#1725 = FACE_OUTER_BOUND ( 'NONE', #2836, .T. ) ;
#1726 = VECTOR ( 'NONE', #2828, 1000.000000000000000 ) ;
#1727 = AXIS2_PLACEMENT_3D ( 'NONE', #1853, #923, #1099 ) ;
#1728 = CARTESIAN_POINT ( 'NONE',  ( 36.44264997537227657, -0.3483428465432814036, -0.9500000000000000666 ) ) ;
#1729 = ORIENTED_EDGE ( 'NONE', *, *, #1488, .F. ) ;
#1730 = CYLINDRICAL_SURFACE ( 'NONE', #1517, 0.3000000000000000444 ) ;
#1731 = AXIS2_PLACEMENT_3D ( 'NONE', #731, #2736, #1735 ) ;
#1732 = CIRCLE ( 'NONE', #2535, 0.2999999999999997669 ) ;
#1733 = DIRECTION ( 'NONE',  ( 0.8660254037844420383, -0.4999999999999941713, 0.000000000000000000 ) ) ;
#1734 = EDGE_CURVE ( 'NONE', #627, #2124, #1569, .T. ) ;
#1735 = DIRECTION ( 'NONE',  ( -1.000000000000000000, 0.000000000000000000, 0.000000000000000000 ) ) ;
#1736 = ORIENTED_EDGE ( 'NONE', *, *, #3200, .T. ) ;
#1737 = DIRECTION ( 'NONE',  ( 0.000000000000000000, 0.000000000000000000, 1.000000000000000000 ) ) ;
#1738 = ORIENTED_EDGE ( 'NONE', *, *, #1917, .F. ) ;
#1739 = ORIENTED_EDGE ( 'NONE', *, *, #1557, .T. ) ;
#1740 = CARTESIAN_POINT ( 'NONE',  ( -0.1137107917233066423, 13.65421974139413663, 0.9500000000000002887 ) ) ;
#1741 = FACE_OUTER_BOUND ( 'NONE', #1962, .T. ) ;
#1742 = ORIENTED_EDGE ( 'NONE', *, *, #1026, .T. ) ;
#1743 = CARTESIAN_POINT ( 'NONE',  ( -2.719422214324873188, 1.266784441109215731, 2.000000000000000000 ) ) ;
#1744 = FACE_OUTER_BOUND ( 'NONE', #233, .T. ) ;
#1745 = DIRECTION ( 'NONE',  ( 1.000000000000000000, 0.000000000000000000, 0.000000000000000000 ) ) ;
#1746 = CARTESIAN_POINT ( 'NONE',  ( -1.300000000000000044, 0.000000000000000000, -5.000000000000000000 ) ) ;
#1747 = EDGE_CURVE ( 'NONE', #1447, #641, #1986, .T. ) ;
#1748 = ORIENTED_EDGE ( 'NONE', *, *, #855, .T. ) ;
#1749 = ORIENTED_EDGE ( 'NONE', *, *, #962, .F. ) ;
#1750 = ORIENTED_EDGE ( 'NONE', *, *, #398, .F. ) ;
#1751 = VERTEX_POINT ( 'NONE', #283 ) ;
#1752 = FACE_OUTER_BOUND ( 'NONE', #980, .T. ) ;
#1753 = DIRECTION ( 'NONE',  ( 0.000000000000000000, 0.000000000000000000, 1.000000000000000000 ) ) ;
#1754 = VERTEX_POINT ( 'NONE', #1317 ) ;
#1755 = CYLINDRICAL_SURFACE ( 'NONE', #1211, 0.2999999999999999334 ) ;
#1756 = CARTESIAN_POINT ( 'NONE',  ( 1.062622916591866140, 3.104213030229957315, -1.992152019648039341 ) ) ;
#1757 = CARTESIAN_POINT ( 'NONE',  ( 48.16252640759061876, 3.185193870076180378, -0.9500000000000000666 ) ) ;
#1758 = CARTESIAN_POINT ( 'NONE',  ( 2.971986458509494167, -0.4090189365251732934, -2.299999999999999822 ) ) ;
#1759 = CARTESIAN_POINT ( 'NONE',  ( 37.77248356600240697, -0.3024750847299014223, 1.250000000000000000 ) ) ;
#1760 = EDGE_LOOP ( 'NONE', ( #1786, #343, #1612, #1316, #1241, #2665, #1992, #2110, #1477, #763, #2863, #1049, #2984, #250 ) ) ;
#1761 = ORIENTED_EDGE ( 'NONE', *, *, #3193, .F. ) ;
#1762 = EDGE_CURVE ( 'NONE', #1339, #1499, #1634, .T. ) ;
#1763 = VECTOR ( 'NONE', #960, 1000.000000000000000 ) ;
#1764 = AXIS2_PLACEMENT_3D ( 'NONE', #2689, #2441, #1914 ) ;
#1765 = ORIENTED_EDGE ( 'NONE', *, *, #2703, .F. ) ;
#1766 = LINE ( 'NONE', #1544, #1094 ) ;
#1767 = CARTESIAN_POINT ( 'NONE',  ( -3.889327009339776708, 1.799123955119879659, 1.250000000000000000 ) ) ;
#1768 = CONICAL_SURFACE ( 'NONE', #3046, 2.700000000000008171, 0.7853981633974461696 ) ;
#1769 = DIRECTION ( 'NONE',  ( 0.000000000000000000, 0.000000000000000000, -1.000000000000000000 ) ) ;
#1770 = CIRCLE ( 'NONE', #363, 2.999999999999997335 ) ;
#1771 = EDGE_CURVE ( 'NONE', #2142, #2259, #2822, .T. ) ;
#1772 = EDGE_LOOP ( 'NONE', ( #2500, #2742, #2003, #3107 ) ) ;
#1773 = PLANE ( 'NONE',  #2646 ) ;
#1774 = CIRCLE ( 'NONE', #1205, 5.299999999999998934 ) ;
#1775 = AXIS2_PLACEMENT_3D ( 'NONE', #2249, #494, #1518 ) ;
#1776 = EDGE_CURVE ( 'NONE', #1474, #477, #3159, .T. ) ;
#1777 = AXIS2_PLACEMENT_3D ( 'NONE', #316, #2283, #50 ) ;
#1778 = CIRCLE ( 'NONE', #1515, 2.999999999999998224 ) ;
#1779 = CARTESIAN_POINT ( 'NONE',  ( 0.000000000000000000, 0.000000000000000000, -2.000000000000000000 ) ) ;
#1780 = EDGE_CURVE ( 'NONE', #1400, #130, #94, .T. ) ;
#1781 = CIRCLE ( 'NONE', #3004, 1.300000000000000044 ) ;
#1782 = CARTESIAN_POINT ( 'NONE',  ( 37.66011726501547230, -0.3321393813838748876, -1.249999999999994449 ) ) ;
#1783 = CARTESIAN_POINT ( 'NONE',  ( 0.7804264488839454117, 3.082966846182184195, 1.781507016931666687 ) ) ;
#1784 = AXIS2_PLACEMENT_3D ( 'NONE', #3073, #1270, #1809 ) ;
#1785 = DIRECTION ( 'NONE',  ( -0.6962775145426985945, -0.7177726818027013733, 0.000000000000000000 ) ) ;
#1786 = ORIENTED_EDGE ( 'NONE', *, *, #1675, .F. ) ;
#1787 = ORIENTED_EDGE ( 'NONE', *, *, #2885, .T. ) ;
#1788 = DIRECTION ( 'NONE',  ( -0.000000000000000000, 0.000000000000000000, 1.000000000000000000 ) ) ;
#1789 = ORIENTED_EDGE ( 'NONE', *, *, #1341, .T. ) ;
#1790 = CARTESIAN_POINT ( 'NONE',  ( 2.492740250325674811, -1.689677973235023778, 1.839266614004831712 ) ) ;
#1791 = DIRECTION ( 'NONE',  ( 0.000000000000000000, -0.000000000000000000, -1.000000000000000000 ) ) ;
#1792 = DIRECTION ( 'NONE',  ( -1.000000000000000000, 0.000000000000000000, 0.000000000000000000 ) ) ;
#1793 = EDGE_LOOP ( 'NONE', ( #2332, #704, #3100, #3066 ) ) ;
#1794 = LINE ( 'NONE', #2551, #1207 ) ;
#1795 = EDGE_CURVE ( 'NONE', #2088, #2402, #151, .T. ) ;
#1796 = DIRECTION ( 'NONE',  ( 1.000000000000000000, 0.000000000000000000, 0.000000000000000000 ) ) ;
#1797 = ADVANCED_FACE ( 'NONE', ( #1294 ), #61, .T. ) ;
#1798 = DIRECTION ( 'NONE',  ( 0.000000000000000000, 0.000000000000000000, -1.000000000000000000 ) ) ;
#1799 = CARTESIAN_POINT ( 'NONE',  ( 0.9827229939364371392, 2.835240904580665688, 2.015708097956379063 ) ) ;
#1800 = DIRECTION ( 'NONE',  ( -1.000000000000000000, 0.000000000000000000, 0.000000000000000000 ) ) ;
#1801 = CARTESIAN_POINT ( 'NONE',  ( 0.000000000000000000, 0.000000000000000000, -4.700000000000000178 ) ) ;
#1802 = ORIENTED_EDGE ( 'NONE', *, *, #131, .T. ) ;
#1803 = VERTEX_POINT ( 'NONE', #3086 ) ;
#1804 = DIRECTION ( 'NONE',  ( 1.000000000000000000, 1.507222078858746730E-14, 0.000000000000000000 ) ) ;
#1805 = LINE ( 'NONE', #2823, #2305 ) ;
#1806 = ORIENTED_EDGE ( 'NONE', *, *, #2624, .F. ) ;
#1807 = CARTESIAN_POINT ( 'NONE',  ( 39.70672929459253453, 2.598149054281850834, -1.700000000000000178 ) ) ;
#1808 = FACE_OUTER_BOUND ( 'NONE', #267, .T. ) ;
#1809 = DIRECTION ( 'NONE',  ( -1.000000000000000000, 0.000000000000000000, 0.000000000000000000 ) ) ;
#1810 = CARTESIAN_POINT ( 'NONE',  ( -5.229660544970507807, 5.566772252322823356, -5.000000000000000000 ) ) ;
#1811 = ADVANCED_FACE ( 'NONE', ( #2090 ), #3110, .T. ) ;
#1812 = DIRECTION ( 'NONE',  ( -0.9821639669417049356, 0.1880264397400901177, 0.000000000000000000 ) ) ;
#1813 = DIRECTION ( 'NONE',  ( 1.000000000000000000, 0.000000000000000000, 0.000000000000000000 ) ) ;
#1814 = EDGE_CURVE ( 'NONE', #312, #1819, #575, .T. ) ;
#1815 = DIRECTION ( 'NONE',  ( -1.000000000000000000, 0.000000000000000000, 0.000000000000000000 ) ) ;
#1816 = DIRECTION ( 'NONE',  ( -0.000000000000000000, -0.000000000000000000, 1.000000000000000000 ) ) ;
#1817 = CARTESIAN_POINT ( 'NONE',  ( 3.961530471308267298, 8.556255055666158071, 1.209680621018530688 ) ) ;
#1818 = CARTESIAN_POINT ( 'NONE',  ( 47.65327327016257897, 8.460671217389851506, 0.9500000000000002887 ) ) ;
#1819 = VERTEX_POINT ( 'NONE', #1859 ) ;
#1820 = CARTESIAN_POINT ( 'NONE',  ( 47.65327327016257897, 8.460671217389851506, -0.9500000000000000666 ) ) ;
#1821 = ORIENTED_EDGE ( 'NONE', *, *, #3060, .T. ) ;
#1822 = CARTESIAN_POINT ( 'NONE',  ( 37.00672929459250327, 2.598149054281850834, -2.000000000000000000 ) ) ;
#1823 = CARTESIAN_POINT ( 'NONE',  ( 4.241241905485717112, -168.5537438249798754, 0.9500000000000002887 ) ) ;
#1824 = ORIENTED_EDGE ( 'NONE', *, *, #375, .F. ) ;
#1825 = CARTESIAN_POINT ( 'NONE',  ( 37.51440068189074850, 5.249991765024484280, 2.000000000000000000 ) ) ;
#1826 = ADVANCED_FACE ( 'NONE', ( #574, #1336 ), #2634, .T. ) ;
#1827 = DIRECTION ( 'NONE',  ( 0.000000000000000000, 0.000000000000000000, 1.000000000000000000 ) ) ;
#1828 = AXIS2_PLACEMENT_3D ( 'NONE', #1823, #1585, #1542 ) ;
#1829 = CIRCLE ( 'NONE', #3209, 4.999999999999997335 ) ;
#1830 = CIRCLE ( 'NONE', #1095, 0.3000000000000002109 ) ;
#1831 = CARTESIAN_POINT ( 'NONE',  ( 1.148891823298499482, 3.093549349591476982, -2.000000000000025313 ) ) ;
#1832 = CIRCLE ( 'NONE', #101, 4.299999999999999822 ) ;
#1833 = AXIS2_PLACEMENT_3D ( 'NONE', #15, #2488, #216 ) ;
#1834 = CIRCLE ( 'NONE', #1312, 0.3000000000000006550 ) ;
#1835 = CARTESIAN_POINT ( 'NONE',  ( 46.39088017111293993, 3.313209351239521538, 1.250000000000000000 ) ) ;
#1836 = AXIS2_PLACEMENT_3D ( 'NONE', #1454, #2929, #1399 ) ;
#1837 = DIRECTION ( 'NONE',  ( 0.000000000000000000, 0.000000000000000000, -1.000000000000000000 ) ) ;
#1838 = DIRECTION ( 'NONE',  ( -0.000000000000000000, 0.000000000000000000, 1.000000000000000000 ) ) ;
#1839 = CARTESIAN_POINT ( 'NONE',  ( -8.648019418583444917, -0.5342955430001402606, -0.9500000000000000666 ) ) ;
#1840 =( GEOMETRIC_REPRESENTATION_CONTEXT ( 3 ) GLOBAL_UNCERTAINTY_ASSIGNED_CONTEXT ( ( #2813 ) ) GLOBAL_UNIT_ASSIGNED_CONTEXT ( ( #1213, #2013, #1013 ) ) REPRESENTATION_CONTEXT ( 'NONE', 'WORKASPACE' ) );
#1841 = FACE_OUTER_BOUND ( 'NONE', #427, .T. ) ;
#1842 = EDGE_LOOP ( 'NONE', ( #1141, #665, #892, #1121 ) ) ;
#1843 = EDGE_CURVE ( 'NONE', #185, #1230, #1584, .T. ) ;
#1844 = DIRECTION ( 'NONE',  ( 1.000000000000000000, -1.800184739221215147E-15, 0.000000000000000000 ) ) ;
#1845 = CIRCLE ( 'NONE', #732, 5.000000000000000888 ) ;
#1846 = CARTESIAN_POINT ( 'NONE',  ( 4.221304349541728840, 8.706255053768513719, -2.000000000000000000 ) ) ;
#1847 = VECTOR ( 'NONE', #1327, 1000.000000000000000 ) ;
#1848 = ORIENTED_EDGE ( 'NONE', *, *, #1591, .F. ) ;
#1849 = ADVANCED_FACE ( 'NONE', ( #2865 ), #359, .F. ) ;
#1850 = VERTEX_POINT ( 'NONE', #1349 ) ;
#1851 = DIRECTION ( 'NONE',  ( -0.000000000000000000, 0.000000000000000000, 1.000000000000000000 ) ) ;
#1852 = CARTESIAN_POINT ( 'NONE',  ( 1.044447112089545104, 2.812317590537704248, 2.299999999999999822 ) ) ;
#1853 = CARTESIAN_POINT ( 'NONE',  ( 4.241241905485717112, -168.5537438249798754, 2.000000000000000000 ) ) ;
#1854 = CARTESIAN_POINT ( 'NONE',  ( 37.00672929459250327, 2.598149054281850834, -1.250000000000000000 ) ) ;
#1855 = CARTESIAN_POINT ( 'NONE',  ( 38.61657792570010628, 5.132244231989529837, 1.237632131292443871 ) ) ;
#1856 = EDGE_LOOP ( 'NONE', ( #1386, #1617, #3173, #647 ) ) ;
#1857 = DIRECTION ( 'NONE',  ( 1.000000000000000000, 0.000000000000000000, 0.000000000000000000 ) ) ;
#1858 = CARTESIAN_POINT ( 'NONE',  ( 0.000000000000000000, 0.000000000000000000, 2.000000000000000000 ) ) ;
#1859 = CARTESIAN_POINT ( 'NONE',  ( 36.49905790729429356, -0.05369365646078998189, -2.000000000000000000 ) ) ;
#1860 = CARTESIAN_POINT ( 'NONE',  ( -5.423260021900969896, 4.245968762820884201, -2.000000000000000000 ) ) ;
#1861 = EDGE_CURVE ( 'NONE', #914, #1354, #2791, .T. ) ;
#1862 = ORIENTED_EDGE ( 'NONE', *, *, #670, .T. ) ;
#1863 = ORIENTED_EDGE ( 'NONE', *, *, #1712, .F. ) ;
#1864 = DIRECTION ( 'NONE',  ( -1.000000000000000000, 0.000000000000000000, 0.000000000000000000 ) ) ;
#1865 = ORIENTED_EDGE ( 'NONE', *, *, #1476, .F. ) ;
#1866 = EDGE_CURVE ( 'NONE', #2567, #909, #2743, .T. ) ;
#1867 = LINE ( 'NONE', #1608, #674 ) ;
#1868 = CARTESIAN_POINT ( 'NONE',  ( 36.65729609563890534, -0.3894349117749383304, -1.019711430668846397 ) ) ;
#1869 = CARTESIAN_POINT ( 'NONE',  ( 37.57080861381277259, 5.544640955107010605, 0.9500000000000002887 ) ) ;
#1870 = ORIENTED_EDGE ( 'NONE', *, *, #827, .T. ) ;
#1871 = CARTESIAN_POINT ( 'NONE',  ( 4.241241905485717112, -168.5537438249798754, 0.9500000000000002887 ) ) ;
#1872 = CARTESIAN_POINT ( 'NONE',  ( 3.269185104360444072, -0.4499208301776907448, -2.299999999999999822 ) ) ;
#1873 = DIRECTION ( 'NONE',  ( 1.000000000000000000, -2.129503714163111698E-14, 0.000000000000000000 ) ) ;
#1874 = VERTEX_POINT ( 'NONE', #2894 ) ;
#1875 = EDGE_LOOP ( 'NONE', ( #698, #204, #202, #490, #1629, #2757, #1153, #100, #1742 ) ) ;
#1876 = ORIENTED_EDGE ( 'NONE', *, *, #2302, .T. ) ;
#1877 = EDGE_CURVE ( 'NONE', #1244, #627, #79, .T. ) ;
#1878 =( LENGTH_UNIT ( ) NAMED_UNIT ( * ) SI_UNIT ( .MILLI., .METRE. ) );
#1879 = EDGE_CURVE ( 'NONE', #2161, #803, #2475, .T. ) ;
#1880 = CIRCLE ( 'NONE', #93, 11.99999999999998579 ) ;
#1881 = AXIS2_PLACEMENT_3D ( 'NONE', #2240, #2448, #2724 ) ;
#1882 = CARTESIAN_POINT ( 'NONE',  ( -5.929660544970507985, 5.566772252322823356, -0.9500000000000000666 ) ) ;
#1883 = AXIS2_PLACEMENT_3D ( 'NONE', #1334, #1599, #3135 ) ;
#1884 = DIRECTION ( 'NONE',  ( 0.000000000000000000, 0.000000000000000000, -1.000000000000000000 ) ) ;
#1885 = AXIS2_PLACEMENT_3D ( 'NONE', #123, #1084, #605 ) ;
#1886 = FACE_OUTER_BOUND ( 'NONE', #3083, .T. ) ;
#1887 = AXIS2_PLACEMENT_3D ( 'NONE', #3144, #2074, #1527 ) ;
#1888 = ORIENTED_EDGE ( 'NONE', *, *, #615, .F. ) ;
#1889 = DIRECTION ( 'NONE',  ( -0.000000000000000000, -0.000000000000000000, -1.000000000000000000 ) ) ;
#1890 = AXIS2_PLACEMENT_3D ( 'NONE', #1652, #1922, #2456 ) ;
#1891 = CARTESIAN_POINT ( 'NONE',  ( 47.65327327016257897, 8.460671217389851506, 1.250000000000000000 ) ) ;
#1892 = AXIS2_PLACEMENT_3D ( 'NONE', #2568, #2812, #544 ) ;
#1893 = LINE ( 'NONE', #3169, #2799 ) ;
#1894 = CARTESIAN_POINT ( 'NONE',  ( 1.300000000000000044, 1.592040838891559095E-16, -4.700000000000000178 ) ) ;
#1895 = EDGE_LOOP ( 'NONE', ( #2774, #98, #824, #1208 ) ) ;
#1896 = CIRCLE ( 'NONE', #49, 2.500000000000000444 ) ;
#1897 = CIRCLE ( 'NONE', #471, 0.3000000000000000444 ) ;
#1898 = EDGE_CURVE ( 'NONE', #2913, #2744, #1417, .T. ) ;
#1899 = CARTESIAN_POINT ( 'NONE',  ( 48.46999999999999886, 0.000000000000000000, 0.9500000000000002887 ) ) ;
#1900 = ADVANCED_FACE ( 'NONE', ( #1168 ), #2175, .T. ) ;
#1901 = DIRECTION ( 'NONE',  ( -0.000000000000000000, -0.000000000000000000, -1.000000000000000000 ) ) ;
#1902 = CARTESIAN_POINT ( 'NONE',  ( -2.729660544970507363, 5.566772252322823356, -1.049999999999998934 ) ) ;
#1903 = ORIENTED_EDGE ( 'NONE', *, *, #2861, .F. ) ;
#1904 = CARTESIAN_POINT ( 'NONE',  ( 4.241241905485717112, -168.5537438249798754, 2.000000000000000000 ) ) ;
#1905 = DIRECTION ( 'NONE',  ( 1.000000000000000000, 0.000000000000000000, 0.000000000000000000 ) ) ;
#1906 = DIRECTION ( 'NONE',  ( -0.000000000000000000, -0.000000000000000000, 1.000000000000000000 ) ) ;
#1907 = ORIENTED_EDGE ( 'NONE', *, *, #2321, .F. ) ;
#1908 = DIRECTION ( 'NONE',  ( 0.000000000000000000, 0.000000000000000000, 1.000000000000000000 ) ) ;
#1909 = VERTEX_POINT ( 'NONE', #666 ) ;
#1910 = SHAPE_DEFINITION_REPRESENTATION ( #474, #2222 ) ;
#1911 = LINE ( 'NONE', #662, #195 ) ;
#1912 = EDGE_CURVE ( 'NONE', #2219, #3039, #3054, .T. ) ;
#1913 = DIRECTION ( 'NONE',  ( -0.1880264397400901177, -0.9821639669417048246, 0.000000000000000000 ) ) ;
#1914 = DIRECTION ( 'NONE',  ( -1.000000000000000000, 0.000000000000000000, 0.000000000000000000 ) ) ;
#1915 = FACE_OUTER_BOUND ( 'NONE', #2882, .T. ) ;
#1916 = VERTEX_POINT ( 'NONE', #2914 ) ;
#1917 = EDGE_CURVE ( 'NONE', #498, #2403, #2536, .T. ) ;
#1918 = DIRECTION ( 'NONE',  ( 1.000000000000000000, 0.000000000000000000, 0.000000000000000000 ) ) ;
#1919 = DIRECTION ( 'NONE',  ( 0.000000000000000000, -0.000000000000000000, -1.000000000000000000 ) ) ;
#1920 = LINE ( 'NONE', #129, #2643 ) ;
#1921 = ORIENTED_EDGE ( 'NONE', *, *, #1256, .T. ) ;
#1922 = DIRECTION ( 'NONE',  ( -0.000000000000000000, -0.000000000000000000, 1.000000000000000000 ) ) ;
#1923 = VERTEX_POINT ( 'NONE', #2655 ) ;
#1924 = CARTESIAN_POINT ( 'NONE',  ( 40.00672929459253879, 2.598149054281850834, 1.250000000000000000 ) ) ;
#1925 = DIRECTION ( 'NONE',  ( 0.000000000000000000, -0.000000000000000000, -1.000000000000000000 ) ) ;
#1926 = ORIENTED_EDGE ( 'NONE', *, *, #347, .T. ) ;
#1927 = CARTESIAN_POINT ( 'NONE',  ( 3.148172465759815353, -0.6949112787403735059, -1.987593515723725668 ) ) ;
#1928 = CIRCLE ( 'NONE', #2205, 2.500000000000002220 ) ;
#1929 = CIRCLE ( 'NONE', #629, 2.700000000000007283 ) ;
#1930 = CARTESIAN_POINT ( 'NONE',  ( 0.7804264472511909245, 3.082966843874722418, 1.700000000000000178 ) ) ;
#1931 = CARTESIAN_POINT ( 'NONE',  ( 0.5490827439573172652, 2.951205286908610503, 2.006551839616970589 ) ) ;
#1932 = DIRECTION ( 'NONE',  ( -1.000000000000000000, 0.000000000000000000, 0.000000000000000000 ) ) ;
#1933 = ORIENTED_EDGE ( 'NONE', *, *, #616, .T. ) ;
#1934 = CIRCLE ( 'NONE', #2739, 177.2600000000000193 ) ;
#1935 = AXIS2_PLACEMENT_3D ( 'NONE', #1655, #388, #1391 ) ;
#1936 = EDGE_CURVE ( 'NONE', #1850, #627, #1834, .T. ) ;
#1937 = CARTESIAN_POINT ( 'NONE',  ( 0.000000000000000000, 0.000000000000000000, -1.250000000000000000 ) ) ;
#1938 = EDGE_LOOP ( 'NONE', ( #228, #3222, #2988, #2971 ) ) ;
#1939 = AXIS2_PLACEMENT_3D ( 'NONE', #2025, #3040, #10 ) ;
#1940 = TOROIDAL_SURFACE ( 'NONE', #104, 2.699999999999998401, 0.2999999999999999889 ) ;
#1941 = EDGE_CURVE ( 'NONE', #1149, #598, #2261, .T. ) ;
#1942 = TOROIDAL_SURFACE ( 'NONE', #2745, 1.300000000000000044, 0.2999999999999999889 ) ;
#1943 = DIRECTION ( 'NONE',  ( 0.000000000000000000, 0.000000000000000000, 1.000000000000000000 ) ) ;
#1944 = DIRECTION ( 'NONE',  ( 0.000000000000000000, 0.000000000000000000, -1.000000000000000000 ) ) ;
#1945 = AXIS2_PLACEMENT_3D ( 'NONE', #2694, #887, #2159 ) ;
#1946 = CARTESIAN_POINT ( 'NONE',  ( 3.961530471308267298, 8.556255055666158071, 1.209680621018530688 ) ) ;
#1947 = EDGE_LOOP ( 'NONE', ( #184, #2620, #2753, #2891 ) ) ;
#1948 = CARTESIAN_POINT ( 'NONE',  ( -2.729660544970507363, 5.566772252322823356, -0.9500000000000000666 ) ) ;
#1949 = CARTESIAN_POINT ( 'NONE',  ( 3.269185104360444072, -0.4499208301776906338, -2.000000000000000000 ) ) ;
#1950 =( BOUNDED_SURFACE ( )  B_SPLINE_SURFACE ( 3, 2, ( 
 ( #1971, #1445, #2437 ),
 ( #2459, #2758, #1204 ),
 ( #167, #1461, #2479 ),
 ( #1175, #428, #2216 ),
 ( #208, #1479, #738 ),
 ( #1232, #1434, #1188 ),
 ( #3202, #2260, #1790 ),
 ( #22, #3269, #1055 ) ),
 .UNSPECIFIED., .F., .F., .F. ) 
 B_SPLINE_SURFACE_WITH_KNOTS ( ( 4, 2, 2, 4 ),
 ( 3, 3 ),
 ( 0.0003824735345194253395, 0.0008622582368551574188, 0.001342042939190889444, 0.002301612343862353711 ),
 ( 0.000000000000000000, 1.000000000000000000 ),
 .UNSPECIFIED. ) 
 GEOMETRIC_REPRESENTATION_ITEM ( )  RATIONAL_B_SPLINE_SURFACE ( (
 ( 1.000000000000000000, 0.7071067811865470176, 1.000000000000000000),
 ( 1.000000000000000000, 0.7537542304093693968, 1.000000000000000000),
 ( 1.000000000000000000, 0.7960644389847495450, 1.000000000000000000),
 ( 1.000000000000000000, 0.8700887002849591045, 1.000000000000000000),
 ( 1.000000000000000000, 0.9010673767925043709, 1.000000000000000000),
 ( 1.000000000000000000, 0.9750059768600650711, 1.000000000000000000),
 ( 1.000000000000000000, 1.000009419520973220, 1.000000000000000000),
 ( 1.000000000000000000, 1.000000000000000000, 1.000000000000000000) ) ) 
 REPRESENTATION_ITEM ( '' )  SURFACE ( )  );
#1951 = TOROIDAL_SURFACE ( 'NONE', #589, 1.300000000000000044, 0.2999999999999999889 ) ;
#1952 = CARTESIAN_POINT ( 'NONE',  ( 4.241241905485717112, -168.5537438249798754, -0.9500000000000000666 ) ) ;
#1953 = CARTESIAN_POINT ( 'NONE',  ( 4.241241905485717112, -168.5537438249798754, 0.9500000000000002887 ) ) ;
#1954 = ORIENTED_EDGE ( 'NONE', *, *, #12, .T. ) ;
#1955 = CARTESIAN_POINT ( 'NONE',  ( 2.327262649190777744, -1.893105533688356434, 1.700000000000000178 ) ) ;
#1956 = EDGE_LOOP ( 'NONE', ( #2192, #3264, #596, #1529 ) ) ;
#1957 = ORIENTED_EDGE ( 'NONE', *, *, #1092, .F. ) ;
#1958 = ADVANCED_FACE ( 'NONE', ( #170 ), #3181, .F. ) ;
#1959 = CARTESIAN_POINT ( 'NONE',  ( 40.00672929459253879, 2.598149054281850834, 1.700000000000000178 ) ) ;
#1960 = CARTESIAN_POINT ( 'NONE',  ( -0.7338192662517214471, 0.4236707509069596034, 1.250000000000000000 ) ) ;
#1961 = ADVANCED_FACE ( 'NONE', ( #2189 ), #1137, .T. ) ;
#1962 = EDGE_LOOP ( 'NONE', ( #2919, #2389, #226, #631 ) ) ;
#1963 = CARTESIAN_POINT ( 'NONE',  ( -1.652504764221659928, 8.896897688999247933, -2.000000000000000000 ) ) ;
#1964 = FACE_OUTER_BOUND ( 'NONE', #838, .T. ) ;
#1965 = ORIENTED_EDGE ( 'NONE', *, *, #972, .T. ) ;
#1966 = PLANE ( 'NONE',  #2784 ) ;
#1967 = B_SPLINE_CURVE_WITH_KNOTS ( 'NONE', 3,
 ( #920, #2434, #2180, #757, #2300, #2516 ),
 .UNSPECIFIED., .F., .F.,
 ( 4, 2, 4 ),
 ( 0.000000000000000000, 0.0002036078555120568033, 0.0004072157110241136067 ),
 .UNSPECIFIED. ) ;
#1968 = ORIENTED_EDGE ( 'NONE', *, *, #1178, .T. ) ;
#1969 = B_SPLINE_CURVE_WITH_KNOTS ( 'NONE', 3,
 ( #2629, #2053, #2874, #351, #588, #1817 ),
 .UNSPECIFIED., .F., .F.,
 ( 4, 2, 4 ),
 ( -3.467051210580828341E-06, 0.0002013217714059487950, 0.0004061105940224784498 ),
 .UNSPECIFIED. ) ;
#1970 = EDGE_LOOP ( 'NONE', ( #2941, #217, #3021, #221 ) ) ;
#1971 = CARTESIAN_POINT ( 'NONE',  ( 3.269185104360444072, -0.4499208301776906338, 2.000000000000000000 ) ) ;
#1972 = CARTESIAN_POINT ( 'NONE',  ( 1.000000000000000000, 0.000000000000000000, 4.700000000000000178 ) ) ;
#1973 = ORIENTED_EDGE ( 'NONE', *, *, #318, .F. ) ;
#1974 = FACE_OUTER_BOUND ( 'NONE', #252, .T. ) ;
#1975 = EDGE_CURVE ( 'NONE', #803, #3238, #245, .T. ) ;
#1976 = EDGE_CURVE ( 'NONE', #3197, #1850, #3214, .T. ) ;
#1977 = B_SPLINE_CURVE_WITH_KNOTS ( 'NONE', 3,
 ( #19, #1030, #2308, #1052 ),
 .UNSPECIFIED., .F., .F.,
 ( 4, 4 ),
 ( 1.987375409620156722E-18, 0.0001783718083981982935 ),
 .UNSPECIFIED. ) ;
#1978 = DIRECTION ( 'NONE',  ( -1.000000000000000000, 0.000000000000000000, 0.000000000000000000 ) ) ;
#1979 = CIRCLE ( 'NONE', #1828, 171.2599999999999625 ) ;
#1980 = CARTESIAN_POINT ( 'NONE',  ( 2.629625842344822217, -1.468763814075892737, -1.976939751347788654 ) ) ;
#1981 = ORIENTED_EDGE ( 'NONE', *, *, #2438, .F. ) ;
#1982 = EDGE_LOOP ( 'NONE', ( #2450, #35, #954, #2293 ) ) ;
#1983 = AXIS2_PLACEMENT_3D ( 'NONE', #1854, #1554, #2573 ) ;
#1984 = ORIENTED_EDGE ( 'NONE', *, *, #2491, .F. ) ;
#1985 = ORIENTED_EDGE ( 'NONE', *, *, #2976, .T. ) ;
#1986 = CIRCLE ( 'NONE', #2846, 0.2999999999999999334 ) ;
#1987 = VECTOR ( 'NONE', #2347, 1000.000000000000227 ) ;
#1988 = DIRECTION ( 'NONE',  ( -0.5588339937905261179, -0.8292795471878768865, 0.000000000000000000 ) ) ;
#1989 = VECTOR ( 'NONE', #1600, 1000.000000000000000 ) ;
#1990 = AXIS2_PLACEMENT_3D ( 'NONE', #2121, #1609, #1119 ) ;
#1991 = DIRECTION ( 'NONE',  ( -0.000000000000000000, -0.000000000000000000, -1.000000000000000000 ) ) ;
#1992 = ORIENTED_EDGE ( 'NONE', *, *, #2921, .T. ) ;
#1993 = FACE_OUTER_BOUND ( 'NONE', #2671, .T. ) ;
#1994 = CIRCLE ( 'NONE', #1261, 0.2999999999999999334 ) ;
#1995 = ADVANCED_FACE ( 'NONE', ( #403 ), #559, .T. ) ;
#1996 = DIRECTION ( 'NONE',  ( -0.1880264397400900900, -0.9821639669417048246, 0.000000000000000000 ) ) ;
#1997 = AXIS2_PLACEMENT_3D ( 'NONE', #2625, #69, #2355 ) ;
#1998 = CARTESIAN_POINT ( 'NONE',  ( 4.221338092443599699, 8.406255055666159492, -1.700000000000000178 ) ) ;
#1999 = EDGE_CURVE ( 'NONE', #130, #1754, #2322, .T. ) ;
#2000 = CARTESIAN_POINT ( 'NONE',  ( -8.648019418583444917, -0.5342955430001402606, 1.250000000000000000 ) ) ;
#2001 = CARTESIAN_POINT ( 'NONE',  ( 0.000000000000000000, 0.000000000000000000, 2.000000000000000000 ) ) ;
#2002 = EDGE_LOOP ( 'NONE', ( #3048, #377, #2897, #257 ) ) ;
#2003 = ORIENTED_EDGE ( 'NONE', *, *, #2311, .T. ) ;
#2004 = ORIENTED_EDGE ( 'NONE', *, *, #2131, .T. ) ;
#2005 = DIRECTION ( 'NONE',  ( 0.000000000000000000, 0.000000000000000000, 1.000000000000000000 ) ) ;
#2006 = DIRECTION ( 'NONE',  ( 0.3077587944996694747, 0.9514644104789785617, 0.000000000000000000 ) ) ;
#2007 = CARTESIAN_POINT ( 'NONE',  ( 4.221304349541728840, 8.706255053768513719, -2.000000000000000000 ) ) ;
#2008 = VERTEX_POINT ( 'NONE', #769 ) ;
#2009 = CARTESIAN_POINT ( 'NONE',  ( -0.7338192662517214471, 0.4236707509069596034, -1.250000000000000000 ) ) ;
#2010 = CARTESIAN_POINT ( 'NONE',  ( 0.8962647308096052257, 2.865843256457293986, -1.999248304944899468 ) ) ;
#2011 = ADVANCED_FACE ( 'NONE', ( #1566 ), #1773, .T. ) ;
#2012 = DIRECTION ( 'NONE',  ( 1.000000000000000000, 0.000000000000000000, 0.000000000000000000 ) ) ;
#2013 =( NAMED_UNIT ( * ) PLANE_ANGLE_UNIT ( ) SI_UNIT ( $, .RADIAN. ) );
#2014 = ORIENTED_EDGE ( 'NONE', *, *, #1031, .F. ) ;
#2015 = EDGE_LOOP ( 'NONE', ( #2155, #2226, #1738, #1711 ) ) ;
#2016 = ADVANCED_FACE ( 'NONE', ( #1038 ), #516, .T. ) ;
#2017 = ORIENTED_EDGE ( 'NONE', *, *, #878, .F. ) ;
#2018 = ORIENTED_EDGE ( 'NONE', *, *, #1356, .T. ) ;
#2019 = EDGE_CURVE ( 'NONE', #3067, #2124, #1074, .T. ) ;
#2020 = DIRECTION ( 'NONE',  ( 0.000000000000000000, -1.000000000000000000, 0.000000000000000000 ) ) ;
#2021 = DIRECTION ( 'NONE',  ( 1.000000000000000000, 0.000000000000000000, 0.000000000000000000 ) ) ;
#2022 = CARTESIAN_POINT ( 'NONE',  ( 48.46999999999999886, 0.000000000000000000, 1.250000000000000000 ) ) ;
#2023 = EDGE_CURVE ( 'NONE', #1388, #1149, #1253, .T. ) ;
#2024 = ORIENTED_EDGE ( 'NONE', *, *, #2683, .F. ) ;
#2025 = CARTESIAN_POINT ( 'NONE',  ( 0.000000000000000000, 0.000000000000000000, 4.700000000000000178 ) ) ;
#2026 = CARTESIAN_POINT ( 'NONE',  ( 0.5562958444478369735, 2.949940266503349395, -2.019067434986353327 ) ) ;
#2027 = CARTESIAN_POINT ( 'NONE',  ( -2.729660544970507363, 5.566772252322823356, 1.250000000000000222 ) ) ;
#2028 = CARTESIAN_POINT ( 'NONE',  ( 1.044447112089545548, 2.812317590537704248, 2.000000000000000000 ) ) ;
#2029 = FACE_OUTER_BOUND ( 'NONE', #1875, .T. ) ;
#2030 = VERTEX_POINT ( 'NONE', #3091 ) ;
#2031 = EDGE_LOOP ( 'NONE', ( #2140, #1262, #470 ) ) ;
#2032 = CARTESIAN_POINT ( 'NONE',  ( 48.16252640759061876, 3.185193870076180378, -1.250000000000000000 ) ) ;
#2033 = EDGE_CURVE ( 'NONE', #2567, #185, #1794, .T. ) ;
#2034 = VECTOR ( 'NONE', #475, 1000.000000000000227 ) ;
#2035 = AXIS2_PLACEMENT_3D ( 'NONE', #1704, #1214, #3218 ) ;
#2036 = ORIENTED_EDGE ( 'NONE', *, *, #429, .T. ) ;
#2037 = FACE_OUTER_BOUND ( 'NONE', #361, .T. ) ;
#2038 = CARTESIAN_POINT ( 'NONE',  ( 37.57080861381277259, 5.544640955107010605, -1.700000000000000178 ) ) ;
#2039 = AXIS2_PLACEMENT_3D ( 'NONE', #1839, #2359, #420 ) ;
#2040 = CARTESIAN_POINT ( 'NONE',  ( 45.96999999999999886, 0.000000000000000000, -1.050000000000000488 ) ) ;
#2041 = CIRCLE ( 'NONE', #149, 2.999999999999998224 ) ;
#2042 = ADVANCED_FACE ( 'NONE', ( #583 ), #2047, .T. ) ;
#2043 = ORIENTED_EDGE ( 'NONE', *, *, #1591, .T. ) ;
#2044 = FACE_OUTER_BOUND ( 'NONE', #3140, .T. ) ;
#2045 = AXIS2_PLACEMENT_3D ( 'NONE', #688, #2707, #434 ) ;
#2046 = AXIS2_PLACEMENT_3D ( 'NONE', #2764, #2571, #2272 ) ;
#2047 = TOROIDAL_SURFACE ( 'NONE', #634, 2.700000000000029932, 0.2999999999999999889 ) ;
#2048 = TOROIDAL_SURFACE ( 'NONE', #780, 171.5599999999999739, 0.2999999999999999889 ) ;
#2049 = DIRECTION ( 'NONE',  ( 0.000000000000000000, 0.000000000000000000, -1.000000000000000000 ) ) ;
#2050 = AXIS2_PLACEMENT_3D ( 'NONE', #1948, #2495, #259 ) ;
#2051 = FACE_OUTER_BOUND ( 'NONE', #2435, .T. ) ;
#2052 = AXIS2_PLACEMENT_3D ( 'NONE', #1446, #1919, #1873 ) ;
#2053 = CARTESIAN_POINT ( 'NONE',  ( 4.173014519138229517, 8.706249622305129776, 0.9982489410407765495 ) ) ;
#2054 = DIRECTION ( 'NONE',  ( -1.000000000000000000, 0.000000000000000000, 0.000000000000000000 ) ) ;
#2055 = ORIENTED_EDGE ( 'NONE', *, *, #1163, .F. ) ;
#2056 = ORIENTED_EDGE ( 'NONE', *, *, #1362, .F. ) ;
#2057 = CARTESIAN_POINT ( 'NONE',  ( 0.000000000000000000, 0.000000000000000000, 2.299999999999999822 ) ) ;
#2058 = CARTESIAN_POINT ( 'NONE',  ( 0.000000000000000000, 0.000000000000000000, -4.700000000000000178 ) ) ;
#2059 = ORIENTED_EDGE ( 'NONE', *, *, #959, .T. ) ;
#2060 = CARTESIAN_POINT ( 'NONE',  ( 48.46999999999999886, 0.000000000000000000, -1.250000000000000000 ) ) ;
#2061 = DIRECTION ( 'NONE',  ( 1.000000000000000000, 0.000000000000000000, 0.000000000000000000 ) ) ;
#2062 = ADVANCED_FACE ( 'NONE', ( #2044 ), #1571, .T. ) ;
#2063 = CARTESIAN_POINT ( 'NONE',  ( 0.7804264472511909245, 3.082966843874722418, 1.700000000000000178 ) ) ;
#2064 = DIRECTION ( 'NONE',  ( 0.000000000000000000, 0.000000000000000000, 1.000000000000000000 ) ) ;
#2065 = EDGE_CURVE ( 'NONE', #218, #2682, #1464, .T. ) ;
#2066 = CARTESIAN_POINT ( 'NONE',  ( 0.8535154852821636995, 2.879832517231513123, -1.984068064975145207 ) ) ;
#2067 = ADVANCED_FACE ( 'NONE', ( #1548 ), #289, .F. ) ;
#2068 = DIRECTION ( 'NONE',  ( -0.4999999999999952260, -0.8660254037844414832, 0.000000000000000000 ) ) ;
#2069 = DIRECTION ( 'NONE',  ( -1.000000000000000000, 0.000000000000000000, 0.000000000000000000 ) ) ;
#2070 = CARTESIAN_POINT ( 'NONE',  ( -2.699999999999998401, 0.000000000000000000, -4.700000000000000178 ) ) ;
#2071 = CYLINDRICAL_SURFACE ( 'NONE', #2147, 177.2600000000000193 ) ;
#2072 = FACE_OUTER_BOUND ( 'NONE', #1842, .T. ) ;
#2073 = EDGE_LOOP ( 'NONE', ( #2304, #2141, #1333, #215 ) ) ;
#2074 = DIRECTION ( 'NONE',  ( -0.000000000000000000, -0.000000000000000000, 1.000000000000000000 ) ) ;
#2075 = ORIENTED_EDGE ( 'NONE', *, *, #827, .F. ) ;
#2076 = DIRECTION ( 'NONE',  ( 0.000000000000000000, 1.000000000000000000, 0.000000000000000000 ) ) ;
#2077 = LINE ( 'NONE', #554, #3252 ) ;
#2078 = ORIENTED_EDGE ( 'NONE', *, *, #2204, .F. ) ;
#2079 = CARTESIAN_POINT ( 'NONE',  ( -0.7338192662517214471, 0.4236707509069596034, 1.700000000000000178 ) ) ;
#2080 = CARTESIAN_POINT ( 'NONE',  ( 37.57080861381277259, 5.544640955107010605, 1.250000000000000000 ) ) ;
#2081 = EDGE_CURVE ( 'NONE', #2142, #1803, #810, .T. ) ;
#2082 = CARTESIAN_POINT ( 'NONE',  ( 4.241241905485717112, -168.5537438249798754, 1.250000000000000000 ) ) ;
#2083 = CARTESIAN_POINT ( 'NONE',  ( -2.999999999999997335, 3.673940397442057403E-16, 2.000000000000000000 ) ) ;
#2084 = CARTESIAN_POINT ( 'NONE',  ( -4.066977831037368318, 1.480015289107766474, 1.250000000000000000 ) ) ;
#2085 = DIRECTION ( 'NONE',  ( 1.000000000000000000, 0.000000000000000000, 0.000000000000000000 ) ) ;
#2086 = EDGE_CURVE ( 'NONE', #2390, #598, #443, .T. ) ;
#2087 = CARTESIAN_POINT ( 'NONE',  ( 37.00672929459250327, 2.598149054281850834, 1.250000000000000000 ) ) ;
#2088 = VERTEX_POINT ( 'NONE', #2220 ) ;
#2089 = CARTESIAN_POINT ( 'NONE',  ( 48.46999999999999886, 0.000000000000000000, -2.000000000000000000 ) ) ;
#2090 = FACE_OUTER_BOUND ( 'NONE', #2118, .T. ) ;
#2091 = DIRECTION ( 'NONE',  ( -0.000000000000000000, -0.000000000000000000, -1.000000000000000000 ) ) ;
#2092 = B_SPLINE_CURVE_WITH_KNOTS ( 'NONE', 3,
 ( #1485, #2558, #3017, #759, #1048, #1538, #1, #1759 ),
 .UNSPECIFIED., .F., .F.,
 ( 4, 2, 2, 4 ),
 ( -1.085976241537651749E-05, 0.0006768953710332566934, 0.001020772937757573285, 0.001364650504481889877 ),
 .UNSPECIFIED. ) ;
#2093 = ORIENTED_EDGE ( 'NONE', *, *, #531, .F. ) ;
#2094 = ORIENTED_EDGE ( 'NONE', *, *, #464, .T. ) ;
#2095 = ADVANCED_FACE ( 'NONE', ( #3011 ), #725, .T. ) ;
#2096 = VECTOR ( 'NONE', #2506, 1000.000000000000000 ) ;
#2097 = AXIS2_PLACEMENT_3D ( 'NONE', #2872, #1096, #374 ) ;
#2098 = VECTOR ( 'NONE', #3192, 1000.000000000000000 ) ;
#2099 = CARTESIAN_POINT ( 'NONE',  ( 46.39088017111293993, 3.313209351239520650, -1.250000000000000000 ) ) ;
#2100 = CIRCLE ( 'NONE', #3157, 4.299999999999999822 ) ;
#2101 = TOROIDAL_SURFACE ( 'NONE', #2524, 4.599999999999999645, 0.2999999999999999889 ) ;
#2102 = VECTOR ( 'NONE', #1409, 1000.000000000000000 ) ;
#2103 = CIRCLE ( 'NONE', #2904, 4.999999999999997335 ) ;
#2104 = EDGE_CURVE ( 'NONE', #1751, #555, #200, .T. ) ;
#2105 = DIRECTION ( 'NONE',  ( -0.000000000000000000, -0.000000000000000000, -1.000000000000000000 ) ) ;
#2106 = CARTESIAN_POINT ( 'NONE',  ( 3.874709418001698769, 8.405876580172533252, 1.250000000000000000 ) ) ;
#2107 = CARTESIAN_POINT ( 'NONE',  ( 37.57080861381277259, 5.544640955107010605, 0.9500000000000002887 ) ) ;
#2108 = AXIS2_PLACEMENT_3D ( 'NONE', #998, #1225, #199 ) ;
#2109 = CYLINDRICAL_SURFACE ( 'NONE', #415, 3.000000000000030198 ) ;
#2110 = ORIENTED_EDGE ( 'NONE', *, *, #637, .T. ) ;
#2111 = DIRECTION ( 'NONE',  ( -0.000000000000000000, -0.000000000000000000, 1.000000000000000000 ) ) ;
#2112 = ADVANCED_FACE ( 'NONE', ( #1467 ), #1942, .T. ) ;
#2113 = AXIS2_PLACEMENT_3D ( 'NONE', #2725, #1991, #1490 ) ;
#2114 = DIRECTION ( 'NONE',  ( 0.000000000000000000, 0.000000000000000000, 1.000000000000000000 ) ) ;
#2115 = CARTESIAN_POINT ( 'NONE',  ( -1.000000000000000000, 1.224646799147353207E-16, 4.700000000000000178 ) ) ;
#2116 = ORIENTED_EDGE ( 'NONE', *, *, #790, .T. ) ;
#2117 = CIRCLE ( 'NONE', #1587, 0.3000000000000000444 ) ;
#2118 = EDGE_LOOP ( 'NONE', ( #1131, #569, #2224, #2824 ) ) ;
#2119 = VERTEX_POINT ( 'NONE', #1743 ) ;
#2120 = FACE_OUTER_BOUND ( 'NONE', #1091, .T. ) ;
#2121 = CARTESIAN_POINT ( 'NONE',  ( 12.20745086674854463, 2.821205087588688265, -1.700000000000000178 ) ) ;
#2122 = ADVANCED_FACE ( 'NONE', ( #1974 ), #1755, .F. ) ;
#2123 = CARTESIAN_POINT ( 'NONE',  ( 0.7546727565125522785, 2.905436450272233184, -2.228645815207500380 ) ) ;
#2124 = VERTEX_POINT ( 'NONE', #1510 ) ;
#2125 = DIRECTION ( 'NONE',  ( -0.9989213622789030467, 0.04643395291013821535, 0.000000000000000000 ) ) ;
#2126 = DIRECTION ( 'NONE',  ( 0.000000000000000000, 0.000000000000000000, -1.000000000000000000 ) ) ;
#2127 = DIRECTION ( 'NONE',  ( 1.000000000000000000, 0.000000000000000000, 0.000000000000000000 ) ) ;
#2128 = DIRECTION ( 'NONE',  ( 1.000000000000000000, 0.000000000000000000, 0.000000000000000000 ) ) ;
#2129 = DIRECTION ( 'NONE',  ( -0.000000000000000000, -0.000000000000000000, 1.000000000000000000 ) ) ;
#2130 = ORIENTED_EDGE ( 'NONE', *, *, #619, .T. ) ;
#2131 = EDGE_CURVE ( 'NONE', #2447, #3153, #709, .T. ) ;
#2132 = VERTEX_POINT ( 'NONE', #222 ) ;
#2133 = EDGE_LOOP ( 'NONE', ( #1054, #9, #2409, #907 ) ) ;
#2134 = DIRECTION ( 'NONE',  ( -1.000000000000000000, 0.000000000000000000, 0.000000000000000000 ) ) ;
#2135 = ORIENTED_EDGE ( 'NONE', *, *, #936, .F. ) ;
#2136 = LINE ( 'NONE', #114, #370 ) ;
#2137 = DIRECTION ( 'NONE',  ( 0.000000000000000000, 0.000000000000000000, 1.000000000000000000 ) ) ;
#2138 = DIRECTION ( 'NONE',  ( 0.9374391968459020452, -0.3481490373631818125, 0.000000000000000000 ) ) ;
#2139 = LINE ( 'NONE', #1429, #2903 ) ;
#2140 = ORIENTED_EDGE ( 'NONE', *, *, #878, .T. ) ;
#2141 = ORIENTED_EDGE ( 'NONE', *, *, #1180, .F. ) ;
#2142 = VERTEX_POINT ( 'NONE', #2750 ) ;
#2143 = ADVANCED_FACE ( 'NONE', ( #491 ), #1448, .F. ) ;
#2144 = CARTESIAN_POINT ( 'NONE',  ( 0.000000000000000000, 0.000000000000000000, 0.000000000000000000 ) ) ;
#2145 = CIRCLE ( 'NONE', #2640, 0.2999999999999999334 ) ;
#2146 = EDGE_CURVE ( 'NONE', #2254, #2532, #755, .T. ) ;
#2147 = AXIS2_PLACEMENT_3D ( 'NONE', #816, #566, #3117 ) ;
#2148 = LINE ( 'NONE', #831, #2423 ) ;
#2149 = CIRCLE ( 'NONE', #2470, 0.2999999999999999334 ) ;
#2150 = CIRCLE ( 'NONE', #2996, 5.299999999999998934 ) ;
#2151 = CARTESIAN_POINT ( 'NONE',  ( 0.000000000000000000, 0.000000000000000000, -4.700000000000000178 ) ) ;
#2152 = CIRCLE ( 'NONE', #1098, 171.2599999999999625 ) ;
#2153 = DIRECTION ( 'NONE',  ( -0.4402678298339658958, 0.8978664923101263851, 6.489792010430523919E-16 ) ) ;
#2154 = VECTOR ( 'NONE', #3239, 1000.000000000000000 ) ;
#2155 = ORIENTED_EDGE ( 'NONE', *, *, #895, .T. ) ;
#2156 = CIRCLE ( 'NONE', #3160, 5.299999999999999822 ) ;
#2157 = DIRECTION ( 'NONE',  ( 1.000000000000000000, 0.000000000000000000, 0.000000000000000000 ) ) ;
#2158 = AXIS2_PLACEMENT_3D ( 'NONE', #2549, #314, #66 ) ;
#2159 = DIRECTION ( 'NONE',  ( 0.000000000000000000, 0.000000000000000000, -1.000000000000000000 ) ) ;
#2160 = CARTESIAN_POINT ( 'NONE',  ( 0.7804264472511908135, 3.082966843874722418, 1.250000000000000000 ) ) ;
#2161 = VERTEX_POINT ( 'NONE', #2233 ) ;
#2162 = CARTESIAN_POINT ( 'NONE',  ( 44.97840345312135923, -1.900459221759924766, 1.250000000000000000 ) ) ;
#2163 = ORIENTED_EDGE ( 'NONE', *, *, #1160, .F. ) ;
#2164 = AXIS2_PLACEMENT_3D ( 'NONE', #766, #1073, #1528 ) ;
#2165 = TOROIDAL_SURFACE ( 'NONE', #2962, 3.200000000000000178, 0.2999999999999999889 ) ;
#2166 = EDGE_CURVE ( 'NONE', #438, #3171, #1781, .T. ) ;
#2167 = DIRECTION ( 'NONE',  ( 1.000000000000000000, 0.000000000000000000, 0.000000000000000000 ) ) ;
#2168 =( BOUNDED_SURFACE ( )  B_SPLINE_SURFACE ( 3, 2, ( 
 ( #2710, #2185, #1949 ),
 ( #1423, #684, #925 ),
 ( #2705, #418, #1927 ),
 ( #168, #1190, #2948 ),
 ( #1689, #431, #2931 ),
 ( #1667, #1179, #3190 ),
 ( #1437, #2452, #178 ),
 ( #2201, #2439, #3210 ) ),
 .UNSPECIFIED., .F., .F., .F. ) 
 B_SPLINE_SURFACE_WITH_KNOTS ( ( 4, 2, 2, 4 ),
 ( 3, 3 ),
 ( 0.0003824735345194253937, 0.0008622582368551574188, 0.001342042939190889444, 0.002301612343862353711 ),
 ( 0.000000000000000000, 1.000000000000000000 ),
 .UNSPECIFIED. ) 
 GEOMETRIC_REPRESENTATION_ITEM ( )  RATIONAL_B_SPLINE_SURFACE ( (
 ( 1.000000000000000000, 0.7071067811865470176, 1.000000000000000000),
 ( 1.000000000000000000, 0.7537542304093763912, 1.000000000000000000),
 ( 1.000000000000000000, 0.7960644389847402191, 1.000000000000000000),
 ( 1.000000000000000000, 0.8700887002849677643, 1.000000000000000000),
 ( 1.000000000000000000, 0.9010673767925400091, 1.000000000000000000),
 ( 1.000000000000000000, 0.9750059768599951271, 1.000000000000000000),
 ( 1.000000000000000000, 1.000009419521026510, 1.000000000000000000),
 ( 1.000000000000000000, 1.000000000000000000, 1.000000000000000000) ) ) 
 REPRESENTATION_ITEM ( '' )  SURFACE ( )  );
#2169 = ADVANCED_FACE ( 'NONE', ( #1993 ), #1577, .F. ) ;
#2170 = DIRECTION ( 'NONE',  ( -1.000000000000000000, 0.000000000000000000, 0.000000000000000000 ) ) ;
#2171 = LINE ( 'NONE', #3178, #2098 ) ;
#2172 = ADVANCED_FACE ( 'NONE', ( #3208 ), #728, .T. ) ;
#2173 = DIRECTION ( 'NONE',  ( 0.000000000000000000, 0.000000000000000000, -1.000000000000000000 ) ) ;
#2174 = ORIENTED_EDGE ( 'NONE', *, *, #347, .F. ) ;
#2175 = CYLINDRICAL_SURFACE ( 'NONE', #3261, 2.999999999999998224 ) ;
#2176 = PRODUCT_RELATED_PRODUCT_CATEGORY ( 'part', '', ( #3242 ) ) ;
#2177 = CARTESIAN_POINT ( 'NONE',  ( 51.16999999999998749, 0.000000000000000000, 1.250000000000000222 ) ) ;
#2178 = CARTESIAN_POINT ( 'NONE',  ( -0.7338192662517214471, 0.4236707509069596034, -1.250000000000000000 ) ) ;
#2179 = EDGE_LOOP ( 'NONE', ( #735, #18, #2353, #1789 ) ) ;
#2180 = CARTESIAN_POINT ( 'NONE',  ( 4.034649867019549419, 8.646537935655274509, -1.136531524885733502 ) ) ;
#2181 = ORIENTED_EDGE ( 'NONE', *, *, #333, .F. ) ;
#2182 = DIRECTION ( 'NONE',  ( -0.000000000000000000, -0.000000000000000000, -1.000000000000000000 ) ) ;
#2183 = CARTESIAN_POINT ( 'NONE',  ( 48.46999999999999886, 0.000000000000000000, 1.250000000000000000 ) ) ;
#2184 = ORIENTED_EDGE ( 'NONE', *, *, #1776, .T. ) ;
#2185 = CARTESIAN_POINT ( 'NONE',  ( 2.971986458509494167, -0.4090189365251731268, -1.999999999999999778 ) ) ;
#2186 = EDGE_CURVE ( 'NONE', #83, #2238, #2483, .T. ) ;
#2187 = CARTESIAN_POINT ( 'NONE',  ( 0.000000000000000000, 0.000000000000000000, -2.299999999999999822 ) ) ;
#2188 = ADVANCED_FACE ( 'NONE', ( #234 ), #1730, .T. ) ;
#2189 = FACE_OUTER_BOUND ( 'NONE', #2276, .T. ) ;
#2190 = DIRECTION ( 'NONE',  ( -0.4999999999999955591, -0.8660254037844412611, -1.677266597954749428E-16 ) ) ;
#2191 = CARTESIAN_POINT ( 'NONE',  ( -4.066977831037368318, 1.480015289107766474, -2.000000000000000000 ) ) ;
#2192 = ORIENTED_EDGE ( 'NONE', *, *, #2718, .T. ) ;
#2193 = CARTESIAN_POINT ( 'NONE',  ( 0.7804264472511909245, 3.082966843874722862, -1.700000000000000178 ) ) ;
#2194 = MANIFOLD_SOLID_BREP ( 'µ¹½Ç1', #2588 ) ;
#2195 = ORIENTED_EDGE ( 'NONE', *, *, #2760, .T. ) ;
#2196 = DIRECTION ( 'NONE',  ( 1.000000000000000000, 0.000000000000000000, 0.000000000000000000 ) ) ;
#2197 = FACE_OUTER_BOUND ( 'NONE', #1982, .T. ) ;
#2198 = CARTESIAN_POINT ( 'NONE',  ( 0.4868515064510806623, 2.960232357546667803, -1.700000000000000178 ) ) ;
#2199 = ORIENTED_EDGE ( 'NONE', *, *, #3251, .T. ) ;
#2200 = CARTESIAN_POINT ( 'NONE',  ( 4.241241905485717112, -168.5537438249798754, 1.700000000000000178 ) ) ;
#2201 = CARTESIAN_POINT ( 'NONE',  ( 2.327262649190777744, -1.893105533688360875, -1.700000000000000178 ) ) ;
#2202 = AXIS2_PLACEMENT_3D ( 'NONE', #983, #3236, #452 ) ;
#2203 = VECTOR ( 'NONE', #1258, 1000.000000000000000 ) ;
#2204 = EDGE_CURVE ( 'NONE', #2682, #312, #2380, .T. ) ;
#2205 = AXIS2_PLACEMENT_3D ( 'NONE', #2357, #86, #866 ) ;
#2206 = CARTESIAN_POINT ( 'NONE',  ( 2.490489745109691455, -1.692444600154534795, -1.837372549669468835 ) ) ;
#2207 = DIRECTION ( 'NONE',  ( 1.000000000000000000, 0.000000000000000000, 0.000000000000000000 ) ) ;
#2208 = ORIENTED_EDGE ( 'NONE', *, *, #812, .F. ) ;
#2209 = CIRCLE ( 'NONE', #461, 2.999999999999998224 ) ;
#2210 = DIRECTION ( 'NONE',  ( 1.000000000000000000, 0.000000000000000000, 0.000000000000000000 ) ) ;
#2211 = ORIENTED_EDGE ( 'NONE', *, *, #529, .T. ) ;
#2212 = EDGE_CURVE ( 'NONE', #1339, #754, #3016, .T. ) ;
#2213 = ORIENTED_EDGE ( 'NONE', *, *, #308, .T. ) ;
#2214 = CIRCLE ( 'NONE', #3055, 0.3000000000000001554 ) ;
#2215 = AXIS2_PLACEMENT_3D ( 'NONE', #2273, #3241, #3029 ) ;
#2216 = CARTESIAN_POINT ( 'NONE',  ( 2.843574845713806365, -0.9665103979427968062, 2.199675537685902516 ) ) ;
#2217 = CARTESIAN_POINT ( 'NONE',  ( 0.000000000000000000, 0.000000000000000000, 2.299999999999999822 ) ) ;
#2218 = AXIS2_PLACEMENT_3D ( 'NONE', #2022, #581, #2810 ) ;
#2219 = VERTEX_POINT ( 'NONE', #2484 ) ;
#2220 = CARTESIAN_POINT ( 'NONE',  ( 0.7804264472511908135, 3.082966843874722418, 1.250000000000000000 ) ) ;
#2221 = CARTESIAN_POINT ( 'NONE',  ( 0.4868515064510801071, 2.960232357546666915, 1.250000000000000000 ) ) ;
#2222 = ADVANCED_BREP_SHAPE_REPRESENTATION ( 'Actuation arm', ( #2194, #3174 ), #694 ) ;
#2223 = CARTESIAN_POINT ( 'NONE',  ( 48.46999999999999886, 0.000000000000000000, 1.250000000000000000 ) ) ;
#2224 = ORIENTED_EDGE ( 'NONE', *, *, #595, .F. ) ;
#2225 = DIRECTION ( 'NONE',  ( 0.000000000000000000, 0.000000000000000000, -1.000000000000000000 ) ) ;
#2226 = ORIENTED_EDGE ( 'NONE', *, *, #1557, .F. ) ;
#2227 = VERTEX_POINT ( 'NONE', #495 ) ;
#2228 = ADVANCED_FACE ( 'NONE', ( #465, #977 ), #481, .T. ) ;
#2229 = FACE_OUTER_BOUND ( 'NONE', #1956, .T. ) ;
#2230 = DIRECTION ( 'NONE',  ( 1.000000000000000000, 0.000000000000000000, 0.000000000000000000 ) ) ;
#2231 = EDGE_CURVE ( 'NONE', #715, #3153, #1684, .T. ) ;
#2232 = EDGE_LOOP ( 'NONE', ( #1750, #3231, #1239, #1412 ) ) ;
#2233 = CARTESIAN_POINT ( 'NONE',  ( 48.16252640759061876, 3.185193870076180822, 1.250000000000000000 ) ) ;
#2234 = CARTESIAN_POINT ( 'NONE',  ( 0.000000000000000000, 0.000000000000000000, 5.000000000000000000 ) ) ;
#2235 = CARTESIAN_POINT ( 'NONE',  ( -1.652504764221659928, 8.896897688999247933, 0.9500000000000002887 ) ) ;
#2236 = ORIENTED_EDGE ( 'NONE', *, *, #3225, .F. ) ;
#2237 = DIRECTION ( 'NONE',  ( -1.000000000000000000, 0.000000000000000000, 0.000000000000000000 ) ) ;
#2238 = VERTEX_POINT ( 'NONE', #2221 ) ;
#2239 = ORIENTED_EDGE ( 'NONE', *, *, #2404, .F. ) ;
#2240 = CARTESIAN_POINT ( 'NONE',  ( -2.729660544970507363, 5.566772252322823356, -5.000000000000000000 ) ) ;
#2241 = ADVANCED_FACE ( 'NONE', ( #3260 ), #1375, .T. ) ;
#2242 = CARTESIAN_POINT ( 'NONE',  ( -1.744832402571561136, 8.611458365855552799, 1.250000000000000000 ) ) ;
#2243 = VERTEX_POINT ( 'NONE', #2517 ) ;
#2244 = CARTESIAN_POINT ( 'NONE',  ( 0.6720268411030705380, 2.929777690566532922, 1.699999999999810107 ) ) ;
#2245 = EDGE_CURVE ( 'NONE', #782, #1474, #1114, .T. ) ;
#2246 = FACE_OUTER_BOUND ( 'NONE', #484, .T. ) ;
#2247 = LINE ( 'NONE', #240, #2203 ) ;
#2248 = CIRCLE ( 'NONE', #2418, 3.000000000000030198 ) ;
#2249 = CARTESIAN_POINT ( 'NONE',  ( 43.71991105278057432, -7.048876151096988174, -1.250000000000000000 ) ) ;
#2250 = PRESENTATION_STYLE_ASSIGNMENT (( #2775 ) ) ;
#2251 = ORIENTED_EDGE ( 'NONE', *, *, #529, .F. ) ;
#2252 = ORIENTED_EDGE ( 'NONE', *, *, #1172, .T. ) ;
#2253 = CIRCLE ( 'NONE', #1360, 0.2999999999999999334 ) ;
#2254 = VERTEX_POINT ( 'NONE', #2235 ) ;
#2255 = AXIS2_PLACEMENT_3D ( 'NONE', #1656, #2922, #155 ) ;
#2256 = ORIENTED_EDGE ( 'NONE', *, *, #109, .T. ) ;
#2257 = CIRCLE ( 'NONE', #2523, 177.2600000000000193 ) ;
#2258 = CIRCLE ( 'NONE', #2733, 0.3000000000000001554 ) ;
#2259 = VERTEX_POINT ( 'NONE', #965 ) ;
#2260 = CARTESIAN_POINT ( 'NONE',  ( 2.503151358944314175, -1.676879223323259449, 1.804333441700419316 ) ) ;
#2261 = CIRCLE ( 'NONE', #1158, 0.2999999999999999334 ) ;
#2262 = AXIS2_PLACEMENT_3D ( 'NONE', #814, #744, #2498 ) ;
#2263 = DIRECTION ( 'NONE',  ( -1.000000000000000000, 0.000000000000000000, 0.000000000000000000 ) ) ;
#2264 = MECHANICAL_DESIGN_GEOMETRIC_PRESENTATION_REPRESENTATION (  '', ( #371 ), #1840 ) ;
#2265 = ORIENTED_EDGE ( 'NONE', *, *, #2386, .T. ) ;
#2266 = ADVANCED_FACE ( 'NONE', ( #2998 ), #1260, .F. ) ;
#2267 = FILL_AREA_STYLE ('',( #989 ) ) ;
#2268 = AXIS2_PLACEMENT_3D ( 'NONE', #3204, #1944, #3271 ) ;
#2269 = FACE_OUTER_BOUND ( 'NONE', #496, .T. ) ;
#2270 = EDGE_CURVE ( 'NONE', #1541, #1005, #2421, .T. ) ;
#2271 = AXIS2_PLACEMENT_3D ( 'NONE', #2299, #1010, #2284 ) ;
#2272 = DIRECTION ( 'NONE',  ( 1.000000000000000000, 0.000000000000000000, 0.000000000000000000 ) ) ;
#2273 = CARTESIAN_POINT ( 'NONE',  ( 11.63631324595389138, -9.465527668441804821, -2.000000000000000000 ) ) ;
#2274 = EDGE_CURVE ( 'NONE', #2543, #610, #2955, .T. ) ;
#2275 = ORIENTED_EDGE ( 'NONE', *, *, #1551, .T. ) ;
#2276 = EDGE_LOOP ( 'NONE', ( #2476, #1802, #162, #2973, #1242, #2505, #2289, #2416 ) ) ;
#2277 = ADVANCED_FACE ( 'NONE', ( #1716 ), #2430, .T. ) ;
#2278 = ORIENTED_EDGE ( 'NONE', *, *, #504, .F. ) ;
#2279 = ORIENTED_EDGE ( 'NONE', *, *, #3034, .T. ) ;
#2280 = CARTESIAN_POINT ( 'NONE',  ( -1.744832402571561136, 8.611458365855552799, -1.250000000000000000 ) ) ;
#2281 = DIRECTION ( 'NONE',  ( -0.000000000000000000, -0.000000000000000000, 1.000000000000000000 ) ) ;
#2282 = ORIENTED_EDGE ( 'NONE', *, *, #2274, .T. ) ;
#2283 = DIRECTION ( 'NONE',  ( 0.4402678298339659513, -0.8978664923101261630, 0.000000000000000000 ) ) ;
#2284 = DIRECTION ( 'NONE',  ( 1.000000000000000000, 0.000000000000000000, 0.000000000000000000 ) ) ;
#2285 = ADVANCED_FACE ( 'NONE', ( #1703 ), #106, .T. ) ;
#2286 = DIRECTION ( 'NONE',  ( -0.000000000000000000, -0.000000000000000000, 1.000000000000000000 ) ) ;
#2287 = CARTESIAN_POINT ( 'NONE',  ( 0.6720268457828947328, 2.929777689557654607, 1.807398382869307651 ) ) ;
#2288 = DIRECTION ( 'NONE',  ( 0.000000000000000000, -0.000000000000000000, -1.000000000000000000 ) ) ;
#2289 = ORIENTED_EDGE ( 'NONE', *, *, #862, .T. ) ;
#2290 = ADVANCED_FACE ( 'NONE', ( #565, #2327 ), #277, .T. ) ;
#2291 = ORIENTED_EDGE ( 'NONE', *, *, #1203, .T. ) ;
#2292 = DIRECTION ( 'NONE',  ( 0.000000000000000000, 0.000000000000000000, 1.000000000000000000 ) ) ;
#2293 = ORIENTED_EDGE ( 'NONE', *, *, #3200, .F. ) ;
#2294 = DIRECTION ( 'NONE',  ( 0.000000000000000000, 0.000000000000000000, 1.000000000000000000 ) ) ;
#2295 = CARTESIAN_POINT ( 'NONE',  ( 2.971986458509494167, -0.4090189365251732934, -2.299999999999999822 ) ) ;
#2296 = CARTESIAN_POINT ( 'NONE',  ( 11.63631324595389138, -9.465527668441804821, 1.700000000000000178 ) ) ;
#2297 = EDGE_LOOP ( 'NONE', ( #1113, #386, #579, #1351, #2805, #539, #689, #613, #747, #1229 ) ) ;
#2298 = DIRECTION ( 'NONE',  ( 1.000000000000000000, 0.000000000000000000, 0.000000000000000000 ) ) ;
#2299 = CARTESIAN_POINT ( 'NONE',  ( 0.000000000000000000, 0.000000000000000000, -2.299999999999999822 ) ) ;
#2300 = CARTESIAN_POINT ( 'NONE',  ( 4.173292994791655275, 8.706249653627034846, -0.9979707011863663269 ) ) ;
#2301 = DIRECTION ( 'NONE',  ( 1.224646799147353207E-16, 1.000000000000000000, -0.000000000000000000 ) ) ;
#2302 = EDGE_CURVE ( 'NONE', #141, #2913, #2911, .T. ) ;
#2303 = FACE_OUTER_BOUND ( 'NONE', #1267, .T. ) ;
#2304 = ORIENTED_EDGE ( 'NONE', *, *, #915, .T. ) ;
#2305 = VECTOR ( 'NONE', #306, 1000.000000000000000 ) ;
#2306 = ORIENTED_EDGE ( 'NONE', *, *, #895, .F. ) ;
#2307 = CARTESIAN_POINT ( 'NONE',  ( -5.229660544970507807, 5.566772252322823356, -1.049999999999998934 ) ) ;
#2308 = CARTESIAN_POINT ( 'NONE',  ( 3.934409618965925226, 8.509280361464645281, -1.236829678323263737 ) ) ;
#2309 = CIRCLE ( 'NONE', #509, 4.599999999999999645 ) ;
#2310 = AXIS2_PLACEMENT_3D ( 'NONE', #2751, #729, #1733 ) ;
#2311 = EDGE_CURVE ( 'NONE', #761, #2767, #948, .T. ) ;
#2312 = ORIENTED_EDGE ( 'NONE', *, *, #318, .T. ) ;
#2313 = DIRECTION ( 'NONE',  ( 0.3481490373631818125, 0.9374391968459019342, 0.000000000000000000 ) ) ;
#2314 = CARTESIAN_POINT ( 'NONE',  ( -0.4740116451163891020, 0.2736707509069611355, 2.000000000000000000 ) ) ;
#2315 = AXIS2_PLACEMENT_3D ( 'NONE', #1067, #356, #126 ) ;
#2316 = LINE ( 'NONE', #2040, #315 ) ;
#2317 = CIRCLE ( 'NONE', #938, 3.000000000000030198 ) ;
#2318 = DIRECTION ( 'NONE',  ( -0.000000000000000000, -0.000000000000000000, 1.000000000000000000 ) ) ;
#2319 = AXIS2_PLACEMENT_3D ( 'NONE', #879, #2909, #2662 ) ;
#2320 = AXIS2_PLACEMENT_3D ( 'NONE', #1595, #3188, #2379 ) ;
#2321 = EDGE_CURVE ( 'NONE', #2447, #1803, #1896, .T. ) ;
#2322 = CIRCLE ( 'NONE', #1939, 2.999999999999998224 ) ;
#2323 = CARTESIAN_POINT ( 'NONE',  ( 37.51440068189074850, 5.249991765024484280, -1.700000000000000178 ) ) ;
#2324 = CIRCLE ( 'NONE', #896, 3.500000000000003109 ) ;
#2325 = CYLINDRICAL_SURFACE ( 'NONE', #1047, 0.3000000000000000444 ) ;
#2326 = FACE_OUTER_BOUND ( 'NONE', #537, .T. ) ;
#2327 = FACE_OUTER_BOUND ( 'NONE', #2297, .T. ) ;
#2328 = CIRCLE ( 'NONE', #3167, 177.2600000000000193 ) ;
#2329 = FACE_OUTER_BOUND ( 'NONE', #2946, .T. ) ;
#2330 = CARTESIAN_POINT ( 'NONE',  ( -4.158686957032807996, 1.667043606169692938, -0.9500000000000000666 ) ) ;
#2331 = ORIENTED_EDGE ( 'NONE', *, *, #2713, .F. ) ;
#2332 = ORIENTED_EDGE ( 'NONE', *, *, #2534, .T. ) ;
#2333 = CARTESIAN_POINT ( 'NONE',  ( 0.000000000000000000, 0.000000000000000000, -2.000000000000000000 ) ) ;
#2334 = CARTESIAN_POINT ( 'NONE',  ( 37.00672929459250327, 2.598149054281850834, -1.700000000000000178 ) ) ;
#2335 = ORIENTED_EDGE ( 'NONE', *, *, #2023, .T. ) ;
#2336 = CARTESIAN_POINT ( 'NONE',  ( 37.00672929459250327, 2.598149054281850834, -1.700000000000000178 ) ) ;
#2337 = DIRECTION ( 'NONE',  ( 1.000000000000000000, 0.000000000000000000, 0.000000000000000000 ) ) ;
#2338 = SPHERICAL_SURFACE ( 'NONE', #520, 0.2999999999999999889 ) ;
#2339 = EDGE_CURVE ( 'NONE', #1447, #385, #2324, .T. ) ;
#2340 = CARTESIAN_POINT ( 'NONE',  ( -2.729660544970507363, 5.566772252322823356, -1.700000000000000178 ) ) ;
#2341 = CARTESIAN_POINT ( 'NONE',  ( 4.241241905485717112, -168.5537438249798754, -1.250000000000000000 ) ) ;
#2342 = FACE_BOUND ( 'NONE', #1651, .T. ) ;
#2343 = DIRECTION ( 'NONE',  ( -0.000000000000000000, 0.000000000000000000, 1.000000000000000000 ) ) ;
#2344 = DIRECTION ( 'NONE',  ( 1.000000000000000000, 0.000000000000000000, 0.000000000000000000 ) ) ;
#2345 = CARTESIAN_POINT ( 'NONE',  ( 48.46999999999999886, 0.000000000000000000, 0.9500000000000002887 ) ) ;
#2346 = CARTESIAN_POINT ( 'NONE',  ( 0.000000000000000000, 0.000000000000000000, -2.000000000000000000 ) ) ;
#2347 = DIRECTION ( 'NONE',  ( -0.4402678298339659513, 0.8978664923101262740, -0.000000000000000000 ) ) ;
#2348 = ORIENTED_EDGE ( 'NONE', *, *, #2915, .T. ) ;
#2349 = DIRECTION ( 'NONE',  ( 1.000000000000000000, 0.000000000000000000, 0.000000000000000000 ) ) ;
#2350 = DIRECTION ( 'NONE',  ( 1.000000000000000000, 0.000000000000000000, 0.000000000000000000 ) ) ;
#2351 = CARTESIAN_POINT ( 'NONE',  ( -4.066977831037369207, 1.480015289107766030, 0.9500000000000000666 ) ) ;
#2352 = ORIENTED_EDGE ( 'NONE', *, *, #2921, .F. ) ;
#2353 = ORIENTED_EDGE ( 'NONE', *, *, #2453, .F. ) ;
#2354 = EDGE_CURVE ( 'NONE', #1619, #1874, #1082, .T. ) ;
#2355 = DIRECTION ( 'NONE',  ( 1.000000000000000000, 0.000000000000000000, 0.000000000000000000 ) ) ;
#2356 = ADVANCED_FACE ( 'NONE', ( #2556 ), #2853, .T. ) ;
#2357 = CARTESIAN_POINT ( 'NONE',  ( 48.46999999999999886, 0.000000000000000000, 1.050000000000013589 ) ) ;
#2358 = DIRECTION ( 'NONE',  ( -1.000000000000000000, 0.000000000000000000, 0.000000000000000000 ) ) ;
#2359 = DIRECTION ( 'NONE',  ( 0.000000000000000000, 0.000000000000000000, -1.000000000000000000 ) ) ;
#2360 = CARTESIAN_POINT ( 'NONE',  ( -4.066977831037370095, 1.480015289107766474, -0.9966009847901529106 ) ) ;
#2361 = ORIENTED_EDGE ( 'NONE', *, *, #545, .T. ) ;
#2362 = CARTESIAN_POINT ( 'NONE',  ( 2.699999999999998401, 3.490243377569954582E-16, -5.000000000000000000 ) ) ;
#2363 = CARTESIAN_POINT ( 'NONE',  ( -2.729660544970507363, 5.566772252322823356, 1.250000000000000000 ) ) ;
#2364 = CARTESIAN_POINT ( 'NONE',  ( 0.5355366570961883621, 3.256255593301334628, 1.250000000000000222 ) ) ;
#2365 = ORIENTED_EDGE ( 'NONE', *, *, #2661, .F. ) ;
#2366 = VERTEX_POINT ( 'NONE', #1044 ) ;
#2367 = PRESENTATION_STYLE_ASSIGNMENT (( #1353 ) ) ;
#2368 = EDGE_LOOP ( 'NONE', ( #2361, #2761, #2163, #2550, #2546, #1721, #3025, #3243, #2473 ) ) ;
#2369 = TOROIDAL_SURFACE ( 'NONE', #28, 2.700000000000029932, 0.2999999999999999889 ) ;
#2370 = AXIS2_PLACEMENT_3D ( 'NONE', #2664, #389, #203 ) ;
#2371 = ADVANCED_FACE ( 'NONE', ( #2833 ), #2497, .F. ) ;
#2372 = FACE_OUTER_BOUND ( 'NONE', #750, .T. ) ;
#2373 = CIRCLE ( 'NONE', #940, 3.500000000000003109 ) ;
#2374 = AXIS2_PLACEMENT_3D ( 'NONE', #1757, #1276, #532 ) ;
#2375 = VECTOR ( 'NONE', #1615, 999.9999999999998863 ) ;
#2376 = AXIS2_PLACEMENT_3D ( 'NONE', #2407, #135, #1913 ) ;
#2377 = DIRECTION ( 'NONE',  ( -1.000000000000000000, -1.224646799147353207E-16, 0.000000000000000000 ) ) ;
#2378 = ADVANCED_FACE ( 'NONE', ( #2848 ), #2338, .T. ) ;
#2379 = DIRECTION ( 'NONE',  ( 1.000000000000000000, 0.000000000000000000, 0.000000000000000000 ) ) ;
#2380 = CIRCLE ( 'NONE', #3265, 2.700000000000028599 ) ;
#2381 = DIRECTION ( 'NONE',  ( -0.5588339937905254518, -0.8292795471878773306, 0.000000000000000000 ) ) ;
#2382 = ORIENTED_EDGE ( 'NONE', *, *, #3143, .F. ) ;
#2383 = CARTESIAN_POINT ( 'NONE',  ( 12.19352068087550478, 2.521528678905010423, 1.700000000000000178 ) ) ;
#2384 = FACE_OUTER_BOUND ( 'NONE', #1481, .T. ) ;
#2385 = AXIS2_PLACEMENT_3D ( 'NONE', #423, #1428, #1395 ) ;
#2386 = EDGE_CURVE ( 'NONE', #1556, #425, #2794, .T. ) ;
#2387 = CARTESIAN_POINT ( 'NONE',  ( 51.67000000000000171, 0.000000000000000000, 0.9500000000000002887 ) ) ;
#2388 = CARTESIAN_POINT ( 'NONE',  ( 3.207356946386757279, -0.5832424478428444026, -1.999999999999999556 ) ) ;
#2389 = ORIENTED_EDGE ( 'NONE', *, *, #3060, .F. ) ;
#2390 = VERTEX_POINT ( 'NONE', #791 ) ;
#2391 = CYLINDRICAL_SURFACE ( 'NONE', #903, 2.500000000000000444 ) ;
#2392 = ORIENTED_EDGE ( 'NONE', *, *, #2564, .T. ) ;
#2393 = DIRECTION ( 'NONE',  ( 0.9997144933961044089, 0.02389417698457731512, 0.000000000000000000 ) ) ;
#2394 = CARTESIAN_POINT ( 'NONE',  ( 0.01292834629495290440, 8.355732926394784599, -1.250000000000000000 ) ) ;
#2395 = ORIENTED_EDGE ( 'NONE', *, *, #145, .F. ) ;
#2396 = CARTESIAN_POINT ( 'NONE',  ( -5.429660544970515090, 5.566772252322823356, 1.250000000000000222 ) ) ;
#2397 = EDGE_CURVE ( 'NONE', #3219, #2609, #2316, .T. ) ;
#2398 = DIRECTION ( 'NONE',  ( 0.000000000000000000, 0.000000000000000000, 1.000000000000000000 ) ) ;
#2399 = DIRECTION ( 'NONE',  ( 0.000000000000000000, 0.000000000000000000, 1.000000000000000000 ) ) ;
#2400 = LINE ( 'NONE', #2177, #1053 ) ;
#2401 = CARTESIAN_POINT ( 'NONE',  ( -2.729660544970507363, 5.566772252322823356, -1.250000000000000000 ) ) ;
#2402 = VERTEX_POINT ( 'NONE', #542 ) ;
#2403 = VERTEX_POINT ( 'NONE', #2063 ) ;
#2404 = EDGE_CURVE ( 'NONE', #2532, #1751, #153, .T. ) ;
#2405 = ORIENTED_EDGE ( 'NONE', *, *, #2649, .T. ) ;
#2406 = CARTESIAN_POINT ( 'NONE',  ( -0.1137107917233066423, 13.65421974139413663, 0.9500000000000002887 ) ) ;
#2407 = CARTESIAN_POINT ( 'NONE',  ( 36.49905790729429356, -0.05369365646078998189, -1.700000000000000178 ) ) ;
#2408 = CARTESIAN_POINT ( 'NONE',  ( -2.729660544970507363, 5.566772252322823356, -1.700000000000000178 ) ) ;
#2409 = ORIENTED_EDGE ( 'NONE', *, *, #1734, .F. ) ;
#2410 = DIRECTION ( 'NONE',  ( -0.000000000000000000, 0.000000000000000000, 1.000000000000000000 ) ) ;
#2411 = CARTESIAN_POINT ( 'NONE',  ( 2.506968671732431542, -1.672186463592460148, -1.767027384069050244 ) ) ;
#2412 = EDGE_CURVE ( 'NONE', #1803, #2447, #313, .T. ) ;
#2413 = LINE ( 'NONE', #1152, #990 ) ;
#2414 = EDGE_LOOP ( 'NONE', ( #2840, #1502, #1234, #2252 ) ) ;
#2415 = DIRECTION ( 'NONE',  ( -0.000000000000000000, -0.000000000000000000, 1.000000000000000000 ) ) ;
#2416 = ORIENTED_EDGE ( 'NONE', *, *, #2487, .F. ) ;
#2417 = ADVANCED_FACE ( 'NONE', ( #1546 ), #317, .T. ) ;
#2418 = AXIS2_PLACEMENT_3D ( 'NONE', #2336, #825, #788 ) ;
#2419 = CIRCLE ( 'NONE', #1883, 0.2999999999999999889 ) ;
#2420 = AXIS2_PLACEMENT_3D ( 'NONE', #2982, #201, #712 ) ;
#2421 = B_SPLINE_CURVE_WITH_KNOTS ( 'NONE', 3,
 ( #1758, #2780, #213, #1519, #2541, #1980, #2206, #3216 ),
 .UNSPECIFIED., .F., .F.,
 ( 4, 2, 2, 4 ),
 ( 0.000000000000000000, 0.0004393207305690181928, 0.0008786414611380363856, 0.001757282922276071904 ),
 .UNSPECIFIED. ) ;
#2422 = EDGE_CURVE ( 'NONE', #754, #2754, #736, .T. ) ;
#2423 = VECTOR ( 'NONE', #1837, 1000.000000000000000 ) ;
#2424 = DIRECTION ( 'NONE',  ( -0.000000000000000000, -0.000000000000000000, 1.000000000000000000 ) ) ;
#2425 = CARTESIAN_POINT ( 'NONE',  ( -0.1137107917233066423, 13.65421974139413663, -2.000000000000000000 ) ) ;
#2426 = AXIS2_PLACEMENT_3D ( 'NONE', #3136, #872, #2350 ) ;
#2427 = ORIENTED_EDGE ( 'NONE', *, *, #2700, .F. ) ;
#2428 = CIRCLE ( 'NONE', #2374, 0.2999999999999999889 ) ;
#2429 = DIRECTION ( 'NONE',  ( -0.000000000000000000, -0.000000000000000000, -1.000000000000000000 ) ) ;
#2430 = TOROIDAL_SURFACE ( 'NONE', #1731, 3.200000000000000178, 0.2999999999999999889 ) ;
#2431 = DIRECTION ( 'NONE',  ( -0.09608549762792080451, 0.9953730843988072285, 0.000000000000000000 ) ) ;
#2432 = CARTESIAN_POINT ( 'NONE',  ( 4.221338092443585488, 8.406255055666168374, -2.000000000000000000 ) ) ;
#2433 = ORIENTED_EDGE ( 'NONE', *, *, #449, .T. ) ;
#2434 = CARTESIAN_POINT ( 'NONE',  ( 3.992407869777943041, 8.609736278621184624, -1.178771110878761075 ) ) ;
#2435 = EDGE_LOOP ( 'NONE', ( #2722, #1761, #1444, #2509 ) ) ;
#2436 = CIRCLE ( 'NONE', #2654, 0.3000000000000002109 ) ;
#2437 = CARTESIAN_POINT ( 'NONE',  ( 2.971986458509494611, -0.4090189365251732379, 2.299999999999999822 ) ) ;
#2438 = EDGE_CURVE ( 'NONE', #641, #2161, #3267, .T. ) ;
#2439 = CARTESIAN_POINT ( 'NONE',  ( 2.327262649190777744, -1.893105533688360875, -1.700000000000000178 ) ) ;
#2440 = ADVANCED_FACE ( 'NONE', ( #271 ), #251, .T. ) ;
#2441 = DIRECTION ( 'NONE',  ( 0.000000000000000000, 0.000000000000000000, -1.000000000000000000 ) ) ;
#2442 = DIRECTION ( 'NONE',  ( 1.000000000000000000, 0.000000000000000000, 0.000000000000000000 ) ) ;
#2443 = CARTESIAN_POINT ( 'NONE',  ( 1.254056312437924037, 3.266772252322847514, -1.700000000000000178 ) ) ;
#2444 = FACE_OUTER_BOUND ( 'NONE', #863, .T. ) ;
#2445 = ORIENTED_EDGE ( 'NONE', *, *, #1776, .F. ) ;
#2446 = DIRECTION ( 'NONE',  ( 0.000000000000000000, 0.000000000000000000, 1.000000000000000000 ) ) ;
#2447 = VERTEX_POINT ( 'NONE', #3038 ) ;
#2448 = DIRECTION ( 'NONE',  ( -0.000000000000000000, -0.000000000000000000, 1.000000000000000000 ) ) ;
#2449 = CARTESIAN_POINT ( 'NONE',  ( 4.221304349541728840, 8.706255053768478192, 1.700000000000000178 ) ) ;
#2450 = ORIENTED_EDGE ( 'NONE', *, *, #1861, .F. ) ;
#2451 = EDGE_CURVE ( 'NONE', #1393, #555, #1422, .T. ) ;
#2452 = CARTESIAN_POINT ( 'NONE',  ( 2.503151358970182816, -1.676879223344123426, -1.804333441700218366 ) ) ;
#2453 = EDGE_CURVE ( 'NONE', #1916, #2243, #2827, .T. ) ;
#2454 = FACE_OUTER_BOUND ( 'NONE', #3002, .T. ) ;
#2455 = ORIENTED_EDGE ( 'NONE', *, *, #2019, .F. ) ;
#2456 = DIRECTION ( 'NONE',  ( -1.000000000000000000, 6.924333389769863348E-14, 0.000000000000000000 ) ) ;
#2457 = ORIENTED_EDGE ( 'NONE', *, *, #727, .T. ) ;
#2458 = ORIENTED_EDGE ( 'NONE', *, *, #2815, .T. ) ;
#2459 = CARTESIAN_POINT ( 'NONE',  ( 3.212400410296671893, -0.5723670879204868500, 2.000000000000000000 ) ) ;
#2460 = DIRECTION ( 'NONE',  ( 1.000000000000000000, 0.000000000000000000, 0.000000000000000000 ) ) ;
#2461 = ORIENTED_EDGE ( 'NONE', *, *, #1449, .T. ) ;
#2462 = DIRECTION ( 'NONE',  ( -0.000000000000000000, -0.000000000000000000, 1.000000000000000000 ) ) ;
#2463 = EDGE_CURVE ( 'NONE', #3039, #2744, #1994, .T. ) ;
#2464 = CIRCLE ( 'NONE', #717, 4.999999999999999112 ) ;
#2465 = CIRCLE ( 'NONE', #2847, 12.29999999999998472 ) ;
#2466 = TOROIDAL_SURFACE ( 'NONE', #302, 1.300000000000000044, 0.2999999999999999889 ) ;
#2467 = EDGE_CURVE ( 'NONE', #390, #1222, #582, .T. ) ;
#2468 = DIRECTION ( 'NONE',  ( 1.000000000000000000, 0.000000000000000000, 0.000000000000000000 ) ) ;
#2469 = VERTEX_POINT ( 'NONE', #2966 ) ;
#2470 = AXIS2_PLACEMENT_3D ( 'NONE', #1894, #2917, #424 ) ;
#2471 = AXIS2_PLACEMENT_3D ( 'NONE', #2779, #2816, #2012 ) ;
#2472 = DIRECTION ( 'NONE',  ( 0.9997144933961044089, 0.02389417698457731165, 5.645274091694286453E-18 ) ) ;
#2473 = ORIENTED_EDGE ( 'NONE', *, *, #1266, .F. ) ;
#2474 = ADVANCED_FACE ( 'NONE', ( #1247 ), #1480, .T. ) ;
#2475 = CIRCLE ( 'NONE', #2851, 5.299999999999998934 ) ;
#2476 = ORIENTED_EDGE ( 'NONE', *, *, #2354, .F. ) ;
#2477 = TOROIDAL_SURFACE ( 'NONE', #517, 3.200000000000000178, 0.2999999999999999889 ) ;
#2478 = PRESENTATION_LAYER_ASSIGNMENT (  '', '', ( #371 ) ) ;
#2479 = CARTESIAN_POINT ( 'NONE',  ( 2.921984524154397356, -0.6943102282913905521, 2.275187022349146382 ) ) ;
#2480 = LINE ( 'NONE', #2759, #1582 ) ;
#2481 = AXIS2_PLACEMENT_3D ( 'NONE', #3137, #139, #1369 ) ;
#2482 = EDGE_LOOP ( 'NONE', ( #3199, #1862 ) ) ;
#2483 = LINE ( 'NONE', #699, #995 ) ;
#2484 = CARTESIAN_POINT ( 'NONE',  ( 37.57080861381277259, 5.544640955107010605, 1.700000000000000178 ) ) ;
#2485 = CARTESIAN_POINT ( 'NONE',  ( -3.889327009339776708, 1.799123955119879881, -1.250000000000000000 ) ) ;
#2486 = ORIENTED_EDGE ( 'NONE', *, *, #2993, .F. ) ;
#2487 = EDGE_CURVE ( 'NONE', #1874, #327, #2480, .T. ) ;
#2488 = DIRECTION ( 'NONE',  ( 0.000000000000000000, 0.000000000000000000, 1.000000000000000000 ) ) ;
#2489 = ORIENTED_EDGE ( 'NONE', *, *, #1530, .F. ) ;
#2490 = VERTEX_POINT ( 'NONE', #961 ) ;
#2491 = EDGE_CURVE ( 'NONE', #610, #2532, #1845, .T. ) ;
#2492 = DIRECTION ( 'NONE',  ( -0.000000000000000000, -0.000000000000000000, -1.000000000000000000 ) ) ;
#2493 = DIRECTION ( 'NONE',  ( -1.000000000000000000, 0.000000000000000000, 0.000000000000000000 ) ) ;
#2494 = ORIENTED_EDGE ( 'NONE', *, *, #1439, .F. ) ;
#2495 = DIRECTION ( 'NONE',  ( -0.000000000000000000, -0.000000000000000000, 1.000000000000000000 ) ) ;
#2496 = CARTESIAN_POINT ( 'NONE',  ( 37.57080861381277259, 5.544640955107010605, -1.250000000000000000 ) ) ;
#2497 =( BOUNDED_SURFACE ( )  B_SPLINE_SURFACE ( 3, 2, ( 
 ( #587, #2028, #14 ),
 ( #3097, #1799, #3063 ),
 ( #1025, #833, #2858 ),
 ( #3044, #778, #1277 ),
 ( #295, #2287, #1783 ),
 ( #533, #2244, #47 ) ),
 .UNSPECIFIED., .F., .F., .F. ) 
 B_SPLINE_SURFACE_WITH_KNOTS ( ( 4, 2, 4 ),
 ( 3, 3 ),
 ( 0.0002021730553674818299, 0.0006840441963600728129, 0.001165915337352663823 ),
 ( 0.000000000000000000, 1.000000000000000000 ),
 .UNSPECIFIED. ) 
 GEOMETRIC_REPRESENTATION_ITEM ( )  RATIONAL_B_SPLINE_SURFACE ( (
 ( 1.000000000000000000, 0.7071067811865475727, 1.000000000000000000),
 ( 1.000000000000000000, 0.7261385901332405579, 1.000000000000000000),
 ( 1.000000000000000000, 0.7619695040544268716, 1.000000000000000000),
 ( 1.000000000000000000, 0.8235195391427646561, 1.000000000000000000),
 ( 1.000000000000000000, 0.8484763898664352544, 1.000000000000000000),
 ( 1.000000000000000000, 0.8477912478906589611, 1.000000000000000000) ) ) 
 REPRESENTATION_ITEM ( '' )  SURFACE ( )  );
#2498 = DIRECTION ( 'NONE',  ( 1.000000000000000000, 0.000000000000000000, 0.000000000000000000 ) ) ;
#2499 = CARTESIAN_POINT ( 'NONE',  ( 37.00672929459250327, 2.598149054281850834, -2.000000000000000000 ) ) ;
#2500 = ORIENTED_EDGE ( 'NONE', *, *, #1421, .F. ) ;
#2501 = ORIENTED_EDGE ( 'NONE', *, *, #2901, .F. ) ;
#2502 = VERTEX_POINT ( 'NONE', #3237 ) ;
#2503 = EDGE_LOOP ( 'NONE', ( #384, #2675 ) ) ;
#2504 = ADVANCED_FACE ( 'NONE', ( #2977 ), #638, .T. ) ;
#2505 = ORIENTED_EDGE ( 'NONE', *, *, #2901, .T. ) ;
#2506 = DIRECTION ( 'NONE',  ( -0.000000000000000000, -0.000000000000000000, 1.000000000000000000 ) ) ;
#2507 = DIRECTION ( 'NONE',  ( 0.000000000000000000, 0.000000000000000000, -1.000000000000000000 ) ) ;
#2508 = EDGE_CURVE ( 'NONE', #1916, #803, #2436, .T. ) ;
#2509 = ORIENTED_EDGE ( 'NONE', *, *, #131, .F. ) ;
#2510 = DIRECTION ( 'NONE',  ( -0.000000000000000000, -0.000000000000000000, -1.000000000000000000 ) ) ;
#2511 = ADVANCED_FACE ( 'NONE', ( #1741 ), #1206, .F. ) ;
#2512 = CARTESIAN_POINT ( 'NONE',  ( 37.57080861381277259, 5.544640955107010605, -0.9500000000000000666 ) ) ;
#2513 = ADVANCED_FACE ( 'NONE', ( #255 ), #2165, .T. ) ;
#2514 = DIRECTION ( 'NONE',  ( 0.000000000000000000, 0.000000000000000000, -1.000000000000000000 ) ) ;
#2515 = AXIS2_PLACEMENT_3D ( 'NONE', #1268, #2294, #1245 ) ;
#2516 = CARTESIAN_POINT ( 'NONE',  ( 4.221304349541728840, 8.706255053768478192, -0.9500000000000000666 ) ) ;
#2517 = CARTESIAN_POINT ( 'NONE',  ( 46.46233638426669188, 3.604575117248043359, -0.9500000000000000666 ) ) ;
#2518 = EDGE_LOOP ( 'NONE', ( #1143, #280, #2130, #1561, #2199 ) ) ;
#2519 = CIRCLE ( 'NONE', #1506, 3.200000000000000178 ) ;
#2520 = ORIENTED_EDGE ( 'NONE', *, *, #85, .T. ) ;
#2521 = AXIS2_PLACEMENT_3D ( 'NONE', #2425, #901, #156 ) ;
#2522 = ORIENTED_EDGE ( 'NONE', *, *, #1216, .F. ) ;
#2523 = AXIS2_PLACEMENT_3D ( 'NONE', #3053, #752, #2790 ) ;
#2524 = AXIS2_PLACEMENT_3D ( 'NONE', #2408, #1133, #2933 ) ;
#2525 = VERTEX_POINT ( 'NONE', #1728 ) ;
#2526 = CARTESIAN_POINT ( 'NONE',  ( 1.300000000000000044, 1.592040838891559095E-16, -5.000000000000000000 ) ) ;
#2527 = FACE_OUTER_BOUND ( 'NONE', #944, .T. ) ;
#2528 = VECTOR ( 'NONE', #2603, 1000.000000000000227 ) ;
#2529 = AXIS2_PLACEMENT_3D ( 'NONE', #547, #1552, #1309 ) ;
#2530 = CARTESIAN_POINT ( 'NONE',  ( 46.39088017111293283, 3.313209351239493561, 0.9500000000000002887 ) ) ;
#2531 = AXIS2_PLACEMENT_3D ( 'NONE', #951, #1451, #3279 ) ;
#2532 = VERTEX_POINT ( 'NONE', #1710 ) ;
#2533 = CARTESIAN_POINT ( 'NONE',  ( 0.000000000000000000, 0.000000000000000000, 4.700000000000000178 ) ) ;
#2534 = EDGE_CURVE ( 'NONE', #2132, #722, #1212, .T. ) ;
#2535 = AXIS2_PLACEMENT_3D ( 'NONE', #1674, #3149, #2431 ) ;
#2536 = B_SPLINE_CURVE_WITH_KNOTS ( 'NONE', 3,
 ( #1383, #1427, #1394, #916, #886, #3194, #928, #1930 ),
 .UNSPECIFIED., .F., .F.,
 ( 4, 2, 2, 4 ),
 ( 0.000000000000000000, 0.0002595666368812881873, 0.0003893499553219320641, 0.0005191332737625759409 ),
 .UNSPECIFIED. ) ;
#2537 = CARTESIAN_POINT ( 'NONE',  ( 0.7804264472511905915, 3.082966843874722862, -1.700000000000000178 ) ) ;
#2538 = CIRCLE ( 'NONE', #1997, 2.500000000000002220 ) ;
#2539 = EDGE_CURVE ( 'NONE', #889, #3180, #3059, .T. ) ;
#2540 = CARTESIAN_POINT ( 'NONE',  ( -0.02966054497049964642, 5.566772252322823356, -1.250000000000000000 ) ) ;
#2541 = CARTESIAN_POINT ( 'NONE',  ( 2.793992219639596541, -1.100753051169979013, -2.147170712512760371 ) ) ;
#2542 = ORIENTED_EDGE ( 'NONE', *, *, #2935, .T. ) ;
#2543 = VERTEX_POINT ( 'NONE', #189 ) ;
#2544 = B_SPLINE_CURVE_WITH_KNOTS ( 'NONE', 3,
 ( #2512, #2553, #1023, #274, #508, #742, #11, #756 ),
 .UNSPECIFIED., .F., .F.,
 ( 4, 2, 2, 4 ),
 ( -1.104835832579261138E-05, 0.0006875457984200286773, 0.001036842876792947767, 0.001386139955165867181 ),
 .UNSPECIFIED. ) ;
#2545 = ORIENTED_EDGE ( 'NONE', *, *, #2605, .F. ) ;
#2546 = ORIENTED_EDGE ( 'NONE', *, *, #3138, .T. ) ;
#2547 = CARTESIAN_POINT ( 'NONE',  ( 0.7804264472511903694, 3.082966843874722862, -1.250000000000000000 ) ) ;
#2548 = DIRECTION ( 'NONE',  ( -0.000000000000000000, -0.000000000000000000, 1.000000000000000000 ) ) ;
#2549 = CARTESIAN_POINT ( 'NONE',  ( -2.729660544970507363, 5.566772252322823356, 1.049999999999991829 ) ) ;
#2550 = ORIENTED_EDGE ( 'NONE', *, *, #2885, .F. ) ;
#2551 = CARTESIAN_POINT ( 'NONE',  ( -4.158686957032807996, 1.667043606169692938, -2.000000000000000000 ) ) ;
#2552 = ADVANCED_FACE ( 'NONE', ( #2197 ), #3113, .F. ) ;
#2553 = CARTESIAN_POINT ( 'NONE',  ( 37.78904483924591773, 5.502861596596960503, -1.019667530827528701 ) ) ;
#2554 = EDGE_CURVE ( 'NONE', #3184, #2390, #999, .T. ) ;
#2555 = DIRECTION ( 'NONE',  ( -0.000000000000000000, -0.000000000000000000, 1.000000000000000000 ) ) ;
#2556 = FACE_OUTER_BOUND ( 'NONE', #1938, .T. ) ;
#2557 = CARTESIAN_POINT ( 'NONE',  ( -2.699999999999998401, 3.306546357697851761E-16, 4.700000000000000178 ) ) ;
#2558 = CARTESIAN_POINT ( 'NONE',  ( 36.65716407754061379, -0.3894096380998312013, 1.019668554652758630 ) ) ;
#2559 = VERTEX_POINT ( 'NONE', #1972 ) ;
#2560 = ORIENTED_EDGE ( 'NONE', *, *, #1377, .F. ) ;
#2561 = FACE_OUTER_BOUND ( 'NONE', #446, .T. ) ;
#2562 = VERTEX_POINT ( 'NONE', #2242 ) ;
#2563 = CARTESIAN_POINT ( 'NONE',  ( 37.00672929459250327, 2.598149054281850834, -1.250000000000000000 ) ) ;
#2564 = EDGE_CURVE ( 'NONE', #2738, #2543, #1007, .T. ) ;
#2565 = DIRECTION ( 'NONE',  ( -1.000000000000000000, 0.000000000000000000, 0.000000000000000000 ) ) ;
#2566 = CARTESIAN_POINT ( 'NONE',  ( 48.13370075830223271, 3.483805795395821470, -2.000000000000000000 ) ) ;
#2567 = VERTEX_POINT ( 'NONE', #476 ) ;
#2568 = CARTESIAN_POINT ( 'NONE',  ( 4.241241905485717112, -168.5537438249798754, -2.000000000000000000 ) ) ;
#2569 = CARTESIAN_POINT ( 'NONE',  ( 4.221304349541728840, 8.706255053768478192, -1.700000000000000178 ) ) ;
#2570 = DIRECTION ( 'NONE',  ( 0.000000000000000000, -0.000000000000000000, -1.000000000000000000 ) ) ;
#2571 = DIRECTION ( 'NONE',  ( -0.000000000000000000, -0.000000000000000000, -1.000000000000000000 ) ) ;
#2572 = CARTESIAN_POINT ( 'NONE',  ( -2.729660544970507363, 5.566772252322823356, 1.700000000000000178 ) ) ;
#2573 = DIRECTION ( 'NONE',  ( 1.000000000000000000, 0.000000000000000000, 0.000000000000000000 ) ) ;
#2574 = CARTESIAN_POINT ( 'NONE',  ( -4.052159410440426157, 1.475116594246618229, -1.041518670944278524 ) ) ;
#2575 = EDGE_LOOP ( 'NONE', ( #2868, #81, #282 ) ) ;
#2576 = ADVANCED_FACE ( 'NONE', ( #3024 ), #1641, .F. ) ;
#2577 = AXIS2_PLACEMENT_3D ( 'NONE', #2808, #3052, #286 ) ;
#2578 = ORIENTED_EDGE ( 'NONE', *, *, #464, .F. ) ;
#2579 = DIRECTION ( 'NONE',  ( 1.000000000000000000, 0.000000000000000000, 0.000000000000000000 ) ) ;
#2580 = DIRECTION ( 'NONE',  ( 0.4402678298339660068, -0.8978664923101262740, 0.000000000000000000 ) ) ;
#2581 = CIRCLE ( 'NONE', #2641, 3.000000000000030198 ) ;
#2582 = ORIENTED_EDGE ( 'NONE', *, *, #3220, .T. ) ;
#2583 = LINE ( 'NONE', #1019, #672 ) ;
#2584 = CARTESIAN_POINT ( 'NONE',  ( 48.46999999999999886, 0.000000000000000000, -0.9500000000000000666 ) ) ;
#2585 = ORIENTED_EDGE ( 'NONE', *, *, #1780, .T. ) ;
#2586 = VECTOR ( 'NONE', #3196, 1000.000000000000000 ) ;
#2587 = DIRECTION ( 'NONE',  ( 0.000000000000000000, -1.000000000000000000, 0.000000000000000000 ) ) ;
#2588 = CLOSED_SHELL ( 'NONE', ( #3277, #1620, #2169, #1192, #261, #1811, #3256, #660, #710, #2552, #3161, #2793, #599, #1325, #1702, #2839, #1130, #2768, #2630, #3049, #3096, #1139, #1220, #499, #3275, #2067, #1659, #3235, #1273, #236, #1961, #2989, #1533, #3075, #21, #2011, #1900, #2266, #1826, #794, #205, #2474, #1849, #275, #2290, #75, #2228, #3201, #281, #483, #1958, #2143, #264, #1995, #897, #2277, #2417, #2957, #2729, #25, #2062, #1578, #2504, #2378, #640, #2188, #1011, #219, #2798, #2511, #472, #2016, #911, #1292, #927, #2042, #65, #2356, #2172, #1797, #3175, #817, #3142, #2285, #2576, #2371, #2122, #1075, #2440, #2241, #2513, #988, #1438, #116, #730, #2610, #2831, #2095, #2112, #693, #89, #442, #231, #865, #48 ) ) ;
#2589 = DIRECTION ( 'NONE',  ( 0.4999999999999951705, 0.8660254037844413721, -0.000000000000000000 ) ) ;
#2590 = AXIS2_PLACEMENT_3D ( 'NONE', #2533, #2990, #2979 ) ;
#2591 = TOROIDAL_SURFACE ( 'NONE', #2320, 2.700000000000029932, 0.2999999999999999889 ) ;
#2592 = AXIS2_PLACEMENT_3D ( 'NONE', #1575, #2817, #31 ) ;
#2593 = CARTESIAN_POINT ( 'NONE',  ( -3.859328493091901624, 1.417107429979447941, 1.225163863382259910 ) ) ;
#2594 = AXIS2_PLACEMENT_3D ( 'NONE', #696, #1699, #440 ) ;
#2595 = DIRECTION ( 'NONE',  ( -0.8978664923101261630, -0.4402678298339658958, 0.000000000000000000 ) ) ;
#2596 = DIRECTION ( 'NONE',  ( -1.000000000000000000, 0.000000000000000000, 0.000000000000000000 ) ) ;
#2597 = AXIS2_PLACEMENT_3D ( 'NONE', #2747, #985, #2460 ) ;
#2598 = DIRECTION ( 'NONE',  ( 1.000000000000000000, 0.000000000000000000, 0.000000000000000000 ) ) ;
#2599 = DIRECTION ( 'NONE',  ( -0.000000000000000000, 0.000000000000000000, 1.000000000000000000 ) ) ;
#2600 = VERTEX_POINT ( 'NONE', #2772 ) ;
#2601 = CARTESIAN_POINT ( 'NONE',  ( 43.71991105278057432, -7.048876151096988174, 1.250000000000000000 ) ) ;
#2602 = ORIENTED_EDGE ( 'NONE', *, *, #1605, .T. ) ;
#2603 = DIRECTION ( 'NONE',  ( 0.4402678298339659513, -0.8978664923101262740, 0.000000000000000000 ) ) ;
#2604 = DIRECTION ( 'NONE',  ( 1.000000000000000000, 0.000000000000000000, 0.000000000000000000 ) ) ;
#2605 = EDGE_CURVE ( 'NONE', #1111, #1916, #206, .T. ) ;
#2606 = ORIENTED_EDGE ( 'NONE', *, *, #1123, .F. ) ;
#2607 = PRODUCT_DEFINITION_FORMATION_WITH_SPECIFIED_SOURCE ( 'ÈÎºÎ', '', #3242, .NOT_KNOWN. ) ;
#2608 = CARTESIAN_POINT ( 'NONE',  ( 48.46999999999999886, 0.000000000000000000, -1.050000000000000488 ) ) ;
#2609 = VERTEX_POINT ( 'NONE', #171 ) ;
#2610 = ADVANCED_FACE ( 'NONE', ( #2706 ), #373, .T. ) ;
#2611 = CARTESIAN_POINT ( 'NONE',  ( -3.680482097444022660, 1.373213098650152064, 1.250000000000000000 ) ) ;
#2612 = DIRECTION ( 'NONE',  ( -0.000000000000000000, 0.000000000000000000, 1.000000000000000000 ) ) ;
#2613 = DIRECTION ( 'NONE',  ( 0.000000000000000000, 0.000000000000000000, -1.000000000000000000 ) ) ;
#2614 = CARTESIAN_POINT ( 'NONE',  ( 0.000000000000000000, 0.000000000000000000, -2.000000000000000000 ) ) ;
#2615 = DIRECTION ( 'NONE',  ( 1.000000000000000000, 0.000000000000000000, 0.000000000000000000 ) ) ;
#2616 = ORIENTED_EDGE ( 'NONE', *, *, #68, .F. ) ;
#2617 = CARTESIAN_POINT ( 'NONE',  ( 48.46999999999999886, 0.000000000000000000, -1.050000000000000488 ) ) ;
#2618 = DIRECTION ( 'NONE',  ( 1.000000000000000000, 0.000000000000000000, -0.000000000000000000 ) ) ;
#2619 = CARTESIAN_POINT ( 'NONE',  ( 2.951704829746619740, -0.5563879716898133543, 2.300000000000000266 ) ) ;
#2620 = ORIENTED_EDGE ( 'NONE', *, *, #1747, .T. ) ;
#2621 = FILL_AREA_STYLE ('',( #99 ) ) ;
#2622 = EDGE_LOOP ( 'NONE', ( #1604, #1271, #2659, #2974 ) ) ;
#2623 = EDGE_CURVE ( 'NONE', #1523, #2631, #849, .T. ) ;
#2624 = EDGE_CURVE ( 'NONE', #782, #1005, #479, .T. ) ;
#2625 = CARTESIAN_POINT ( 'NONE',  ( 48.46999999999999886, 0.000000000000000000, 1.050000000000013589 ) ) ;
#2626 = EDGE_CURVE ( 'NONE', #1923, #2749, #2400, .T. ) ;
#2627 = CARTESIAN_POINT ( 'NONE',  ( 0.000000000000000000, 0.000000000000000000, 2.000000000000000000 ) ) ;
#2628 = CARTESIAN_POINT ( 'NONE',  ( -5.166631845869951611, 3.054567866013368160, -0.9500000000000000666 ) ) ;
#2629 = CARTESIAN_POINT ( 'NONE',  ( 4.221304349541728840, 8.706255053768478192, 0.9500000000000002887 ) ) ;
#2630 = ADVANCED_FACE ( 'NONE', ( #2667 ), #1635, .F. ) ;
#2631 = VERTEX_POINT ( 'NONE', #2926 ) ;
#2632 = CARTESIAN_POINT ( 'NONE',  ( 44.90716803423415371, -2.191879047948791737, -0.9500000000000000666 ) ) ;
#2633 = CYLINDRICAL_SURFACE ( 'NONE', #2315, 4.999999999999997335 ) ;
#2634 = PLANE ( 'NONE',  #779 ) ;
#2635 = CARTESIAN_POINT ( 'NONE',  ( 2.629637805328348232, -1.468741307574140231, 1.976951967834067903 ) ) ;
#2636 = ORIENTED_EDGE ( 'NONE', *, *, #953, .T. ) ;
#2637 = ORIENTED_EDGE ( 'NONE', *, *, #649, .T. ) ;
#2638 = CARTESIAN_POINT ( 'NONE',  ( -2.729660544970507363, 5.566772252322823356, -5.000000000000000000 ) ) ;
#2639 = ORIENTED_EDGE ( 'NONE', *, *, #391, .T. ) ;
#2640 = AXIS2_PLACEMENT_3D ( 'NONE', #2364, #1788, #95 ) ;
#2641 = AXIS2_PLACEMENT_3D ( 'NONE', #858, #3084, #572 ) ;
#2642 = CIRCLE ( 'NONE', #1202, 4.599999999999999645 ) ;
#2643 = VECTOR ( 'NONE', #668, 1000.000000000000000 ) ;
#2644 = AXIS2_PLACEMENT_3D ( 'NONE', #3221, #2472, #2670 ) ;
#2645 = EDGE_CURVE ( 'NONE', #2738, #218, #1469, .T. ) ;
#2646 = AXIS2_PLACEMENT_3D ( 'NONE', #2850, #1326, #2797 ) ;
#2647 = CIRCLE ( 'NONE', #2376, 0.2999999999999999889 ) ;
#2648 = DIRECTION ( 'NONE',  ( -0.000000000000000000, -0.000000000000000000, -1.000000000000000000 ) ) ;
#2649 = EDGE_CURVE ( 'NONE', #477, #2820, #1897, .T. ) ;
#2650 = CARTESIAN_POINT ( 'NONE',  ( -3.680482097444022216, 1.373213098650151176, -1.250000000000000000 ) ) ;
#2651 = ORIENTED_EDGE ( 'NONE', *, *, #2680, .T. ) ;
#2652 = DIRECTION ( 'NONE',  ( 0.2374513962907081888, 0.9713994206296363565, 0.000000000000000000 ) ) ;
#2653 = DIRECTION ( 'NONE',  ( 0.9906621528364986107, -0.1363396455083915049, 0.000000000000000000 ) ) ;
#2654 = AXIS2_PLACEMENT_3D ( 'NONE', #2530, #2987, #220 ) ;
#2655 = CARTESIAN_POINT ( 'NONE',  ( 50.96999999999999886, 0.000000000000000000, 1.050000000000013589 ) ) ;
#2656 = DIRECTION ( 'NONE',  ( -0.000000000000000000, -0.000000000000000000, 1.000000000000000000 ) ) ;
#2657 = DIRECTION ( 'NONE',  ( -0.000000000000000000, -0.000000000000000000, 1.000000000000000000 ) ) ;
#2658 = ORIENTED_EDGE ( 'NONE', *, *, #398, .T. ) ;
#2659 = ORIENTED_EDGE ( 'NONE', *, *, #1771, .T. ) ;
#2660 = ORIENTED_EDGE ( 'NONE', *, *, #3220, .F. ) ;
#2661 = EDGE_CURVE ( 'NONE', #749, #782, #1320, .T. ) ;
#2662 = DIRECTION ( 'NONE',  ( 1.000000000000000000, 0.000000000000000000, 0.000000000000000000 ) ) ;
#2663 = DIRECTION ( 'NONE',  ( 1.000000000000000000, 0.000000000000000000, 0.000000000000000000 ) ) ;
#2664 = CARTESIAN_POINT ( 'NONE',  ( 0.000000000000000000, 0.000000000000000000, -4.700000000000000178 ) ) ;
#2665 = ORIENTED_EDGE ( 'NONE', *, *, #2683, .T. ) ;
#2666 = CARTESIAN_POINT ( 'NONE',  ( 4.241241905485717112, -168.5537438249798754, 1.250000000000000000 ) ) ;
#2667 = FACE_OUTER_BOUND ( 'NONE', #301, .T. ) ;
#2668 = CARTESIAN_POINT ( 'NONE',  ( -4.066977831037369207, 1.480015289107766030, 0.9500000000000000666 ) ) ;
#2669 = ORIENTED_EDGE ( 'NONE', *, *, #1144, .T. ) ;
#2670 = DIRECTION ( 'NONE',  ( -0.02389417698457734635, 0.9997144933961044089, 0.000000000000000000 ) ) ;
#2671 = EDGE_LOOP ( 'NONE', ( #1677, #981, #2616, #1539 ) ) ;
#2672 = EDGE_CURVE ( 'NONE', #83, #1354, #1076, .T. ) ;
#2673 = DIRECTION ( 'NONE',  ( 0.000000000000000000, 0.000000000000000000, -1.000000000000000000 ) ) ;
#2674 = DIRECTION ( 'NONE',  ( -0.9821639669417049356, 0.1880264397400901177, 0.000000000000000000 ) ) ;
#2675 = ORIENTED_EDGE ( 'NONE', *, *, #1647, .T. ) ;
#2676 = DIRECTION ( 'NONE',  ( 1.000000000000000000, 0.000000000000000000, 0.000000000000000000 ) ) ;
#2677 = CARTESIAN_POINT ( 'NONE',  ( 2.327262649190777744, -1.893105533688356434, -1.700000000000000178 ) ) ;
#2678 = LINE ( 'NONE', #406, #2995 ) ;
#2679 = EDGE_LOOP ( 'NONE', ( #211, #344, #2208, #659 ) ) ;
#2680 = EDGE_CURVE ( 'NONE', #2243, #354, #2328, .T. ) ;
#2681 = CARTESIAN_POINT ( 'NONE',  ( 2.916873356605272694, -1.085334000032586621, 1.920099471272489033 ) ) ;
#2682 = VERTEX_POINT ( 'NONE', #393 ) ;
#2683 = EDGE_CURVE ( 'NONE', #1005, #2754, #1893, .T. ) ;
#2684 = AXIS2_PLACEMENT_3D ( 'NONE', #2563, #2770, #1489 ) ;
#2685 = AXIS2_PLACEMENT_3D ( 'NONE', #2617, #3101, #340 ) ;
#2686 = DIRECTION ( 'NONE',  ( -0.000000000000000000, -0.000000000000000000, -1.000000000000000000 ) ) ;
#2687 = CIRCLE ( 'NONE', #1408, 0.2999999999999999334 ) ;
#2688 = AXIS2_PLACEMENT_3D ( 'NONE', #45, #254, #1124 ) ;
#2689 = CARTESIAN_POINT ( 'NONE',  ( 43.71991105278057432, -7.048876151096988174, -0.9500000000000000666 ) ) ;
#2690 = VECTOR ( 'NONE', #2589, 1000.000000000000114 ) ;
#2691 = CIRCLE ( 'NONE', #1254, 2.699999999999998401 ) ;
#2692 = CARTESIAN_POINT ( 'NONE',  ( 0.5355366570961886952, 3.256255593301334628, -1.700000000000000178 ) ) ;
#2693 = VECTOR ( 'NONE', #1471, 1000.000000000000000 ) ;
#2694 = CARTESIAN_POINT ( 'NONE',  ( -1.300000000000000044, 0.000000000000000000, -4.700000000000000178 ) ) ;
#2695 = CARTESIAN_POINT ( 'NONE',  ( -0.4740116451163898792, 0.2736707509069615796, -2.000000000000000000 ) ) ;
#2696 = EDGE_LOOP ( 'NONE', ( #1736, #3031, #346, #1279 ) ) ;
#2697 = PLANE ( 'NONE',  #774 ) ;
#2698 = ORIENTED_EDGE ( 'NONE', *, *, #2713, .T. ) ;
#2699 = AXIS2_PLACEMENT_3D ( 'NONE', #1169, #2129, #1661 ) ;
#2700 = EDGE_CURVE ( 'NONE', #425, #2161, #1732, .T. ) ;
#2701 = AXIS2_PLACEMENT_3D ( 'NONE', #84, #1851, #1093 ) ;
#2702 = FACE_OUTER_BOUND ( 'NONE', #3249, .T. ) ;
#2703 = EDGE_CURVE ( 'NONE', #438, #20, #3006, .T. ) ;
#2704 = ORIENTED_EDGE ( 'NONE', *, *, #349, .T. ) ;
#2705 = CARTESIAN_POINT ( 'NONE',  ( 2.921984524154395579, -0.6943102282913986567, -2.275187022349145050 ) ) ;
#2706 = FACE_OUTER_BOUND ( 'NONE', #3234, .T. ) ;
#2707 = DIRECTION ( 'NONE',  ( -0.000000000000000000, -0.000000000000000000, -1.000000000000000000 ) ) ;
#2708 = ORIENTED_EDGE ( 'NONE', *, *, #1478, .F. ) ;
#2709 = CARTESIAN_POINT ( 'NONE',  ( 0.8403963482505767413, 3.093419823351312381, -1.860065334228757417 ) ) ;
#2710 = CARTESIAN_POINT ( 'NONE',  ( 2.971986458509494167, -0.4090189365251732379, -2.299999999999999822 ) ) ;
#2711 = VERTEX_POINT ( 'NONE', #643 ) ;
#2712 = VERTEX_POINT ( 'NONE', #1691 ) ;
#2713 = EDGE_CURVE ( 'NONE', #1129, #2999, #522, .T. ) ;
#2714 = DIRECTION ( 'NONE',  ( -0.8292795471878771085, 0.5588339937905262289, 0.000000000000000000 ) ) ;
#2715 = CARTESIAN_POINT ( 'NONE',  ( -2.729660544970507363, 5.566772252322823356, -1.250000000000000000 ) ) ;
#2716 = ORIENTED_EDGE ( 'NONE', *, *, #332, .F. ) ;
#2717 = EDGE_CURVE ( 'NONE', #1388, #957, #950, .T. ) ;
#2718 = EDGE_CURVE ( 'NONE', #802, #2142, #1264, .T. ) ;
#2719 = DIRECTION ( 'NONE',  ( 0.2381873771791866712, 0.9712192200283621402, 0.000000000000000000 ) ) ;
#2720 = ORIENTED_EDGE ( 'NONE', *, *, #1341, .F. ) ;
#2721 = CARTESIAN_POINT ( 'NONE',  ( 3.207357379851071499, -0.5832415131528032592, 1.999999999999999556 ) ) ;
#2722 = ORIENTED_EDGE ( 'NONE', *, *, #2870, .F. ) ;
#2723 = VERTEX_POINT ( 'NONE', #3076 ) ;
#2724 = DIRECTION ( 'NONE',  ( 1.000000000000000000, 0.000000000000000000, 0.000000000000000000 ) ) ;
#2725 = CARTESIAN_POINT ( 'NONE',  ( 0.5355366570961886952, 3.256255593301334628, -1.250000000000000000 ) ) ;
#2726 = ORIENTED_EDGE ( 'NONE', *, *, #2404, .T. ) ;
#2727 = DIRECTION ( 'NONE',  ( -1.000000000000000000, 0.000000000000000000, 0.000000000000000000 ) ) ;
#2728 = VECTOR ( 'NONE', #439, 1000.000000000000000 ) ;
#2729 = ADVANCED_FACE ( 'NONE', ( #2246 ), #850, .T. ) ;
#2730 = CIRCLE ( 'NONE', #3155, 3.200000000000000622 ) ;
#2731 = CIRCLE ( 'NONE', #2944, 0.2999999999999997669 ) ;
#2732 = VECTOR ( 'NONE', #502, 1000.000000000000114 ) ;
#2733 = AXIS2_PLACEMENT_3D ( 'NONE', #57, #2153, #1657 ) ;
#2734 =( BOUNDED_SURFACE ( )  B_SPLINE_SURFACE ( 3, 2, ( 
 ( #530, #546, #2537 ),
 ( #811, #1516, #52 ),
 ( #2026, #1549, #1274 ),
 ( #1060, #2066, #3276 ),
 ( #492, #2010, #433 ),
 ( #3027, #1440, #1756 ),
 ( #600, #1592, #334 ),
 ( #3112, #828, #1831 ) ),
 .UNSPECIFIED., .F., .F., .F. ) 
 B_SPLINE_SURFACE_WITH_KNOTS ( ( 4, 2, 2, 4 ),
 ( 3, 3 ),
 ( 0.0003773003745566975704, 0.0008591663142631962699, 0.001100099284116445647, 0.001341032253969694915 ),
 ( 0.000000000000000000, 1.000000000000000000 ),
 .UNSPECIFIED. ) 
 GEOMETRIC_REPRESENTATION_ITEM ( )  RATIONAL_B_SPLINE_SURFACE ( (
 ( 1.000000000000000000, 0.8477912478906589611, 1.000000000000000000),
 ( 1.000000000000000000, 0.8486090153629075594, 1.000000000000000000),
 ( 1.000000000000000000, 0.8233470928770295627, 1.000000000000000000),
 ( 1.000000000000000000, 0.7772394342894441976, 1.000000000000000000),
 ( 1.000000000000000000, 0.7604721556823096362, 1.000000000000000000),
 ( 1.000000000000000000, 0.7303380692812310171, 1.000000000000000000),
 ( 1.000000000000000000, 0.7166764730183877719, 1.000000000000000000),
 ( 1.000000000000000000, 0.7071067811865479058, 1.000000000000000000) ) ) 
 REPRESENTATION_ITEM ( '' )  SURFACE ( )  );
#2735 = EDGE_CURVE ( 'NONE', #741, #2366, #1304, .T. ) ;
#2736 = DIRECTION ( 'NONE',  ( 0.000000000000000000, 0.000000000000000000, -1.000000000000000000 ) ) ;
#2737 = CARTESIAN_POINT ( 'NONE',  ( -5.166631845869951611, 3.054567866013368160, 0.9500000000000002887 ) ) ;
#2738 = VERTEX_POINT ( 'NONE', #2569 ) ;
#2739 = AXIS2_PLACEMENT_3D ( 'NONE', #1545, #1269, #1323 ) ;
#2740 = AXIS2_PLACEMENT_3D ( 'NONE', #968, #1186, #174 ) ;
#2741 = CARTESIAN_POINT ( 'NONE',  ( -2.729660544970507363, 5.566772252322823356, -2.000000000000000000 ) ) ;
#2742 = ORIENTED_EDGE ( 'NONE', *, *, #487, .F. ) ;
#2743 = CIRCLE ( 'NONE', #2426, 5.000000000000000000 ) ;
#2744 = VERTEX_POINT ( 'NONE', #1532 ) ;
#2745 = AXIS2_PLACEMENT_3D ( 'NONE', #723, #974, #3250 ) ;
#2746 = CARTESIAN_POINT ( 'NONE',  ( -2.424239529237342872, -1.188723140551709134, -1.250000000000000000 ) ) ;
#2747 = CARTESIAN_POINT ( 'NONE',  ( 11.63631324595389138, -9.465527668441804821, -1.700000000000000178 ) ) ;
#2748 = AXIS2_PLACEMENT_3D ( 'NONE', #1284, #24, #288 ) ;
#2749 = VERTEX_POINT ( 'NONE', #290 ) ;
#2750 = CARTESIAN_POINT ( 'NONE',  ( -5.229660544970507807, 5.566772252322823356, -1.049999999999998934 ) ) ;
#2751 = CARTESIAN_POINT ( 'NONE',  ( 1.254056312437924037, 3.266772252322847958, 1.700000000000000178 ) ) ;
#2752 = EDGE_CURVE ( 'NONE', #385, #1222, #3009, .T. ) ;
#2753 = ORIENTED_EDGE ( 'NONE', *, *, #953, .F. ) ;
#2754 = VERTEX_POINT ( 'NONE', #2776 ) ;
#2755 = ORIENTED_EDGE ( 'NONE', *, *, #1470, .T. ) ;
#2756 = EDGE_CURVE ( 'NONE', #1473, #2682, #2117, .T. ) ;
#2757 = ORIENTED_EDGE ( 'NONE', *, *, #1191, .T. ) ;
#2758 = CARTESIAN_POINT ( 'NONE',  ( 2.957289181570718739, -0.5158115026793814728, 2.037287324910346253 ) ) ;
#2759 = CARTESIAN_POINT ( 'NONE',  ( -5.423260021900969896, 4.245968762820884201, 2.000000000000000000 ) ) ;
#2760 = EDGE_CURVE ( 'NONE', #354, #1637, #2544, .T. ) ;
#2761 = ORIENTED_EDGE ( 'NONE', *, *, #1675, .T. ) ;
#2762 = CARTESIAN_POINT ( 'NONE',  ( -0.02966054497049921274, 5.566772252322823356, 1.250000000000000222 ) ) ;
#2763 = CARTESIAN_POINT ( 'NONE',  ( -2.719422214324873188, 1.266784441109215731, 1.250000000000000000 ) ) ;
#2764 = CARTESIAN_POINT ( 'NONE',  ( 0.000000000000000000, 0.000000000000000000, 5.000000000000000000 ) ) ;
#2765 = ORIENTED_EDGE ( 'NONE', *, *, #578, .F. ) ;
#2766 = ORIENTED_EDGE ( 'NONE', *, *, #1505, .F. ) ;
#2767 = VERTEX_POINT ( 'NONE', #772 ) ;
#2768 = ADVANCED_FACE ( 'NONE', ( #2454 ), #181, .T. ) ;
#2769 = ORIENTED_EDGE ( 'NONE', *, *, #2752, .T. ) ;
#2770 = DIRECTION ( 'NONE',  ( -0.000000000000000000, -0.000000000000000000, -1.000000000000000000 ) ) ;
#2771 = DIRECTION ( 'NONE',  ( 1.000000000000000000, 0.000000000000000000, 0.000000000000000000 ) ) ;
#2772 = CARTESIAN_POINT ( 'NONE',  ( 0.9942486913025916362, 3.416772252322846093, -1.250000000000000000 ) ) ;
#2773 = EDGE_CURVE ( 'NONE', #691, #1436, #256, .T. ) ;
#2774 = ORIENTED_EDGE ( 'NONE', *, *, #697, .T. ) ;
#2775 = SURFACE_STYLE_USAGE ( .BOTH. , #1009 ) ;
#2776 = CARTESIAN_POINT ( 'NONE',  ( 2.327262649190777744, -1.893105533688356434, 1.700000000000000178 ) ) ;
#2777 = CIRCLE ( 'NONE', #1403, 1.000000000000000000 ) ;
#2778 = CIRCLE ( 'NONE', #1358, 1.300000000000000044 ) ;
#2779 = CARTESIAN_POINT ( 'NONE',  ( 37.00672929459250327, 2.598149054281850834, 1.250000000000000000 ) ) ;
#2780 = CARTESIAN_POINT ( 'NONE',  ( 2.951704339602517990, -0.5563915331426033672, -2.300000000000000266 ) ) ;
#2781 = ORIENTED_EDGE ( 'NONE', *, *, #42, .F. ) ;
#2782 = AXIS2_PLACEMENT_3D ( 'NONE', #839, #1125, #871 ) ;
#2783 = ORIENTED_EDGE ( 'NONE', *, *, #1714, .F. ) ;
#2784 = AXIS2_PLACEMENT_3D ( 'NONE', #2940, #703, #658 ) ;
#2785 = ORIENTED_EDGE ( 'NONE', *, *, #614, .T. ) ;
#2786 = AXIS2_PLACEMENT_3D ( 'NONE', #1020, #557, #1563 ) ;
#2787 = CIRCLE ( 'NONE', #683, 2.999999999999998224 ) ;
#2788 = EDGE_LOOP ( 'NONE', ( #1547, #1372, #1965, #2881 ) ) ;
#2789 = CARTESIAN_POINT ( 'NONE',  ( 2.999999999999998224, 0.000000000000000000, -2.299999999999999822 ) ) ;
#2790 = DIRECTION ( 'NONE',  ( 1.000000000000000000, -4.352956121598125721E-14, 0.000000000000000000 ) ) ;
#2791 = CIRCLE ( 'NONE', #46, 2.999999999999998224 ) ;
#2792 = VECTOR ( 'NONE', #1613, 1000.000000000000114 ) ;
#2793 = ADVANCED_FACE ( 'NONE', ( #2269 ), #686, .F. ) ;
#2794 = LINE ( 'NONE', #2566, #3164 ) ;
#2795 = AXIS2_PLACEMENT_3D ( 'NONE', #2009, #3229, #1493 ) ;
#2796 = ORIENTED_EDGE ( 'NONE', *, *, #3120, .F. ) ;
#2797 = DIRECTION ( 'NONE',  ( 1.000000000000000000, 0.000000000000000000, -0.000000000000000000 ) ) ;
#2798 = ADVANCED_FACE ( 'NONE', ( #1744 ), #2734, .F. ) ;
#2799 = VECTOR ( 'NONE', #2956, 1000.000000000000000 ) ;
#2800 = DIRECTION ( 'NONE',  ( 1.000000000000000000, 0.000000000000000000, 0.000000000000000000 ) ) ;
#2801 = CARTESIAN_POINT ( 'NONE',  ( -2.729660544970507363, 5.566772252322823356, 2.000000000000000000 ) ) ;
#2802 = DIRECTION ( 'NONE',  ( 0.000000000000000000, 0.000000000000000000, -1.000000000000000000 ) ) ;
#2803 = ORIENTED_EDGE ( 'NONE', *, *, #2964, .F. ) ;
#2804 = EDGE_LOOP ( 'NONE', ( #1588, #2698, #410, #3266 ) ) ;
#2805 = ORIENTED_EDGE ( 'NONE', *, *, #2773, .T. ) ;
#2806 = DIRECTION ( 'NONE',  ( -1.000000000000000000, 0.000000000000000000, 0.000000000000000000 ) ) ;
#2807 = ORIENTED_EDGE ( 'NONE', *, *, #2935, .F. ) ;
#2808 = CARTESIAN_POINT ( 'NONE',  ( 37.00672929459250327, 2.598149054281850834, 1.700000000000000178 ) ) ;
#2809 = CARTESIAN_POINT ( 'NONE',  ( -1.744832402571561136, 8.611458365855552799, 0.9500000000000002887 ) ) ;
#2810 = DIRECTION ( 'NONE',  ( 1.000000000000000000, 0.000000000000000000, 0.000000000000000000 ) ) ;
#2811 = ORIENTED_EDGE ( 'NONE', *, *, #2756, .T. ) ;
#2812 = DIRECTION ( 'NONE',  ( -0.000000000000000000, -0.000000000000000000, -1.000000000000000000 ) ) ;
#2813 = UNCERTAINTY_MEASURE_WITH_UNIT (LENGTH_MEASURE( 1.000000000000000082E-05 ), #1213, 'distance_accuracy_value', 'NONE');
#2814 = DIRECTION ( 'NONE',  ( 1.000000000000000000, 0.000000000000000000, 0.000000000000000000 ) ) ;
#2815 = EDGE_CURVE ( 'NONE', #787, #1923, #2538, .T. ) ;
#2816 = DIRECTION ( 'NONE',  ( -0.000000000000000000, 0.000000000000000000, 1.000000000000000000 ) ) ;
#2817 = DIRECTION ( 'NONE',  ( 0.000000000000000000, 0.000000000000000000, 1.000000000000000000 ) ) ;
#2818 = FACE_OUTER_BOUND ( 'NONE', #3033, .T. ) ;
#2819 = CARTESIAN_POINT ( 'NONE',  ( -4.066977831037368318, 1.480015289107766474, -0.9500000000000000666 ) ) ;
#2820 = VERTEX_POINT ( 'NONE', #348 ) ;
#2821 = VERTEX_POINT ( 'NONE', #2099 ) ;
#2822 = LINE ( 'NONE', #2307, #2375 ) ;
#2823 = CARTESIAN_POINT ( 'NONE',  ( 46.51408102173317616, -2.902478415157581981, -2.000000000000000000 ) ) ;
#2824 = ORIENTED_EDGE ( 'NONE', *, *, #2311, .F. ) ;
#2825 = DIRECTION ( 'NONE',  ( 0.000000000000000000, 0.000000000000000000, -1.000000000000000000 ) ) ;
#2826 = CARTESIAN_POINT ( 'NONE',  ( -2.729660544970507363, 5.566772252322823356, 1.700000000000000178 ) ) ;
#2827 = LINE ( 'NONE', #558, #1115 ) ;
#2828 = DIRECTION ( 'NONE',  ( -0.000000000000000000, -0.000000000000000000, 1.000000000000000000 ) ) ;
#2829 = LINE ( 'NONE', #2080, #1847 ) ;
#2830 = FACE_OUTER_BOUND ( 'NONE', #1705, .T. ) ;
#2831 = ADVANCED_FACE ( 'NONE', ( #107 ), #1117, .T. ) ;
#2832 = DIRECTION ( 'NONE',  ( -0.000000000000000000, -0.000000000000000000, 1.000000000000000000 ) ) ;
#2833 = FACE_OUTER_BOUND ( 'NONE', #2696, .T. ) ;
#2834 = CARTESIAN_POINT ( 'NONE',  ( -8.648019418583444917, -0.5342955430001402606, -1.250000000000000000 ) ) ;
#2835 = DIRECTION ( 'NONE',  ( -0.000000000000000000, 0.000000000000000000, 1.000000000000000000 ) ) ;
#2836 = EDGE_LOOP ( 'NONE', ( #2352, #3268, #3273 ) ) ;
#2837 = DIRECTION ( 'NONE',  ( 0.000000000000000000, 0.000000000000000000, -1.000000000000000000 ) ) ;
#2838 = AXIS2_PLACEMENT_3D ( 'NONE', #3022, #2845, #2313 ) ;
#2839 = ADVANCED_FACE ( 'NONE', ( #2372 ), #2871, .F. ) ;
#2840 = ORIENTED_EDGE ( 'NONE', *, *, #2033, .F. ) ;
#2841 = DIRECTION ( 'NONE',  ( 1.000000000000000000, 0.000000000000000000, 0.000000000000000000 ) ) ;
#2842 = CARTESIAN_POINT ( 'NONE',  ( 36.49905790729429356, -0.05369365646076148385, 2.000000000000000000 ) ) ;
#2843 = AXIS2_PLACEMENT_3D ( 'NONE', #2089, #1136, #78 ) ;
#2844 = ORIENTED_EDGE ( 'NONE', *, *, #2231, .F. ) ;
#2845 = DIRECTION ( 'NONE',  ( 0.9374391968459020452, -0.3481490373631818125, 0.000000000000000000 ) ) ;
#2846 = AXIS2_PLACEMENT_3D ( 'NONE', #2387, #1633, #804 ) ;
#2847 = AXIS2_PLACEMENT_3D ( 'NONE', #534, #1596, #1536 ) ;
#2848 = FACE_OUTER_BOUND ( 'NONE', #2031, .T. ) ;
#2849 = CIRCLE ( 'NONE', #2997, 0.2999999999999998224 ) ;
#2850 = CARTESIAN_POINT ( 'NONE',  ( 0.000000000000000000, 0.000000000000000000, 2.000000000000000000 ) ) ;
#2851 = AXIS2_PLACEMENT_3D ( 'NONE', #1891, #1182, #159 ) ;
#2852 = CIRCLE ( 'NONE', #2046, 1.300000000000000044 ) ;
#2853 = TOROIDAL_SURFACE ( 'NONE', #2592, 176.9600000000000364, 0.2999999999999999889 ) ;
#2854 = DIRECTION ( 'NONE',  ( 0.000000000000000000, 0.000000000000000000, -1.000000000000000000 ) ) ;
#2855 = AXIS2_PLACEMENT_3D ( 'NONE', #2296, #809, #526 ) ;
#2856 = DIRECTION ( 'NONE',  ( 0.000000000000000000, 0.000000000000000000, -1.000000000000000000 ) ) ;
#2857 = CARTESIAN_POINT ( 'NONE',  ( -2.729660544970507363, 5.566772252322823356, -0.9500000000000000666 ) ) ;
#2858 = CARTESIAN_POINT ( 'NONE',  ( 0.9725802350457910528, 3.107236917436801082, 1.968028893485418651 ) ) ;
#2859 = AXIS2_PLACEMENT_3D ( 'NONE', #1355, #560, #851 ) ;
#2860 = DIRECTION ( 'NONE',  ( 0.000000000000000000, 0.000000000000000000, -1.000000000000000000 ) ) ;
#2861 = EDGE_CURVE ( 'NONE', #1637, #2821, #1003, .T. ) ;
#2862 = DIRECTION ( 'NONE',  ( 1.000000000000000000, 0.000000000000000000, 0.000000000000000000 ) ) ;
#2863 = ORIENTED_EDGE ( 'NONE', *, *, #1780, .F. ) ;
#2864 = CARTESIAN_POINT ( 'NONE',  ( -4.066977831037368318, 1.480015289107766474, -0.9500000000000000666 ) ) ;
#2865 = FACE_OUTER_BOUND ( 'NONE', #857, .T. ) ;
#2866 = DIRECTION ( 'NONE',  ( 0.7071067811865583419, 8.659560562355064746E-17, -0.7071067811865368036 ) ) ;
#2867 = EDGE_CURVE ( 'NONE', #1111, #2219, #2829, .T. ) ;
#2868 = ORIENTED_EDGE ( 'NONE', *, *, #2624, .T. ) ;
#2869 = ORIENTED_EDGE ( 'NONE', *, *, #85, .F. ) ;
#2870 = EDGE_CURVE ( 'NONE', #591, #1619, #1036, .T. ) ;
#2871 = CYLINDRICAL_SURFACE ( 'NONE', #2859, 1.000000000000000000 ) ;
#2872 = CARTESIAN_POINT ( 'NONE',  ( 2.699999999999998401, 0.000000000000000000, 4.700000000000000178 ) ) ;
#2873 = DIRECTION ( 'NONE',  ( 0.000000000000000000, 0.000000000000000000, -1.000000000000000000 ) ) ;
#2874 = CARTESIAN_POINT ( 'NONE',  ( 4.124297642425021060, 8.694649370835630720, 1.046926016673027426 ) ) ;
#2875 = CARTESIAN_POINT ( 'NONE',  ( -3.858951030678338778, 1.416985587127173263, -1.225623822075930125 ) ) ;
#2876 = VERTEX_POINT ( 'NONE', #80 ) ;
#2877 = CARTESIAN_POINT ( 'NONE',  ( 3.269185104360444072, -0.4499208301776907448, -2.000000000000000000 ) ) ;
#2878 = DIRECTION ( 'NONE',  ( -1.000000000000000000, 0.000000000000000000, 0.000000000000000000 ) ) ;
#2879 = CARTESIAN_POINT ( 'NONE',  ( -5.423260021900969896, 4.245968762820884201, -0.9500000000000000666 ) ) ;
#2880 = CARTESIAN_POINT ( 'NONE',  ( 2.793998154462910666, -1.100737623961548728, 2.147176945767634848 ) ) ;
#2881 = ORIENTED_EDGE ( 'NONE', *, *, #1319, .F. ) ;
#2882 = EDGE_LOOP ( 'NONE', ( #864, #1973, #2174, #2896 ) ) ;
#2883 = DIRECTION ( 'NONE',  ( -0.000000000000000000, -0.000000000000000000, 1.000000000000000000 ) ) ;
#2884 = ORIENTED_EDGE ( 'NONE', *, *, #1356, .F. ) ;
#2885 = EDGE_CURVE ( 'NONE', #873, #229, #2077, .T. ) ;
#2886 = DIRECTION ( 'NONE',  ( 0.000000000000000000, 0.000000000000000000, 1.000000000000000000 ) ) ;
#2887 = EDGE_CURVE ( 'NONE', #741, #3219, #188, .T. ) ;
#2888 = DIRECTION ( 'NONE',  ( -0.000000000000000000, -1.000000000000000000, -0.000000000000000000 ) ) ;
#2889 = CARTESIAN_POINT ( 'NONE',  ( 1.000000000000000000, 0.000000000000000000, -5.000000000000000000 ) ) ;
#2890 = CARTESIAN_POINT ( 'NONE',  ( 37.78921061369838696, 5.502829860572073351, 1.019720450991308924 ) ) ;
#2891 = ORIENTED_EDGE ( 'NONE', *, *, #179, .F. ) ;
#2892 = FACE_OUTER_BOUND ( 'NONE', #285, .T. ) ;
#2893 = CARTESIAN_POINT ( 'NONE',  ( 48.46999999999999886, 0.000000000000000000, -1.250000000000000000 ) ) ;
#2894 = CARTESIAN_POINT ( 'NONE',  ( -4.066977831037368318, 1.480015289107766474, 2.000000000000000000 ) ) ;
#2895 = DIRECTION ( 'NONE',  ( -0.9999999936745366247, -0.0001124763395239876179, -4.337394008549686453E-14 ) ) ;
#2896 = ORIENTED_EDGE ( 'NONE', *, *, #2023, .F. ) ;
#2897 = ORIENTED_EDGE ( 'NONE', *, *, #3177, .T. ) ;
#2898 = ORIENTED_EDGE ( 'NONE', *, *, #2887, .T. ) ;
#2899 = AXIS2_PLACEMENT_3D ( 'NONE', #1601, #1350, #2806 ) ;
#2900 = AXIS2_PLACEMENT_3D ( 'NONE', #2082, #2570, #320 ) ;
#2901 = EDGE_CURVE ( 'NONE', #1693, #2631, #1318, .T. ) ;
#2902 = CIRCLE ( 'NONE', #1671, 2.999999999999997335 ) ;
#2903 = VECTOR ( 'NONE', #383, 1000.000000000000000 ) ;
#2904 = AXIS2_PLACEMENT_3D ( 'NONE', #1043, #1798, #262 ) ;
#2905 = APPLICATION_CONTEXT ( 'automotive_design' ) ;
#2906 = EDGE_CURVE ( 'NONE', #802, #521, #3069, .T. ) ;
#2907 = AXIS2_PLACEMENT_3D ( 'NONE', #2363, #304, #3122 ) ;
#2908 = CIRCLE ( 'NONE', #1209, 0.3000000000000000444 ) ;
#2909 = DIRECTION ( 'NONE',  ( -0.000000000000000000, 0.000000000000000000, 1.000000000000000000 ) ) ;
#2910 = FACE_OUTER_BOUND ( 'NONE', #1089, .T. ) ;
#2911 = CIRCLE ( 'NONE', #1468, 0.2999999999999999334 ) ;
#2912 = FACE_BOUND ( 'NONE', #2503, .T. ) ;
#2913 = VERTEX_POINT ( 'NONE', #2842 ) ;
#2914 = CARTESIAN_POINT ( 'NONE',  ( 46.46233638426669188, 3.604575117248043359, 0.9500000000000002887 ) ) ;
#2915 = EDGE_CURVE ( 'NONE', #2876, #2559, #933, .T. ) ;
#2916 = CARTESIAN_POINT ( 'NONE',  ( 2.916870650112139085, -1.085338257551694552, -1.920098554285195158 ) ) ;
#2917 = DIRECTION ( 'NONE',  ( -1.224646799147353207E-16, 1.000000000000000000, 0.000000000000000000 ) ) ;
#2918 = ORIENTED_EDGE ( 'NONE', *, *, #1698, .T. ) ;
#2919 = ORIENTED_EDGE ( 'NONE', *, *, #2554, .F. ) ;
#2920 = CARTESIAN_POINT ( 'NONE',  ( 51.96999999999999886, 0.000000000000000000, -0.9500000000000000666 ) ) ;
#2921 = EDGE_CURVE ( 'NONE', #2754, #500, #648, .T. ) ;
#2922 = DIRECTION ( 'NONE',  ( 0.9514644104789784507, -0.3077587944996700298, 0.000000000000000000 ) ) ;
#2923 = DIRECTION ( 'NONE',  ( -0.000000000000000000, -0.000000000000000000, 1.000000000000000000 ) ) ;
#2924 = VERTEX_POINT ( 'NONE', #1560 ) ;
#2925 = DIRECTION ( 'NONE',  ( -0.000000000000000000, -0.000000000000000000, -1.000000000000000000 ) ) ;
#2926 = CARTESIAN_POINT ( 'NONE',  ( -2.693599476930380376, -1.320803489501899186, -2.000000000000000000 ) ) ;
#2927 = DIRECTION ( 'NONE',  ( 1.000000000000000000, 0.000000000000000000, 0.000000000000000000 ) ) ;
#2928 = VERTEX_POINT ( 'NONE', #2032 ) ;
#2929 = DIRECTION ( 'NONE',  ( 0.000000000000000000, -0.000000000000000000, -1.000000000000000000 ) ) ;
#2930 = VERTEX_POINT ( 'NONE', #1616 ) ;
#2931 = CARTESIAN_POINT ( 'NONE',  ( 2.929898043644627581, -1.064971078347624056, -1.924539399603082179 ) ) ;
#2932 = LINE ( 'NONE', #900, #358 ) ;
#2933 = DIRECTION ( 'NONE',  ( 1.000000000000000000, 0.000000000000000000, 0.000000000000000000 ) ) ;
#2934 = EDGE_LOOP ( 'NONE', ( #448, #1280, #819 ) ) ;
#2935 = EDGE_CURVE ( 'NONE', #1222, #2502, #1979, .T. ) ;
#2936 = DIRECTION ( 'NONE',  ( -1.000000000000000000, 0.000000000000000000, 0.000000000000000000 ) ) ;
#2937 = CARTESIAN_POINT ( 'NONE',  ( 0.8987919263206308740, 2.866411459113950233, 2.299999999999999822 ) ) ;
#2938 = DIRECTION ( 'NONE',  ( -0.4999999999999952260, -0.8660254037844413721, -0.000000000000000000 ) ) ;
#2939 = VERTEX_POINT ( 'NONE', #576 ) ;
#2940 = CARTESIAN_POINT ( 'NONE',  ( 0.000000000000000000, 0.000000000000000000, -1.250000000000000000 ) ) ;
#2941 = ORIENTED_EDGE ( 'NONE', *, *, #812, .T. ) ;
#2942 = CARTESIAN_POINT ( 'NONE',  ( 11.63631324595389138, -9.465527668441804821, -1.700000000000000178 ) ) ;
#2943 = AXIS2_PLACEMENT_3D ( 'NONE', #594, #785, #1108 ) ;
#2944 = AXIS2_PLACEMENT_3D ( 'NONE', #1404, #651, #1165 ) ;
#2945 = DIRECTION ( 'NONE',  ( -0.000000000000000000, -0.000000000000000000, 1.000000000000000000 ) ) ;
#2946 = EDGE_LOOP ( 'NONE', ( #469, #2651, #1748, #63, #2392, #2282, #1296, #2461, #1219, #2755, #869, #669 ) ) ;
#2947 = AXIS2_PLACEMENT_3D ( 'NONE', #1882, #2888, #134 ) ;
#2948 = CARTESIAN_POINT ( 'NONE',  ( 3.006270975917570087, -0.9423947585659173676, -1.949837764293796516 ) ) ;
#2949 = TOROIDAL_SURFACE ( 'NONE', #459, 5.299999999999999822, 0.2999999999999999889 ) ;
#2950 = CIRCLE ( 'NONE', #1511, 1.000000000000000000 ) ;
#2951 = TOROIDAL_SURFACE ( 'NONE', #890, 3.299999999999998046, 0.2999999999999999889 ) ;
#2952 = VECTOR ( 'NONE', #943, 1000.000000000000114 ) ;
#2953 = AXIS2_PLACEMENT_3D ( 'NONE', #1673, #1648, #654 ) ;
#2954 = AXIS2_PLACEMENT_3D ( 'NONE', #564, #3028, #3062 ) ;
#2955 = CIRCLE ( 'NONE', #3217, 177.2600000000000193 ) ;
#2956 = DIRECTION ( 'NONE',  ( 0.000000000000000000, 0.000000000000000000, 1.000000000000000000 ) ) ;
#2957 = ADVANCED_FACE ( 'NONE', ( #2561 ), #2369, .T. ) ;
#2958 = LINE ( 'NONE', #2178, #568 ) ;
#2959 = EDGE_LOOP ( 'NONE', ( #37, #1484, #2382, #3088 ) ) ;
#2960 = DIRECTION ( 'NONE',  ( 0.000000000000000000, 0.000000000000000000, -1.000000000000000000 ) ) ;
#2961 = ORIENTED_EDGE ( 'NONE', *, *, #2735, .F. ) ;
#2962 = AXIS2_PLACEMENT_3D ( 'NONE', #720, #1233, #3008 ) ;
#2963 = ORIENTED_EDGE ( 'NONE', *, *, #2131, .F. ) ;
#2964 = EDGE_CURVE ( 'NONE', #3153, #715, #880, .T. ) ;
#2965 = CARTESIAN_POINT ( 'NONE',  ( 0.9942486913025916362, 3.416772252322846093, 1.700000000000000178 ) ) ;
#2966 = CARTESIAN_POINT ( 'NONE',  ( 3.299999999999998046, 0.000000000000000000, 2.000000000000000000 ) ) ;
#2967 = CARTESIAN_POINT ( 'NONE',  ( 46.68173121987033625, -2.653694551001219981, -1.250000000000000000 ) ) ;
#2968 = ORIENTED_EDGE ( 'NONE', *, *, #1814, .F. ) ;
#2969 = DIRECTION ( 'NONE',  ( 0.000000000000000000, 0.000000000000000000, -1.000000000000000000 ) ) ;
#2970 = DIRECTION ( 'NONE',  ( 1.000000000000000000, -1.766847984791173602E-15, 0.000000000000000000 ) ) ;
#2971 = ORIENTED_EDGE ( 'NONE', *, *, #1976, .F. ) ;
#2972 = CARTESIAN_POINT ( 'NONE',  ( 2.993608498283395480, -0.9632969868660017365, 1.945906512668881261 ) ) ;
#2973 = ORIENTED_EDGE ( 'NONE', *, *, #1843, .T. ) ;
#2974 = ORIENTED_EDGE ( 'NONE', *, *, #1647, .F. ) ;
#2975 = DIRECTION ( 'NONE',  ( -0.000000000000000000, 0.000000000000000000, 1.000000000000000000 ) ) ;
#2976 = EDGE_CURVE ( 'NONE', #83, #2403, #1357, .T. ) ;
#2977 = FACE_OUTER_BOUND ( 'NONE', #1032, .T. ) ;
#2978 = ORIENTED_EDGE ( 'NONE', *, *, #1814, .T. ) ;
#2979 = DIRECTION ( 'NONE',  ( 1.000000000000000000, 0.000000000000000000, 0.000000000000000000 ) ) ;
#2980 = EDGE_CURVE ( 'NONE', #2238, #2088, #2145, .T. ) ;
#2981 = DIRECTION ( 'NONE',  ( -0.000000000000000000, -0.000000000000000000, -1.000000000000000000 ) ) ;
#2982 = CARTESIAN_POINT ( 'NONE',  ( 0.000000000000000000, 0.000000000000000000, 4.700000000000000178 ) ) ;
#2983 = ORIENTED_EDGE ( 'NONE', *, *, #1340, .F. ) ;
#2984 = ORIENTED_EDGE ( 'NONE', *, *, #862, .F. ) ;
#2985 = ORIENTED_EDGE ( 'NONE', *, *, #2623, .T. ) ;
#2986 = CYLINDRICAL_SURFACE ( 'NONE', #1881, 2.500000000000000444 ) ;
#2987 = DIRECTION ( 'NONE',  ( 0.9712192200283621402, -0.2381873771791863381, -4.271978907570133135E-16 ) ) ;
#2988 = ORIENTED_EDGE ( 'NONE', *, *, #1936, .F. ) ;
#2989 = ADVANCED_FACE ( 'NONE', ( #360 ), #329, .F. ) ;
#2990 = DIRECTION ( 'NONE',  ( 0.000000000000000000, 0.000000000000000000, 1.000000000000000000 ) ) ;
#2991 = TOROIDAL_SURFACE ( 'NONE', #409, 12.29999999999998650, 0.2999999999999999889 ) ;
#2992 = AXIS2_PLACEMENT_3D ( 'NONE', #1872, #623, #2653 ) ;
#2993 = EDGE_CURVE ( 'NONE', #1197, #2030, #1977, .T. ) ;
#2994 = CARTESIAN_POINT ( 'NONE',  ( -5.929660544970507985, 5.566772252322823356, -1.250000000000000000 ) ) ;
#2995 = VECTOR ( 'NONE', #2114, 1000.000000000000000 ) ;
#2996 = AXIS2_PLACEMENT_3D ( 'NONE', #2834, #278, #854 ) ;
#2997 = AXIS2_PLACEMENT_3D ( 'NONE', #1719, #279, #1785 ) ;
#2998 = FACE_OUTER_BOUND ( 'NONE', #175, .T. ) ;
#2999 = VERTEX_POINT ( 'NONE', #2115 ) ;
#3000 = AXIS2_PLACEMENT_3D ( 'NONE', #392, #3168, #2936 ) ;
#3001 = VECTOR ( 'NONE', #30, 1000.000000000000000 ) ;
#3002 = EDGE_LOOP ( 'NONE', ( #2213, #2585, #1185, #1602, #969, #713, #1004, #1171, #2059 ) ) ;
#3003 = EDGE_LOOP ( 'NONE', ( #1028, #3070, #1543, #2275 ) ) ;
#3004 = AXIS2_PLACEMENT_3D ( 'NONE', #1713, #2462, #2727 ) ;
#3005 = ORIENTED_EDGE ( 'NONE', *, *, #962, .T. ) ;
#3006 = CIRCLE ( 'NONE', #1945, 0.2999999999999999334 ) ;
#3007 = CYLINDRICAL_SURFACE ( 'NONE', #2202, 171.2599999999999625 ) ;
#3008 = DIRECTION ( 'NONE',  ( -1.000000000000000000, 0.000000000000000000, 0.000000000000000000 ) ) ;
#3009 = CIRCLE ( 'NONE', #584, 4.999999999999997335 ) ;
#3010 = ORIENTED_EDGE ( 'NONE', *, *, #3191, .T. ) ;
#3011 = FACE_OUTER_BOUND ( 'NONE', #1227, .T. ) ;
#3012 = CARTESIAN_POINT ( 'NONE',  ( -2.729660544970507363, 5.566772252322823356, -1.049999999999998934 ) ) ;
#3013 = FACE_OUTER_BOUND ( 'NONE', #1970, .T. ) ;
#3014 = EDGE_CURVE ( 'NONE', #2723, #20, #2777, .T. ) ;
#3015 = FACE_OUTER_BOUND ( 'NONE', #1695, .T. ) ;
#3016 = LINE ( 'NONE', #263, #2693 ) ;
#3017 = CARTESIAN_POINT ( 'NONE',  ( 36.87668508482459373, -0.4073202269237956585, 1.089928040359819938 ) ) ;
#3018 = ORIENTED_EDGE ( 'NONE', *, *, #2539, .F. ) ;
#3019 = EDGE_CURVE ( 'NONE', #385, #2132, #1805, .T. ) ;
#3020 = ORIENTED_EDGE ( 'NONE', *, *, #2065, .F. ) ;
#3021 = ORIENTED_EDGE ( 'NONE', *, *, #2451, .F. ) ;
#3022 = CARTESIAN_POINT ( 'NONE',  ( 1.148891823298499704, 3.093549349591474762, 2.299999999999999822 ) ) ;
#3023 = LINE ( 'NONE', #2314, #2732 ) ;
#3024 = FACE_OUTER_BOUND ( 'NONE', #2788, .T. ) ;
#3025 = ORIENTED_EDGE ( 'NONE', *, *, #180, .F. ) ;
#3026 = DIRECTION ( 'NONE',  ( 0.000000000000000000, 0.000000000000000000, 1.000000000000000000 ) ) ;
#3027 = CARTESIAN_POINT ( 'NONE',  ( 0.9061740447422690359, 2.860676715455323649, -2.284304031350347319 ) ) ;
#3028 = DIRECTION ( 'NONE',  ( -0.000000000000000000, -0.000000000000000000, -1.000000000000000000 ) ) ;
#3029 = DIRECTION ( 'NONE',  ( 1.000000000000000000, 0.000000000000000000, 0.000000000000000000 ) ) ;
#3030 = EDGE_CURVE ( 'NONE', #3, #924, #1070, .T. ) ;
#3031 = ORIENTED_EDGE ( 'NONE', *, *, #1917, .T. ) ;
#3032 = ORIENTED_EDGE ( 'NONE', *, *, #1450, .F. ) ;
#3033 = EDGE_LOOP ( 'NONE', ( #1142, #3139, #1443, #1903 ) ) ;
#3034 = EDGE_CURVE ( 'NONE', #3245, #3039, #939, .T. ) ;
#3035 = ORIENTED_EDGE ( 'NONE', *, *, #180, .T. ) ;
#3036 = FACE_OUTER_BOUND ( 'NONE', #2804, .T. ) ;
#3037 = DIRECTION ( 'NONE',  ( 1.000000000000000000, 0.000000000000000000, 0.000000000000000000 ) ) ;
#3038 = CARTESIAN_POINT ( 'NONE',  ( -0.2296605449705066693, 5.566772252322823356, 1.049999999999991829 ) ) ;
#3039 = VERTEX_POINT ( 'NONE', #1959 ) ;
#3040 = DIRECTION ( 'NONE',  ( -0.000000000000000000, -0.000000000000000000, -1.000000000000000000 ) ) ;
#3041 = CARTESIAN_POINT ( 'NONE',  ( 43.71991105278057432, -7.048876151096988174, 0.9500000000000002887 ) ) ;
#3042 = AXIS2_PLACEMENT_3D ( 'NONE', #1685, #2492, #922 ) ;
#3043 = CYLINDRICAL_SURFACE ( 'NONE', #1109, 3.500000000000000000 ) ;
#3044 = CARTESIAN_POINT ( 'NONE',  ( 0.5557562340990963579, 2.950044647301069300, 2.018273985443483021 ) ) ;
#3045 = EDGE_LOOP ( 'NONE', ( #1729, #3224, #577, #1177, #1787 ) ) ;
#3046 = AXIS2_PLACEMENT_3D ( 'NONE', #115, #2111, #2349 ) ;
#3047 = ORIENTED_EDGE ( 'NONE', *, *, #3120, .T. ) ;
#3048 = ORIENTED_EDGE ( 'NONE', *, *, #2081, .F. ) ;
#3049 = ADVANCED_FACE ( 'NONE', ( #2229 ), #2986, .F. ) ;
#3050 = CARTESIAN_POINT ( 'NONE',  ( 2.327262649190777744, -1.893105533688356434, 1.700000000000000178 ) ) ;
#3051 = EDGE_LOOP ( 'NONE', ( #2094, #207 ) ) ;
#3052 = DIRECTION ( 'NONE',  ( 0.000000000000000000, 0.000000000000000000, 1.000000000000000000 ) ) ;
#3053 = CARTESIAN_POINT ( 'NONE',  ( 4.241241905485717112, -168.5537438249798754, 0.9500000000000002887 ) ) ;
#3054 = CIRCLE ( 'NONE', #416, 3.000000000000030198 ) ;
#3055 = AXIS2_PLACEMENT_3D ( 'NONE', #3078, #1061, #2595 ) ;
#3056 = EDGE_CURVE ( 'NONE', #1473, #2738, #3203, .T. ) ;
#3057 = ORIENTED_EDGE ( 'NONE', *, *, #2870, .T. ) ;
#3058 = CARTESIAN_POINT ( 'NONE',  ( 4.241241905485717112, -168.5537438249798754, -1.700000000000000178 ) ) ;
#3059 = CIRCLE ( 'NONE', #786, 3.200000000000000622 ) ;
#3060 = EDGE_CURVE ( 'NONE', #1149, #3184, #3226, .T. ) ;
#3061 = DIRECTION ( 'NONE',  ( -1.000000000000000000, 0.000000000000000000, 0.000000000000000000 ) ) ;
#3062 = DIRECTION ( 'NONE',  ( -1.000000000000000000, 0.000000000000000000, 0.000000000000000000 ) ) ;
#3063 = CARTESIAN_POINT ( 'NONE',  ( 1.064415789683695435, 3.107273632908043037, 2.000000000000000000 ) ) ;
#3064 = COLOUR_RGB ( '',0.7921568627450980005, 0.8196078431372548767, 0.9333333333333333481 ) ;
#3065 = CARTESIAN_POINT ( 'NONE',  ( 48.46999999999999886, 0.000000000000000000, -1.250000000000000000 ) ) ;
#3066 = ORIENTED_EDGE ( 'NONE', *, *, #3019, .T. ) ;
#3067 = VERTEX_POINT ( 'NONE', #2965 ) ;
#3068 = CARTESIAN_POINT ( 'NONE',  ( 4.221338092443585488, 8.406255055666116860, 1.700000000000000178 ) ) ;
#3069 = LINE ( 'NONE', #3104, #770 ) ;
#3070 = ORIENTED_EDGE ( 'NONE', *, *, #571, .T. ) ;
#3071 = DIRECTION ( 'NONE',  ( -0.000000000000000000, -0.000000000000000000, 1.000000000000000000 ) ) ;
#3072 = CARTESIAN_POINT ( 'NONE',  ( -0.1137107917233066423, 13.65421974139413663, 1.250000000000000000 ) ) ;
#3073 = CARTESIAN_POINT ( 'NONE',  ( 47.65327327016257897, 8.460671217389851506, -0.9500000000000000666 ) ) ;
#3074 = DIRECTION ( 'NONE',  ( 1.000000000000000000, 0.000000000000000000, 0.000000000000000000 ) ) ;
#3075 = ADVANCED_FACE ( 'NONE', ( #2702 ), #3007, .F. ) ;
#3076 = CARTESIAN_POINT ( 'NONE',  ( 1.000000000000000000, 0.000000000000000000, -4.700000000000000178 ) ) ;
#3077 = EDGE_CURVE ( 'NONE', #1005, #1339, #1880, .T. ) ;
#3078 = CARTESIAN_POINT ( 'NONE',  ( -3.889327009339771823, 1.799123955119882101, -0.9500000000000000666 ) ) ;
#3079 = DIRECTION ( 'NONE',  ( 1.000000000000000000, 0.000000000000000000, 0.000000000000000000 ) ) ;
#3080 = DIRECTION ( 'NONE',  ( 1.000000000000000000, 0.000000000000000000, 0.000000000000000000 ) ) ;
#3081 = FACE_OUTER_BOUND ( 'NONE', #2368, .T. ) ;
#3082 = CARTESIAN_POINT ( 'NONE',  ( -2.729660544970507363, 5.566772252322823356, -1.250000000000000000 ) ) ;
#3083 = EDGE_LOOP ( 'NONE', ( #2494, #144, #987, #1765 ) ) ;
#3084 = DIRECTION ( 'NONE',  ( 0.000000000000000000, 0.000000000000000000, 1.000000000000000000 ) ) ;
#3085 = ORIENTED_EDGE ( 'NONE', *, *, #2756, .F. ) ;
#3086 = CARTESIAN_POINT ( 'NONE',  ( -5.229660544970507807, 5.566772252322823356, 1.049999999999991829 ) ) ;
#3087 = CARTESIAN_POINT ( 'NONE',  ( 48.46999999999999886, 0.000000000000000000, -1.050000000000000488 ) ) ;
#3088 = ORIENTED_EDGE ( 'NONE', *, *, #2397, .F. ) ;
#3089 = CARTESIAN_POINT ( 'NONE',  ( 4.241241905485717112, -168.5537438249798754, -2.000000000000000000 ) ) ;
#3090 = CARTESIAN_POINT ( 'NONE',  ( 4.221338092443588152, 8.406255055666139953, -1.700000000000000178 ) ) ;
#3091 = CARTESIAN_POINT ( 'NONE',  ( 3.961530471308267298, 8.556255055666158071, -1.209680621018530466 ) ) ;
#3092 = EDGE_CURVE ( 'NONE', #498, #2469, #1455, .T. ) ;
#3093 = CARTESIAN_POINT ( 'NONE',  ( -4.066977831037382529, 1.480015289107742271, 0.9966557941711423618 ) ) ;
#3094 = DIRECTION ( 'NONE',  ( 0.000000000000000000, -0.000000000000000000, -1.000000000000000000 ) ) ;
#3095 = CARTESIAN_POINT ( 'NONE',  ( 2.699999999999998401, 3.306546357697851761E-16, -4.700000000000000178 ) ) ;
#3096 = ADVANCED_FACE ( 'NONE', ( #695 ), #3187, .T. ) ;
#3097 = CARTESIAN_POINT ( 'NONE',  ( 0.9069000919664177429, 2.863400223746514595, 2.299999909053457969 ) ) ;
#3098 = LINE ( 'NONE', #834, #293 ) ;
#3099 = CARTESIAN_POINT ( 'NONE',  ( 38.41765893828988965, 5.248154436407748591, 1.200564317561470196 ) ) ;
#3100 = ORIENTED_EDGE ( 'NONE', *, *, #2339, .T. ) ;
#3101 = DIRECTION ( 'NONE',  ( 0.000000000000000000, 0.000000000000000000, -1.000000000000000000 ) ) ;
#3102 = AXIS2_PLACEMENT_3D ( 'NONE', #1697, #2714, #1988 ) ;
#3103 = DIRECTION ( 'NONE',  ( -0.000000000000000000, -0.000000000000000000, 1.000000000000000000 ) ) ;
#3104 = CARTESIAN_POINT ( 'NONE',  ( -0.2296605449705066693, 5.566772252322823356, -1.049999999999998934 ) ) ;
#3105 = TOROIDAL_SURFACE ( 'NONE', #192, 5.299999999999999822, 0.2999999999999999889 ) ;
#3106 = ORIENTED_EDGE ( 'NONE', *, *, #1879, .T. ) ;
#3107 = ORIENTED_EDGE ( 'NONE', *, *, #670, .F. ) ;
#3108 = AXIS2_PLACEMENT_3D ( 'NONE', #789, #1298, #3037 ) ;
#3109 = AXIS2_PLACEMENT_3D ( 'NONE', #3065, #1597, #1363 ) ;
#3110 = TOROIDAL_SURFACE ( 'NONE', #1514, 2.699999999999998401, 0.2999999999999999889 ) ;
#3111 = AXIS2_PLACEMENT_3D ( 'NONE', #3130, #867, #1081 ) ;
#3112 = CARTESIAN_POINT ( 'NONE',  ( 1.044447112089543772, 2.812317590537707357, -2.300000000000025135 ) ) ;
#3113 = TOROIDAL_SURFACE ( 'NONE', #108, 3.299999999999998046, 0.2999999999999999889 ) ;
#3114 = CARTESIAN_POINT ( 'NONE',  ( 0.9942486913025916362, 3.416772252322846093, -1.700000000000000178 ) ) ;
#3115 = CARTESIAN_POINT ( 'NONE',  ( 0.000000000000000000, 0.000000000000000000, -5.000000000000000000 ) ) ;
#3116 = VECTOR ( 'NONE', #260, 1000.000000000000000 ) ;
#3117 = DIRECTION ( 'NONE',  ( 1.000000000000000000, 0.000000000000000000, 0.000000000000000000 ) ) ;
#3118 = DIRECTION ( 'NONE',  ( 1.000000000000000000, 0.000000000000000000, 0.000000000000000000 ) ) ;
#3119 = ORIENTED_EDGE ( 'NONE', *, *, #2645, .F. ) ;
#3120 = EDGE_CURVE ( 'NONE', #2254, #468, #2464, .T. ) ;
#3121 = LINE ( 'NONE', #1348, #984 ) ;
#3122 = DIRECTION ( 'NONE',  ( 1.000000000000000000, 0.000000000000000000, 0.000000000000000000 ) ) ;
#3123 = DIRECTION ( 'NONE',  ( 0.000000000000000000, 0.000000000000000000, -1.000000000000000000 ) ) ;
#3124 = ORIENTED_EDGE ( 'NONE', *, *, #1092, .T. ) ;
#3125 = ORIENTED_EDGE ( 'NONE', *, *, #1340, .T. ) ;
#3126 = EDGE_CURVE ( 'NONE', #630, #2132, #1621, .T. ) ;
#3127 = DIRECTION ( 'NONE',  ( 0.000000000000000000, 0.000000000000000000, -1.000000000000000000 ) ) ;
#3128 = EDGE_LOOP ( 'NONE', ( #1174, #1870, #2291, #2636, #1014, #3106, #682, #1406 ) ) ;
#3129 = CARTESIAN_POINT ( 'NONE',  ( 47.65327327016257897, 8.460671217389851506, 0.9500000000000002887 ) ) ;
#3130 = CARTESIAN_POINT ( 'NONE',  ( 0.000000000000000000, 0.000000000000000000, 2.299999999999999822 ) ) ;
#3131 = DIRECTION ( 'NONE',  ( -0.000000000000000000, -0.000000000000000000, -1.000000000000000000 ) ) ;
#3132 = ORIENTED_EDGE ( 'NONE', *, *, #1513, .F. ) ;
#3133 = DIRECTION ( 'NONE',  ( 0.9713994206296362455, -0.2374513962907088827, -1.716302131454020644E-16 ) ) ;
#3134 = DIRECTION ( 'NONE',  ( 0.000000000000000000, -1.000000000000000000, 0.000000000000000000 ) ) ;
#3135 = DIRECTION ( 'NONE',  ( -0.8660254037844036246, 0.5000000000000606182, 0.000000000000000000 ) ) ;
#3136 = CARTESIAN_POINT ( 'NONE',  ( -8.648019418583444917, -0.5342955430001402606, 0.9500000000000002887 ) ) ;
#3137 = CARTESIAN_POINT ( 'NONE',  ( 48.46999999999999886, 0.000000000000000000, 0.9500000000000002887 ) ) ;
#3138 = EDGE_CURVE ( 'NONE', #873, #2390, #1147, .T. ) ;
#3139 = ORIENTED_EDGE ( 'NONE', *, *, #2680, .F. ) ;
#3140 = EDGE_LOOP ( 'NONE', ( #2811, #3020, #3119, #1397 ) ) ;
#3141 = EDGE_LOOP ( 'NONE', ( #58, #1598, #2785, #1848, #456 ) ) ;
#3142 = ADVANCED_FACE ( 'NONE', ( #1725 ), #1950, .F. ) ;
#3143 = EDGE_CURVE ( 'NONE', #2609, #2366, #451, .T. ) ;
#3144 = CARTESIAN_POINT ( 'NONE',  ( 0.000000000000000000, 0.000000000000000000, -5.000000000000000000 ) ) ;
#3145 = CARTESIAN_POINT ( 'NONE',  ( 37.51440068189074850, 5.249991765024484280, 1.700000000000000178 ) ) ;
#3146 = ORIENTED_EDGE ( 'NONE', *, *, #762, .T. ) ;
#3147 = DIRECTION ( 'NONE',  ( -0.7071067811865444641, 8.659560562354895880E-17, 0.7071067811865505703 ) ) ;
#3148 = DIRECTION ( 'NONE',  ( 1.000000000000000000, 4.481368979606706170E-15, 0.000000000000000000 ) ) ;
#3149 = DIRECTION ( 'NONE',  ( 0.9953730843988071175, 0.09608549762792080451, -2.343933184591758906E-14 ) ) ;
#3150 = CARTESIAN_POINT ( 'NONE',  ( 38.80772685019655910, 4.997400563546439578, -1.250000000000000000 ) ) ;
#3151 = ORIENTED_EDGE ( 'NONE', *, *, #2354, .T. ) ;
#3152 = CIRCLE ( 'NONE', #1501, 171.5599999999999739 ) ;
#3153 = VERTEX_POINT ( 'NONE', #764 ) ;
#3154 = ORIENTED_EDGE ( 'NONE', *, *, #743, .T. ) ;
#3155 = AXIS2_PLACEMENT_3D ( 'NONE', #335, #601, #1343 ) ;
#3156 = AXIS2_PLACEMENT_3D ( 'NONE', #2223, #1717, #1472 ) ;
#3157 = AXIS2_PLACEMENT_3D ( 'NONE', #2826, #311, #2337 ) ;
#3158 = EDGE_CURVE ( 'NONE', #1819, #749, #3152, .T. ) ;
#3159 = CIRCLE ( 'NONE', #991, 3.299999999999998046 ) ;
#3160 = AXIS2_PLACEMENT_3D ( 'NONE', #2000, #243, #1534 ) ;
#3161 = ADVANCED_FACE ( 'NONE', ( #2037 ), #291, .T. ) ;
#3162 = AXIS2_PLACEMENT_3D ( 'NONE', #117, #3103, #1126 ) ;
#3163 = CARTESIAN_POINT ( 'NONE',  ( -5.429660544970515090, 5.566772252322823356, 1.250000000000000000 ) ) ;
#3164 = VECTOR ( 'NONE', #1827, 1000.000000000000000 ) ;
#3165 = FACE_OUTER_BOUND ( 'NONE', #2622, .T. ) ;
#3166 = ORIENTED_EDGE ( 'NONE', *, *, #1401, .F. ) ;
#3167 = AXIS2_PLACEMENT_3D ( 'NONE', #1410, #1183, #667 ) ;
#3168 = DIRECTION ( 'NONE',  ( -0.000000000000000000, -0.000000000000000000, -1.000000000000000000 ) ) ;
#3169 = CARTESIAN_POINT ( 'NONE',  ( 2.327262649190777744, -1.893105533688356434, -2.000000000000000000 ) ) ;
#3170 = FACE_OUTER_BOUND ( 'NONE', #1265, .T. ) ;
#3171 = VERTEX_POINT ( 'NONE', #2526 ) ;
#3172 = FACE_OUTER_BOUND ( 'NONE', #1707, .T. ) ;
#3173 = ORIENTED_EDGE ( 'NONE', *, *, #179, .T. ) ;
#3174 = AXIS2_PLACEMENT_3D ( 'NONE', #2144, #2886, #2167 ) ;
#3175 = ADVANCED_FACE ( 'NONE', ( #310 ), #2991, .T. ) ;
#3176 = CARTESIAN_POINT ( 'NONE',  ( 0.000000000000000000, 0.000000000000000000, -5.000000000000000000 ) ) ;
#3177 = EDGE_CURVE ( 'NONE', #802, #2447, #751, .T. ) ;
#3178 = CARTESIAN_POINT ( 'NONE',  ( -1.000000000000000000, 1.224646799147353207E-16, -5.000000000000000000 ) ) ;
#3179 = CYLINDRICAL_SURFACE ( 'NONE', #1724, 1.000000000000000000 ) ;
#3180 = VERTEX_POINT ( 'NONE', #2280 ) ;
#3181 = CYLINDRICAL_SURFACE ( 'NONE', #3000, 4.299999999999999822 ) ;
#3182 = CARTESIAN_POINT ( 'NONE',  ( 2.993606395250905550, -0.9633004712553525639, -1.945905866848126609 ) ) ;
#3183 = CARTESIAN_POINT ( 'NONE',  ( 0.000000000000000000, 0.000000000000000000, 5.000000000000000000 ) ) ;
#3184 = VERTEX_POINT ( 'NONE', #2547 ) ;
#3185 = CARTESIAN_POINT ( 'NONE',  ( 1.148891823298499704, 3.093549349591474762, -2.000000000000000000 ) ) ;
#3186 = ORIENTED_EDGE ( 'NONE', *, *, #2867, .T. ) ;
#3187 = CYLINDRICAL_SURFACE ( 'NONE', #357, 3.500000000000003109 ) ;
#3188 = DIRECTION ( 'NONE',  ( 0.000000000000000000, 0.000000000000000000, 1.000000000000000000 ) ) ;
#3189 = ORIENTED_EDGE ( 'NONE', *, *, #1879, .F. ) ;
#3190 = CARTESIAN_POINT ( 'NONE',  ( 2.690335562373048273, -1.426358047602381829, -1.839508924956827718 ) ) ;
#3191 = EDGE_CURVE ( 'NONE', #1499, #2008, #2248, .T. ) ;
#3192 = DIRECTION ( 'NONE',  ( -0.000000000000000000, -0.000000000000000000, 1.000000000000000000 ) ) ;
#3193 = EDGE_CURVE ( 'NONE', #1492, #591, #1766, .T. ) ;
#3194 = CARTESIAN_POINT ( 'NONE',  ( 0.7948764710421940549, 3.085906647366054578, 1.787024160585755972 ) ) ;
#3195 = CARTESIAN_POINT ( 'NONE',  ( 4.221338092443585488, 8.406255055666116860, -1.700000000000000178 ) ) ;
#3196 = DIRECTION ( 'NONE',  ( -0.000000000000000000, -0.000000000000000000, 1.000000000000000000 ) ) ;
#3197 = VERTEX_POINT ( 'NONE', #1825 ) ;
#3198 = CARTESIAN_POINT ( 'NONE',  ( 0.7804264472511908135, 3.082966843874722418, -1.744078857245974001 ) ) ;
#3199 = ORIENTED_EDGE ( 'NONE', *, *, #595, .T. ) ;
#3200 = EDGE_CURVE ( 'NONE', #1354, #498, #982, .T. ) ;
#3201 = ADVANCED_FACE ( 'NONE', ( #1752 ), #1282, .T. ) ;
#3202 = CARTESIAN_POINT ( 'NONE',  ( 2.514040125715328422, -1.663493271143863472, 1.769664934424440395 ) ) ;
#3203 = CIRCLE ( 'NONE', #453, 177.2600000000000193 ) ;
#3204 = CARTESIAN_POINT ( 'NONE',  ( 0.5355366570961886952, 3.256255593301334628, -1.250000000000000000 ) ) ;
#3205 = TOROIDAL_SURFACE ( 'NONE', #1764, 5.299999999999999822, 0.2999999999999999889 ) ;
#3206 = CARTESIAN_POINT ( 'NONE',  ( 36.44264997537227657, -0.3483428465432814036, -0.9500000000000000666 ) ) ;
#3207 = ORIENTED_EDGE ( 'NONE', *, *, #748, .F. ) ;
#3208 = FACE_OUTER_BOUND ( 'NONE', #1663, .T. ) ;
#3209 = AXIS2_PLACEMENT_3D ( 'NONE', #1820, #2837, #379 ) ;
#3210 = CARTESIAN_POINT ( 'NONE',  ( 2.327262649190778188, -1.893105533688360653, -1.700000000000000178 ) ) ;
#3211 = AXIS2_PLACEMENT_3D ( 'NONE', #932, #2415, #2210 ) ;
#3212 = AXIS2_PLACEMENT_3D ( 'NONE', #1692, #918, #888 ) ;
#3213 = CIRCLE ( 'NONE', #2262, 2.699999999999998401 ) ;
#3214 = CIRCLE ( 'NONE', #842, 176.9600000000000364 ) ;
#3215 = AXIS2_PLACEMENT_3D ( 'NONE', #53, #2856, #1813 ) ;
#3216 = CARTESIAN_POINT ( 'NONE',  ( 2.327262649190777744, -1.893105533688356434, -1.700000000000000178 ) ) ;
#3217 = AXIS2_PLACEMENT_3D ( 'NONE', #1952, #711, #700 ) ;
#3218 = DIRECTION ( 'NONE',  ( -1.000000000000000000, 0.000000000000000000, 0.000000000000000000 ) ) ;
#3219 = VERTEX_POINT ( 'NONE', #807 ) ;
#3220 = EDGE_CURVE ( 'NONE', #312, #2008, #1243, .T. ) ;
#3221 = CARTESIAN_POINT ( 'NONE',  ( 0.01292834629495290440, 8.355732926394784599, 0.9500000000000002887 ) ) ;
#3222 = ORIENTED_EDGE ( 'NONE', *, *, #1470, .F. ) ;
#3223 = AXIS2_PLACEMENT_3D ( 'NONE', #905, #2656, #1905 ) ;
#3224 = ORIENTED_EDGE ( 'NONE', *, *, #1398, .F. ) ;
#3225 = EDGE_CURVE ( 'NONE', #741, #1923, #556, .T. ) ;
#3226 = LINE ( 'NONE', #3247, #1763 ) ;
#3227 = CARTESIAN_POINT ( 'NONE',  ( -0.1137107917233066423, 13.65421974139413663, -0.9500000000000000666 ) ) ;
#3228 = VERTEX_POINT ( 'NONE', #2789 ) ;
#3229 = DIRECTION ( 'NONE',  ( 0.8660254037844413721, -0.4999999999999951705, 0.000000000000000000 ) ) ;
#3230 = DIRECTION ( 'NONE',  ( 0.000000000000000000, 0.000000000000000000, -1.000000000000000000 ) ) ;
#3231 = ORIENTED_EDGE ( 'NONE', *, *, #2487, .T. ) ;
#3232 = CARTESIAN_POINT ( 'NONE',  ( 37.57080861381277259, 5.544640955107010605, -0.9500000000000000666 ) ) ;
#3233 = ORIENTED_EDGE ( 'NONE', *, *, #1216, .T. ) ;
#3234 = EDGE_LOOP ( 'NONE', ( #272, #1215, #1387, #1981 ) ) ;
#3235 = ADVANCED_FACE ( 'NONE', ( #253 ), #230, .F. ) ;
#3236 = DIRECTION ( 'NONE',  ( 0.000000000000000000, 0.000000000000000000, 1.000000000000000000 ) ) ;
#3237 = CARTESIAN_POINT ( 'NONE',  ( 36.44264997537227657, -0.3483428465432814036, 0.9500000000000002887 ) ) ;
#3238 = VERTEX_POINT ( 'NONE', #1562 ) ;
#3239 = DIRECTION ( 'NONE',  ( -0.000000000000000000, -0.000000000000000000, -1.000000000000000000 ) ) ;
#3240 = DIRECTION ( 'NONE',  ( -0.000000000000000000, -0.000000000000000000, -1.000000000000000000 ) ) ;
#3241 = DIRECTION ( 'NONE',  ( 0.000000000000000000, 0.000000000000000000, 1.000000000000000000 ) ) ;
#3242 = PRODUCT ( 'Actuation arm', 'Actuation arm', '', ( #877 ) ) ;
#3243 = ORIENTED_EDGE ( 'NONE', *, *, #767, .T. ) ;
#3244 = FACE_OUTER_BOUND ( 'NONE', #2133, .T. ) ;
#3245 = VERTEX_POINT ( 'NONE', #5 ) ;
#3246 = ORIENTED_EDGE ( 'NONE', *, *, #2104, .T. ) ;
#3247 = CARTESIAN_POINT ( 'NONE',  ( 0.7804264472511917017, 3.082966843874722418, -1.250000000000000000 ) ) ;
#3248 = DIRECTION ( 'NONE',  ( -0.000000000000000000, -0.000000000000000000, 1.000000000000000000 ) ) ;
#3249 = EDGE_LOOP ( 'NONE', ( #437, #2542, #3125, #1441, #1157, #157, #1071, #1017 ) ) ;
#3250 = DIRECTION ( 'NONE',  ( 1.000000000000000000, 0.000000000000000000, 0.000000000000000000 ) ) ;
#3251 = EDGE_CURVE ( 'NONE', #2402, #3067, #2583, .T. ) ;
#3252 = VECTOR ( 'NONE', #2091, 1000.000000000000000 ) ;
#3253 = CARTESIAN_POINT ( 'NONE',  ( 50.96999999999999886, 3.061616997868385113E-16, -1.050000000000000488 ) ) ;
#3254 = CIRCLE ( 'NONE', #2097, 0.2999999999999999334 ) ;
#3255 = TOROIDAL_SURFACE ( 'NONE', #885, 3.200000000000000178, 0.2999999999999999889 ) ;
#3256 = ADVANCED_FACE ( 'NONE', ( #3036 ), #1951, .T. ) ;
#3257 = CARTESIAN_POINT ( 'NONE',  ( -2.719422214324873188, 1.266784441109215731, 1.250000000000000000 ) ) ;
#3258 = CONICAL_SURFACE ( 'NONE', #3212, 2.699999999999987299, 0.7853981633974439491 ) ;
#3259 = DIRECTION ( 'NONE',  ( 1.000000000000000000, 0.000000000000000000, 0.000000000000000000 ) ) ;
#3260 = FACE_OUTER_BOUND ( 'NONE', #1688, .T. ) ;
#3261 = AXIS2_PLACEMENT_3D ( 'NONE', #904, #2137, #2442 ) ;
#3262 = AXIS2_PLACEMENT_3D ( 'NONE', #3176, #1884, #2170 ) ;
#3263 = ORIENTED_EDGE ( 'NONE', *, *, #1362, .T. ) ;
#3264 = ORIENTED_EDGE ( 'NONE', *, *, #2081, .T. ) ;
#3265 = AXIS2_PLACEMENT_3D ( 'NONE', #2499, #2981, #2970 ) ;
#3266 = ORIENTED_EDGE ( 'NONE', *, *, #2915, .F. ) ;
#3267 = CIRCLE ( 'NONE', #2218, 3.200000000000001510 ) ;
#3268 = ORIENTED_EDGE ( 'NONE', *, *, #375, .T. ) ;
#3269 = CARTESIAN_POINT ( 'NONE',  ( 2.327262649190777744, -1.893105533688360875, 1.700000000000000178 ) ) ;
#3270 = CARTESIAN_POINT ( 'NONE',  ( -2.729660544970507363, 5.566772252322823356, -2.000000000000000000 ) ) ;
#3271 = DIRECTION ( 'NONE',  ( -1.000000000000000000, 0.000000000000000000, 0.000000000000000000 ) ) ;
#3272 = AXIS2_PLACEMENT_3D ( 'NONE', #2341, #2854, #1607 ) ;
#3273 = ORIENTED_EDGE ( 'NONE', *, *, #972, .F. ) ;
#3274 = SURFACE_STYLE_FILL_AREA ( #2267 ) ;
#3275 = ADVANCED_FACE ( 'NONE', ( #1072 ), #2391, .F. ) ;
#3276 = CARTESIAN_POINT ( 'NONE',  ( 0.9372292266892199297, 3.103908260893295967, -1.940967805417271208 ) ) ;
#3277 = ADVANCED_FACE ( 'NONE', ( #612 ), #1525, .F. ) ;
#3278 = FACE_OUTER_BOUND ( 'NONE', #3045, .T. ) ;
#3279 = DIRECTION ( 'NONE',  ( 1.000000000000000000, 0.000000000000000000, 0.000000000000000000 ) ) ;
ENDSEC;
END-ISO-10303-21;
