ISO-10303-21;
HEADER;
FILE_DESCRIPTION (( 'STEP AP214' ),
    '1' );
FILE_NAME ('Finger link.step',
    '2026-04-16T06:28:58',
    ( '' ),
    ( '' ),
    'SwSTEP 2.0',
    'SolidWorks 2020',
    '' );
FILE_SCHEMA (( 'AUTOMOTIVE_DESIGN' ));
ENDSEC;

DATA;
#1 = ORIENTED_EDGE ( 'NONE', *, *, #942, .T. ) ;
#2 = VECTOR ( 'NONE', #727, 1000.000000000000114 ) ;
#3 = CARTESIAN_POINT ( 'NONE',  ( 5.836063904498475452, 9.059279355492602548, 1.421541514771069714 ) ) ;
#4 = CARTESIAN_POINT ( 'NONE',  ( 55.64000000000000057, -4.345920406328604417E-15, -8.000000000000000000 ) ) ;
#5 = CARTESIAN_POINT ( 'NONE',  ( 49.28994010404510817, 5.279882440875892868, 2.200000000000000178 ) ) ;
#6 = VERTEX_POINT ( 'NONE', #3213 ) ;
#7 = ORIENTED_EDGE ( 'NONE', *, *, #1242, .T. ) ;
#8 = DIRECTION ( 'NONE',  ( 1.000000000000000000, 0.000000000000000000, 0.000000000000000000 ) ) ;
#9 = CARTESIAN_POINT ( 'NONE',  ( 53.11499999999999488, -4.345920406328604417E-15, -6.599999999999999645 ) ) ;
#10 = CARTESIAN_POINT ( 'NONE',  ( 5.955442654797430180, 4.601224724610171180, -0.7537266366738040180 ) ) ;
#11 = FACE_OUTER_BOUND ( 'NONE', #1030, .T. ) ;
#12 = CARTESIAN_POINT ( 'NONE',  ( 52.14000000000000057, -4.345920406328604417E-15, 8.000000000000000000 ) ) ;
#13 = ORIENTED_EDGE ( 'NONE', *, *, #1008, .T. ) ;
#14 = DIRECTION ( 'NONE',  ( 0.000000000000000000, 0.000000000000000000, 1.000000000000000000 ) ) ;
#15 = LINE ( 'NONE', #1151, #808 ) ;
#16 = DIRECTION ( 'NONE',  ( 1.000000000000000000, 0.000000000000000000, 0.000000000000000000 ) ) ;
#17 = EDGE_LOOP ( 'NONE', ( #1239, #49, #2211, #2578, #1748, #2406 ) ) ;
#18 = EDGE_CURVE ( 'NONE', #2300, #3479, #810, .T. ) ;
#19 = EDGE_CURVE ( 'NONE', #2401, #745, #3165, .T. ) ;
#20 = DIRECTION ( 'NONE',  ( 1.000000000000000000, 0.000000000000000000, -0.000000000000000000 ) ) ;
#21 = VECTOR ( 'NONE', #2964, 1000.000000000000000 ) ;
#22 = ADVANCED_FACE ( 'NONE', ( #182 ), #2365, .T. ) ;
#23 = CARTESIAN_POINT ( 'NONE',  ( 55.56500000000001194, -3.926478877620635430E-15, 5.200000000000000178 ) ) ;
#24 = DIRECTION ( 'NONE',  ( -1.000000000000000000, 0.000000000000000000, 0.000000000000000000 ) ) ;
#25 = ORIENTED_EDGE ( 'NONE', *, *, #2373, .T. ) ;
#26 = CONICAL_SURFACE ( 'NONE', #260, 3.425000000000011369, 0.7853981633974445042 ) ;
#27 = EDGE_CURVE ( 'NONE', #2087, #3270, #3287, .T. ) ;
#28 = VERTEX_POINT ( 'NONE', #3499 ) ;
#29 = AXIS2_PLACEMENT_3D ( 'NONE', #311, #2291, #38 ) ;
#30 = DIRECTION ( 'NONE',  ( 0.000000000000000000, 0.000000000000000000, 1.000000000000000000 ) ) ;
#31 = DIRECTION ( 'NONE',  ( -1.000000000000000000, 0.000000000000000000, 0.000000000000000000 ) ) ;
#32 = CARTESIAN_POINT ( 'NONE',  ( -3.425000000000012257, 0.000000000000000000, 5.200000000000000178 ) ) ;
#33 = CARTESIAN_POINT ( 'NONE',  ( 3.958287489416092431, 5.667323904260574530, 4.509097487428283202 ) ) ;
#34 = DIRECTION ( 'NONE',  ( 0.7071067811865517916, 0.000000000000000000, 0.7071067811865433539 ) ) ;
#35 = AXIS2_PLACEMENT_3D ( 'NONE', #2096, #2673, #3528 ) ;
#36 = EDGE_LOOP ( 'NONE', ( #2530, #1785, #1582, #1798 ) ) ;
#37 = CIRCLE ( 'NONE', #993, 0.5000000000000002220 ) ;
#38 = DIRECTION ( 'NONE',  ( 1.000000000000000000, 0.000000000000000000, 0.000000000000000000 ) ) ;
#39 = CARTESIAN_POINT ( 'NONE',  ( 47.94211886159624925, 11.08833200248930417, -7.500000000000000000 ) ) ;
#40 = CARTESIAN_POINT ( 'NONE',  ( 50.62169744412505423, 10.15553333650299273, -8.000000000000000000 ) ) ;
#41 = AXIS2_PLACEMENT_3D ( 'NONE', #1735, #2556, #2853 ) ;
#42 = VERTEX_POINT ( 'NONE', #167 ) ;
#43 = CARTESIAN_POINT ( 'NONE',  ( 52.14000000000000057, -4.000000000000000888, -7.500000000000000000 ) ) ;
#44 = ORIENTED_EDGE ( 'NONE', *, *, #2235, .T. ) ;
#45 = AXIS2_PLACEMENT_3D ( 'NONE', #1802, #1256, #696 ) ;
#46 = AXIS2_PLACEMENT_3D ( 'NONE', #910, #2026, #3148 ) ;
#47 = LINE ( 'NONE', #2298, #3215 ) ;
#48 = DIRECTION ( 'NONE',  ( -1.000000000000000000, 1.224646799147352961E-16, 0.000000000000000000 ) ) ;
#49 = ORIENTED_EDGE ( 'NONE', *, *, #2609, .F. ) ;
#50 = EDGE_CURVE ( 'NONE', #657, #3143, #3534, .T. ) ;
#51 = EDGE_LOOP ( 'NONE', ( #799, #543, #1007, #3591 ) ) ;
#52 = LINE ( 'NONE', #2836, #336 ) ;
#53 = DIRECTION ( 'NONE',  ( 1.000000000000000000, -1.734723475976805517E-15, 0.000000000000000000 ) ) ;
#54 = FACE_BOUND ( 'NONE', #1246, .T. ) ;
#55 = PLANE ( 'NONE',  #1298 ) ;
#56 = PLANE ( 'NONE',  #1263 ) ;
#57 = EDGE_LOOP ( 'NONE', ( #1993, #445, #2889, #2606 ) ) ;
#58 = CARTESIAN_POINT ( 'NONE',  ( 3.458287489416092431, 4.500000000000000888, -7.500000000000000000 ) ) ;
#59 = DIRECTION ( 'NONE',  ( -0.5214443283868438472, 0.8532853053892310857, 0.000000000000000000 ) ) ;
#60 = CARTESIAN_POINT ( 'NONE',  ( -1.355252715606880543E-17, -3.500000000000000888, -8.000000000000000000 ) ) ;
#61 = EDGE_CURVE ( 'NONE', #2354, #471, #1984, .T. ) ;
#62 = EDGE_CURVE ( 'NONE', #1470, #2754, #409, .T. ) ;
#63 = VERTEX_POINT ( 'NONE', #989 ) ;
#64 = CARTESIAN_POINT ( 'NONE',  ( 0.000000000000000000, 0.000000000000000000, 6.600000000000001421 ) ) ;
#65 = LINE ( 'NONE', #1204, #2447 ) ;
#66 = EDGE_LOOP ( 'NONE', ( #2117, #1533, #1628, #1872 ) ) ;
#67 = AXIS2_PLACEMENT_3D ( 'NONE', #3116, #2015, #1707 ) ;
#68 = ORIENTED_EDGE ( 'NONE', *, *, #3236, .F. ) ;
#69 = DIRECTION ( 'NONE',  ( 0.000000000000000000, 0.000000000000000000, 1.000000000000000000 ) ) ;
#70 = DIRECTION ( 'NONE',  ( 0.000000000000000000, 0.000000000000000000, 1.000000000000000000 ) ) ;
#71 = EDGE_CURVE ( 'NONE', #3205, #3156, #2877, .T. ) ;
#72 = CARTESIAN_POINT ( 'NONE',  ( 44.13355199762366254, 3.366335551992456931, -2.200000000000000178 ) ) ;
#73 = CARTESIAN_POINT ( 'NONE',  ( 3.458287489416092431, 3.500000000000000000, 8.000000000000000000 ) ) ;
#74 = EDGE_CURVE ( 'NONE', #3341, #1778, #3347, .T. ) ;
#75 = CARTESIAN_POINT ( 'NONE',  ( 52.14000000000000057, -4.345920406328604417E-15, -8.000000000000000000 ) ) ;
#76 = ORIENTED_EDGE ( 'NONE', *, *, #1789, .F. ) ;
#77 = DIRECTION ( 'NONE',  ( 1.000000000000000000, 0.000000000000000000, 0.000000000000000000 ) ) ;
#78 = EDGE_LOOP ( 'NONE', ( #3074, #303, #703, #3407 ) ) ;
#79 = CARTESIAN_POINT ( 'NONE',  ( 46.12501084212602365, -2.000000000000001332, -2.200000000000000178 ) ) ;
#80 = DIRECTION ( 'NONE',  ( 0.000000000000000000, 0.000000000000000000, 1.000000000000000000 ) ) ;
#81 = ORIENTED_EDGE ( 'NONE', *, *, #563, .T. ) ;
#82 = MANIFOLD_SOLID_BREP ( 'Ô²½Ç3', #2214 ) ;
#83 = AXIS2_PLACEMENT_3D ( 'NONE', #2322, #968, #1483 ) ;
#84 = ORIENTED_EDGE ( 'NONE', *, *, #602, .T. ) ;
#85 = DIRECTION ( 'NONE',  ( -1.000000000000000000, 0.000000000000000000, 2.168404344971008868E-16 ) ) ;
#86 = DIRECTION ( 'NONE',  ( 0.000000000000000000, -1.000000000000000000, 0.000000000000000000 ) ) ;
#87 = FACE_OUTER_BOUND ( 'NONE', #1547, .T. ) ;
#88 = VECTOR ( 'NONE', #175, 1000.000000000000000 ) ;
#89 = DIRECTION ( 'NONE',  ( -0.000000000000000000, -0.000000000000000000, 1.000000000000000000 ) ) ;
#90 = EDGE_CURVE ( 'NONE', #2087, #2534, #3100, .T. ) ;
#91 = EDGE_CURVE ( 'NONE', #2916, #3270, #1052, .T. ) ;
#92 = AXIS2_PLACEMENT_3D ( 'NONE', #2110, #1059, #3504 ) ;
#93 = EDGE_LOOP ( 'NONE', ( #1859, #1853, #1764, #2409 ) ) ;
#94 = ORIENTED_EDGE ( 'NONE', *, *, #3384, .F. ) ;
#95 = DIRECTION ( 'NONE',  ( 0.000000000000000000, -1.000000000000000000, 0.000000000000000000 ) ) ;
#96 = VECTOR ( 'NONE', #3379, 1000.000000000000000 ) ;
#97 = EDGE_CURVE ( 'NONE', #191, #3480, #2641, .T. ) ;
#98 = EDGE_LOOP ( 'NONE', ( #1062, #1054, #3307, #2382 ) ) ;
#99 = CIRCLE ( 'NONE', #1629, 3.024999999999999911 ) ;
#100 = DIRECTION ( 'NONE',  ( -0.000000000000000000, 1.000000000000000000, -0.000000000000000000 ) ) ;
#101 = ORIENTED_EDGE ( 'NONE', *, *, #2435, .T. ) ;
#102 = CIRCLE ( 'NONE', #753, 0.5000000000000017764 ) ;
#103 = AXIS2_PLACEMENT_3D ( 'NONE', #2862, #2589, #1196 ) ;
#104 = LINE ( 'NONE', #1244, #1285 ) ;
#105 = CARTESIAN_POINT ( 'NONE',  ( 48.89222750274525708, -3.708263902859309624, -5.200000000000000178 ) ) ;
#106 = AXIS2_PLACEMENT_3D ( 'NONE', #1108, #3049, #2501 ) ;
#107 = ORIENTED_EDGE ( 'NONE', *, *, #2651, .T. ) ;
#108 = EDGE_CURVE ( 'NONE', #3371, #3341, #401, .T. ) ;
#109 = ORIENTED_EDGE ( 'NONE', *, *, #247, .F. ) ;
#110 = TOROIDAL_SURFACE ( 'NONE', #2456, 1.000000000000000000, 0.5000000000000000000 ) ;
#111 = CYLINDRICAL_SURFACE ( 'NONE', #2791, 0.5000000000000008882 ) ;
#112 = PLANE ( 'NONE',  #2866 ) ;
#113 = CARTESIAN_POINT ( 'NONE',  ( 52.14000000000000057, -4.345920406328604417E-15, 5.200000000000000178 ) ) ;
#114 = DIRECTION ( 'NONE',  ( -0.5214443283868436252, 0.8532853053892313078, 0.000000000000000000 ) ) ;
#115 = ORIENTED_EDGE ( 'NONE', *, *, #3181, .T. ) ;
#116 = DIRECTION ( 'NONE',  ( 1.000000000000000000, 0.000000000000000000, 0.000000000000000000 ) ) ;
#117 = DIRECTION ( 'NONE',  ( 1.000000000000000000, 0.000000000000000000, 0.000000000000000000 ) ) ;
#118 = ORIENTED_EDGE ( 'NONE', *, *, #2957, .F. ) ;
#119 = DIRECTION ( 'NONE',  ( -0.000000000000000000, -0.000000000000000000, 1.000000000000000000 ) ) ;
#120 = ADVANCED_FACE ( 'NONE', ( #2201, #2445 ), #828, .T. ) ;
#121 = EDGE_CURVE ( 'NONE', #2876, #3433, #2218, .T. ) ;
#122 = DIRECTION ( 'NONE',  ( 0.000000000000000000, 0.000000000000000000, 1.000000000000000000 ) ) ;
#123 = CARTESIAN_POINT ( 'NONE',  ( 16.50000000000000355, -4.000000000000000888, -2.200000000000000622 ) ) ;
#124 = VERTEX_POINT ( 'NONE', #1409 ) ;
#125 = CARTESIAN_POINT ( 'NONE',  ( 2.729660544970658798, -5.566772252322746972, -2.200000000000000178 ) ) ;
#126 = DIRECTION ( 'NONE',  ( 1.000000000000000000, 0.000000000000000000, 0.000000000000000000 ) ) ;
#127 = DIRECTION ( 'NONE',  ( 0.000000000000000000, 0.000000000000000000, -1.000000000000000000 ) ) ;
#128 = VECTOR ( 'NONE', #990, 1000.000000000000000 ) ;
#129 = CARTESIAN_POINT ( 'NONE',  ( 49.28994010404510817, 5.279882440875892868, -5.400000000000000355 ) ) ;
#130 = CIRCLE ( 'NONE', #364, 0.9749999999999967581 ) ;
#131 = EDGE_LOOP ( 'NONE', ( #242, #836, #3041, #419 ) ) ;
#132 = ORIENTED_EDGE ( 'NONE', *, *, #197, .F. ) ;
#133 = CARTESIAN_POINT ( 'NONE',  ( 55.16499999999999915, -3.975464749586530436E-15, 6.599999999999999645 ) ) ;
#134 = VERTEX_POINT ( 'NONE', #251 ) ;
#135 = PLANE ( 'NONE',  #355 ) ;
#136 = ORIENTED_EDGE ( 'NONE', *, *, #987, .T. ) ;
#137 = ADVANCED_FACE ( 'NONE', ( #2484 ), #1387, .F. ) ;
#138 = CYLINDRICAL_SURFACE ( 'NONE', #2922, 3.024999999999999911 ) ;
#139 = DIRECTION ( 'NONE',  ( 0.7071067811865517916, 0.000000000000000000, 0.7071067811865433539 ) ) ;
#140 = ORIENTED_EDGE ( 'NONE', *, *, #1612, .T. ) ;
#141 = ADVANCED_FACE ( 'NONE', ( #1625 ), #2761, .F. ) ;
#142 = CARTESIAN_POINT ( 'NONE',  ( 49.28994010404510817, 5.279882440875892868, 5.200000000000000178 ) ) ;
#143 = LINE ( 'NONE', #474, #2093 ) ;
#144 = DIRECTION ( 'NONE',  ( -0.000000000000000000, 1.000000000000000000, -0.000000000000000000 ) ) ;
#145 = CARTESIAN_POINT ( 'NONE',  ( 46.12501084212602365, -2.000000000000001332, 5.400000000000000355 ) ) ;
#146 = VERTEX_POINT ( 'NONE', #3376 ) ;
#147 = AXIS2_PLACEMENT_3D ( 'NONE', #3509, #435, #1606 ) ;
#148 = ORIENTED_EDGE ( 'NONE', *, *, #1006, .T. ) ;
#149 = CARTESIAN_POINT ( 'NONE',  ( 44.13355199762366254, 3.366335551992456931, 5.400000000000000355 ) ) ;
#150 = CIRCLE ( 'NONE', #498, 0.9749999999999999778 ) ;
#151 = ORIENTED_EDGE ( 'NONE', *, *, #1404, .T. ) ;
#152 = AXIS2_PLACEMENT_3D ( 'NONE', #3425, #1431, #1392 ) ;
#153 = LINE ( 'NONE', #3256, #829 ) ;
#154 = ORIENTED_EDGE ( 'NONE', *, *, #2254, .T. ) ;
#155 = CIRCLE ( 'NONE', #693, 175.2599999999999625 ) ;
#156 = CARTESIAN_POINT ( 'NONE',  ( 46.06346891345411620, -168.0616090356724897, -5.400000000000000355 ) ) ;
#157 = CARTESIAN_POINT ( 'NONE',  ( 49.28994010404510817, 5.279882440875892868, 2.200000000000000178 ) ) ;
#158 = AXIS2_PLACEMENT_3D ( 'NONE', #2111, #1805, #2375 ) ;
#159 = EDGE_LOOP ( 'NONE', ( #831, #1306 ) ) ;
#160 = AXIS2_PLACEMENT_3D ( 'NONE', #2582, #2302, #3170 ) ;
#161 = CARTESIAN_POINT ( 'NONE',  ( -1.185846126156020167E-17, -3.500000000000000000, -7.500000000000000000 ) ) ;
#162 = LINE ( 'NONE', #2396, #3572 ) ;
#163 = FACE_OUTER_BOUND ( 'NONE', #93, .T. ) ;
#164 = EDGE_CURVE ( 'NONE', #1783, #3472, #232, .T. ) ;
#165 = AXIS2_PLACEMENT_3D ( 'NONE', #2100, #3561, #3237 ) ;
#166 = ORIENTED_EDGE ( 'NONE', *, *, #2788, .F. ) ;
#167 = CARTESIAN_POINT ( 'NONE',  ( 50.62169744412505423, 10.15553333650298917, -5.200000000000000178 ) ) ;
#168 = DIRECTION ( 'NONE',  ( -2.256840143605774710E-16, -0.000000000000000000, -1.000000000000000000 ) ) ;
#169 = ORIENTED_EDGE ( 'NONE', *, *, #1990, .T. ) ;
#170 = EDGE_CURVE ( 'NONE', #2724, #3250, #3633, .T. ) ;
#171 = DIRECTION ( 'NONE',  ( -0.7071067811865517916, 8.659560562354985860E-17, 0.7071067811865433539 ) ) ;
#172 = ORIENTED_EDGE ( 'NONE', *, *, #2142, .F. ) ;
#173 = PRODUCT_CONTEXT ( 'NONE', #522, 'mechanical' ) ;
#174 = EDGE_LOOP ( 'NONE', ( #1850, #352, #218, #2059, #1844, #2946, #820, #3189 ) ) ;
#175 = DIRECTION ( 'NONE',  ( -0.000000000000000000, -0.000000000000000000, -1.000000000000000000 ) ) ;
#176 = CARTESIAN_POINT ( 'NONE',  ( 7.582114294781146846, 2.921585889185337681, 5.200000000000000178 ) ) ;
#177 = DIRECTION ( 'NONE',  ( -1.000000000000000000, 0.000000000000000000, 0.000000000000000000 ) ) ;
#178 = VECTOR ( 'NONE', #2370, 1000.000000000000114 ) ;
#179 = EDGE_CURVE ( 'NONE', #2992, #1154, #1613, .T. ) ;
#180 = ORIENTED_EDGE ( 'NONE', *, *, #3422, .F. ) ;
#181 = EDGE_CURVE ( 'NONE', #2992, #2330, #3578, .T. ) ;
#182 = FACE_OUTER_BOUND ( 'NONE', #1983, .T. ) ;
#183 = DIRECTION ( 'NONE',  ( 0.000000000000000000, 0.000000000000000000, -1.000000000000000000 ) ) ;
#184 = VECTOR ( 'NONE', #1309, 1000.000000000000000 ) ;
#185 = ORIENTED_EDGE ( 'NONE', *, *, #2329, .F. ) ;
#186 = EDGE_CURVE ( 'NONE', #1086, #3516, #3088, .T. ) ;
#187 = AXIS2_PLACEMENT_3D ( 'NONE', #611, #2797, #571 ) ;
#188 = DIRECTION ( 'NONE',  ( 1.000000000000000000, 0.000000000000000000, 0.000000000000000000 ) ) ;
#189 = ORIENTED_EDGE ( 'NONE', *, *, #1133, .T. ) ;
#190 = DIRECTION ( 'NONE',  ( -0.000000000000000000, -0.000000000000000000, 1.000000000000000000 ) ) ;
#191 = VERTEX_POINT ( 'NONE', #3595 ) ;
#192 = DIRECTION ( 'NONE',  ( -1.000000000000000000, 0.000000000000000000, 0.000000000000000000 ) ) ;
#193 = CARTESIAN_POINT ( 'NONE',  ( 49.28994010404510817, 5.279882440875892868, -5.400000000000000355 ) ) ;
#194 = VERTEX_POINT ( 'NONE', #2183 ) ;
#195 = DIRECTION ( 'NONE',  ( 0.000000000000000000, 0.000000000000000000, 1.000000000000000000 ) ) ;
#196 = CARTESIAN_POINT ( 'NONE',  ( 52.14000000000000057, -4.345920406328604417E-15, -8.000000000000000000 ) ) ;
#197 = EDGE_CURVE ( 'NONE', #1755, #42, #1874, .T. ) ;
#198 = CIRCLE ( 'NONE', #2328, 3.024999999999999911 ) ;
#199 = VERTEX_POINT ( 'NONE', #2585 ) ;
#200 = DIRECTION ( 'NONE',  ( -0.000000000000000000, -0.000000000000000000, -1.000000000000000000 ) ) ;
#201 = CIRCLE ( 'NONE', #2267, 1.500000000000000444 ) ;
#202 = EDGE_CURVE ( 'NONE', #3415, #2971, #2287, .T. ) ;
#203 = ORIENTED_EDGE ( 'NONE', *, *, #2988, .T. ) ;
#204 = CIRCLE ( 'NONE', #625, 175.2599999999999625 ) ;
#205 = DIRECTION ( 'NONE',  ( 1.000000000000000000, 0.000000000000000000, 0.000000000000000000 ) ) ;
#206 = VERTEX_POINT ( 'NONE', #1775 ) ;
#207 = CIRCLE ( 'NONE', #1752, 1.474999999999997202 ) ;
#208 = AXIS2_PLACEMENT_3D ( 'NONE', #400, #3505, #3522 ) ;
#209 = CARTESIAN_POINT ( 'NONE',  ( 7.582114294781146846, -2.000000000000006661, 5.400000000000000355 ) ) ;
#210 = DIRECTION ( 'NONE',  ( -0.000000000000000000, 0.000000000000000000, 1.000000000000000000 ) ) ;
#211 = ADVANCED_FACE ( 'NONE', ( #87 ), #308, .F. ) ;
#212 = CIRCLE ( 'NONE', #506, 0.9749999999999967581 ) ;
#213 = ORIENTED_EDGE ( 'NONE', *, *, #961, .F. ) ;
#214 = DIRECTION ( 'NONE',  ( 0.000000000000000000, 0.000000000000000000, -1.000000000000000000 ) ) ;
#215 = CARTESIAN_POINT ( 'NONE',  ( 47.46488495469115776, 8.266381009738202224, 5.200000000000000178 ) ) ;
#216 = CARTESIAN_POINT ( 'NONE',  ( -3.025000000000001243, 0.000000000000000000, 5.600000000000007638 ) ) ;
#217 = AXIS2_PLACEMENT_3D ( 'NONE', #3314, #791, #1909 ) ;
#218 = ORIENTED_EDGE ( 'NONE', *, *, #1669, .F. ) ;
#219 = AXIS2_PLACEMENT_3D ( 'NONE', #707, #2984, #3192 ) ;
#220 = DIRECTION ( 'NONE',  ( 1.000000000000000000, 0.000000000000000000, 0.000000000000000000 ) ) ;
#221 = DIRECTION ( 'NONE',  ( -1.000000000000000000, 0.000000000000000000, 0.000000000000000000 ) ) ;
#222 = VERTEX_POINT ( 'NONE', #933 ) ;
#223 = EDGE_CURVE ( 'NONE', #713, #3592, #2751, .T. ) ;
#224 = ADVANCED_FACE ( 'NONE', ( #2820, #368 ), #55, .F. ) ;
#225 = VERTEX_POINT ( 'NONE', #350 ) ;
#226 = FACE_OUTER_BOUND ( 'NONE', #2763, .T. ) ;
#227 = DIRECTION ( 'NONE',  ( 0.000000000000000000, -0.000000000000000000, -1.000000000000000000 ) ) ;
#228 = ORIENTED_EDGE ( 'NONE', *, *, #3467, .F. ) ;
#229 = ORIENTED_EDGE ( 'NONE', *, *, #1655, .T. ) ;
#230 = DIRECTION ( 'NONE',  ( -1.000000000000000000, 0.000000000000000000, 0.000000000000000000 ) ) ;
#231 = CARTESIAN_POINT ( 'NONE',  ( 15.00000000000000000, -2.000000000000005773, 3.699999999999999734 ) ) ;
#232 = LINE ( 'NONE', #215, #340 ) ;
#233 = CARTESIAN_POINT ( 'NONE',  ( 3.024999999999998579, 3.704556567420743261E-16, 5.600000000000007638 ) ) ;
#234 = AXIS2_PLACEMENT_3D ( 'NONE', #2716, #2729, #188 ) ;
#235 = VERTEX_POINT ( 'NONE', #2045 ) ;
#236 = DIRECTION ( 'NONE',  ( 1.350228159821300363E-16, -1.000000000000000000, 0.000000000000000000 ) ) ;
#237 = CARTESIAN_POINT ( 'NONE',  ( 48.95151308287935876, 9.174862382812488448, -2.200000000000000178 ) ) ;
#238 = VECTOR ( 'NONE', #3073, 1000.000000000000000 ) ;
#239 = VERTEX_POINT ( 'NONE', #33 ) ;
#240 = AXIS2_PLACEMENT_3D ( 'NONE', #2098, #2362, #2896 ) ;
#241 = CYLINDRICAL_SURFACE ( 'NONE', #2895, 0.9749999999999999778 ) ;
#242 = ORIENTED_EDGE ( 'NONE', *, *, #572, .F. ) ;
#243 = EDGE_CURVE ( 'NONE', #2754, #6, #2051, .T. ) ;
#244 = DIRECTION ( 'NONE',  ( 0.000000000000000000, 0.000000000000000000, 1.000000000000000000 ) ) ;
#245 = CARTESIAN_POINT ( 'NONE',  ( 0.000000000000000000, 0.000000000000000000, -8.000000000000000000 ) ) ;
#246 = ORIENTED_EDGE ( 'NONE', *, *, #3015, .T. ) ;
#247 = EDGE_CURVE ( 'NONE', #2974, #3556, #3128, .T. ) ;
#248 = ORIENTED_EDGE ( 'NONE', *, *, #2304, .T. ) ;
#249 = CARTESIAN_POINT ( 'NONE',  ( 49.28994010404510817, 5.279882440875892868, 5.400000000000000355 ) ) ;
#250 = DIRECTION ( 'NONE',  ( 1.000000000000000000, 0.000000000000000000, 0.000000000000000000 ) ) ;
#251 = CARTESIAN_POINT ( 'NONE',  ( 50.66499999999999915, -4.165285003454369443E-15, -8.000000000000000000 ) ) ;
#252 = DIRECTION ( 'NONE',  ( 0.000000000000000000, 0.000000000000000000, 1.000000000000000000 ) ) ;
#253 = VERTEX_POINT ( 'NONE', #1171 ) ;
#254 = CARTESIAN_POINT ( 'NONE',  ( 7.582114294781146846, -2.000000000000006661, 5.400000000000000355 ) ) ;
#255 = DIRECTION ( 'NONE',  ( 0.000000000000000000, 0.000000000000000000, 1.000000000000000000 ) ) ;
#256 = CARTESIAN_POINT ( 'NONE',  ( 1.474999999999999867, 0.000000000000000000, 8.000000000000000000 ) ) ;
#257 = VERTEX_POINT ( 'NONE', #1759 ) ;
#258 = CIRCLE ( 'NONE', #2387, 3.024999999999999911 ) ;
#259 = CYLINDRICAL_SURFACE ( 'NONE', #1068, 3.500000000000003109 ) ;
#260 = AXIS2_PLACEMENT_3D ( 'NONE', #3368, #1102, #1362 ) ;
#261 = DIRECTION ( 'NONE',  ( 0.5214443283868435142, -0.8532853053892311967, -0.000000000000000000 ) ) ;
#262 = DIRECTION ( 'NONE',  ( 1.000000000000000000, 0.000000000000000000, 0.000000000000000000 ) ) ;
#263 = ORIENTED_EDGE ( 'NONE', *, *, #2196, .F. ) ;
#264 = AXIS2_PLACEMENT_3D ( 'NONE', #2441, #2708, #2147 ) ;
#265 = ORIENTED_EDGE ( 'NONE', *, *, #3530, .F. ) ;
#266 = CARTESIAN_POINT ( 'NONE',  ( 7.790675756510539784, 9.163308215866159401, 7.500000000000000000 ) ) ;
#267 = DIRECTION ( 'NONE',  ( 1.000000000000000000, 0.000000000000000000, 0.000000000000000000 ) ) ;
#268 = DIRECTION ( 'NONE',  ( 0.000000000000000000, 0.000000000000000000, -1.000000000000000000 ) ) ;
#269 = ADVANCED_FACE ( 'NONE', ( #11 ), #1467, .T. ) ;
#270 = FACE_OUTER_BOUND ( 'NONE', #1918, .T. ) ;
#271 = VECTOR ( 'NONE', #2905, 1000.000000000000000 ) ;
#272 = AXIS2_PLACEMENT_3D ( 'NONE', #2292, #2781, #897 ) ;
#273 = ORIENTED_EDGE ( 'NONE', *, *, #1339, .T. ) ;
#274 = DIRECTION ( 'NONE',  ( 0.000000000000000000, 0.000000000000000000, -1.000000000000000000 ) ) ;
#275 = DIRECTION ( 'NONE',  ( 1.000000000000000000, 0.000000000000000000, 0.000000000000000000 ) ) ;
#276 = DIRECTION ( 'NONE',  ( 0.000000000000000000, 0.000000000000000000, 1.000000000000000000 ) ) ;
#277 = VECTOR ( 'NONE', #2482, 1000.000000000000114 ) ;
#278 = ORIENTED_EDGE ( 'NONE', *, *, #3386, .F. ) ;
#279 = VECTOR ( 'NONE', #1228, 1000.000000000000000 ) ;
#280 = FACE_OUTER_BOUND ( 'NONE', #3332, .T. ) ;
#281 = LINE ( 'NONE', #209, #2088 ) ;
#282 = CARTESIAN_POINT ( 'NONE',  ( 50.60374229506292920, 10.18454290402474349, -8.000000000000000000 ) ) ;
#283 = ORIENTED_EDGE ( 'NONE', *, *, #1720, .F. ) ;
#284 = ORIENTED_EDGE ( 'NONE', *, *, #1453, .T. ) ;
#285 = DIRECTION ( 'NONE',  ( -2.256840143605774710E-16, -0.000000000000000000, -1.000000000000000000 ) ) ;
#286 = CARTESIAN_POINT ( 'NONE',  ( 7.582114294781146846, -2.000000000000006661, -5.400000000000000355 ) ) ;
#287 = CARTESIAN_POINT ( 'NONE',  ( 47.46488495469115776, 8.266381009738202224, 5.200000000000000178 ) ) ;
#288 = CARTESIAN_POINT ( 'NONE',  ( 3.458287489416092431, 3.500000000000000000, -7.500000000000000000 ) ) ;
#289 = DIRECTION ( 'NONE',  ( -1.000000000000000000, 0.000000000000000000, 0.000000000000000000 ) ) ;
#290 = EDGE_CURVE ( 'NONE', #1247, #253, #1110, .T. ) ;
#291 = EDGE_CURVE ( 'NONE', #2852, #2568, #579, .T. ) ;
#292 = VERTEX_POINT ( 'NONE', #73 ) ;
#293 = CARTESIAN_POINT ( 'NONE',  ( 55.12649856886230992, 1.825055149353953743, -7.500000000000000000 ) ) ;
#294 = CARTESIAN_POINT ( 'NONE',  ( 3.958287489416092431, 4.500000000000000888, 4.509097487428283202 ) ) ;
#295 = DIRECTION ( 'NONE',  ( -1.000000000000000000, 0.000000000000000000, -0.000000000000000000 ) ) ;
#296 = EDGE_CURVE ( 'NONE', #2914, #1351, #3397, .T. ) ;
#297 = ORIENTED_EDGE ( 'NONE', *, *, #3597, .F. ) ;
#298 = AXIS2_PLACEMENT_3D ( 'NONE', #1510, #2083, #1800 ) ;
#299 = CARTESIAN_POINT ( 'NONE',  ( 6.000119426843709469, 9.155242747588577146, 0.2870235551287628750 ) ) ;
#300 = AXIS2_PLACEMENT_3D ( 'NONE', #1598, #1868, #183 ) ;
#301 = CARTESIAN_POINT ( 'NONE',  ( -1.355252715606880543E-17, -4.000000000000000888, -2.200000000000000622 ) ) ;
#302 = DIRECTION ( 'NONE',  ( -0.000000000000000000, -0.000000000000000000, 1.000000000000000000 ) ) ;
#303 = ORIENTED_EDGE ( 'NONE', *, *, #1457, .F. ) ;
#304 = ORIENTED_EDGE ( 'NONE', *, *, #1669, .T. ) ;
#305 = DIRECTION ( 'NONE',  ( 0.000000000000000000, -0.000000000000000000, 1.000000000000000000 ) ) ;
#306 = DIRECTION ( 'NONE',  ( 1.000000000000000000, 0.000000000000000000, 0.000000000000000000 ) ) ;
#307 = LINE ( 'NONE', #3127, #1520 ) ;
#308 = CYLINDRICAL_SURFACE ( 'NONE', #1240, 0.9749999999999967581 ) ;
#309 = CARTESIAN_POINT ( 'NONE',  ( 3.958287489416092431, 5.667323904260572753, -8.000000000000000000 ) ) ;
#310 = ORIENTED_EDGE ( 'NONE', *, *, #3642, .F. ) ;
#311 = CARTESIAN_POINT ( 'NONE',  ( 0.000000000000000000, 0.000000000000000000, -8.000000000000000000 ) ) ;
#312 = CARTESIAN_POINT ( 'NONE',  ( 3.958287489416092431, 4.466065536086431642, 4.509097487428283202 ) ) ;
#313 = DIRECTION ( 'NONE',  ( 0.000000000000000000, 0.000000000000000000, -1.000000000000000000 ) ) ;
#314 = ORIENTED_EDGE ( 'NONE', *, *, #1814, .F. ) ;
#315 = DIRECTION ( 'NONE',  ( 0.000000000000000000, 0.000000000000000000, 1.000000000000000000 ) ) ;
#316 = ADVANCED_FACE ( 'NONE', ( #1210, #2306 ), #2324, .T. ) ;
#317 = ORIENTED_EDGE ( 'NONE', *, *, #1301, .F. ) ;
#318 = VECTOR ( 'NONE', #545, 1000.000000000000000 ) ;
#319 = DIRECTION ( 'NONE',  ( -0.000000000000000000, -0.000000000000000000, 1.000000000000000000 ) ) ;
#320 = CARTESIAN_POINT ( 'NONE',  ( 0.000000000000000000, 3.500000000000000000, -8.000000000000000000 ) ) ;
#321 = EDGE_LOOP ( 'NONE', ( #2766, #2412, #1221, #697 ) ) ;
#322 = CIRCLE ( 'NONE', #3391, 1.474999999999997202 ) ;
#323 = ORIENTED_EDGE ( 'NONE', *, *, #987, .F. ) ;
#324 = AXIS2_PLACEMENT_3D ( 'NONE', #1994, #3114, #596 ) ;
#325 = FACE_OUTER_BOUND ( 'NONE', #956, .T. ) ;
#326 = DIRECTION ( 'NONE',  ( -0.000000000000000000, -0.000000000000000000, -1.000000000000000000 ) ) ;
#327 = CARTESIAN_POINT ( 'NONE',  ( 43.78994010404512949, 5.279882440875892868, 2.200000000000000178 ) ) ;
#328 = CARTESIAN_POINT ( 'NONE',  ( 47.46488495469115776, 8.266381009738202224, 5.200000000000000178 ) ) ;
#329 = DIRECTION ( 'NONE',  ( 0.000000000000000000, 1.000000000000000000, 0.000000000000000000 ) ) ;
#330 = VECTOR ( 'NONE', #1502, 1000.000000000000000 ) ;
#331 = ORIENTED_EDGE ( 'NONE', *, *, #1212, .T. ) ;
#332 = CIRCLE ( 'NONE', #937, 4.000000000000003553 ) ;
#333 = CARTESIAN_POINT ( 'NONE',  ( 24.00049140560457772, -2.000000000000000888, 0.7000000000000000666 ) ) ;
#334 = LINE ( 'NONE', #1472, #2449 ) ;
#335 = CARTESIAN_POINT ( 'NONE',  ( 44.13355199762368386, 3.366335551992464481, -5.400000000000000355 ) ) ;
#336 = VECTOR ( 'NONE', #305, 1000.000000000000000 ) ;
#337 = EDGE_LOOP ( 'NONE', ( #2327, #1636 ) ) ;
#338 = CIRCLE ( 'NONE', #3345, 0.5000000000000004441 ) ;
#339 = ORIENTED_EDGE ( 'NONE', *, *, #3468, .F. ) ;
#340 = VECTOR ( 'NONE', #2521, 1000.000000000000114 ) ;
#341 = ADVANCED_FACE ( 'NONE', ( #3439 ), #3454, .F. ) ;
#342 = EDGE_CURVE ( 'NONE', #3519, #657, #2283, .T. ) ;
#343 = DIRECTION ( 'NONE',  ( -0.000000000000000000, -0.000000000000000000, -1.000000000000000000 ) ) ;
#344 = DIRECTION ( 'NONE',  ( 0.000000000000000000, 0.000000000000000000, 1.000000000000000000 ) ) ;
#345 = ORIENTED_EDGE ( 'NONE', *, *, #2909, .T. ) ;
#346 = ORIENTED_EDGE ( 'NONE', *, *, #1767, .F. ) ;
#347 = DIRECTION ( 'NONE',  ( -1.000000000000000000, 0.000000000000000000, 0.000000000000000000 ) ) ;
#348 = LINE ( 'NONE', #931, #679 ) ;
#349 = DIRECTION ( 'NONE',  ( 1.000000000000000000, 0.000000000000000000, -0.000000000000000000 ) ) ;
#350 = CARTESIAN_POINT ( 'NONE',  ( 16.50000000000000000, -4.000000000000000888, 2.200000000000000622 ) ) ;
#351 = CARTESIAN_POINT ( 'NONE',  ( 3.458287489416092431, 4.500000000000000888, -8.000000000000000000 ) ) ;
#352 = ORIENTED_EDGE ( 'NONE', *, *, #1788, .T. ) ;
#353 = CARTESIAN_POINT ( 'NONE',  ( 50.62169744412505423, 10.15553333650299273, -8.000000000000000000 ) ) ;
#354 = ORIENTED_EDGE ( 'NONE', *, *, #1938, .T. ) ;
#355 = AXIS2_PLACEMENT_3D ( 'NONE', #1854, #995, #3200 ) ;
#356 = ORIENTED_EDGE ( 'NONE', *, *, #2726, .F. ) ;
#357 = DIRECTION ( 'NONE',  ( 0.000000000000000000, 0.000000000000000000, 1.000000000000000000 ) ) ;
#358 = LINE ( 'NONE', #3183, #804 ) ;
#359 = EDGE_CURVE ( 'NONE', #802, #134, #1178, .T. ) ;
#360 = EDGE_CURVE ( 'NONE', #3270, #2091, #881, .T. ) ;
#361 = ORIENTED_EDGE ( 'NONE', *, *, #865, .F. ) ;
#362 = AXIS2_PLACEMENT_3D ( 'NONE', #149, #1852, #2349 ) ;
#363 = ORIENTED_EDGE ( 'NONE', *, *, #181, .F. ) ;
#364 = AXIS2_PLACEMENT_3D ( 'NONE', #3440, #1172, #2288 ) ;
#365 = DIRECTION ( 'NONE',  ( 0.000000000000000000, 0.000000000000000000, -1.000000000000000000 ) ) ;
#366 = CARTESIAN_POINT ( 'NONE',  ( 0.000000000000000000, 3.500000000000000000, 8.000000000000000000 ) ) ;
#367 = CARTESIAN_POINT ( 'NONE',  ( -1.173556874675002968E-15, 0.000000000000000000, 6.600000000000000533 ) ) ;
#368 = FACE_OUTER_BOUND ( 'NONE', #967, .T. ) ;
#369 = DIRECTION ( 'NONE',  ( -1.000000000000000000, 0.000000000000000000, 2.256840143605774710E-16 ) ) ;
#370 = EDGE_CURVE ( 'NONE', #2959, #1001, #2939, .T. ) ;
#371 = EDGE_LOOP ( 'NONE', ( #154, #2351 ) ) ;
#372 = ORIENTED_EDGE ( 'NONE', *, *, #1193, .T. ) ;
#373 = CARTESIAN_POINT ( 'NONE',  ( 47.46488495469115776, 8.266381009738202224, -5.200000000000000178 ) ) ;
#374 = ORIENTED_EDGE ( 'NONE', *, *, #3037, .F. ) ;
#375 = EDGE_CURVE ( 'NONE', #2230, #3341, #437, .T. ) ;
#376 = CARTESIAN_POINT ( 'NONE',  ( 0.000000000000000000, 0.000000000000000000, 7.500000000000000000 ) ) ;
#377 = VERTEX_POINT ( 'NONE', #984 ) ;
#378 = DIRECTION ( 'NONE',  ( -1.000000000000000000, -1.350228159821300116E-16, -0.000000000000000000 ) ) ;
#379 = CARTESIAN_POINT ( 'NONE',  ( 55.55314122155692758, 2.085777313547375833, -5.200000000000000178 ) ) ;
#380 = VERTEX_POINT ( 'NONE', #2097 ) ;
#381 = AXIS2_PLACEMENT_3D ( 'NONE', #2378, #1576, #192 ) ;
#382 = EDGE_LOOP ( 'NONE', ( #1602, #3524, #919, #2823 ) ) ;
#383 = CARTESIAN_POINT ( 'NONE',  ( 3.958287489416092431, 4.500000000000000888, 4.509097487428283202 ) ) ;
#384 = DIRECTION ( 'NONE',  ( 1.000000000000000000, 0.000000000000000000, 0.000000000000000000 ) ) ;
#385 = DIRECTION ( 'NONE',  ( 0.8532853053892337503, 0.5214443283868394063, 0.000000000000000000 ) ) ;
#386 = CIRCLE ( 'NONE', #1218, 3.024999999999999911 ) ;
#387 = LINE ( 'NONE', #2675, #2714 ) ;
#388 = AXIS2_PLACEMENT_3D ( 'NONE', #613, #2861, #2564 ) ;
#389 = EDGE_CURVE ( 'NONE', #3516, #3166, #704, .T. ) ;
#390 = EDGE_LOOP ( 'NONE', ( #1905, #3240, #606, #228 ) ) ;
#391 = EDGE_CURVE ( 'NONE', #886, #235, #3412, .T. ) ;
#392 = ORIENTED_EDGE ( 'NONE', *, *, #186, .F. ) ;
#393 = CARTESIAN_POINT ( 'NONE',  ( 22.50049140560457417, -2.000000000000000888, -2.200000000000000178 ) ) ;
#394 = CIRCLE ( 'NONE', #35, 3.499999999999997780 ) ;
#395 = ORIENTED_EDGE ( 'NONE', *, *, #3361, .F. ) ;
#396 = VECTOR ( 'NONE', #1711, 1000.000000000000000 ) ;
#397 = CARTESIAN_POINT ( 'NONE',  ( 7.790675756510539784, 9.163308215866159401, -7.500000000000000000 ) ) ;
#398 = CIRCLE ( 'NONE', #1976, 5.499999999999976907 ) ;
#399 = DIRECTION ( 'NONE',  ( -1.000000000000000000, 0.000000000000000000, 0.000000000000000000 ) ) ;
#400 = CARTESIAN_POINT ( 'NONE',  ( 4.458287489416092875, 5.667323904260572753, -7.500000000000000000 ) ) ;
#401 = CIRCLE ( 'NONE', #944, 4.000000000000000000 ) ;
#402 = ORIENTED_EDGE ( 'NONE', *, *, #1407, .F. ) ;
#403 = CIRCLE ( 'NONE', #581, 0.5000000000000004441 ) ;
#404 = LINE ( 'NONE', #1280, #21 ) ;
#405 = CARTESIAN_POINT ( 'NONE',  ( 53.61499999999999488, -4.345920406328604417E-15, 8.000000000000000000 ) ) ;
#406 = CARTESIAN_POINT ( 'NONE',  ( 3.458287489416092431, 4.500000000000000888, -7.500000000000000000 ) ) ;
#407 = PLANE ( 'NONE',  #1487 ) ;
#408 = ORIENTED_EDGE ( 'NONE', *, *, #663, .F. ) ;
#409 = LINE ( 'NONE', #3267, #2581 ) ;
#410 = DIRECTION ( 'NONE',  ( 0.000000000000000000, 0.000000000000000000, -1.000000000000000000 ) ) ;
#411 = ADVANCED_FACE ( 'NONE', ( #738 ), #3544, .T. ) ;
#412 = EDGE_CURVE ( 'NONE', #380, #2139, #403, .T. ) ;
#413 = ORIENTED_EDGE ( 'NONE', *, *, #342, .T. ) ;
#414 = DIRECTION ( 'NONE',  ( 1.000000000000000000, 0.000000000000000000, 0.000000000000000000 ) ) ;
#415 = ORIENTED_EDGE ( 'NONE', *, *, #2746, .F. ) ;
#416 = EDGE_CURVE ( 'NONE', #3138, #2108, #2160, .T. ) ;
#417 = DIRECTION ( 'NONE',  ( 1.000000000000000000, 0.000000000000000000, 0.000000000000000000 ) ) ;
#418 = CARTESIAN_POINT ( 'NONE',  ( 3.024999999999998579, 0.000000000000000000, -5.599999999999993427 ) ) ;
#419 = ORIENTED_EDGE ( 'NONE', *, *, #838, .T. ) ;
#420 = CYLINDRICAL_SURFACE ( 'NONE', #441, 3.500000000000003109 ) ;
#421 = DIRECTION ( 'NONE',  ( 0.000000000000000000, 0.000000000000000000, 1.000000000000000000 ) ) ;
#422 = AXIS2_PLACEMENT_3D ( 'NONE', #3238, #2119, #2103 ) ;
#423 = PLANE ( 'NONE',  #3545 ) ;
#424 = ORIENTED_EDGE ( 'NONE', *, *, #2502, .F. ) ;
#425 = SURFACE_STYLE_USAGE ( .BOTH. , #761 ) ;
#426 = LINE ( 'NONE', #133, #128 ) ;
#427 = EDGE_LOOP ( 'NONE', ( #3266, #148, #3317, #449 ) ) ;
#428 = CARTESIAN_POINT ( 'NONE',  ( 49.28994010404510817, 5.279882440875892868, 5.200000000000000178 ) ) ;
#429 = ORIENTED_EDGE ( 'NONE', *, *, #1419, .T. ) ;
#430 = ADVANCED_FACE ( 'NONE', ( #1794 ), #3103, .T. ) ;
#431 = EDGE_CURVE ( 'NONE', #1713, #2358, #3511, .T. ) ;
#432 = DIRECTION ( 'NONE',  ( 0.000000000000000000, 0.000000000000000000, 1.000000000000000000 ) ) ;
#433 = DIRECTION ( 'NONE',  ( 1.000000000000000000, 0.000000000000000000, 0.000000000000000000 ) ) ;
#434 = EDGE_LOOP ( 'NONE', ( #2642, #2127, #3051, #3554 ) ) ;
#435 = DIRECTION ( 'NONE',  ( -1.000000000000000000, 0.000000000000000000, 0.000000000000000000 ) ) ;
#436 = DIRECTION ( 'NONE',  ( -0.000000000000000000, -0.000000000000000000, -1.000000000000000000 ) ) ;
#437 = LINE ( 'NONE', #2949, #1053 ) ;
#438 = CARTESIAN_POINT ( 'NONE',  ( 3.958287489416092431, 5.667323904260574530, -4.509097487428283202 ) ) ;
#439 = ADVANCED_FACE ( 'NONE', ( #2933 ), #110, .T. ) ;
#440 = VERTEX_POINT ( 'NONE', #2639 ) ;
#441 = AXIS2_PLACEMENT_3D ( 'NONE', #142, #2395, #720 ) ;
#442 = ORIENTED_EDGE ( 'NONE', *, *, #1570, .T. ) ;
#443 = DIRECTION ( 'NONE',  ( 0.000000000000000000, 0.000000000000000000, -1.000000000000000000 ) ) ;
#444 = VECTOR ( 'NONE', #2278, 1000.000000000000000 ) ;
#445 = ORIENTED_EDGE ( 'NONE', *, *, #179, .F. ) ;
#446 = CIRCLE ( 'NONE', #1224, 1.474999999999999867 ) ;
#447 = DIRECTION ( 'NONE',  ( 0.000000000000000000, 0.000000000000000000, 1.000000000000000000 ) ) ;
#448 = B_SPLINE_CURVE_WITH_KNOTS ( 'NONE', 3,
 ( #2014, #614, #312, #294 ),
 .UNSPECIFIED., .F., .F.,
 ( 4, 4 ),
 ( 8.673617379884035472E-19, 0.0001008976668415619292 ),
 .UNSPECIFIED. ) ;
#449 = ORIENTED_EDGE ( 'NONE', *, *, #966, .T. ) ;
#450 = CIRCLE ( 'NONE', #2506, 0.9749999999999999778 ) ;
#451 = SURFACE_SIDE_STYLE ('',( #781 ) ) ;
#452 = CARTESIAN_POINT ( 'NONE',  ( 22.50049140560457417, -2.000000000000004441, -2.200000000000000178 ) ) ;
#453 = AXIS2_PLACEMENT_3D ( 'NONE', #1843, #2391, #1297 ) ;
#454 = EDGE_LOOP ( 'NONE', ( #2457, #2153 ) ) ;
#455 = ADVANCED_FACE ( 'NONE', ( #970 ), #3239, .F. ) ;
#456 = EDGE_CURVE ( 'NONE', #225, #2300, #1578, .T. ) ;
#457 = TOROIDAL_SURFACE ( 'NONE', #3160, 1.474999999999999867, 0.5000000000000000000 ) ;
#458 = FACE_BOUND ( 'NONE', #159, .T. ) ;
#459 = DIRECTION ( 'NONE',  ( 1.000000000000000000, 0.000000000000000000, 0.000000000000000000 ) ) ;
#460 = DIRECTION ( 'NONE',  ( 1.000000000000000000, 0.000000000000000000, 0.000000000000000000 ) ) ;
#461 = VECTOR ( 'NONE', #1867, 1000.000000000000000 ) ;
#462 = ORIENTED_EDGE ( 'NONE', *, *, #2466, .F. ) ;
#463 = EDGE_CURVE ( 'NONE', #63, #3605, #2397, .T. ) ;
#464 = DIRECTION ( 'NONE',  ( -1.000000000000000000, 1.224646799147349509E-16, 0.000000000000000000 ) ) ;
#465 = DIRECTION ( 'NONE',  ( -0.000000000000000000, -0.000000000000000000, 1.000000000000000000 ) ) ;
#466 = ORIENTED_EDGE ( 'NONE', *, *, #1680, .T. ) ;
#467 = CARTESIAN_POINT ( 'NONE',  ( 1.474999999999999867, 0.000000000000000000, -8.000000000000000000 ) ) ;
#468 = ORIENTED_EDGE ( 'NONE', *, *, #3486, .F. ) ;
#469 = APPLICATION_PROTOCOL_DEFINITION ( 'draft international standard', 'automotive_design', 1998, #522 ) ;
#470 = CARTESIAN_POINT ( 'NONE',  ( 13.50000000000000533, -2.000000000000005773, -5.200000000000000178 ) ) ;
#471 = VERTEX_POINT ( 'NONE', #1562 ) ;
#472 = CARTESIAN_POINT ( 'NONE',  ( 55.56500000000001194, -3.926478877620635430E-15, 5.200000000000000178 ) ) ;
#473 = EDGE_CURVE ( 'NONE', #1528, #1497, #2203, .T. ) ;
#474 = CARTESIAN_POINT ( 'NONE',  ( 53.11499999999999488, -4.345920406328604417E-15, -8.000000000000000000 ) ) ;
#475 = VECTOR ( 'NONE', #1795, 1000.000000000000000 ) ;
#476 = ORIENTED_EDGE ( 'NONE', *, *, #3566, .F. ) ;
#477 = AXIS2_PLACEMENT_3D ( 'NONE', #2970, #1584, #974 ) ;
#478 = EDGE_LOOP ( 'NONE', ( #521, #622, #265, #3652 ) ) ;
#479 = EDGE_CURVE ( 'NONE', #191, #824, #1266, .T. ) ;
#480 = CARTESIAN_POINT ( 'NONE',  ( 46.06346891345411620, -168.0616090356724897, 2.200000000000000178 ) ) ;
#481 = ORIENTED_EDGE ( 'NONE', *, *, #2101, .T. ) ;
#482 = AXIS2_PLACEMENT_3D ( 'NONE', #1703, #3377, #850 ) ;
#483 = DIRECTION ( 'NONE',  ( -1.000000000000000000, 0.000000000000000000, 0.000000000000000000 ) ) ;
#484 = ORIENTED_EDGE ( 'NONE', *, *, #2801, .F. ) ;
#485 = EDGE_CURVE ( 'NONE', #3645, #3357, #2657, .T. ) ;
#486 = EDGE_LOOP ( 'NONE', ( #2720, #3498, #940, #655 ) ) ;
#487 = DIRECTION ( 'NONE',  ( -1.000000000000000000, 0.000000000000000000, 0.000000000000000000 ) ) ;
#488 = DIRECTION ( 'NONE',  ( 1.350228159821300363E-16, -1.000000000000000000, 0.000000000000000000 ) ) ;
#489 = ORIENTED_EDGE ( 'NONE', *, *, #961, .T. ) ;
#490 = B_SPLINE_CURVE_WITH_KNOTS ( 'NONE', 3,
 ( #736, #1592, #2982, #2706 ),
 .UNSPECIFIED., .F., .F.,
 ( 4, 4 ),
 ( 0.000000000000000000, 0.0001008976668415614684 ),
 .UNSPECIFIED. ) ;
#491 = DIRECTION ( 'NONE',  ( 0.000000000000000000, -0.000000000000000000, -1.000000000000000000 ) ) ;
#492 = EDGE_CURVE ( 'NONE', #774, #2974, #3217, .T. ) ;
#493 = ADVANCED_FACE ( 'NONE', ( #2848 ), #769, .T. ) ;
#494 = AXIS2_PLACEMENT_3D ( 'NONE', #3280, #1560, #1846 ) ;
#495 = ORIENTED_EDGE ( 'NONE', *, *, #2689, .F. ) ;
#496 = CARTESIAN_POINT ( 'NONE',  ( 50.66499999999999915, -4.165285003454369443E-15, 8.000000000000000000 ) ) ;
#497 = CARTESIAN_POINT ( 'NONE',  ( 3.958287489416093319, 5.958891958110792864, -4.509097487428283202 ) ) ;
#498 = AXIS2_PLACEMENT_3D ( 'NONE', #2256, #861, #487 ) ;
#499 = ORIENTED_EDGE ( 'NONE', *, *, #2480, .F. ) ;
#500 = EDGE_LOOP ( 'NONE', ( #346, #3609, #81, #1194, #1105, #550, #2273, #664, #1342, #2743, #3221 ) ) ;
#501 = VECTOR ( 'NONE', #2323, 1000.000000000000000 ) ;
#502 = AXIS2_PLACEMENT_3D ( 'NONE', #245, #1381, #262 ) ;
#503 = DIRECTION ( 'NONE',  ( 1.000000000000000000, 0.000000000000000000, 0.000000000000000000 ) ) ;
#504 = LINE ( 'NONE', #1140, #1460 ) ;
#505 = ORIENTED_EDGE ( 'NONE', *, *, #773, .F. ) ;
#506 = AXIS2_PLACEMENT_3D ( 'NONE', #2284, #1499, #8 ) ;
#507 = EDGE_LOOP ( 'NONE', ( #2467, #3083, #2773, #3034, #1586, #2783, #1591, #1511, #1117, #229, #906, #263, #2238, #1997, #1048, #3257, #972, #2338, #2245, #975 ) ) ;
#508 = CARTESIAN_POINT ( 'NONE',  ( 7.790675756510539784, 9.163308215866159401, -8.000000000000000000 ) ) ;
#509 = DIRECTION ( 'NONE',  ( 0.000000000000000000, 0.000000000000000000, 1.000000000000000000 ) ) ;
#510 = DIRECTION ( 'NONE',  ( 0.000000000000000000, 0.000000000000000000, -1.000000000000000000 ) ) ;
#511 = PRODUCT_DEFINITION_FORMATION_WITH_SPECIFIED_SOURCE ( 'ÈÎºÎ', '', #2213, .NOT_KNOWN. ) ;
#512 = CARTESIAN_POINT ( 'NONE',  ( 0.000000000000000000, 0.000000000000000000, 8.000000000000000000 ) ) ;
#513 = AXIS2_PLACEMENT_3D ( 'NONE', #1322, #2711, #1307 ) ;
#514 = ORIENTED_EDGE ( 'NONE', *, *, #1894, .F. ) ;
#515 = CARTESIAN_POINT ( 'NONE',  ( 5.582114294781146846, -4.000000000000007105, -2.200000000000000178 ) ) ;
#516 = DIRECTION ( 'NONE',  ( 1.000000000000000000, 0.000000000000000000, 0.000000000000000000 ) ) ;
#517 = ADVANCED_FACE ( 'NONE', ( #2491 ), #241, .F. ) ;
#518 = ORIENTED_EDGE ( 'NONE', *, *, #2205, .T. ) ;
#519 = CARTESIAN_POINT ( 'NONE',  ( 52.14000000000000057, -4.345920406328604417E-15, 7.500000000000000000 ) ) ;
#520 = EDGE_CURVE ( 'NONE', #3166, #3516, #1257, .T. ) ;
#521 = ORIENTED_EDGE ( 'NONE', *, *, #3011, .F. ) ;
#522 = APPLICATION_CONTEXT ( 'automotive_design' ) ;
#523 = FACE_OUTER_BOUND ( 'NONE', #1697, .T. ) ;
#524 = FACE_OUTER_BOUND ( 'NONE', #675, .T. ) ;
#525 = ORIENTED_EDGE ( 'NONE', *, *, #921, .T. ) ;
#526 = ORIENTED_EDGE ( 'NONE', *, *, #563, .F. ) ;
#527 = CARTESIAN_POINT ( 'NONE',  ( 14.86954308122128232, 4.399999999999987033, -2.200000000000000178 ) ) ;
#528 = CARTESIAN_POINT ( 'NONE',  ( 49.28994010404510817, 5.279882440875892868, -5.200000000000000178 ) ) ;
#529 = CARTESIAN_POINT ( 'NONE',  ( 52.14000000000000057, -4.345920406328604417E-15, -7.500000000000000000 ) ) ;
#530 = DIRECTION ( 'NONE',  ( -1.000000000000000000, 0.000000000000000000, 0.000000000000000000 ) ) ;
#531 = CIRCLE ( 'NONE', #1603, 3.500000000000000000 ) ;
#532 = ORIENTED_EDGE ( 'NONE', *, *, #921, .F. ) ;
#533 = DIRECTION ( 'NONE',  ( 1.000000000000000000, 0.000000000000000000, 0.000000000000000000 ) ) ;
#534 = LINE ( 'NONE', #3426, #2930 ) ;
#535 = CARTESIAN_POINT ( 'NONE',  ( 2.729660544970658798, 4.400000000000001243, 2.200000000000000178 ) ) ;
#536 = AXIS2_PLACEMENT_3D ( 'NONE', #3655, #2863, #3444 ) ;
#537 = ORIENTED_EDGE ( 'NONE', *, *, #2019, .T. ) ;
#538 = AXIS2_PLACEMENT_3D ( 'NONE', #792, #252, #1388 ) ;
#539 = CARTESIAN_POINT ( 'NONE',  ( 4.545874870876426499, 7.767358355333475295, 3.921845627696268544 ) ) ;
#540 = ADVANCED_FACE ( 'NONE', ( #3641 ), #259, .F. ) ;
#541 = CARTESIAN_POINT ( 'NONE',  ( 52.14000000000000057, -4.345920406328604417E-15, -8.000000000000000000 ) ) ;
#542 = CARTESIAN_POINT ( 'NONE',  ( 47.94211886159625635, 11.08833200248930417, -8.000000000000000000 ) ) ;
#543 = ORIENTED_EDGE ( 'NONE', *, *, #186, .T. ) ;
#544 = ORIENTED_EDGE ( 'NONE', *, *, #1133, .F. ) ;
#545 = DIRECTION ( 'NONE',  ( 0.000000000000000000, 0.000000000000000000, 1.000000000000000000 ) ) ;
#546 = DIRECTION ( 'NONE',  ( 0.000000000000000000, 0.000000000000000000, 1.000000000000000000 ) ) ;
#547 = DIRECTION ( 'NONE',  ( 1.000000000000000000, 0.000000000000000000, 0.000000000000000000 ) ) ;
#548 = CARTESIAN_POINT ( 'NONE',  ( 55.55314122155692758, 2.085777313547375833, -5.200000000000000178 ) ) ;
#549 = ADVANCED_FACE ( 'NONE', ( #1137 ), #3408, .F. ) ;
#550 = ORIENTED_EDGE ( 'NONE', *, *, #1112, .T. ) ;
#551 = CARTESIAN_POINT ( 'NONE',  ( -1.355252715606880543E-17, -3.500000000000000888, -7.500000000000000000 ) ) ;
#552 = DIRECTION ( 'NONE',  ( -0.000000000000000000, -0.000000000000000000, 1.000000000000000000 ) ) ;
#553 = CARTESIAN_POINT ( 'NONE',  ( 0.000000000000000000, 0.000000000000000000, -8.000000000000000000 ) ) ;
#554 = TOROIDAL_SURFACE ( 'NONE', #1622, 3.500000000000000000, 0.5000000000000000000 ) ;
#555 = VERTEX_POINT ( 'NONE', #3348 ) ;
#556 = CARTESIAN_POINT ( 'NONE',  ( 49.28994010404510817, 5.279882440875892868, 5.200000000000000178 ) ) ;
#557 = AXIS2_PLACEMENT_3D ( 'NONE', #2226, #852, #1664 ) ;
#558 = CARTESIAN_POINT ( 'NONE',  ( 8.738421351847287966, -15.39943706616431918, -2.200000000000000178 ) ) ;
#559 = CARTESIAN_POINT ( 'NONE',  ( 13.50000000000000355, -2.000000000000006217, -5.200000000000002842 ) ) ;
#560 = VECTOR ( 'NONE', #86, 1000.000000000000000 ) ;
#561 = ADVANCED_FACE ( 'NONE', ( #280 ), #2784, .T. ) ;
#562 = EDGE_CURVE ( 'NONE', #2052, #2916, #1956, .T. ) ;
#563 = EDGE_CURVE ( 'NONE', #1778, #1253, #531, .T. ) ;
#564 = EDGE_LOOP ( 'NONE', ( #3105, #1882, #925, #374 ) ) ;
#565 = CIRCLE ( 'NONE', #631, 3.424999999999996714 ) ;
#566 = ORIENTED_EDGE ( 'NONE', *, *, #3076, .T. ) ;
#567 = CARTESIAN_POINT ( 'NONE',  ( 55.16499999999999915, -3.975464749586530436E-15, 6.599999999999999645 ) ) ;
#568 = DIRECTION ( 'NONE',  ( 0.000000000000000000, 1.000000000000000000, 0.000000000000000000 ) ) ;
#569 = DIRECTION ( 'NONE',  ( 1.000000000000000000, 0.000000000000000000, -0.000000000000000000 ) ) ;
#570 = CARTESIAN_POINT ( 'NONE',  ( 5.582114294781146846, -4.000000000000007105, 2.200000000000000178 ) ) ;
#571 = DIRECTION ( 'NONE',  ( 1.000000000000000000, 3.469446951953611033E-15, 0.000000000000000000 ) ) ;
#572 = EDGE_CURVE ( 'NONE', #653, #3046, #899, .T. ) ;
#573 = CIRCLE ( 'NONE', #2572, 3.000000000000002665 ) ;
#574 = AXIS2_PLACEMENT_3D ( 'NONE', #3094, #3639, #577 ) ;
#575 = ORIENTED_EDGE ( 'NONE', *, *, #2196, .T. ) ;
#576 = CARTESIAN_POINT ( 'NONE',  ( 14.86954308122128232, 4.399999999999987033, 5.400000000000000355 ) ) ;
#577 = DIRECTION ( 'NONE',  ( -6.217248937900876626E-15, 0.000000000000000000, -1.000000000000000000 ) ) ;
#578 = LINE ( 'NONE', #335, #2663 ) ;
#579 = CIRCLE ( 'NONE', #1821, 175.2599999999999341 ) ;
#580 = ORIENTED_EDGE ( 'NONE', *, *, #2712, .T. ) ;
#581 = AXIS2_PLACEMENT_3D ( 'NONE', #2709, #1848, #2079 ) ;
#582 = DIRECTION ( 'NONE',  ( 1.000000000000000000, 0.000000000000000000, 0.000000000000000000 ) ) ;
#583 = CARTESIAN_POINT ( 'NONE',  ( 3.458287489416092431, 4.000000000000000000, 5.200000000000000178 ) ) ;
#584 = DIRECTION ( 'NONE',  ( -0.000000000000000000, -0.000000000000000000, 1.000000000000000000 ) ) ;
#585 = EDGE_LOOP ( 'NONE', ( #2470, #2363, #1135, #3026 ) ) ;
#586 = ORIENTED_EDGE ( 'NONE', *, *, #2799, .F. ) ;
#587 = EDGE_CURVE ( 'NONE', #239, #1364, #3188, .T. ) ;
#588 = CARTESIAN_POINT ( 'NONE',  ( 46.06346891345411620, -168.0616090356724897, -2.200000000000000178 ) ) ;
#589 = CARTESIAN_POINT ( 'NONE',  ( 49.28994010404510817, 5.279882440875892868, 5.400000000000000355 ) ) ;
#590 = CARTESIAN_POINT ( 'NONE',  ( 45.78994010404510817, 5.279882440875892868, -2.200000000000000622 ) ) ;
#591 = DIRECTION ( 'NONE',  ( 1.000000000000000000, 0.000000000000000000, -0.000000000000000000 ) ) ;
#592 = LINE ( 'NONE', #1109, #1019 ) ;
#593 = ADVANCED_FACE ( 'NONE', ( #1933 ), #1326, .F. ) ;
#594 = EDGE_CURVE ( 'NONE', #3254, #2448, #2170, .T. ) ;
#595 = EDGE_LOOP ( 'NONE', ( #2543, #361, #2517, #2717 ) ) ;
#596 = DIRECTION ( 'NONE',  ( 1.000000000000000000, 0.000000000000000000, 0.000000000000000000 ) ) ;
#597 = CARTESIAN_POINT ( 'NONE',  ( 7.958287489416090210, 5.667323904260573642, -8.000000000000000000 ) ) ;
#598 = DIRECTION ( 'NONE',  ( -0.000000000000000000, -0.000000000000000000, -1.000000000000000000 ) ) ;
#599 = ORIENTED_EDGE ( 'NONE', *, *, #1944, .T. ) ;
#600 = AXIS2_PLACEMENT_3D ( 'NONE', #1743, #3154, #1970 ) ;
#601 = CARTESIAN_POINT ( 'NONE',  ( 5.896967258297194370, 9.095618637943426066, -1.143228665533453148 ) ) ;
#602 = EDGE_CURVE ( 'NONE', #713, #191, #1600, .T. ) ;
#603 = AXIS2_PLACEMENT_3D ( 'NONE', #1323, #465, #1075 ) ;
#604 = FACE_OUTER_BOUND ( 'NONE', #948, .T. ) ;
#605 = FACE_OUTER_BOUND ( 'NONE', #1358, .T. ) ;
#606 = ORIENTED_EDGE ( 'NONE', *, *, #2251, .T. ) ;
#607 = VERTEX_POINT ( 'NONE', #1338 ) ;
#608 = DIRECTION ( 'NONE',  ( 0.3479176161606249429, -0.9375251102584442053, 0.000000000000000000 ) ) ;
#609 = DIRECTION ( 'NONE',  ( -0.000000000000000000, -0.000000000000000000, 1.000000000000000000 ) ) ;
#610 = DIRECTION ( 'NONE',  ( 1.000000000000000000, -1.734723475976805517E-15, 0.000000000000000000 ) ) ;
#611 = CARTESIAN_POINT ( 'NONE',  ( 49.28994010404510817, 5.279882440875892868, -2.200000000000000622 ) ) ;
#612 = ORIENTED_EDGE ( 'NONE', *, *, #520, .T. ) ;
#613 = CARTESIAN_POINT ( 'NONE',  ( 7.790675756510539784, 9.163308215866159401, -7.500000000000000000 ) ) ;
#614 = CARTESIAN_POINT ( 'NONE',  ( 3.954868973806356269, 4.432742504939979789, 4.512104850635369147 ) ) ;
#615 = DIRECTION ( 'NONE',  ( -1.000000000000000000, -0.000000000000000000, -0.000000000000000000 ) ) ;
#616 = EDGE_CURVE ( 'NONE', #2974, #2536, #2451, .T. ) ;
#617 = ADVANCED_FACE ( 'NONE', ( #1116 ), #3360, .F. ) ;
#618 = ORIENTED_EDGE ( 'NONE', *, *, #794, .F. ) ;
#619 = VERTEX_POINT ( 'NONE', #256 ) ;
#620 = DIRECTION ( 'NONE',  ( 0.000000000000000000, -0.000000000000000000, -1.000000000000000000 ) ) ;
#621 = DIRECTION ( 'NONE',  ( 0.5214443283868410717, -0.8532853053892328621, -2.960428101929480226E-15 ) ) ;
#622 = ORIENTED_EDGE ( 'NONE', *, *, #966, .F. ) ;
#623 = TOROIDAL_SURFACE ( 'NONE', #3325, 1.474999999999999867, 0.5000000000000000000 ) ;
#624 = ORIENTED_EDGE ( 'NONE', *, *, #2980, .T. ) ;
#625 = AXIS2_PLACEMENT_3D ( 'NONE', #2390, #2450, #2944 ) ;
#626 = CARTESIAN_POINT ( 'NONE',  ( 7.582114294781146846, -2.000000000000006661, -5.400000000000000355 ) ) ;
#627 = CARTESIAN_POINT ( 'NONE',  ( 3.458287489416092431, 4.500000000000000888, 8.000000000000000000 ) ) ;
#628 = FACE_OUTER_BOUND ( 'NONE', #1674, .T. ) ;
#629 = DIRECTION ( 'NONE',  ( -1.000000000000000000, 0.000000000000000000, 0.000000000000000000 ) ) ;
#630 = DIRECTION ( 'NONE',  ( 0.000000000000000000, 0.000000000000000000, 1.000000000000000000 ) ) ;
#631 = AXIS2_PLACEMENT_3D ( 'NONE', #1621, #2812, #1421 ) ;
#632 = VERTEX_POINT ( 'NONE', #467 ) ;
#633 = VECTOR ( 'NONE', #2552, 1000.000000000000000 ) ;
#634 = LINE ( 'NONE', #2607, #2605 ) ;
#635 = AXIS2_PLACEMENT_3D ( 'NONE', #3145, #1756, #2878 ) ;
#636 = EDGE_LOOP ( 'NONE', ( #2023, #3346 ) ) ;
#637 = EDGE_CURVE ( 'NONE', #802, #380, #3364, .T. ) ;
#638 = EDGE_CURVE ( 'NONE', #3205, #1247, #1916, .T. ) ;
#639 = AXIS2_PLACEMENT_3D ( 'NONE', #1817, #2643, #116 ) ;
#640 = ORIENTED_EDGE ( 'NONE', *, *, #370, .F. ) ;
#641 = AXIS2_PLACEMENT_3D ( 'NONE', #328, #2881, #1503 ) ;
#642 = EDGE_CURVE ( 'NONE', #1423, #1255, #2434, .T. ) ;
#643 = DIRECTION ( 'NONE',  ( -1.000000000000000000, 0.000000000000000000, 0.000000000000000000 ) ) ;
#644 = CARTESIAN_POINT ( 'NONE',  ( 49.28994010404510817, 5.279882440875892868, -5.200000000000000178 ) ) ;
#645 = ORIENTED_EDGE ( 'NONE', *, *, #3321, .F. ) ;
#646 = EDGE_LOOP ( 'NONE', ( #2452, #3533 ) ) ;
#647 = DIRECTION ( 'NONE',  ( -1.000000000000000000, 0.000000000000000000, -1.214306433183764966E-16 ) ) ;
#648 = CARTESIAN_POINT ( 'NONE',  ( 52.14000000000000057, -4.345920406328604417E-15, -6.599999999999999645 ) ) ;
#649 = DIRECTION ( 'NONE',  ( 0.000000000000000000, 0.000000000000000000, 1.000000000000000000 ) ) ;
#650 = DIRECTION ( 'NONE',  ( -1.156482317317871133E-15, 0.000000000000000000, -1.000000000000000000 ) ) ;
#651 = FACE_BOUND ( 'NONE', #2082, .T. ) ;
#652 = VERTEX_POINT ( 'NONE', #237 ) ;
#653 = VERTEX_POINT ( 'NONE', #1060 ) ;
#654 = CARTESIAN_POINT ( 'NONE',  ( 52.14000000000000057, -4.345920406328604417E-15, 7.500000000000000000 ) ) ;
#655 = ORIENTED_EDGE ( 'NONE', *, *, #412, .F. ) ;
#656 = CIRCLE ( 'NONE', #45, 1.474999999999999867 ) ;
#657 = VERTEX_POINT ( 'NONE', #2469 ) ;
#658 = TOROIDAL_SURFACE ( 'NONE', #3193, 3.500000000000000000, 0.5000000000000000000 ) ;
#659 = FACE_OUTER_BOUND ( 'NONE', #2168, .T. ) ;
#660 = CARTESIAN_POINT ( 'NONE',  ( 55.55314122155692758, 2.085777313547375833, 7.500000000000000000 ) ) ;
#661 = ORIENTED_EDGE ( 'NONE', *, *, #2353, .T. ) ;
#662 = VECTOR ( 'NONE', #95, 1000.000000000000000 ) ;
#663 = EDGE_CURVE ( 'NONE', #3000, #2012, #766, .T. ) ;
#664 = ORIENTED_EDGE ( 'NONE', *, *, #1651, .T. ) ;
#665 = CIRCLE ( 'NONE', #3255, 0.5000000000000004441 ) ;
#666 = DIRECTION ( 'NONE',  ( 1.000000000000000000, 0.000000000000000000, 0.000000000000000000 ) ) ;
#667 = CARTESIAN_POINT ( 'NONE',  ( 4.458287489416092875, 0.000000000000000000, 7.500000000000000000 ) ) ;
#668 = DIRECTION ( 'NONE',  ( 1.000000000000000000, 0.000000000000000000, 0.000000000000000000 ) ) ;
#669 = CARTESIAN_POINT ( 'NONE',  ( 46.12501084212602365, -2.000000000000001332, -5.200000000000000178 ) ) ;
#670 = ORIENTED_EDGE ( 'NONE', *, *, #2822, .F. ) ;
#671 = VERTEX_POINT ( 'NONE', #2765 ) ;
#672 = DIRECTION ( 'NONE',  ( -0.000000000000000000, 1.000000000000000000, -0.000000000000000000 ) ) ;
#673 = EDGE_LOOP ( 'NONE', ( #2084, #169, #2376, #1078, #1901, #1567, #3382, #1182, #1955 ) ) ;
#674 = CARTESIAN_POINT ( 'NONE',  ( 0.000000000000000000, 4.000000000000000000, 5.200000000000000178 ) ) ;
#675 = EDGE_LOOP ( 'NONE', ( #1519, #760, #2978, #1167 ) ) ;
#676 = CARTESIAN_POINT ( 'NONE',  ( -1.173556874675002968E-15, 0.000000000000000000, -5.599999999999993427 ) ) ;
#677 = CARTESIAN_POINT ( 'NONE',  ( 15.00000000000000355, -2.000000000000005773, -3.700000000000001510 ) ) ;
#678 = ORIENTED_EDGE ( 'NONE', *, *, #2229, .T. ) ;
#679 = VECTOR ( 'NONE', #2043, 1000.000000000000000 ) ;
#680 = CARTESIAN_POINT ( 'NONE',  ( -1.173556874675002968E-15, 0.000000000000000000, -5.599999999999993427 ) ) ;
#681 = ADVANCED_FACE ( 'NONE', ( #2509 ), #658, .T. ) ;
#682 = LINE ( 'NONE', #1444, #1289 ) ;
#683 = CARTESIAN_POINT ( 'NONE',  ( 52.14000000000000057, -4.345920406328604417E-15, -7.500000000000000000 ) ) ;
#684 = EDGE_CURVE ( 'NONE', #3254, #1255, #1376, .T. ) ;
#685 = VECTOR ( 'NONE', #2216, 1000.000000000000000 ) ;
#686 = DIRECTION ( 'NONE',  ( 1.000000000000000000, 0.000000000000000000, 0.000000000000000000 ) ) ;
#687 = CIRCLE ( 'NONE', #860, 1.500000000000001332 ) ;
#688 = EDGE_LOOP ( 'NONE', ( #1081, #2608, #1179, #2105, #2492, #2033 ) ) ;
#689 = AXIS2_PLACEMENT_3D ( 'NONE', #3518, #2070, #1292 ) ;
#690 = ORIENTED_EDGE ( 'NONE', *, *, #2958, .T. ) ;
#691 = ADVANCED_FACE ( 'NONE', ( #1885 ), #3600, .F. ) ;
#692 = CARTESIAN_POINT ( 'NONE',  ( 3.958287489416092431, -4.000000000000007105, -4.509097487428283202 ) ) ;
#693 = AXIS2_PLACEMENT_3D ( 'NONE', #1862, #2692, #1003 ) ;
#694 = ORIENTED_EDGE ( 'NONE', *, *, #3293, .F. ) ;
#695 = VECTOR ( 'NONE', #1978, 1000.000000000000000 ) ;
#696 = DIRECTION ( 'NONE',  ( 1.000000000000000000, 0.000000000000000000, 0.000000000000000000 ) ) ;
#697 = ORIENTED_EDGE ( 'NONE', *, *, #2846, .F. ) ;
#698 = AXIS2_PLACEMENT_3D ( 'NONE', #2760, #3612, #2520 ) ;
#699 =( GEOMETRIC_REPRESENTATION_CONTEXT ( 3 ) GLOBAL_UNCERTAINTY_ASSIGNED_CONTEXT ( ( #3163 ) ) GLOBAL_UNIT_ASSIGNED_CONTEXT ( ( #1046, #1295, #2731 ) ) REPRESENTATION_CONTEXT ( 'NONE', 'WORKASPACE' ) );
#700 = CARTESIAN_POINT ( 'NONE',  ( 50.62169744412505423, 10.15553333650298917, -7.500000000000000000 ) ) ;
#701 = DIRECTION ( 'NONE',  ( -0.3479176161606249429, 0.9375251102584442053, 0.000000000000000000 ) ) ;
#702 = AXIS2_PLACEMENT_3D ( 'NONE', #2402, #1851, #726 ) ;
#703 = ORIENTED_EDGE ( 'NONE', *, *, #1308, .T. ) ;
#704 = CIRCLE ( 'NONE', #219, 0.9749999999999999778 ) ;
#705 = CARTESIAN_POINT ( 'NONE',  ( 55.64000000000000057, -4.345920406328604417E-15, 8.000000000000000000 ) ) ;
#706 = CARTESIAN_POINT ( 'NONE',  ( 52.14000000000000057, -4.345920406328604417E-15, 8.000000000000000000 ) ) ;
#707 = CARTESIAN_POINT ( 'NONE',  ( 0.000000000000000000, 0.000000000000000000, -6.600000000000000533 ) ) ;
#708 = DIRECTION ( 'NONE',  ( -0.000000000000000000, -0.000000000000000000, 1.000000000000000000 ) ) ;
#709 = ORIENTED_EDGE ( 'NONE', *, *, #960, .F. ) ;
#710 = DIRECTION ( 'NONE',  ( 0.000000000000000000, 0.000000000000000000, 1.000000000000000000 ) ) ;
#711 = DIRECTION ( 'NONE',  ( 1.000000000000000000, 0.000000000000000000, 0.000000000000000000 ) ) ;
#712 = ADVANCED_FACE ( 'NONE', ( #3018 ), #2188, .F. ) ;
#713 = VERTEX_POINT ( 'NONE', #1649 ) ;
#714 = CARTESIAN_POINT ( 'NONE',  ( 0.000000000000000000, 0.000000000000000000, 8.000000000000000000 ) ) ;
#715 = EDGE_LOOP ( 'NONE', ( #1733, #3227, #2341, #203 ) ) ;
#716 = DIRECTION ( 'NONE',  ( 0.000000000000000000, 0.000000000000000000, 1.000000000000000000 ) ) ;
#717 = DIRECTION ( 'NONE',  ( 0.000000000000000000, 0.000000000000000000, 1.000000000000000000 ) ) ;
#718 = VERTEX_POINT ( 'NONE', #2489 ) ;
#719 = EDGE_CURVE ( 'NONE', #292, #1262, #1608, .T. ) ;
#720 = DIRECTION ( 'NONE',  ( -1.000000000000000000, 0.000000000000000000, 0.000000000000000000 ) ) ;
#721 = DIRECTION ( 'NONE',  ( 1.000000000000000000, 0.000000000000000000, 0.000000000000000000 ) ) ;
#722 = CARTESIAN_POINT ( 'NONE',  ( 16.50000000000000000, -5.566772252322746972, 2.200000000000000178 ) ) ;
#723 = CYLINDRICAL_SURFACE ( 'NONE', #1202, 0.5000000000000018874 ) ;
#724 = VECTOR ( 'NONE', #2325, 1000.000000000000000 ) ;
#725 = ORIENTED_EDGE ( 'NONE', *, *, #2377, .F. ) ;
#726 = DIRECTION ( 'NONE',  ( 0.000000000000000000, 0.000000000000000000, -1.000000000000000000 ) ) ;
#727 = DIRECTION ( 'NONE',  ( -0.8532853053892311967, -0.5214443283868436252, -0.000000000000000000 ) ) ;
#728 = ORIENTED_EDGE ( 'NONE', *, *, #223, .T. ) ;
#729 = DIRECTION ( 'NONE',  ( 0.000000000000000000, 0.000000000000000000, 1.000000000000000000 ) ) ;
#730 = EDGE_CURVE ( 'NONE', #3472, #2225, #1152, .T. ) ;
#731 = ADVANCED_FACE ( 'NONE', ( #1416 ), #878, .T. ) ;
#732 = ORIENTED_EDGE ( 'NONE', *, *, #2822, .T. ) ;
#733 = PLANE ( 'NONE',  #866 ) ;
#734 = ADVANCED_FACE ( 'NONE', ( #2546 ), #2293, .T. ) ;
#735 = ORIENTED_EDGE ( 'NONE', *, *, #2988, .F. ) ;
#736 = CARTESIAN_POINT ( 'NONE',  ( 3.958287489416092431, 4.500000000000000888, -4.509097487428283202 ) ) ;
#737 = DIRECTION ( 'NONE',  ( 1.000000000000000000, 0.000000000000000000, 0.000000000000000000 ) ) ;
#738 = FACE_OUTER_BOUND ( 'NONE', #2392, .T. ) ;
#739 = VECTOR ( 'NONE', #608, 1000.000000000000227 ) ;
#740 = ORIENTED_EDGE ( 'NONE', *, *, #1652, .T. ) ;
#741 = AXIS2_PLACEMENT_3D ( 'NONE', #680, #2285, #2303 ) ;
#742 = ORIENTED_EDGE ( 'NONE', *, *, #1687, .F. ) ;
#743 = FACE_OUTER_BOUND ( 'NONE', #1569, .T. ) ;
#744 = VECTOR ( 'NONE', #1693, 1000.000000000000114 ) ;
#745 = VERTEX_POINT ( 'NONE', #2271 ) ;
#746 = CONICAL_SURFACE ( 'NONE', #2504, 3.024999999999999911, 0.7853981633974541632 ) ;
#747 = FACE_OUTER_BOUND ( 'NONE', #1336, .T. ) ;
#748 = CIRCLE ( 'NONE', #264, 0.5000000000000004441 ) ;
#749 = EDGE_CURVE ( 'NONE', #1010, #774, #634, .T. ) ;
#750 = ORIENTED_EDGE ( 'NONE', *, *, #391, .F. ) ;
#751 =( NAMED_UNIT ( * ) PLANE_ANGLE_UNIT ( ) SI_UNIT ( $, .RADIAN. ) );
#752 = CARTESIAN_POINT ( 'NONE',  ( 49.11500000000000199, -3.975464749586530436E-15, -5.600000000000006750 ) ) ;
#753 = AXIS2_PLACEMENT_3D ( 'NONE', #1732, #621, #3448 ) ;
#754 = VERTEX_POINT ( 'NONE', #3381 ) ;
#755 = EDGE_CURVE ( 'NONE', #2648, #2354, #1429, .T. ) ;
#756 = FACE_OUTER_BOUND ( 'NONE', #715, .T. ) ;
#757 = VECTOR ( 'NONE', #2794, 1000.000000000000000 ) ;
#758 = CARTESIAN_POINT ( 'NONE',  ( 52.14000000000000057, -4.345920406328604417E-15, 5.200000000000000178 ) ) ;
#759 = AXIS2_PLACEMENT_3D ( 'NONE', #2953, #2739, #3031 ) ;
#760 = ORIENTED_EDGE ( 'NONE', *, *, #2254, .F. ) ;
#761 = SURFACE_SIDE_STYLE ('',( #3284 ) ) ;
#762 = FACE_OUTER_BOUND ( 'NONE', #3568, .T. ) ;
#763 = EDGE_CURVE ( 'NONE', #2534, #1165, #1214, .T. ) ;
#764 = ADVANCED_FACE ( 'NONE', ( #1685 ), #3601, .T. ) ;
#765 = ORIENTED_EDGE ( 'NONE', *, *, #2019, .F. ) ;
#766 = LINE ( 'NONE', #2991, #1128 ) ;
#767 = VERTEX_POINT ( 'NONE', #1433 ) ;
#768 = ORIENTED_EDGE ( 'NONE', *, *, #2377, .T. ) ;
#769 = TOROIDAL_SURFACE ( 'NONE', #2364, 3.500000000000000888, 0.5000000000000000000 ) ;
#770 = DIRECTION ( 'NONE',  ( -0.000000000000000000, -0.000000000000000000, 1.000000000000000000 ) ) ;
#771 = CARTESIAN_POINT ( 'NONE',  ( 3.424999999999994937, 0.000000000000000000, -5.200000000000001066 ) ) ;
#772 = ADVANCED_FACE ( 'NONE', ( #3460 ), #1197, .F. ) ;
#773 = EDGE_CURVE ( 'NONE', #222, #1310, #2844, .T. ) ;
#774 = VERTEX_POINT ( 'NONE', #2313 ) ;
#775 = DIRECTION ( 'NONE',  ( 1.000000000000000000, -1.381365446071397979E-15, -0.000000000000000000 ) ) ;
#776 = DIRECTION ( 'NONE',  ( 0.000000000000000000, -1.000000000000000000, 0.000000000000000000 ) ) ;
#777 = ORIENTED_EDGE ( 'NONE', *, *, #243, .F. ) ;
#778 = CARTESIAN_POINT ( 'NONE',  ( 55.12649856886230992, 1.825055149353951967, 8.000000000000000000 ) ) ;
#779 = DIRECTION ( 'NONE',  ( 0.000000000000000000, 0.000000000000000000, 1.000000000000000000 ) ) ;
#780 = ORIENTED_EDGE ( 'NONE', *, *, #90, .T. ) ;
#781 = SURFACE_STYLE_FILL_AREA ( #2960 ) ;
#782 = ORIENTED_EDGE ( 'NONE', *, *, #2432, .T. ) ;
#783 = DIRECTION ( 'NONE',  ( -0.000000000000000000, -0.000000000000000000, -1.000000000000000000 ) ) ;
#784 = CARTESIAN_POINT ( 'NONE',  ( 51.16499999999999915, -4.226517343411737806E-15, -8.000000000000000000 ) ) ;
#785 = ORIENTED_EDGE ( 'NONE', *, *, #2524, .F. ) ;
#786 = ADVANCED_FACE ( 'NONE', ( #1132 ), #2884, .T. ) ;
#787 = ORIENTED_EDGE ( 'NONE', *, *, #2746, .T. ) ;
#788 = ADVANCED_FACE ( 'NONE', ( #3135 ), #1954, .F. ) ;
#789 = CARTESIAN_POINT ( 'NONE',  ( 7.958287489416090210, 5.667323904260573642, 7.500000000000000000 ) ) ;
#790 = CARTESIAN_POINT ( 'NONE',  ( 16.50000000000000000, -4.000000000000000888, 3.700000000000000178 ) ) ;
#791 = DIRECTION ( 'NONE',  ( -0.000000000000000000, -0.000000000000000000, -1.000000000000000000 ) ) ;
#792 = CARTESIAN_POINT ( 'NONE',  ( 2.729660544970658798, -5.566772252322746972, 2.200000000000000178 ) ) ;
#793 = CIRCLE ( 'NONE', #1034, 4.000000000000000000 ) ;
#794 = EDGE_CURVE ( 'NONE', #555, #3070, #2806, .T. ) ;
#795 = ORIENTED_EDGE ( 'NONE', *, *, #2726, .T. ) ;
#796 = FACE_OUTER_BOUND ( 'NONE', #1734, .T. ) ;
#797 = CARTESIAN_POINT ( 'NONE',  ( 3.958287489416092431, 5.667323904260574530, -4.509097487428283202 ) ) ;
#798 = AXIS2_PLACEMENT_3D ( 'NONE', #64, #3161, #643 ) ;
#799 = ORIENTED_EDGE ( 'NONE', *, *, #1457, .T. ) ;
#800 = AXIS2_PLACEMENT_3D ( 'NONE', #667, #2893, #1249 ) ;
#801 = CARTESIAN_POINT ( 'NONE',  ( 49.28994010404510817, 5.279882440875892868, -2.200000000000000178 ) ) ;
#802 = VERTEX_POINT ( 'NONE', #2248 ) ;
#803 = AXIS2_PLACEMENT_3D ( 'NONE', #3296, #2996, #1544 ) ;
#804 = VECTOR ( 'NONE', #80, 1000.000000000000000 ) ;
#805 = CARTESIAN_POINT ( 'NONE',  ( -1.355252715606880543E-17, -4.000000000000000888, -7.500000000000000000 ) ) ;
#806 = CARTESIAN_POINT ( 'NONE',  ( 46.12501084212602365, -2.000000000000001332, 5.400000000000000355 ) ) ;
#807 = EDGE_LOOP ( 'NONE', ( #1186, #481, #618, #2667 ) ) ;
#808 = VECTOR ( 'NONE', #1095, 1000.000000000000000 ) ;
#809 = ORIENTED_EDGE ( 'NONE', *, *, #1111, .F. ) ;
#810 = CIRCLE ( 'NONE', #639, 1.500000000000001332 ) ;
#811 = LINE ( 'NONE', #3066, #1744 ) ;
#812 = CARTESIAN_POINT ( 'NONE',  ( 22.50049140560457417, -5.566772252322746972, 0.7000000000000000666 ) ) ;
#813 = DIRECTION ( 'NONE',  ( -1.000000000000000000, 0.000000000000000000, 0.000000000000000000 ) ) ;
#814 = DIRECTION ( 'NONE',  ( 0.000000000000000000, 0.000000000000000000, 1.000000000000000000 ) ) ;
#815 = ORIENTED_EDGE ( 'NONE', *, *, #1767, .T. ) ;
#816 = DIRECTION ( 'NONE',  ( -1.000000000000000000, 0.000000000000000000, 0.000000000000000000 ) ) ;
#817 = LINE ( 'NONE', #3343, #1047 ) ;
#818 = CARTESIAN_POINT ( 'NONE',  ( 3.990720773639736318, 6.248545140281929200, -4.481164794613994751 ) ) ;
#819 = ADVANCED_FACE ( 'NONE', ( #1473 ), #2566, .T. ) ;
#820 = ORIENTED_EDGE ( 'NONE', *, *, #1894, .T. ) ;
#821 = DIRECTION ( 'NONE',  ( -1.000000000000000000, 0.000000000000000000, 0.000000000000000000 ) ) ;
#822 = DIRECTION ( 'NONE',  ( 0.000000000000000000, 0.000000000000000000, 1.000000000000000000 ) ) ;
#823 = CARTESIAN_POINT ( 'NONE',  ( 49.11500000000000199, -3.975464749586530436E-15, -5.600000000000006750 ) ) ;
#824 = VERTEX_POINT ( 'NONE', #898 ) ;
#825 = ORIENTED_EDGE ( 'NONE', *, *, #463, .T. ) ;
#826 = FACE_OUTER_BOUND ( 'NONE', #2314, .T. ) ;
#827 = DIRECTION ( 'NONE',  ( 1.000000000000000000, 0.000000000000000000, 0.000000000000000000 ) ) ;
#828 = PLANE ( 'NONE',  #2106 ) ;
#829 = VECTOR ( 'NONE', #1588, 1000.000000000000000 ) ;
#830 = PLANE ( 'NONE',  #3306 ) ;
#831 = ORIENTED_EDGE ( 'NONE', *, *, #1673, .T. ) ;
#832 = DIRECTION ( 'NONE',  ( 1.000000000000000000, 2.775557561562888984E-15, 0.000000000000000000 ) ) ;
#833 = FACE_OUTER_BOUND ( 'NONE', #595, .T. ) ;
#834 = CARTESIAN_POINT ( 'NONE',  ( 0.000000000000000000, -4.000000000000007105, 0.000000000000000000 ) ) ;
#835 = CIRCLE ( 'NONE', #2897, 3.024999999999999911 ) ;
#836 = ORIENTED_EDGE ( 'NONE', *, *, #3131, .F. ) ;
#837 = VECTOR ( 'NONE', #3495, 1000.000000000000000 ) ;
#838 = EDGE_CURVE ( 'NONE', #1475, #3046, #578, .T. ) ;
#839 = EDGE_CURVE ( 'NONE', #2847, #2587, #2309, .T. ) ;
#840 = CARTESIAN_POINT ( 'NONE',  ( 4.955644948310870213, 8.317047597931525260, 3.391971604354991676 ) ) ;
#841 = EDGE_CURVE ( 'NONE', #1402, #1470, #2423, .T. ) ;
#842 = LINE ( 'NONE', #2476, #3023 ) ;
#843 = DIRECTION ( 'NONE',  ( 1.000000000000000000, 0.000000000000000000, 0.000000000000000000 ) ) ;
#844 = ORIENTED_EDGE ( 'NONE', *, *, #594, .F. ) ;
#845 = ORIENTED_EDGE ( 'NONE', *, *, #3037, .T. ) ;
#846 = CARTESIAN_POINT ( 'NONE',  ( 3.948185437972731027, 4.400000000000000355, -4.517945522843360706 ) ) ;
#847 = LINE ( 'NONE', #286, #2086 ) ;
#848 = DIRECTION ( 'NONE',  ( 0.000000000000000000, 0.000000000000000000, -1.000000000000000000 ) ) ;
#849 =( NAMED_UNIT ( * ) PLANE_ANGLE_UNIT ( ) SI_UNIT ( $, .RADIAN. ) );
#850 = DIRECTION ( 'NONE',  ( 1.000000000000000000, 0.000000000000000000, 0.000000000000000000 ) ) ;
#851 = ORIENTED_EDGE ( 'NONE', *, *, #1435, .T. ) ;
#852 = DIRECTION ( 'NONE',  ( -0.000000000000000000, -0.000000000000000000, -1.000000000000000000 ) ) ;
#853 = DIRECTION ( 'NONE',  ( -0.000000000000000000, -0.000000000000000000, -1.000000000000000000 ) ) ;
#854 = CARTESIAN_POINT ( 'NONE',  ( 55.55314122155692758, 2.085777313547375833, -8.000000000000000000 ) ) ;
#855 = CIRCLE ( 'NONE', #2915, 5.499999999999976907 ) ;
#856 = ORIENTED_EDGE ( 'NONE', *, *, #1278, .T. ) ;
#857 = VECTOR ( 'NONE', #923, 1000.000000000000000 ) ;
#858 = CARTESIAN_POINT ( 'NONE',  ( 5.223366791857634084, 8.592577168598964477, 2.963161753294697220 ) ) ;
#859 = EDGE_CURVE ( 'NONE', #239, #754, #2366, .T. ) ;
#860 = AXIS2_PLACEMENT_3D ( 'NONE', #1630, #236, #1374 ) ;
#861 = DIRECTION ( 'NONE',  ( -0.000000000000000000, -0.000000000000000000, 1.000000000000000000 ) ) ;
#862 = LINE ( 'NONE', #379, #695 ) ;
#863 = AXIS2_PLACEMENT_3D ( 'NONE', #5, #1959, #3625 ) ;
#864 = ORIENTED_EDGE ( 'NONE', *, *, #3169, .T. ) ;
#865 = EDGE_CURVE ( 'NONE', #1020, #996, #2769, .T. ) ;
#866 = AXIS2_PLACEMENT_3D ( 'NONE', #2993, #3225, #701 ) ;
#867 = ORIENTED_EDGE ( 'NONE', *, *, #3608, .F. ) ;
#868 = CARTESIAN_POINT ( 'NONE',  ( 46.12501084212602365, -2.000000000000000888, 2.199999999999999734 ) ) ;
#869 = DIRECTION ( 'NONE',  ( 1.000000000000000000, 0.000000000000000000, 0.000000000000000000 ) ) ;
#870 = CARTESIAN_POINT ( 'NONE',  ( -1.173556874675002968E-15, 0.000000000000000000, -6.600000000000000533 ) ) ;
#871 = CARTESIAN_POINT ( 'NONE',  ( 49.28994010404510817, 5.279882440875892868, -2.200000000000000622 ) ) ;
#872 = DIRECTION ( 'NONE',  ( 1.000000000000000000, -1.381365446071397979E-15, -0.000000000000000000 ) ) ;
#873 = CIRCLE ( 'NONE', #3406, 4.000000000000000000 ) ;
#874 = COLOUR_RGB ( '',0.7921568627450980005, 0.8196078431372548767, 0.9333333333333333481 ) ;
#875 = ORIENTED_EDGE ( 'NONE', *, *, #1509, .T. ) ;
#876 = CYLINDRICAL_SURFACE ( 'NONE', #324, 175.2599999999999625 ) ;
#877 = DIRECTION ( 'NONE',  ( 1.000000000000000000, 0.000000000000000000, 0.000000000000000000 ) ) ;
#878 = PLANE ( 'NONE',  #3367 ) ;
#879 = EDGE_CURVE ( 'NONE', #767, #1801, #1492, .T. ) ;
#880 = EDGE_LOOP ( 'NONE', ( #1650, #3016, #856, #3261 ) ) ;
#881 = CIRCLE ( 'NONE', #3582, 4.000000000000003553 ) ;
#882 = CARTESIAN_POINT ( 'NONE',  ( 5.675512002232154352, 8.953386278093194761, -1.967128677993261965 ) ) ;
#883 = LINE ( 'NONE', #2611, #3274 ) ;
#884 = CARTESIAN_POINT ( 'NONE',  ( 0.000000000000000000, -4.000000000000007105, 5.200000000000000178 ) ) ;
#885 = ORIENTED_EDGE ( 'NONE', *, *, #3082, .F. ) ;
#886 = VERTEX_POINT ( 'NONE', #3515 ) ;
#887 = CARTESIAN_POINT ( 'NONE',  ( 51.16499999999999915, -4.226517343411737806E-15, 6.599999999999999645 ) ) ;
#888 = DIRECTION ( 'NONE',  ( 0.000000000000000000, 0.000000000000000000, 1.000000000000000000 ) ) ;
#889 = EDGE_CURVE ( 'NONE', #1044, #1232, #3004, .T. ) ;
#890 = DIRECTION ( 'NONE',  ( -0.000000000000000000, -0.000000000000000000, 1.000000000000000000 ) ) ;
#891 = DIRECTION ( 'NONE',  ( 8.710239979799103075E-16, -1.000000000000000000, 0.000000000000000000 ) ) ;
#892 = ADVANCED_FACE ( 'NONE', ( #2678 ), #1549, .F. ) ;
#893 = EDGE_CURVE ( 'NONE', #1332, #3056, #3500, .T. ) ;
#894 = CARTESIAN_POINT ( 'NONE',  ( 5.582114294781143293, 4.514077340587451914, -2.200000000000000178 ) ) ;
#895 = EDGE_LOOP ( 'NONE', ( #489, #3442, #1488, #1187 ) ) ;
#896 = CARTESIAN_POINT ( 'NONE',  ( 48.06184152795736253, 8.591200351342457964, -8.000000000000000000 ) ) ;
#897 = DIRECTION ( 'NONE',  ( 1.000000000000000000, 0.000000000000000000, -0.000000000000000000 ) ) ;
#898 = CARTESIAN_POINT ( 'NONE',  ( 48.71499999999998920, -4.345920406328604417E-15, 5.200000000000000178 ) ) ;
#899 = CIRCLE ( 'NONE', #1317, 5.499999999999976907 ) ;
#900 = ORIENTED_EDGE ( 'NONE', *, *, #1816, .T. ) ;
#901 = CARTESIAN_POINT ( 'NONE',  ( 4.545647700112197320, 7.767247878462728572, -3.922238684837994427 ) ) ;
#902 = ORIENTED_EDGE ( 'NONE', *, *, #763, .T. ) ;
#903 = AXIS2_PLACEMENT_3D ( 'NONE', #351, #1468, #289 ) ;
#904 = LINE ( 'NONE', #23, #1395 ) ;
#905 = DIRECTION ( 'NONE',  ( 1.000000000000000000, 0.000000000000000000, 0.000000000000000000 ) ) ;
#906 = ORIENTED_EDGE ( 'NONE', *, *, #1777, .T. ) ;
#907 = ORIENTED_EDGE ( 'NONE', *, *, #412, .T. ) ;
#908 = CARTESIAN_POINT ( 'NONE',  ( 50.60374229506292920, 10.18454290402474172, -5.200000000000000178 ) ) ;
#909 = CARTESIAN_POINT ( 'NONE',  ( 0.000000000000000000, 0.000000000000000000, -8.000000000000000000 ) ) ;
#910 = CARTESIAN_POINT ( 'NONE',  ( 50.66499999999999915, -4.165285003454370232E-15, -7.500000000000000000 ) ) ;
#911 = CARTESIAN_POINT ( 'NONE',  ( -1.355252715606880234E-17, -3.500000000000000000, 8.000000000000000000 ) ) ;
#912 = ADVANCED_FACE ( 'NONE', ( #2918 ), #3481, .F. ) ;
#913 = APPLICATION_CONTEXT ( 'automotive_design' ) ;
#914 = EDGE_CURVE ( 'NONE', #3435, #2677, #835, .T. ) ;
#915 = ORIENTED_EDGE ( 'NONE', *, *, #794, .T. ) ;
#916 = CYLINDRICAL_SURFACE ( 'NONE', #800, 0.5000000000000004441 ) ;
#917 = CARTESIAN_POINT ( 'NONE',  ( 47.46488495469115776, 8.266381009738202224, 5.200000000000000178 ) ) ;
#918 = ADVANCED_FACE ( 'NONE', ( #3536 ), #1721, .T. ) ;
#919 = ORIENTED_EDGE ( 'NONE', *, *, #3187, .T. ) ;
#920 = ORIENTED_EDGE ( 'NONE', *, *, #2353, .F. ) ;
#921 = EDGE_CURVE ( 'NONE', #3592, #3480, #426, .T. ) ;
#922 = AXIS2_PLACEMENT_3D ( 'NONE', #266, #1408, #3029 ) ;
#923 = DIRECTION ( 'NONE',  ( 0.000000000000000000, 0.000000000000000000, -1.000000000000000000 ) ) ;
#924 = DIRECTION ( 'NONE',  ( 1.000000000000000000, 0.000000000000000000, 0.000000000000000000 ) ) ;
#925 = ORIENTED_EDGE ( 'NONE', *, *, #3608, .T. ) ;
#926 = CIRCLE ( 'NONE', #798, 0.9749999999999999778 ) ;
#927 = EDGE_CURVE ( 'NONE', #1755, #3143, #3197, .T. ) ;
#928 = ORIENTED_EDGE ( 'NONE', *, *, #1880, .F. ) ;
#929 = AXIS2_PLACEMENT_3D ( 'NONE', #1897, #432, #220 ) ;
#930 = LINE ( 'NONE', #846, #2742 ) ;
#931 = CARTESIAN_POINT ( 'NONE',  ( 48.89222750274525708, -3.708263902859309624, 5.200000000000000178 ) ) ;
#932 = FACE_OUTER_BOUND ( 'NONE', #1921, .T. ) ;
#933 = CARTESIAN_POINT ( 'NONE',  ( 44.13144481997665025, 7.187741556283238964, 5.400000000000000355 ) ) ;
#934 = CYLINDRICAL_SURFACE ( 'NONE', #958, 3.024999999999999911 ) ;
#935 = AXIS2_PLACEMENT_3D ( 'NONE', #2428, #2722, #1829 ) ;
#936 = ORIENTED_EDGE ( 'NONE', *, *, #1259, .T. ) ;
#937 = AXIS2_PLACEMENT_3D ( 'NONE', #3162, #344, #905 ) ;
#938 = DIRECTION ( 'NONE',  ( 0.000000000000000000, 0.000000000000000000, 1.000000000000000000 ) ) ;
#939 = VECTOR ( 'NONE', #69, 1000.000000000000000 ) ;
#940 = ORIENTED_EDGE ( 'NONE', *, *, #2829, .F. ) ;
#941 = CIRCLE ( 'NONE', #1405, 3.024999999999999911 ) ;
#942 = EDGE_CURVE ( 'NONE', #2012, #1722, #3494, .T. ) ;
#943 = ORIENTED_EDGE ( 'NONE', *, *, #416, .F. ) ;
#944 = AXIS2_PLACEMENT_3D ( 'NONE', #3012, #1948, #3355 ) ;
#945 = LINE ( 'NONE', #2055, #2035 ) ;
#946 = DIRECTION ( 'NONE',  ( 0.000000000000000000, 0.000000000000000000, 1.000000000000000000 ) ) ;
#947 = ORIENTED_EDGE ( 'NONE', *, *, #247, .T. ) ;
#948 = EDGE_LOOP ( 'NONE', ( #3378, #1936, #3489, #323 ) ) ;
#949 = DIRECTION ( 'NONE',  ( 1.000000000000000000, 0.000000000000000000, 0.000000000000000000 ) ) ;
#950 = CARTESIAN_POINT ( 'NONE',  ( -1.355252715606880543E-17, -4.000000000000000888, -8.000000000000000000 ) ) ;
#951 = DIRECTION ( 'NONE',  ( 0.000000000000000000, 0.000000000000000000, 1.000000000000000000 ) ) ;
#952 = CARTESIAN_POINT ( 'NONE',  ( 24.00049140560457772, -2.000000000000000888, 2.199999999999997069 ) ) ;
#953 = ORIENTED_EDGE ( 'NONE', *, *, #3119, .T. ) ;
#954 = ORIENTED_EDGE ( 'NONE', *, *, #594, .T. ) ;
#955 = DIRECTION ( 'NONE',  ( -1.000000000000000000, 0.000000000000000000, 0.000000000000000000 ) ) ;
#956 = EDGE_LOOP ( 'NONE', ( #462, #3038, #1087, #2421 ) ) ;
#957 = LINE ( 'NONE', #2956, #998 ) ;
#958 = AXIS2_PLACEMENT_3D ( 'NONE', #3174, #89, #686 ) ;
#959 = ORIENTED_EDGE ( 'NONE', *, *, #2418, .T. ) ;
#960 = EDGE_CURVE ( 'NONE', #292, #1778, #2699, .T. ) ;
#961 = EDGE_CURVE ( 'NONE', #3472, #3006, #1888, .T. ) ;
#962 = CARTESIAN_POINT ( 'NONE',  ( -3.425000000000012257, 0.000000000000000000, 5.200000000000000178 ) ) ;
#963 = CARTESIAN_POINT ( 'NONE',  ( 52.14000000000000057, -4.345920406328604417E-15, -5.200000000000000178 ) ) ;
#964 = VERTEX_POINT ( 'NONE', #3214 ) ;
#965 = AXIS2_PLACEMENT_3D ( 'NONE', #3268, #1614, #1883 ) ;
#966 = EDGE_CURVE ( 'NONE', #3195, #3204, #2420, .T. ) ;
#967 = EDGE_LOOP ( 'NONE', ( #2659, #180, #2118, #750, #544, #2194, #2076, #2180, #213, #3615 ) ) ;
#968 = DIRECTION ( 'NONE',  ( -0.000000000000000000, 0.000000000000000000, 1.000000000000000000 ) ) ;
#969 = LINE ( 'NONE', #2044, #2981 ) ;
#970 = FACE_OUTER_BOUND ( 'NONE', #1745, .T. ) ;
#971 = DIRECTION ( 'NONE',  ( 1.000000000000000000, 0.000000000000000000, 0.000000000000000000 ) ) ;
#972 = ORIENTED_EDGE ( 'NONE', *, *, #296, .F. ) ;
#973 = EDGE_LOOP ( 'NONE', ( #864, #3045 ) ) ;
#974 = DIRECTION ( 'NONE',  ( 0.000000000000000000, 0.000000000000000000, -1.000000000000000000 ) ) ;
#975 = ORIENTED_EDGE ( 'NONE', *, *, #3607, .T. ) ;
#976 = LINE ( 'NONE', #2702, #3362 ) ;
#977 = ORIENTED_EDGE ( 'NONE', *, *, #1346, .T. ) ;
#978 = DIRECTION ( 'NONE',  ( 0.000000000000000000, 0.000000000000000000, 1.000000000000000000 ) ) ;
#979 = DIRECTION ( 'NONE',  ( -0.7071067811865517916, 8.659560562354985860E-17, 0.7071067811865433539 ) ) ;
#980 = VERTEX_POINT ( 'NONE', #2954 ) ;
#981 = CIRCLE ( 'NONE', #3021, 3.500000000000003109 ) ;
#982 = DIRECTION ( 'NONE',  ( 1.000000000000000000, 0.000000000000000000, 0.000000000000000000 ) ) ;
#983 = DIRECTION ( 'NONE',  ( 1.350228159821300363E-16, -1.000000000000000000, 0.000000000000000000 ) ) ;
#984 = CARTESIAN_POINT ( 'NONE',  ( 0.9749999999999999778, 0.000000000000000000, 6.600000000000001421 ) ) ;
#985 = AXIS2_PLACEMENT_3D ( 'NONE', #3470, #1477, #2887 ) ;
#986 = CARTESIAN_POINT ( 'NONE',  ( 50.19505479143043658, 9.894811172309571745, -7.500000000000000000 ) ) ;
#987 = EDGE_CURVE ( 'NONE', #1364, #2682, #2624, .T. ) ;
#988 = VERTEX_POINT ( 'NONE', #1354 ) ;
#989 = CARTESIAN_POINT ( 'NONE',  ( 44.13355199762368386, 3.366335551992464481, 2.200000000000000178 ) ) ;
#990 = DIRECTION ( 'NONE',  ( -0.000000000000000000, -0.000000000000000000, -1.000000000000000000 ) ) ;
#991 = CIRCLE ( 'NONE', #1869, 3.425000000000011369 ) ;
#992 = ORIENTED_EDGE ( 'NONE', *, *, #391, .T. ) ;
#993 = AXIS2_PLACEMENT_3D ( 'NONE', #2850, #3471, #48 ) ;
#994 = ADVANCED_FACE ( 'NONE', ( #2987 ), #1038, .T. ) ;
#995 = DIRECTION ( 'NONE',  ( -0.04788906654444346350, 0.9988526604587395497, 0.000000000000000000 ) ) ;
#996 = VERTEX_POINT ( 'NONE', #233 ) ;
#997 = CIRCLE ( 'NONE', #2810, 0.9749999999999967581 ) ;
#998 = VECTOR ( 'NONE', #1838, 999.9999999999998863 ) ;
#999 = FACE_OUTER_BOUND ( 'NONE', #2479, .T. ) ;
#1000 = DIRECTION ( 'NONE',  ( -1.000000000000000000, 0.000000000000000000, 0.000000000000000000 ) ) ;
#1001 = VERTEX_POINT ( 'NONE', #2485 ) ;
#1002 = CARTESIAN_POINT ( 'NONE',  ( 0.000000000000000000, -3.500000000000000888, 8.000000000000000000 ) ) ;
#1003 = DIRECTION ( 'NONE',  ( -1.000000000000000000, 0.000000000000000000, 0.000000000000000000 ) ) ;
#1004 = DIRECTION ( 'NONE',  ( -1.000000000000000000, 0.000000000000000000, -0.000000000000000000 ) ) ;
#1005 = FACE_OUTER_BOUND ( 'NONE', #131, .T. ) ;
#1006 = EDGE_CURVE ( 'NONE', #3156, #3251, #3614, .T. ) ;
#1007 = ORIENTED_EDGE ( 'NONE', *, *, #520, .F. ) ;
#1008 = EDGE_CURVE ( 'NONE', #28, #1942, #1136, .T. ) ;
#1009 = ORIENTED_EDGE ( 'NONE', *, *, #616, .F. ) ;
#1010 = VERTEX_POINT ( 'NONE', #2740 ) ;
#1011 = DIRECTION ( 'NONE',  ( 0.9988526604587395497, 0.04788906654444345656, -0.000000000000000000 ) ) ;
#1012 = EDGE_LOOP ( 'NONE', ( #825, #1213, #415, #331 ) ) ;
#1013 = APPLICATION_PROTOCOL_DEFINITION ( 'draft international standard', 'automotive_design', 1998, #913 ) ;
#1014 = PLANE ( 'NONE',  #453 ) ;
#1015 = VERTEX_POINT ( 'NONE', #3300 ) ;
#1016 = LINE ( 'NONE', #2129, #1036 ) ;
#1017 = DIRECTION ( 'NONE',  ( 1.000000000000000000, 0.000000000000000000, 0.000000000000000000 ) ) ;
#1018 = DIRECTION ( 'NONE',  ( 0.000000000000000000, 0.000000000000000000, -1.000000000000000000 ) ) ;
#1019 = VECTOR ( 'NONE', #2266, 1000.000000000000114 ) ;
#1020 = VERTEX_POINT ( 'NONE', #216 ) ;
#1021 = CARTESIAN_POINT ( 'NONE',  ( 0.000000000000000000, 3.500000000000000000, 7.500000000000000000 ) ) ;
#1022 = PLANE ( 'NONE',  #300 ) ;
#1023 = EDGE_CURVE ( 'NONE', #2536, #1310, #2835, .T. ) ;
#1024 = EDGE_LOOP ( 'NONE', ( #13, #1913, #537, #885 ) ) ;
#1025 = CYLINDRICAL_SURFACE ( 'NONE', #3656, 4.000000000000003553 ) ;
#1026 = ADVANCED_FACE ( 'NONE', ( #762 ), #3050, .T. ) ;
#1027 = ORIENTED_EDGE ( 'NONE', *, *, #2177, .T. ) ;
#1028 = CARTESIAN_POINT ( 'NONE',  ( 4.458287489416092875, 5.667323904260572753, 8.000000000000000000 ) ) ;
#1029 = ADVANCED_FACE ( 'NONE', ( #2465 ), #2542, .T. ) ;
#1030 = EDGE_LOOP ( 'NONE', ( #1887, #1771, #1540, #2903, #1634, #2347, #2268, #118 ) ) ;
#1031 = FACE_OUTER_BOUND ( 'NONE', #673, .T. ) ;
#1032 = DIRECTION ( 'NONE',  ( -0.000000000000000000, -0.000000000000000000, -1.000000000000000000 ) ) ;
#1033 = EDGE_CURVE ( 'NONE', #1497, #3479, #3001, .T. ) ;
#1034 = AXIS2_PLACEMENT_3D ( 'NONE', #3171, #2615, #85 ) ;
#1035 = ORIENTED_EDGE ( 'NONE', *, *, #1727, .T. ) ;
#1036 = VECTOR ( 'NONE', #2427, 1000.000000000000000 ) ;
#1037 = FILL_AREA_STYLE_COLOUR ( '', #3039 ) ;
#1038 = PLANE ( 'NONE',  #2128 ) ;
#1039 = AXIS2_PLACEMENT_3D ( 'NONE', #551, #1448, #2824 ) ;
#1040 = ORIENTED_EDGE ( 'NONE', *, *, #61, .T. ) ;
#1041 = VECTOR ( 'NONE', #1890, 1000.000000000000000 ) ;
#1042 = CARTESIAN_POINT ( 'NONE',  ( 0.000000000000000000, 0.000000000000000000, -7.500000000000000000 ) ) ;
#1043 = VECTOR ( 'NONE', #2594, 1000.000000000000000 ) ;
#1044 = VERTEX_POINT ( 'NONE', #2431 ) ;
#1045 = ADVANCED_FACE ( 'NONE', ( #2167 ), #3013, .F. ) ;
#1046 =( LENGTH_UNIT ( ) NAMED_UNIT ( * ) SI_UNIT ( .MILLI., .METRE. ) );
#1047 = VECTOR ( 'NONE', #255, 1000.000000000000000 ) ;
#1048 = ORIENTED_EDGE ( 'NONE', *, *, #3629, .F. ) ;
#1049 = AXIS2_PLACEMENT_3D ( 'NONE', #528, #2242, #827 ) ;
#1050 = DIRECTION ( 'NONE',  ( -0.000000000000000000, 0.000000000000000000, 1.000000000000000000 ) ) ;
#1051 = CARTESIAN_POINT ( 'NONE',  ( 44.13355199762366254, 3.366335551992456931, 5.400000000000000355 ) ) ;
#1052 = CIRCLE ( 'NONE', #1534, 4.000000000000003553 ) ;
#1053 = VECTOR ( 'NONE', #2131, 1000.000000000000000 ) ;
#1054 = ORIENTED_EDGE ( 'NONE', *, *, #2815, .T. ) ;
#1055 =( LENGTH_UNIT ( ) NAMED_UNIT ( * ) SI_UNIT ( .MILLI., .METRE. ) );
#1056 = DIRECTION ( 'NONE',  ( -2.977001517945642039E-43, -1.000000000000000000, 0.000000000000000000 ) ) ;
#1057 = ORIENTED_EDGE ( 'NONE', *, *, #942, .F. ) ;
#1058 = ORIENTED_EDGE ( 'NONE', *, *, #2998, .T. ) ;
#1059 = DIRECTION ( 'NONE',  ( 0.000000000000000000, 0.000000000000000000, 1.000000000000000000 ) ) ;
#1060 = CARTESIAN_POINT ( 'NONE',  ( 44.13144481997665025, 7.187741556283238964, -2.200000000000000178 ) ) ;
#1061 = ORIENTED_EDGE ( 'NONE', *, *, #3597, .T. ) ;
#1062 = ORIENTED_EDGE ( 'NONE', *, *, #1552, .F. ) ;
#1063 = ADVANCED_FACE ( 'NONE', ( #3336 ), #1334, .T. ) ;
#1064 = EDGE_CURVE ( 'NONE', #1154, #206, #3286, .T. ) ;
#1065 = CARTESIAN_POINT ( 'NONE',  ( 3.425000000000009592, 4.194415287079698250E-16, 5.200000000000000178 ) ) ;
#1066 = PLANE ( 'NONE',  #2148 ) ;
#1067 = VERTEX_POINT ( 'NONE', #3596 ) ;
#1068 = AXIS2_PLACEMENT_3D ( 'NONE', #556, #3040, #1729 ) ;
#1069 = EDGE_CURVE ( 'NONE', #2916, #2330, #1910, .T. ) ;
#1070 = ORIENTED_EDGE ( 'NONE', *, *, #456, .T. ) ;
#1071 = AXIS2_PLACEMENT_3D ( 'NONE', #2826, #615, #2590 ) ;
#1072 = CARTESIAN_POINT ( 'NONE',  ( 13.50000000000000178, -4.000000000000007105, 5.200000000000000178 ) ) ;
#1073 = CARTESIAN_POINT ( 'NONE',  ( 5.582114294781146846, 4.514077340587451914, 2.200000000000000178 ) ) ;
#1074 = CARTESIAN_POINT ( 'NONE',  ( 52.14000000000000057, -4.000000000000005329, -5.200000000000000178 ) ) ;
#1075 = DIRECTION ( 'NONE',  ( 1.000000000000000000, 0.000000000000000000, 0.000000000000000000 ) ) ;
#1076 = ADVANCED_FACE ( 'NONE', ( #2446, #2184, #3579 ), #3032, .T. ) ;
#1077 = CIRCLE ( 'NONE', #3124, 3.500000000000003109 ) ;
#1078 = ORIENTED_EDGE ( 'NONE', *, *, #2975, .T. ) ;
#1079 = LINE ( 'NONE', #515, #3155 ) ;
#1080 = CARTESIAN_POINT ( 'NONE',  ( 4.201815983321427694, 7.066871031032856187, -4.285907863058030287 ) ) ;
#1081 = ORIENTED_EDGE ( 'NONE', *, *, #2304, .F. ) ;
#1082 = DIRECTION ( 'NONE',  ( -0.000000000000000000, -0.000000000000000000, -1.000000000000000000 ) ) ;
#1083 = ORIENTED_EDGE ( 'NONE', *, *, #1404, .F. ) ;
#1084 = DIRECTION ( 'NONE',  ( 1.000000000000000000, 0.000000000000000000, 0.000000000000000000 ) ) ;
#1085 = CARTESIAN_POINT ( 'NONE',  ( 48.60049140560456493, -4.000000000000000888, -5.200000000000000178 ) ) ;
#1086 = VERTEX_POINT ( 'NONE', #3548 ) ;
#1087 = ORIENTED_EDGE ( 'NONE', *, *, #3181, .F. ) ;
#1088 = CARTESIAN_POINT ( 'NONE',  ( 46.12501084212602365, -2.000000000000001332, -5.400000000000000355 ) ) ;
#1089 = FACE_OUTER_BOUND ( 'NONE', #2963, .T. ) ;
#1090 = ADVANCED_FACE ( 'NONE', ( #743 ), #1022, .T. ) ;
#1091 = DIRECTION ( 'NONE',  ( 0.000000000000000000, 0.000000000000000000, -1.000000000000000000 ) ) ;
#1092 = VECTOR ( 'NONE', #3491, 1000.000000000000000 ) ;
#1093 = VERTEX_POINT ( 'NONE', #2840 ) ;
#1094 = CARTESIAN_POINT ( 'NONE',  ( 6.319152402096168005E-16, 4.000000000000000000, -5.200000000000001066 ) ) ;
#1095 = DIRECTION ( 'NONE',  ( 0.000000000000000000, 0.000000000000000000, 1.000000000000000000 ) ) ;
#1096 = DIRECTION ( 'NONE',  ( 0.000000000000000000, -1.000000000000000000, 0.000000000000000000 ) ) ;
#1097 = VECTOR ( 'NONE', #343, 1000.000000000000000 ) ;
#1098 = EDGE_LOOP ( 'NONE', ( #612, #3537 ) ) ;
#1099 = EDGE_CURVE ( 'NONE', #3433, #1479, #2858, .T. ) ;
#1100 = DIRECTION ( 'NONE',  ( -0.000000000000000000, -0.000000000000000000, 1.000000000000000000 ) ) ;
#1101 = CIRCLE ( 'NONE', #1808, 4.000000000000000000 ) ;
#1102 = DIRECTION ( 'NONE',  ( -0.000000000000000000, -0.000000000000000000, -1.000000000000000000 ) ) ;
#1103 = DIRECTION ( 'NONE',  ( -0.000000000000000000, -0.000000000000000000, -1.000000000000000000 ) ) ;
#1104 = EDGE_LOOP ( 'NONE', ( #283, #851, #1463, #3311 ) ) ;
#1105 = ORIENTED_EDGE ( 'NONE', *, *, #1856, .T. ) ;
#1106 = CARTESIAN_POINT ( 'NONE',  ( 0.9749999999999999778, 0.000000000000000000, -7.500000000000000000 ) ) ;
#1107 = FACE_BOUND ( 'NONE', #1098, .T. ) ;
#1108 = CARTESIAN_POINT ( 'NONE',  ( 2.729660544970658798, -5.566772252322746972, 2.200000000000000178 ) ) ;
#1109 = CARTESIAN_POINT ( 'NONE',  ( 8.738421351847287966, -15.39943706616431918, 2.200000000000000178 ) ) ;
#1110 = CIRCLE ( 'NONE', #2159, 1.500000000000000444 ) ;
#1111 = EDGE_CURVE ( 'NONE', #1093, #225, #3651, .T. ) ;
#1112 = EDGE_CURVE ( 'NONE', #1801, #2290, #1950, .T. ) ;
#1113 = EDGE_LOOP ( 'NONE', ( #2149, #1385, #1740, #3117 ) ) ;
#1114 = CARTESIAN_POINT ( 'NONE',  ( 3.458287489416092431, 4.500000000000000888, 7.500000000000000000 ) ) ;
#1115 = CARTESIAN_POINT ( 'NONE',  ( -1.355252715606880543E-17, -4.000000000000000888, 7.500000000000000000 ) ) ;
#1116 = FACE_OUTER_BOUND ( 'NONE', #3401, .T. ) ;
#1117 = ORIENTED_EDGE ( 'NONE', *, *, #18, .T. ) ;
#1118 = DIRECTION ( 'NONE',  ( 1.000000000000000000, 0.000000000000000000, 0.000000000000000000 ) ) ;
#1119 = LINE ( 'NONE', #3643, #3458 ) ;
#1120 = DIRECTION ( 'NONE',  ( 1.000000000000000000, 0.000000000000000000, 0.000000000000000000 ) ) ;
#1121 = ORIENTED_EDGE ( 'NONE', *, *, #2676, .T. ) ;
#1122 = ORIENTED_EDGE ( 'NONE', *, *, #2255, .F. ) ;
#1123 = CARTESIAN_POINT ( 'NONE',  ( 5.582114294781146846, 4.514077340587451914, 2.200000000000000178 ) ) ;
#1124 = CARTESIAN_POINT ( 'NONE',  ( 49.28994010404510817, 5.279882440875892868, 5.400000000000000355 ) ) ;
#1125 = CARTESIAN_POINT ( 'NONE',  ( 52.14000000000000057, -4.345920406328604417E-15, 7.500000000000000000 ) ) ;
#1126 = AXIS2_PLACEMENT_3D ( 'NONE', #2352, #100, #1241 ) ;
#1127 = CARTESIAN_POINT ( 'NONE',  ( -1.355252715606880234E-17, -3.500000000000000000, -8.000000000000000000 ) ) ;
#1128 = VECTOR ( 'NONE', #1096, 1000.000000000000000 ) ;
#1129 = EDGE_LOOP ( 'NONE', ( #1507, #526, #1527, #2039 ) ) ;
#1130 = CARTESIAN_POINT ( 'NONE',  ( -3.025000000000001243, 3.704556567420743261E-16, -6.600000000000000533 ) ) ;
#1131 = CARTESIAN_POINT ( 'NONE',  ( 2.729660544970658798, 4.400000000000001243, -2.200000000000000178 ) ) ;
#1132 = FACE_OUTER_BOUND ( 'NONE', #2554, .T. ) ;
#1133 = EDGE_CURVE ( 'NONE', #1154, #886, #1148, .T. ) ;
#1134 = AXIS2_PLACEMENT_3D ( 'NONE', #353, #1177, #1489 ) ;
#1135 = ORIENTED_EDGE ( 'NONE', *, *, #2788, .T. ) ;
#1136 = CIRCLE ( 'NONE', #603, 3.024999999999999911 ) ;
#1137 = FACE_OUTER_BOUND ( 'NONE', #478, .T. ) ;
#1138 = ADVANCED_FACE ( 'NONE', ( #3112 ), #56, .F. ) ;
#1139 = CARTESIAN_POINT ( 'NONE',  ( 50.62169744412505423, 10.15553333650299273, 7.500000000000000000 ) ) ;
#1140 = CARTESIAN_POINT ( 'NONE',  ( -0.9749999999999999778, 1.194030629168669322E-16, -8.000000000000000000 ) ) ;
#1141 = ORIENTED_EDGE ( 'NONE', *, *, #3297, .T. ) ;
#1142 = ORIENTED_EDGE ( 'NONE', *, *, #1112, .F. ) ;
#1143 = EDGE_CURVE ( 'NONE', #2225, #2985, #592, .T. ) ;
#1144 = DIRECTION ( 'NONE',  ( -0.000000000000000000, -0.000000000000000000, 1.000000000000000000 ) ) ;
#1145 = DIRECTION ( 'NONE',  ( 0.000000000000000000, 0.000000000000000000, 1.000000000000000000 ) ) ;
#1146 = CYLINDRICAL_SURFACE ( 'NONE', #1294, 1.500000000000000000 ) ;
#1147 = CARTESIAN_POINT ( 'NONE',  ( 46.06346891345411620, -168.0616090356724897, 5.200000000000000178 ) ) ;
#1148 = LINE ( 'NONE', #1760, #2369 ) ;
#1149 = EDGE_LOOP ( 'NONE', ( #3216, #768, #3459, #1328 ) ) ;
#1150 = DIRECTION ( 'NONE',  ( -1.000000000000000000, 0.000000000000000000, 0.000000000000000000 ) ) ;
#1151 = CARTESIAN_POINT ( 'NONE',  ( 56.14000000000000057, -4.345920406328604417E-15, -8.000000000000000000 ) ) ;
#1152 = LINE ( 'NONE', #917, #2010 ) ;
#1153 = CIRCLE ( 'NONE', #3620, 0.9749999999999967581 ) ;
#1154 = VERTEX_POINT ( 'NONE', #3129 ) ;
#1155 = CONICAL_SURFACE ( 'NONE', #1624, 3.425000000000010925, 0.7853981633974521648 ) ;
#1156 = CARTESIAN_POINT ( 'NONE',  ( 5.978769063070576095, 9.143493157328697052, -0.5792366680353817632 ) ) ;
#1157 = VECTOR ( 'NONE', #1545, 1000.000000000000114 ) ;
#1158 = CIRCLE ( 'NONE', #1518, 3.499999999999997780 ) ;
#1159 = ADVANCED_FACE ( 'NONE', ( #3398 ), #3150, .F. ) ;
#1160 = ADVANCED_FACE ( 'NONE', ( #1446 ), #1718, .T. ) ;
#1161 = CIRCLE ( 'NONE', #2747, 1.474999999999999867 ) ;
#1162 = DIRECTION ( 'NONE',  ( -1.000000000000000000, 0.000000000000000000, 0.000000000000000000 ) ) ;
#1163 = CARTESIAN_POINT ( 'NONE',  ( 52.14000000000000057, -4.345920406328604417E-15, -8.000000000000000000 ) ) ;
#1164 = AXIS2_PLACEMENT_3D ( 'NONE', #1737, #2910, #3419 ) ;
#1165 = VERTEX_POINT ( 'NONE', #1127 ) ;
#1166 = CIRCLE ( 'NONE', #2869, 3.425000000000011369 ) ;
#1167 = ORIENTED_EDGE ( 'NONE', *, *, #416, .T. ) ;
#1168 = LINE ( 'NONE', #2321, #2513 ) ;
#1169 = LINE ( 'NONE', #2931, #2265 ) ;
#1170 = CARTESIAN_POINT ( 'NONE',  ( 13.49999999999999822, -2.000000000000005773, 5.200000000000000178 ) ) ;
#1171 = CARTESIAN_POINT ( 'NONE',  ( 13.50000000000000355, -4.000000000000007105, -5.200000000000000178 ) ) ;
#1172 = DIRECTION ( 'NONE',  ( -0.000000000000000000, -0.000000000000000000, -1.000000000000000000 ) ) ;
#1173 = CIRCLE ( 'NONE', #2698, 3.999999999999998224 ) ;
#1174 = ORIENTED_EDGE ( 'NONE', *, *, #2547, .F. ) ;
#1175 = DIRECTION ( 'NONE',  ( -0.000000000000000000, 0.000000000000000000, 1.000000000000000000 ) ) ;
#1176 = PLANE ( 'NONE',  #272 ) ;
#1177 = DIRECTION ( 'NONE',  ( 0.8532853053892313078, 0.5214443283868436252, -0.000000000000000000 ) ) ;
#1178 = CIRCLE ( 'NONE', #46, 0.5000000000000004441 ) ;
#1179 = ORIENTED_EDGE ( 'NONE', *, *, #2801, .T. ) ;
#1180 = AXIS2_PLACEMENT_3D ( 'NONE', #3231, #1863, #668 ) ;
#1181 = CARTESIAN_POINT ( 'NONE',  ( 4.816504903550006489, 8.154288562657978190, -3.584431590706357973 ) ) ;
#1182 = ORIENTED_EDGE ( 'NONE', *, *, #291, .F. ) ;
#1183 = FACE_OUTER_BOUND ( 'NONE', #2814, .T. ) ;
#1184 = DIRECTION ( 'NONE',  ( -0.000000000000000000, -0.000000000000000000, -1.000000000000000000 ) ) ;
#1185 = ADVANCED_FACE ( 'NONE', ( #1410 ), #830, .T. ) ;
#1186 = ORIENTED_EDGE ( 'NONE', *, *, #3275, .T. ) ;
#1187 = ORIENTED_EDGE ( 'NONE', *, *, #730, .F. ) ;
#1188 = CARTESIAN_POINT ( 'NONE',  ( 4.458287489416092875, 5.667323904260572753, 7.500000000000000000 ) ) ;
#1189 = DIRECTION ( 'NONE',  ( 1.000000000000000000, 0.000000000000000000, 0.000000000000000000 ) ) ;
#1190 = LINE ( 'NONE', #72, #2336 ) ;
#1191 = DIRECTION ( 'NONE',  ( -0.000000000000000000, 1.000000000000000000, -0.000000000000000000 ) ) ;
#1192 = DIRECTION ( 'NONE',  ( 1.000000000000000000, 0.000000000000000000, -0.000000000000000000 ) ) ;
#1193 = EDGE_CURVE ( 'NONE', #146, #3519, #1726, .T. ) ;
#1194 = ORIENTED_EDGE ( 'NONE', *, *, #1799, .T. ) ;
#1195 = DIRECTION ( 'NONE',  ( 1.000000000000000000, 0.000000000000000000, 0.000000000000000000 ) ) ;
#1196 = DIRECTION ( 'NONE',  ( 0.000000000000000000, -0.000000000000000000, 1.000000000000000000 ) ) ;
#1197 = CYLINDRICAL_SURFACE ( 'NONE', #2535, 0.9749999999999967581 ) ;
#1198 = VECTOR ( 'NONE', #200, 1000.000000000000000 ) ;
#1199 = ORIENTED_EDGE ( 'NONE', *, *, #927, .T. ) ;
#1200 = AXIS2_PLACEMENT_3D ( 'NONE', #1234, #1566, #410 ) ;
#1201 = ORIENTED_EDGE ( 'NONE', *, *, #202, .F. ) ;
#1202 = AXIS2_PLACEMENT_3D ( 'NONE', #2046, #114, #2603 ) ;
#1203 = CARTESIAN_POINT ( 'NONE',  ( 7.582114294781146846, -2.000000000000006661, 5.400000000000000355 ) ) ;
#1204 = CARTESIAN_POINT ( 'NONE',  ( 44.13144481997665025, 7.187741556283238964, -5.400000000000000355 ) ) ;
#1205 = EDGE_LOOP ( 'NONE', ( #728, #525, #2438, #1615 ) ) ;
#1206 = ORIENTED_EDGE ( 'NONE', *, *, #3565, .F. ) ;
#1207 = DIRECTION ( 'NONE',  ( 1.000000000000000000, 0.000000000000000000, 0.000000000000000000 ) ) ;
#1208 = DIRECTION ( 'NONE',  ( -0.000000000000000000, -0.000000000000000000, -1.000000000000000000 ) ) ;
#1209 = DIRECTION ( 'NONE',  ( -1.000000000000000000, 0.000000000000000000, 0.000000000000000000 ) ) ;
#1210 = FACE_OUTER_BOUND ( 'NONE', #3010, .T. ) ;
#1211 = LINE ( 'NONE', #952, #724 ) ;
#1212 = EDGE_CURVE ( 'NONE', #671, #63, #3069, .T. ) ;
#1213 = ORIENTED_EDGE ( 'NONE', *, *, #2940, .F. ) ;
#1214 = LINE ( 'NONE', #60, #1367 ) ;
#1215 = EDGE_LOOP ( 'NONE', ( #1061, #785, #586, #1274 ) ) ;
#1216 = AXIS2_PLACEMENT_3D ( 'NONE', #3593, #2462, #2199 ) ;
#1217 = VERTEX_POINT ( 'NONE', #894 ) ;
#1218 = AXIS2_PLACEMENT_3D ( 'NONE', #2173, #3308, #3388 ) ;
#1219 = CARTESIAN_POINT ( 'NONE',  ( 47.46488495469115776, 8.266381009738202224, 2.200000000000000178 ) ) ;
#1220 = CARTESIAN_POINT ( 'NONE',  ( 46.12501084212602365, -2.000000000000001332, -5.400000000000000355 ) ) ;
#1221 = ORIENTED_EDGE ( 'NONE', *, *, #638, .F. ) ;
#1222 = CIRCLE ( 'NONE', #1579, 3.024999999999999911 ) ;
#1223 = ORIENTED_EDGE ( 'NONE', *, *, #3570, .T. ) ;
#1224 = AXIS2_PLACEMENT_3D ( 'NONE', #2744, #716, #2071 ) ;
#1225 =( LENGTH_UNIT ( ) NAMED_UNIT ( * ) SI_UNIT ( .MILLI., .METRE. ) );
#1226 = CARTESIAN_POINT ( 'NONE',  ( 52.14000000000000057, -4.000000000000005329, -8.000000000000000000 ) ) ;
#1227 = CARTESIAN_POINT ( 'NONE',  ( 4.458287489416092875, 4.500000000000000888, 8.000000000000000000 ) ) ;
#1228 = DIRECTION ( 'NONE',  ( 1.000000000000000000, -0.000000000000000000, -0.000000000000000000 ) ) ;
#1229 = FACE_OUTER_BOUND ( 'NONE', #2310, .T. ) ;
#1230 = CIRCLE ( 'NONE', #3279, 1.474999999999997202 ) ;
#1231 = ORIENTED_EDGE ( 'NONE', *, *, #3234, .T. ) ;
#1232 = VERTEX_POINT ( 'NONE', #548 ) ;
#1233 = CIRCLE ( 'NONE', #2741, 1.500000000000001332 ) ;
#1234 = CARTESIAN_POINT ( 'NONE',  ( 55.64000000000000057, -4.345920406328604417E-15, 7.500000000000000000 ) ) ;
#1235 = ADVANCED_FACE ( 'NONE', ( #270 ), #2522, .T. ) ;
#1236 = EDGE_CURVE ( 'NONE', #2832, #619, #2665, .T. ) ;
#1237 = ADVANCED_FACE ( 'NONE', ( #1966 ), #2561, .T. ) ;
#1238 = AXIS2_PLACEMENT_3D ( 'NONE', #870, #3375, #569 ) ;
#1239 = ORIENTED_EDGE ( 'NONE', *, *, #1934, .F. ) ;
#1240 = AXIS2_PLACEMENT_3D ( 'NONE', #3420, #3110, #1701 ) ;
#1241 = DIRECTION ( 'NONE',  ( 0.000000000000000000, 0.000000000000000000, -1.000000000000000000 ) ) ;
#1242 = EDGE_CURVE ( 'NONE', #1643, #2758, #130, .T. ) ;
#1243 = AXIS2_PLACEMENT_3D ( 'NONE', #3514, #710, #1548 ) ;
#1244 = CARTESIAN_POINT ( 'NONE',  ( 3.958287489416092431, 3.500000000000000000, -8.000000000000000000 ) ) ;
#1245 = CARTESIAN_POINT ( 'NONE',  ( -1.355252715606880543E-17, -4.000000000000000888, -8.000000000000000000 ) ) ;
#1246 = EDGE_LOOP ( 'NONE', ( #3196, #3291 ) ) ;
#1247 = VERTEX_POINT ( 'NONE', #3421 ) ;
#1248 = DIRECTION ( 'NONE',  ( 0.000000000000000000, 0.000000000000000000, 1.000000000000000000 ) ) ;
#1249 = DIRECTION ( 'NONE',  ( 0.000000000000000000, 0.000000000000000000, -1.000000000000000000 ) ) ;
#1250 = DIRECTION ( 'NONE',  ( 2.977001517945642039E-43, 1.000000000000000000, -0.000000000000000000 ) ) ;
#1251 = CARTESIAN_POINT ( 'NONE',  ( 52.14000000000000057, -4.345920406328604417E-15, -6.599999999999999645 ) ) ;
#1252 = ORIENTED_EDGE ( 'NONE', *, *, #2074, .F. ) ;
#1253 = VERTEX_POINT ( 'NONE', #911 ) ;
#1254 = DIRECTION ( 'NONE',  ( -0.000000000000000000, -0.000000000000000000, 1.000000000000000000 ) ) ;
#1255 = VERTEX_POINT ( 'NONE', #3249 ) ;
#1256 = DIRECTION ( 'NONE',  ( 0.000000000000000000, 0.000000000000000000, 1.000000000000000000 ) ) ;
#1257 = CIRCLE ( 'NONE', #2660, 0.9749999999999999778 ) ;
#1258 = VECTOR ( 'NONE', #2900, 1000.000000000000000 ) ;
#1259 = EDGE_CURVE ( 'NONE', #1972, #2087, #1077, .T. ) ;
#1260 = CARTESIAN_POINT ( 'NONE',  ( 50.62169744412505423, 10.15553333650299095, -7.500000000000000000 ) ) ;
#1261 = FACE_OUTER_BOUND ( 'NONE', #174, .T. ) ;
#1262 = VERTEX_POINT ( 'NONE', #3478 ) ;
#1263 = AXIS2_PLACEMENT_3D ( 'NONE', #2503, #2882, #1949 ) ;
#1264 = LINE ( 'NONE', #1543, #1965 ) ;
#1265 = CARTESIAN_POINT ( 'NONE',  ( 46.00860221814055251, 4.062170784313706484, 5.200000000000000178 ) ) ;
#1266 = LINE ( 'NONE', #2361, #1157 ) ;
#1267 = FACE_OUTER_BOUND ( 'NONE', #2886, .T. ) ;
#1268 = ADVANCED_FACE ( 'NONE', ( #2398 ), #1845, .T. ) ;
#1269 = ORIENTED_EDGE ( 'NONE', *, *, #2689, .T. ) ;
#1270 = DIRECTION ( 'NONE',  ( 1.224646799147353207E-16, 1.000000000000000000, -0.000000000000000000 ) ) ;
#1271 = DIRECTION ( 'NONE',  ( 0.000000000000000000, 0.000000000000000000, 1.000000000000000000 ) ) ;
#1272 = ORIENTED_EDGE ( 'NONE', *, *, #2418, .F. ) ;
#1273 = DIRECTION ( 'NONE',  ( 0.000000000000000000, 0.000000000000000000, -1.000000000000000000 ) ) ;
#1274 = ORIENTED_EDGE ( 'NONE', *, *, #1836, .F. ) ;
#1275 = LINE ( 'NONE', #1094, #1686 ) ;
#1276 = FACE_OUTER_BOUND ( 'NONE', #880, .T. ) ;
#1277 = ORIENTED_EDGE ( 'NONE', *, *, #1814, .T. ) ;
#1278 = EDGE_CURVE ( 'NONE', #380, #1643, #1812, .T. ) ;
#1279 = ADVANCED_FACE ( 'NONE', ( #1267 ), #723, .T. ) ;
#1280 = CARTESIAN_POINT ( 'NONE',  ( 4.458287489416092875, 0.000000000000000000, 8.000000000000000000 ) ) ;
#1281 = DIRECTION ( 'NONE',  ( 1.000000000000000000, 0.000000000000000000, 0.000000000000000000 ) ) ;
#1282 = DIRECTION ( 'NONE',  ( 0.000000000000000000, 0.000000000000000000, 1.000000000000000000 ) ) ;
#1283 = CIRCLE ( 'NONE', #3567, 0.9749999999999967581 ) ;
#1284 = CARTESIAN_POINT ( 'NONE',  ( 53.11499999999999488, -4.345920406328604417E-15, -8.000000000000000000 ) ) ;
#1285 = VECTOR ( 'NONE', #2961, 1000.000000000000000 ) ;
#1286 = ORIENTED_EDGE ( 'NONE', *, *, #763, .F. ) ;
#1287 = ORIENTED_EDGE ( 'NONE', *, *, #587, .T. ) ;
#1288 = DIRECTION ( 'NONE',  ( 0.000000000000000000, 0.000000000000000000, 1.000000000000000000 ) ) ;
#1289 = VECTOR ( 'NONE', #1758, 1000.000000000000000 ) ;
#1290 = ORIENTED_EDGE ( 'NONE', *, *, #1789, .T. ) ;
#1291 = TOROIDAL_SURFACE ( 'NONE', #3226, 1.474999999999999867, 0.5000000000000000000 ) ;
#1292 = DIRECTION ( 'NONE',  ( 1.000000000000000000, 0.000000000000000000, 0.000000000000000000 ) ) ;
#1293 = ORIENTED_EDGE ( 'NONE', *, *, #879, .T. ) ;
#1294 = AXIS2_PLACEMENT_3D ( 'NONE', #812, #2182, #214 ) ;
#1295 =( NAMED_UNIT ( * ) PLANE_ANGLE_UNIT ( ) SI_UNIT ( $, .RADIAN. ) );
#1296 = DIRECTION ( 'NONE',  ( -0.5214443283868435142, 0.8532853053892311967, 0.000000000000000000 ) ) ;
#1297 = DIRECTION ( 'NONE',  ( 1.000000000000000000, 0.000000000000000000, -0.000000000000000000 ) ) ;
#1298 = AXIS2_PLACEMENT_3D ( 'NONE', #1485, #951, #2062 ) ;
#1299 = ORIENTED_EDGE ( 'NONE', *, *, #3015, .F. ) ;
#1300 = DIRECTION ( 'NONE',  ( 0.000000000000000000, 0.000000000000000000, 1.000000000000000000 ) ) ;
#1301 = EDGE_CURVE ( 'NONE', #1345, #1015, #1320, .T. ) ;
#1302 = CARTESIAN_POINT ( 'NONE',  ( 7.766731223238317661, 9.662734546095530064, -7.500000000000000000 ) ) ;
#1303 = DIRECTION ( 'NONE',  ( 0.000000000000000000, 0.000000000000000000, 1.000000000000000000 ) ) ;
#1304 = EDGE_CURVE ( 'NONE', #2448, #1423, #1211, .T. ) ;
#1305 = DIRECTION ( 'NONE',  ( 0.000000000000000000, -0.000000000000000000, -1.000000000000000000 ) ) ;
#1306 = ORIENTED_EDGE ( 'NONE', *, *, #2455, .T. ) ;
#1307 = DIRECTION ( 'NONE',  ( 1.000000000000000000, 0.000000000000000000, 0.000000000000000000 ) ) ;
#1308 = EDGE_CURVE ( 'NONE', #1536, #632, #665, .T. ) ;
#1309 = DIRECTION ( 'NONE',  ( -1.000000000000000000, 0.000000000000000000, 0.000000000000000000 ) ) ;
#1310 = VERTEX_POINT ( 'NONE', #3232 ) ;
#1311 = ADVANCED_FACE ( 'NONE', ( #3531 ), #934, .F. ) ;
#1312 = CARTESIAN_POINT ( 'NONE',  ( -3.424999999999999378, 4.194415287079681980E-16, -5.200000000000000178 ) ) ;
#1313 = ADVANCED_FACE ( 'NONE', ( #1005 ), #3194, .T. ) ;
#1314 = AXIS2_PLACEMENT_3D ( 'NONE', #129, #708, #971 ) ;
#1315 = DIRECTION ( 'NONE',  ( 1.000000000000000000, 0.000000000000000000, 0.000000000000000000 ) ) ;
#1316 = ORIENTED_EDGE ( 'NONE', *, *, #359, .F. ) ;
#1317 = AXIS2_PLACEMENT_3D ( 'NONE', #801, #1100, #821 ) ;
#1318 = CARTESIAN_POINT ( 'NONE',  ( 3.024999999999998579, 3.704556567420743261E-16, 6.600000000000000533 ) ) ;
#1319 = CARTESIAN_POINT ( 'NONE',  ( -1.173556874675002968E-15, 0.000000000000000000, -5.599999999999993427 ) ) ;
#1320 = CIRCLE ( 'NONE', #3370, 3.024999999999999911 ) ;
#1321 = EDGE_LOOP ( 'NONE', ( #354, #2898, #499, #1493, #505, #2099 ) ) ;
#1322 = CARTESIAN_POINT ( 'NONE',  ( 48.06184152795736253, 8.591200351342457964, -7.500000000000000000 ) ) ;
#1323 = CARTESIAN_POINT ( 'NONE',  ( -1.173556874675002968E-15, 0.000000000000000000, 6.600000000000000533 ) ) ;
#1324 = ADVANCED_FACE ( 'NONE', ( #651, #1776 ), #407, .F. ) ;
#1325 = ORIENTED_EDGE ( 'NONE', *, *, #3486, .T. ) ;
#1326 = CYLINDRICAL_SURFACE ( 'NONE', #2952, 1.499999999999999556 ) ;
#1327 = ORIENTED_EDGE ( 'NONE', *, *, #3236, .T. ) ;
#1328 = ORIENTED_EDGE ( 'NONE', *, *, #1501, .F. ) ;
#1329 = DIRECTION ( 'NONE',  ( 1.000000000000000000, -3.388131789017200971E-18, -3.388131789017197890E-18 ) ) ;
#1330 = CARTESIAN_POINT ( 'NONE',  ( 51.16499999999999915, -4.226517343411737806E-15, -6.599999999999999645 ) ) ;
#1331 = CIRCLE ( 'NONE', #1803, 3.024999999999999911 ) ;
#1332 = VERTEX_POINT ( 'NONE', #1506 ) ;
#1333 = DIRECTION ( 'NONE',  ( 1.000000000000000000, 0.000000000000000000, 0.000000000000000000 ) ) ;
#1334 = PLANE ( 'NONE',  #2175 ) ;
#1335 = CIRCLE ( 'NONE', #3626, 0.5000000000000026645 ) ;
#1336 = EDGE_LOOP ( 'NONE', ( #3132, #2774, #2968, #1455 ) ) ;
#1337 = AXIS2_PLACEMENT_3D ( 'NONE', #193, #2983, #3559 ) ;
#1338 = CARTESIAN_POINT ( 'NONE',  ( 52.14000000000000057, -4.000000000000005329, 7.500000000000000000 ) ) ;
#1339 = EDGE_CURVE ( 'NONE', #3097, #2992, #387, .T. ) ;
#1340 = EDGE_CURVE ( 'NONE', #3152, #2206, #2950, .T. ) ;
#1341 = CIRCLE ( 'NONE', #1525, 0.5000000000000008882 ) ;
#1342 = ORIENTED_EDGE ( 'NONE', *, *, #485, .T. ) ;
#1343 = FILL_AREA_STYLE_COLOUR ( '', #874 ) ;
#1344 = ADVANCED_FACE ( 'NONE', ( #1229 ), #2913, .T. ) ;
#1345 = VERTEX_POINT ( 'NONE', #1849 ) ;
#1346 = EDGE_CURVE ( 'NONE', #199, #194, #1524, .T. ) ;
#1347 = DIRECTION ( 'NONE',  ( -0.000000000000000000, 1.000000000000000000, -0.000000000000000000 ) ) ;
#1348 = FACE_OUTER_BOUND ( 'NONE', #1884, .T. ) ;
#1349 = VECTOR ( 'NONE', #2243, 1000.000000000000000 ) ;
#1350 = AXIS2_PLACEMENT_3D ( 'NONE', #2966, #1359, #2911 ) ;
#1351 = VERTEX_POINT ( 'NONE', #3209 ) ;
#1352 = CARTESIAN_POINT ( 'NONE',  ( 6.000048608604464206, 4.611579252143188867, 0.3756954463570560954 ) ) ;
#1353 = CARTESIAN_POINT ( 'NONE',  ( -0.9749999999999999778, 1.194030629168669322E-16, -8.000000000000000000 ) ) ;
#1354 = CARTESIAN_POINT ( 'NONE',  ( 43.78994010404512949, 5.279882440875892868, 5.400000000000000355 ) ) ;
#1355 = ORIENTED_EDGE ( 'NONE', *, *, #2333, .T. ) ;
#1356 = CARTESIAN_POINT ( 'NONE',  ( 48.06184152795736253, 8.591200351342457964, -8.000000000000000000 ) ) ;
#1357 = DIRECTION ( 'NONE',  ( -0.000000000000000000, 1.000000000000000000, -0.000000000000000000 ) ) ;
#1358 = EDGE_LOOP ( 'NONE', ( #2172, #2686, #2495, #1422, #495, #1476, #2860, #363, #2710, #189, #1886, #566, #1770, #284, #2629, #2460, #809, #429, #2497, #1442 ) ) ;
#1359 = DIRECTION ( 'NONE',  ( 0.000000000000000000, 0.000000000000000000, 1.000000000000000000 ) ) ;
#1360 = ORIENTED_EDGE ( 'NONE', *, *, #755, .T. ) ;
#1361 = ADVANCED_FACE ( 'NONE', ( #2658 ), #423, .T. ) ;
#1362 = DIRECTION ( 'NONE',  ( -1.000000000000000000, 0.000000000000000000, 0.000000000000000000 ) ) ;
#1363 = DIRECTION ( 'NONE',  ( 1.000000000000000000, 1.350228159821300363E-16, 0.000000000000000000 ) ) ;
#1364 = VERTEX_POINT ( 'NONE', #438 ) ;
#1365 = VECTOR ( 'NONE', #1357, 1000.000000000000000 ) ;
#1366 = ORIENTED_EDGE ( 'NONE', *, *, #1143, .F. ) ;
#1367 = VECTOR ( 'NONE', #295, 1000.000000000000000 ) ;
#1368 = FACE_OUTER_BOUND ( 'NONE', #1762, .T. ) ;
#1369 = CARTESIAN_POINT ( 'NONE',  ( 5.825801700728920451, 4.571072811295370464, 1.483280248905823662 ) ) ;
#1370 = DIRECTION ( 'NONE',  ( 1.000000000000000000, 0.000000000000000000, 0.000000000000000000 ) ) ;
#1371 = DIRECTION ( 'NONE',  ( -0.9375251102584443164, -0.3479176161606249984, 0.000000000000000000 ) ) ;
#1372 = VECTOR ( 'NONE', #34, 1000.000000000000000 ) ;
#1373 = ORIENTED_EDGE ( 'NONE', *, *, #3009, .T. ) ;
#1374 = DIRECTION ( 'NONE',  ( 1.000000000000000000, 0.000000000000000000, 0.000000000000000000 ) ) ;
#1375 = CARTESIAN_POINT ( 'NONE',  ( 56.14000000000000057, -4.345920406328604417E-15, -7.500000000000000000 ) ) ;
#1376 = LINE ( 'NONE', #1898, #1945 ) ;
#1377 = ORIENTED_EDGE ( 'NONE', *, *, #3467, .T. ) ;
#1378 = DIRECTION ( 'NONE',  ( 0.000000000000000000, 0.000000000000000000, 1.000000000000000000 ) ) ;
#1379 = ORIENTED_EDGE ( 'NONE', *, *, #456, .F. ) ;
#1380 = DIRECTION ( 'NONE',  ( -2.977001517945642039E-43, -1.000000000000000000, 0.000000000000000000 ) ) ;
#1381 = DIRECTION ( 'NONE',  ( -0.000000000000000000, -0.000000000000000000, 1.000000000000000000 ) ) ;
#1382 = ADVANCED_FACE ( 'NONE', ( #163 ), #2065, .T. ) ;
#1383 = ADVANCED_FACE ( 'NONE', ( #1580 ), #135, .T. ) ;
#1384 = ORIENTED_EDGE ( 'NONE', *, *, #1991, .F. ) ;
#1385 = ORIENTED_EDGE ( 'NONE', *, *, #3463, .T. ) ;
#1386 = CARTESIAN_POINT ( 'NONE',  ( 5.720598479330754493, 4.546561797126748239, 1.848620660829333184 ) ) ;
#1387 = CYLINDRICAL_SURFACE ( 'NONE', #1924, 3.024999999999999911 ) ;
#1388 = DIRECTION ( 'NONE',  ( 1.000000000000000000, 0.000000000000000000, -0.000000000000000000 ) ) ;
#1389 = AXIS2_PLACEMENT_3D ( 'NONE', #1124, #3374, #230 ) ;
#1390 = ORIENTED_EDGE ( 'NONE', *, *, #3044, .T. ) ;
#1391 = ADVANCED_FACE ( 'NONE', ( #1568 ), #3241, .F. ) ;
#1392 = DIRECTION ( 'NONE',  ( 0.000000000000000000, 0.000000000000000000, 1.000000000000000000 ) ) ;
#1393 = DIRECTION ( 'NONE',  ( 1.000000000000000000, 0.000000000000000000, 0.000000000000000000 ) ) ;
#1394 = CARTESIAN_POINT ( 'NONE',  ( 15.00000000000000355, -4.000000000000000888, -3.700000000000002398 ) ) ;
#1395 = VECTOR ( 'NONE', #2355, 1000.000000000000114 ) ;
#1396 = EDGE_LOOP ( 'NONE', ( #1712, #2937, #2920, #1299 ) ) ;
#1397 = CIRCLE ( 'NONE', #3569, 2.500000000000002220 ) ;
#1398 = CARTESIAN_POINT ( 'NONE',  ( 3.958287489416092431, 5.667323904260574530, 4.509097487428283202 ) ) ;
#1399 = VECTOR ( 'NONE', #1593, 1000.000000000000114 ) ;
#1400 = CARTESIAN_POINT ( 'NONE',  ( -0.9749999999999999778, 1.194030629168669322E-16, 7.500000000000000000 ) ) ;
#1401 = DIRECTION ( 'NONE',  ( 1.350228159821300363E-16, -1.000000000000000000, 0.000000000000000000 ) ) ;
#1402 = VERTEX_POINT ( 'NONE', #2628 ) ;
#1403 = TOROIDAL_SURFACE ( 'NONE', #3636, 1.474999999999999423, 0.5000000000000000000 ) ;
#1404 = EDGE_CURVE ( 'NONE', #2648, #1972, #1822, .T. ) ;
#1405 = AXIS2_PLACEMENT_3D ( 'NONE', #2649, #119, #869 ) ;
#1406 = ORIENTED_EDGE ( 'NONE', *, *, #27, .T. ) ;
#1407 = EDGE_CURVE ( 'NONE', #2206, #3056, #153, .T. ) ;
#1408 = DIRECTION ( 'NONE',  ( -0.9988526604587394386, -0.04788906654444408800, 0.000000000000000000 ) ) ;
#1409 = CARTESIAN_POINT ( 'NONE',  ( 0.000000000000000000, -4.000000000000007105, -5.200000000000000178 ) ) ;
#1410 = FACE_OUTER_BOUND ( 'NONE', #36, .T. ) ;
#1411 = AXIS2_PLACEMENT_3D ( 'NONE', #1021, #2133, #1833 ) ;
#1412 = ADVANCED_FACE ( 'NONE', ( #2666 ), #1025, .T. ) ;
#1413 = ORIENTED_EDGE ( 'NONE', *, *, #2178, .F. ) ;
#1414 = FACE_OUTER_BOUND ( 'NONE', #3352, .T. ) ;
#1415 = DIRECTION ( 'NONE',  ( 1.000000000000000000, 0.000000000000000000, -0.000000000000000000 ) ) ;
#1416 = FACE_OUTER_BOUND ( 'NONE', #564, .T. ) ;
#1417 = ORIENTED_EDGE ( 'NONE', *, *, #121, .T. ) ;
#1418 = CARTESIAN_POINT ( 'NONE',  ( 0.000000000000000000, 0.000000000000000000, -6.600000000000000533 ) ) ;
#1419 = EDGE_CURVE ( 'NONE', #1093, #3254, #3185, .T. ) ;
#1420 = CARTESIAN_POINT ( 'NONE',  ( 52.14000000000000057, -4.345920406328604417E-15, -5.600000000000006750 ) ) ;
#1421 = DIRECTION ( 'NONE',  ( -1.000000000000000000, 0.000000000000000000, 2.532443030623078566E-16 ) ) ;
#1422 = ORIENTED_EDGE ( 'NONE', *, *, #1531, .T. ) ;
#1423 = VERTEX_POINT ( 'NONE', #1551 ) ;
#1424 = LINE ( 'NONE', #626, #2102 ) ;
#1425 = DIRECTION ( 'NONE',  ( -0.000000000000000000, -0.000000000000000000, 1.000000000000000000 ) ) ;
#1426 = CARTESIAN_POINT ( 'NONE',  ( 5.999975620523200881, 4.611562317516867182, -0.1890109696147891372 ) ) ;
#1427 = DIRECTION ( 'NONE',  ( 0.000000000000000000, 0.000000000000000000, -1.000000000000000000 ) ) ;
#1428 = CARTESIAN_POINT ( 'NONE',  ( 44.13355199762368386, 3.366335551992464481, 5.400000000000000355 ) ) ;
#1429 = CIRCLE ( 'NONE', #67, 0.5000000000000018874 ) ;
#1430 = VERTEX_POINT ( 'NONE', #1312 ) ;
#1431 = DIRECTION ( 'NONE',  ( -1.000000000000000000, 0.000000000000000000, 0.000000000000000000 ) ) ;
#1432 = DIRECTION ( 'NONE',  ( 0.000000000000000000, 0.000000000000000000, 1.000000000000000000 ) ) ;
#1433 = CARTESIAN_POINT ( 'NONE',  ( 56.14000000000000057, -4.345920406328604417E-15, 7.500000000000000000 ) ) ;
#1434 = AXIS2_PLACEMENT_3D ( 'NONE', #12, #630, #1679 ) ;
#1435 = EDGE_CURVE ( 'NONE', #1067, #1430, #976, .T. ) ;
#1436 = EDGE_CURVE ( 'NONE', #1704, #632, #656, .T. ) ;
#1437 = EDGE_LOOP ( 'NONE', ( #2891, #3482, #2282, #1174 ) ) ;
#1438 = CARTESIAN_POINT ( 'NONE',  ( 5.999879543322946596, 9.155108062662614898, -0.2919950739325550826 ) ) ;
#1439 = DIRECTION ( 'NONE',  ( -1.000000000000000000, 0.000000000000000000, 0.000000000000000000 ) ) ;
#1440 = DIRECTION ( 'NONE',  ( 0.000000000000000000, -1.000000000000000000, 0.000000000000000000 ) ) ;
#1441 = EDGE_LOOP ( 'NONE', ( #1355, #1201, #1596, #3602 ) ) ;
#1442 = ORIENTED_EDGE ( 'NONE', *, *, #3530, .T. ) ;
#1443 = CARTESIAN_POINT ( 'NONE',  ( 52.14000000000000057, -3.500000000000000888, 8.000000000000000000 ) ) ;
#1444 = CARTESIAN_POINT ( 'NONE',  ( -1.355252715606880543E-17, -4.000000000000000888, -8.000000000000000000 ) ) ;
#1445 = DIRECTION ( 'NONE',  ( 0.9988526604587394386, 0.04788906654444345656, -0.000000000000000000 ) ) ;
#1446 = FACE_OUTER_BOUND ( 'NONE', #1619, .T. ) ;
#1447 = ORIENTED_EDGE ( 'NONE', *, *, #3463, .F. ) ;
#1448 = DIRECTION ( 'NONE',  ( -1.000000000000000000, 0.000000000000000000, 0.000000000000000000 ) ) ;
#1449 = FACE_OUTER_BOUND ( 'NONE', #3513, .T. ) ;
#1450 = DIRECTION ( 'NONE',  ( 0.000000000000000000, 0.000000000000000000, -1.000000000000000000 ) ) ;
#1451 = CIRCLE ( 'NONE', #2622, 1.000000000000000444 ) ;
#1452 = EDGE_LOOP ( 'NONE', ( #732, #2868 ) ) ;
#1453 = EDGE_CURVE ( 'NONE', #3022, #1528, #2386, .T. ) ;
#1454 = DIRECTION ( 'NONE',  ( 0.000000000000000000, 1.000000000000000000, 0.000000000000000000 ) ) ;
#1455 = ORIENTED_EDGE ( 'NONE', *, *, #3009, .F. ) ;
#1456 = CIRCLE ( 'NONE', #3517, 0.5000000000000000000 ) ;
#1457 = EDGE_CURVE ( 'NONE', #1536, #1086, #3330, .T. ) ;
#1458 = CARTESIAN_POINT ( 'NONE',  ( 46.00860221814055251, 4.062170784313706484, 5.200000000000000178 ) ) ;
#1459 = DIRECTION ( 'NONE',  ( 0.000000000000000000, -0.000000000000000000, -1.000000000000000000 ) ) ;
#1460 = VECTOR ( 'NONE', #3309, 1000.000000000000000 ) ;
#1461 = EDGE_LOOP ( 'NONE', ( #532, #875, #84, #2219 ) ) ;
#1462 = CIRCLE ( 'NONE', #1692, 4.000000000000003553 ) ;
#1463 = ORIENTED_EDGE ( 'NONE', *, *, #2921, .F. ) ;
#1464 = CARTESIAN_POINT ( 'NONE',  ( 45.78994010404510817, 5.279882440875892868, -5.200000000000000178 ) ) ;
#1465 = DIRECTION ( 'NONE',  ( 1.000000000000000000, 0.000000000000000000, 0.000000000000000000 ) ) ;
#1466 = LINE ( 'NONE', #32, #330 ) ;
#1467 = PLANE ( 'NONE',  #641 ) ;
#1468 = DIRECTION ( 'NONE',  ( 0.000000000000000000, 0.000000000000000000, -1.000000000000000000 ) ) ;
#1469 = CIRCLE ( 'NONE', #1049, 3.500000000000003109 ) ;
#1470 = VERTEX_POINT ( 'NONE', #2422 ) ;
#1471 = LINE ( 'NONE', #576, #2687 ) ;
#1472 = CARTESIAN_POINT ( 'NONE',  ( 55.55314122155692758, 2.085777313547375833, 5.200000000000000178 ) ) ;
#1473 = FACE_OUTER_BOUND ( 'NONE', #807, .T. ) ;
#1474 = AXIS2_PLACEMENT_3D ( 'NONE', #3299, #3613, #1333 ) ;
#1475 = VERTEX_POINT ( 'NONE', #2136 ) ;
#1476 = ORIENTED_EDGE ( 'NONE', *, *, #562, .T. ) ;
#1477 = DIRECTION ( 'NONE',  ( 0.000000000000000000, 0.000000000000000000, 1.000000000000000000 ) ) ;
#1478 = CARTESIAN_POINT ( 'NONE',  ( 44.13355199762368386, 3.366335551992464481, -2.200000000000000178 ) ) ;
#1479 = VERTEX_POINT ( 'NONE', #2107 ) ;
#1480 = EDGE_CURVE ( 'NONE', #619, #2832, #1161, .T. ) ;
#1481 = ORIENTED_EDGE ( 'NONE', *, *, #2980, .F. ) ;
#1482 = DIRECTION ( 'NONE',  ( 0.000000000000000000, -1.000000000000000000, 0.000000000000000000 ) ) ;
#1483 = DIRECTION ( 'NONE',  ( 1.000000000000000000, 0.000000000000000000, 0.000000000000000000 ) ) ;
#1484 = FACE_BOUND ( 'NONE', #3273, .T. ) ;
#1485 = CARTESIAN_POINT ( 'NONE',  ( 52.14000000000000057, -4.345920406328604417E-15, 5.200000000000000178 ) ) ;
#1486 = CARTESIAN_POINT ( 'NONE',  ( 1.474999999999999867, 0.000000000000000000, -7.500000000000000000 ) ) ;
#1487 = AXIS2_PLACEMENT_3D ( 'NONE', #3512, #1546, #369 ) ;
#1488 = ORIENTED_EDGE ( 'NONE', *, *, #1687, .T. ) ;
#1489 = DIRECTION ( 'NONE',  ( -0.5214443283868435142, 0.8532853053892311967, 0.000000000000000000 ) ) ;
#1490 = EDGE_CURVE ( 'NONE', #1351, #146, #957, .T. ) ;
#1491 = ORIENTED_EDGE ( 'NONE', *, *, #19, .F. ) ;
#1492 = CIRCLE ( 'NONE', #1200, 0.5000000000000004441 ) ;
#1493 = ORIENTED_EDGE ( 'NONE', *, *, #1023, .T. ) ;
#1494 = VECTOR ( 'NONE', #3634, 1000.000000000000000 ) ;
#1495 = CARTESIAN_POINT ( 'NONE',  ( -1.173556874675002968E-15, 0.000000000000000000, 5.200000000000000178 ) ) ;
#1496 = DIRECTION ( 'NONE',  ( 1.000000000000000000, -7.274273775929404688E-13, 0.000000000000000000 ) ) ;
#1497 = VERTEX_POINT ( 'NONE', #3538 ) ;
#1498 = ORIENTED_EDGE ( 'NONE', *, *, #1542, .T. ) ;
#1499 = DIRECTION ( 'NONE',  ( -0.000000000000000000, -0.000000000000000000, -1.000000000000000000 ) ) ;
#1500 = LINE ( 'NONE', #2005, #1092 ) ;
#1501 = EDGE_CURVE ( 'NONE', #2230, #980, #3220, .T. ) ;
#1502 = DIRECTION ( 'NONE',  ( -0.7071067811865502373, 0.000000000000000000, -0.7071067811865447972 ) ) ;
#1503 = DIRECTION ( 'NONE',  ( 0.8532853053892310857, 0.5214443283868436252, 0.000000000000000000 ) ) ;
#1504 = ADVANCED_FACE ( 'NONE', ( #747 ), #2680, .T. ) ;
#1505 = EDGE_CURVE ( 'NONE', #619, #3138, #338, .T. ) ;
#1506 = CARTESIAN_POINT ( 'NONE',  ( 7.582114294781146846, 2.921585889185336793, -5.400000000000000355 ) ) ;
#1507 = ORIENTED_EDGE ( 'NONE', *, *, #2752, .T. ) ;
#1508 = ORIENTED_EDGE ( 'NONE', *, *, #2975, .F. ) ;
#1509 = EDGE_CURVE ( 'NONE', #3592, #713, #941, .T. ) ;
#1510 = CARTESIAN_POINT ( 'NONE',  ( 49.28994010404510817, 5.279882440875892868, 5.200000000000000178 ) ) ;
#1511 = ORIENTED_EDGE ( 'NONE', *, *, #2255, .T. ) ;
#1512 = DIRECTION ( 'NONE',  ( 1.000000000000000000, 0.000000000000000000, 0.000000000000000000 ) ) ;
#1513 = VECTOR ( 'NONE', #1675, 1000.000000000000227 ) ;
#1514 = AXIS2_PLACEMENT_3D ( 'NONE', #2593, #1768, #2904 ) ;
#1515 = CARTESIAN_POINT ( 'NONE',  ( -1.040834085586084257E-14, 4.400000000000000355, 5.200000000000000178 ) ) ;
#1516 = DIRECTION ( 'NONE',  ( -0.000000000000000000, -0.000000000000000000, 1.000000000000000000 ) ) ;
#1517 = VERTEX_POINT ( 'NONE', #508 ) ;
#1518 = AXIS2_PLACEMENT_3D ( 'NONE', #1571, #1804, #2487 ) ;
#1519 = ORIENTED_EDGE ( 'NONE', *, *, #2890, .F. ) ;
#1520 = VECTOR ( 'NONE', #2584, 1000.000000000000000 ) ;
#1521 = LINE ( 'NONE', #1002, #2032 ) ;
#1522 = CARTESIAN_POINT ( 'NONE',  ( 0.9749999999999999778, 0.000000000000000000, -8.000000000000000000 ) ) ;
#1523 = DIRECTION ( 'NONE',  ( 1.000000000000000000, 0.000000000000000000, 0.000000000000000000 ) ) ;
#1524 = LINE ( 'NONE', #145, #475 ) ;
#1525 = AXIS2_PLACEMENT_3D ( 'NONE', #39, #3359, #2805 ) ;
#1526 = EDGE_CURVE ( 'NONE', #1475, #1780, #1963, .T. ) ;
#1527 = ORIENTED_EDGE ( 'NONE', *, *, #74, .F. ) ;
#1528 = VERTEX_POINT ( 'NONE', #1072 ) ;
#1529 = CIRCLE ( 'NONE', #698, 1.500000000000000000 ) ;
#1530 = CARTESIAN_POINT ( 'NONE',  ( 3.458287489416092431, 4.500000000000000888, -5.200000000000001066 ) ) ;
#1531 = EDGE_CURVE ( 'NONE', #253, #124, #3333, .T. ) ;
#1532 = VECTOR ( 'NONE', #647, 1000.000000000000000 ) ;
#1533 = ORIENTED_EDGE ( 'NONE', *, *, #1765, .T. ) ;
#1534 = AXIS2_PLACEMENT_3D ( 'NONE', #529, #195, #1370 ) ;
#1535 = DIRECTION ( 'NONE',  ( 0.000000000000000000, 0.000000000000000000, -1.000000000000000000 ) ) ;
#1536 = VERTEX_POINT ( 'NONE', #1106 ) ;
#1537 = AXIS2_PLACEMENT_3D ( 'NONE', #683, #3529, #1523 ) ;
#1538 = DIRECTION ( 'NONE',  ( 0.04788906654444582967, -0.9988526604587394386, 0.000000000000000000 ) ) ;
#1539 = CYLINDRICAL_SURFACE ( 'NONE', #2154, 3.024999999999999911 ) ;
#1540 = ORIENTED_EDGE ( 'NONE', *, *, #1143, .T. ) ;
#1541 = ADVANCED_FACE ( 'NONE', ( #826 ), #2775, .T. ) ;
#1542 = EDGE_CURVE ( 'NONE', #3270, #1044, #811, .T. ) ;
#1543 = CARTESIAN_POINT ( 'NONE',  ( 45.78994010404510817, 5.279882440875892868, 5.200000000000000178 ) ) ;
#1544 = DIRECTION ( 'NONE',  ( 1.000000000000000000, 0.000000000000000000, 0.000000000000000000 ) ) ;
#1545 = DIRECTION ( 'NONE',  ( -0.7071067811865449082, 0.000000000000000000, -0.7071067811865502373 ) ) ;
#1546 = DIRECTION ( 'NONE',  ( -2.256840143605774710E-16, 0.000000000000000000, -1.000000000000000000 ) ) ;
#1547 = EDGE_LOOP ( 'NONE', ( #1413, #690, #2017, #166 ) ) ;
#1548 = DIRECTION ( 'NONE',  ( 1.000000000000000000, 0.000000000000000000, 0.000000000000000000 ) ) ;
#1549 = PLANE ( 'NONE',  #362 ) ;
#1550 = ORIENTED_EDGE ( 'NONE', *, *, #2718, .T. ) ;
#1551 = CARTESIAN_POINT ( 'NONE',  ( 24.00049140560457772, -2.000000000000000888, -0.7000000000000000666 ) ) ;
#1552 = EDGE_CURVE ( 'NONE', #471, #2971, #3312, .T. ) ;
#1553 = ADVANCED_FACE ( 'NONE', ( #1368 ), #2785, .T. ) ;
#1554 = EDGE_CURVE ( 'NONE', #2724, #206, #2181, .T. ) ;
#1555 = ORIENTED_EDGE ( 'NONE', *, *, #839, .F. ) ;
#1556 = AXIS2_PLACEMENT_3D ( 'NONE', #2050, #1819, #443 ) ;
#1557 = CARTESIAN_POINT ( 'NONE',  ( 0.000000000000000000, 3.500000000000000000, 7.500000000000000000 ) ) ;
#1558 = CARTESIAN_POINT ( 'NONE',  ( 0.000000000000000000, 0.000000000000000000, -8.000000000000000000 ) ) ;
#1559 = ORIENTED_EDGE ( 'NONE', *, *, #2031, .T. ) ;
#1560 = DIRECTION ( 'NONE',  ( -0.000000000000000000, 0.000000000000000000, 1.000000000000000000 ) ) ;
#1561 = DIRECTION ( 'NONE',  ( -0.000000000000000000, -0.000000000000000000, -1.000000000000000000 ) ) ;
#1562 = CARTESIAN_POINT ( 'NONE',  ( 47.91817432832402801, 11.58775833271867484, -7.500000000000000000 ) ) ;
#1563 = DIRECTION ( 'NONE',  ( 0.000000000000000000, -1.000000000000000000, 0.000000000000000000 ) ) ;
#1564 = EDGE_LOOP ( 'NONE', ( #2994, #2851, #2357, #3353 ) ) ;
#1565 = PRESENTATION_STYLE_ASSIGNMENT (( #425 ) ) ;
#1566 = DIRECTION ( 'NONE',  ( 0.000000000000000000, -1.000000000000000000, 0.000000000000000000 ) ) ;
#1567 = ORIENTED_EDGE ( 'NONE', *, *, #1911, .T. ) ;
#1568 = FACE_OUTER_BOUND ( 'NONE', #3179, .T. ) ;
#1569 = EDGE_LOOP ( 'NONE', ( #402, #3423, #140, #1837 ) ) ;
#1570 = EDGE_CURVE ( 'NONE', #3357, #3415, #2857, .T. ) ;
#1571 = CARTESIAN_POINT ( 'NONE',  ( 7.958287489416090210, 5.667323904260573642, -8.000000000000000000 ) ) ;
#1572 = LINE ( 'NONE', #2685, #3337 ) ;
#1573 = ORIENTED_EDGE ( 'NONE', *, *, #1193, .F. ) ;
#1574 = CIRCLE ( 'NONE', #3387, 1.499999999999999556 ) ;
#1575 = ADVANCED_FACE ( 'NONE', ( #1927 ), #2496, .T. ) ;
#1576 = DIRECTION ( 'NONE',  ( 2.977001517945642039E-43, 1.000000000000000000, 0.000000000000000000 ) ) ;
#1577 = LINE ( 'NONE', #1302, #2925 ) ;
#1578 = LINE ( 'NONE', #722, #2753 ) ;
#1579 = AXIS2_PLACEMENT_3D ( 'NONE', #2735, #319, #1977 ) ;
#1580 = FACE_OUTER_BOUND ( 'NONE', #98, .T. ) ;
#1581 = VECTOR ( 'NONE', #1296, 1000.000000000000114 ) ;
#1582 = ORIENTED_EDGE ( 'NONE', *, *, #859, .F. ) ;
#1583 = ORIENTED_EDGE ( 'NONE', *, *, #2176, .F. ) ;
#1584 = DIRECTION ( 'NONE',  ( -0.000000000000000000, -1.000000000000000000, -0.000000000000000000 ) ) ;
#1585 = CIRCLE ( 'NONE', #3465, 175.2599999999999625 ) ;
#1586 = ORIENTED_EDGE ( 'NONE', *, *, #3011, .T. ) ;
#1587 = VECTOR ( 'NONE', #1415, 1000.000000000000000 ) ;
#1588 = DIRECTION ( 'NONE',  ( 0.000000000000000000, 1.000000000000000000, 6.230120059358115239E-35 ) ) ;
#1589 = EDGE_LOOP ( 'NONE', ( #185, #844, #3551, #3585 ) ) ;
#1590 = LINE ( 'NONE', #752, #2276 ) ;
#1591 = ORIENTED_EDGE ( 'NONE', *, *, #2329, .T. ) ;
#1592 = CARTESIAN_POINT ( 'NONE',  ( 3.958287489416092431, 4.466065536086432530, -4.509097487428283202 ) ) ;
#1593 = DIRECTION ( 'NONE',  ( 0.3479176161606249429, -0.9375251102584442053, 0.000000000000000000 ) ) ;
#1594 = DIRECTION ( 'NONE',  ( -0.000000000000000000, 1.000000000000000000, -0.000000000000000000 ) ) ;
#1595 = EDGE_CURVE ( 'NONE', #1780, #2790, #3611, .T. ) ;
#1596 = ORIENTED_EDGE ( 'NONE', *, *, #1570, .F. ) ;
#1597 = CARTESIAN_POINT ( 'NONE',  ( 47.46488495469115776, 8.266381009738202224, 5.200000000000000178 ) ) ;
#1598 = CARTESIAN_POINT ( 'NONE',  ( 7.582114294781146846, -2.000000000000006661, -5.400000000000000355 ) ) ;
#1599 = ORIENTED_EDGE ( 'NONE', *, *, #2251, .F. ) ;
#1600 = LINE ( 'NONE', #1617, #1198 ) ;
#1601 = ADVANCED_BREP_SHAPE_REPRESENTATION ( 'Finger link', ( #82, #2749 ), #1982 ) ;
#1602 = ORIENTED_EDGE ( 'NONE', *, *, #1435, .F. ) ;
#1603 = AXIS2_PLACEMENT_3D ( 'NONE', #2570, #3323, #1118 ) ;
#1604 = CARTESIAN_POINT ( 'NONE',  ( 52.14000000000000057, -4.345920406328604417E-15, -8.000000000000000000 ) ) ;
#1605 = ORIENTED_EDGE ( 'NONE', *, *, #1033, .F. ) ;
#1606 = DIRECTION ( 'NONE',  ( 0.000000000000000000, 0.000000000000000000, 1.000000000000000000 ) ) ;
#1607 = FACE_OUTER_BOUND ( 'NONE', #382, .T. ) ;
#1608 = CIRCLE ( 'NONE', #1071, 0.5000000000000004441 ) ;
#1609 = AXIS2_PLACEMENT_3D ( 'NONE', #3089, #2308, #2244 ) ;
#1610 = ADVANCED_FACE ( 'NONE', ( #2759 ), #3648, .T. ) ;
#1611 = ORIENTED_EDGE ( 'NONE', *, *, #1938, .F. ) ;
#1612 = EDGE_CURVE ( 'NONE', #2790, #1332, #847, .T. ) ;
#1613 = LINE ( 'NONE', #3650, #1349 ) ;
#1614 = DIRECTION ( 'NONE',  ( 0.000000000000000000, 0.000000000000000000, 1.000000000000000000 ) ) ;
#1615 = ORIENTED_EDGE ( 'NONE', *, *, #602, .F. ) ;
#1616 = EDGE_CURVE ( 'NONE', #988, #671, #855, .T. ) ;
#1617 = CARTESIAN_POINT ( 'NONE',  ( 49.11500000000000199, -4.345920406328604417E-15, 6.599999999999999645 ) ) ;
#1618 = ORIENTED_EDGE ( 'NONE', *, *, #1991, .T. ) ;
#1619 = EDGE_LOOP ( 'NONE', ( #900, #2161, #2597, #2444 ) ) ;
#1620 = CARTESIAN_POINT ( 'NONE',  ( 1.273632671113246685E-15, 4.400000000000000355, -5.200000000000000178 ) ) ;
#1621 = CARTESIAN_POINT ( 'NONE',  ( -1.173556874675002968E-15, 0.000000000000000000, -5.200000000000001066 ) ) ;
#1622 = AXIS2_PLACEMENT_3D ( 'NONE', #3146, #888, #2599 ) ;
#1623 = VERTEX_POINT ( 'NONE', #3107 ) ;
#1624 = AXIS2_PLACEMENT_3D ( 'NONE', #1495, #2631, #1162 ) ;
#1625 = FACE_OUTER_BOUND ( 'NONE', #2197, .T. ) ;
#1626 = CARTESIAN_POINT ( 'NONE',  ( 44.13355199762366254, 3.366335551992456931, -5.400000000000000355 ) ) ;
#1627 = AXIS2_PLACEMENT_3D ( 'NONE', #2507, #1175, #533 ) ;
#1628 = ORIENTED_EDGE ( 'NONE', *, *, #431, .T. ) ;
#1629 = AXIS2_PLACEMENT_3D ( 'NONE', #3476, #2061, #721 ) ;
#1630 = CARTESIAN_POINT ( 'NONE',  ( 22.50049140560457417, -2.000000000000004441, 0.7000000000000000666 ) ) ;
#1631 = CARTESIAN_POINT ( 'NONE',  ( 24.00049140560457772, -4.000000000000000888, -0.7000000000000000666 ) ) ;
#1632 = EDGE_CURVE ( 'NONE', #3000, #1364, #1699, .T. ) ;
#1633 = AXIS2_PLACEMENT_3D ( 'NONE', #1163, #584, #924 ) ;
#1634 = ORIENTED_EDGE ( 'NONE', *, *, #2120, .F. ) ;
#1635 = CIRCLE ( 'NONE', #2047, 3.024999999999999911 ) ;
#1636 = ORIENTED_EDGE ( 'NONE', *, *, #2178, .T. ) ;
#1637 = PRESENTATION_LAYER_ASSIGNMENT (  '', '', ( #2579 ) ) ;
#1638 = DIRECTION ( 'NONE',  ( 0.000000000000000000, 0.000000000000000000, 1.000000000000000000 ) ) ;
#1639 = LINE ( 'NONE', #784, #1041 ) ;
#1640 = AXIS2_PLACEMENT_3D ( 'NONE', #3335, #3068, #547 ) ;
#1641 = ORIENTED_EDGE ( 'NONE', *, *, #1340, .T. ) ;
#1642 = VECTOR ( 'NONE', #2115, 1000.000000000000114 ) ;
#1643 = VERTEX_POINT ( 'NONE', #9 ) ;
#1644 = DIRECTION ( 'NONE',  ( -1.000000000000000000, -1.350228159821300116E-16, -0.000000000000000000 ) ) ;
#1645 = DIRECTION ( 'NONE',  ( 1.000000000000000000, 0.000000000000000000, 0.000000000000000000 ) ) ;
#1646 = DIRECTION ( 'NONE',  ( 0.000000000000000000, 0.000000000000000000, 1.000000000000000000 ) ) ;
#1647 = ORIENTED_EDGE ( 'NONE', *, *, #587, .F. ) ;
#1648 = CARTESIAN_POINT ( 'NONE',  ( 47.94211886159624925, 11.08833200248930773, 7.500000000000000000 ) ) ;
#1649 = CARTESIAN_POINT ( 'NONE',  ( 49.11500000000000199, -4.345920406328604417E-15, 6.599999999999999645 ) ) ;
#1650 = ORIENTED_EDGE ( 'NONE', *, *, #2668, .F. ) ;
#1651 = EDGE_CURVE ( 'NONE', #1001, #3645, #3455, .T. ) ;
#1652 = EDGE_CURVE ( 'NONE', #1015, #1345, #1331, .T. ) ;
#1653 = DIRECTION ( 'NONE',  ( 0.000000000000000000, 0.000000000000000000, 1.000000000000000000 ) ) ;
#1654 = VERTEX_POINT ( 'NONE', #527 ) ;
#1655 = EDGE_CURVE ( 'NONE', #3479, #2697, #1574, .T. ) ;
#1656 = CARTESIAN_POINT ( 'NONE',  ( 16.50000000000000355, 4.400000000000000355, -3.700000000000001066 ) ) ;
#1657 = CYLINDRICAL_SURFACE ( 'NONE', #502, 0.9749999999999999778 ) ;
#1658 = ORIENTED_EDGE ( 'NONE', *, *, #2748, .F. ) ;
#1659 = ORIENTED_EDGE ( 'NONE', *, *, #2416, .T. ) ;
#1660 = CARTESIAN_POINT ( 'NONE',  ( 13.50000000000000000, -2.000000000000005773, 3.699999999999999734 ) ) ;
#1661 = CARTESIAN_POINT ( 'NONE',  ( 52.14000000000000057, -4.345920406328604417E-15, -5.600000000000006750 ) ) ;
#1662 = DIRECTION ( 'NONE',  ( 1.000000000000000000, 0.000000000000000000, 0.000000000000000000 ) ) ;
#1663 = ORIENTED_EDGE ( 'NONE', *, *, #1033, .T. ) ;
#1664 = DIRECTION ( 'NONE',  ( 1.000000000000000000, 0.000000000000000000, 0.000000000000000000 ) ) ;
#1665 = CARTESIAN_POINT ( 'NONE',  ( 46.06346891345411620, -168.0616090356724897, 5.400000000000000355 ) ) ;
#1666 = CARTESIAN_POINT ( 'NONE',  ( 4.111392102729912956, 6.799048099120419408, -4.370714493908031351 ) ) ;
#1667 = ORIENTED_EDGE ( 'NONE', *, *, #3253, .F. ) ;
#1668 = CARTESIAN_POINT ( 'NONE',  ( 5.351295510903035790, 8.704530730278676742, 2.727464849760772747 ) ) ;
#1669 = EDGE_CURVE ( 'NONE', #2320, #3097, #2583, .T. ) ;
#1670 = DIRECTION ( 'NONE',  ( 0.000000000000000000, 0.000000000000000000, -1.000000000000000000 ) ) ;
#1671 = DIRECTION ( 'NONE',  ( 0.9988526604587394386, 0.04788906654444345656, -0.000000000000000000 ) ) ;
#1672 = EDGE_LOOP ( 'NONE', ( #2841, #3547, #1943, #815 ) ) ;
#1673 = EDGE_CURVE ( 'NONE', #2383, #2066, #3269, .T. ) ;
#1674 = EDGE_LOOP ( 'NONE', ( #2989, #3199 ) ) ;
#1675 = DIRECTION ( 'NONE',  ( 0.3479176161606249429, -0.9375251102584442053, 0.000000000000000000 ) ) ;
#1676 = DIRECTION ( 'NONE',  ( 0.000000000000000000, -1.000000000000000000, 0.000000000000000000 ) ) ;
#1677 = DIRECTION ( 'NONE',  ( -0.000000000000000000, -0.000000000000000000, -1.000000000000000000 ) ) ;
#1678 = AXIS2_PLACEMENT_3D ( 'NONE', #2538, #1145, #2262 ) ;
#1679 = DIRECTION ( 'NONE',  ( 1.000000000000000000, 0.000000000000000000, 0.000000000000000000 ) ) ;
#1680 = EDGE_CURVE ( 'NONE', #2758, #1643, #1153, .T. ) ;
#1681 = CIRCLE ( 'NONE', #1967, 5.499999999999976907 ) ;
#1682 = EDGE_LOOP ( 'NONE', ( #2315, #317, #1797, #2757 ) ) ;
#1683 = CARTESIAN_POINT ( 'NONE',  ( 46.06346891345411620, -168.0616090356724897, 5.400000000000000355 ) ) ;
#1684 = CARTESIAN_POINT ( 'NONE',  ( 3.458287489416092431, 4.500000000000000888, 7.500000000000000000 ) ) ;
#1685 = FACE_OUTER_BOUND ( 'NONE', #2186, .T. ) ;
#1686 = VECTOR ( 'NONE', #1931, 1000.000000000000000 ) ;
#1687 = EDGE_CURVE ( 'NONE', #3503, #2225, #2560, .T. ) ;
#1688 = ORIENTED_EDGE ( 'NONE', *, *, #3386, .T. ) ;
#1689 = TOROIDAL_SURFACE ( 'NONE', #2204, 1.000000000000000000, 0.5000000000000000000 ) ;
#1690 = CARTESIAN_POINT ( 'NONE',  ( 3.958287489416093319, 5.958513168568514651, 4.509097487428284090 ) ) ;
#1691 = CIRCLE ( 'NONE', #2274, 1.499999999999999556 ) ;
#1692 = AXIS2_PLACEMENT_3D ( 'NONE', #3079, #1103, #2217 ) ;
#1693 = DIRECTION ( 'NONE',  ( 0.8532853053892310857, 0.5214443283868436252, -0.000000000000000000 ) ) ;
#1694 = CARTESIAN_POINT ( 'NONE',  ( 52.14000000000000057, -4.000000000000005329, -7.500000000000000000 ) ) ;
#1695 = ORIENTED_EDGE ( 'NONE', *, *, #1651, .F. ) ;
#1696 = CIRCLE ( 'NONE', #1818, 0.5000000000000002220 ) ;
#1697 = EDGE_LOOP ( 'NONE', ( #3390, #3298, #2738, #2969 ) ) ;
#1698 = MECHANICAL_DESIGN_GEOMETRIC_PRESENTATION_REPRESENTATION (  '', ( #3580 ), #2701 ) ;
#1699 = LINE ( 'NONE', #2499, #3149 ) ;
#1700 = CARTESIAN_POINT ( 'NONE',  ( 5.824192613333464941, 4.570697873654367527, -1.489380639741122669 ) ) ;
#1701 = DIRECTION ( 'NONE',  ( 1.000000000000000000, 0.000000000000000000, 0.000000000000000000 ) ) ;
#1702 = EDGE_CURVE ( 'NONE', #2108, #3138, #2140, .T. ) ;
#1703 = CARTESIAN_POINT ( 'NONE',  ( 0.000000000000000000, 0.000000000000000000, 8.000000000000000000 ) ) ;
#1704 = VERTEX_POINT ( 'NONE', #3452 ) ;
#1705 = DIRECTION ( 'NONE',  ( -0.000000000000000000, 1.000000000000000000, -0.000000000000000000 ) ) ;
#1706 = CARTESIAN_POINT ( 'NONE',  ( 49.28994010404510817, 5.279882440875892868, 2.200000000000000178 ) ) ;
#1707 = DIRECTION ( 'NONE',  ( 0.8532853053892337503, 0.5214443283868394063, 0.000000000000000000 ) ) ;
#1708 = ORIENTED_EDGE ( 'NONE', *, *, #841, .T. ) ;
#1709 = CARTESIAN_POINT ( 'NONE',  ( 4.813881494163378960, 8.150752081575269870, 3.587812206526066916 ) ) ;
#1710 = CARTESIAN_POINT ( 'NONE',  ( 7.582114294781146846, -2.000000000000006661, -5.200000000000000178 ) ) ;
#1711 = DIRECTION ( 'NONE',  ( -1.000000000000000000, -0.000000000000000000, -0.000000000000000000 ) ) ;
#1712 = ORIENTED_EDGE ( 'NONE', *, *, #914, .F. ) ;
#1713 = VERTEX_POINT ( 'NONE', #3206 ) ;
#1714 = DIRECTION ( 'NONE',  ( 1.000000000000000000, 0.000000000000000000, 0.000000000000000000 ) ) ;
#1715 = CARTESIAN_POINT ( 'NONE',  ( 52.14000000000000057, -4.345920406328604417E-15, -6.599999999999999645 ) ) ;
#1716 = DIRECTION ( 'NONE',  ( -0.000000000000000000, -0.000000000000000000, -1.000000000000000000 ) ) ;
#1717 = DIRECTION ( 'NONE',  ( -0.000000000000000000, -0.000000000000000000, -1.000000000000000000 ) ) ;
#1718 = CYLINDRICAL_SURFACE ( 'NONE', #3497, 0.5000000000000004441 ) ;
#1719 = EDGE_CURVE ( 'NONE', #3480, #191, #258, .T. ) ;
#1720 = EDGE_CURVE ( 'NONE', #1067, #2671, #198, .T. ) ;
#1721 = TOROIDAL_SURFACE ( 'NONE', #1784, 1.474999999999999423, 0.5000000000000000000 ) ;
#1722 = VERTEX_POINT ( 'NONE', #2637 ) ;
#1723 = LINE ( 'NONE', #1130, #96 ) ;
#1724 = FACE_OUTER_BOUND ( 'NONE', #1321, .T. ) ;
#1725 = CARTESIAN_POINT ( 'NONE',  ( 44.13144481997665025, 7.187741556283238964, 5.400000000000000355 ) ) ;
#1726 = CIRCLE ( 'NONE', #187, 3.500000000000003109 ) ;
#1727 = EDGE_CURVE ( 'NONE', #2671, #1067, #2732, .T. ) ;
#1728 = VERTEX_POINT ( 'NONE', #1809 ) ;
#1729 = DIRECTION ( 'NONE',  ( -1.000000000000000000, 0.000000000000000000, 0.000000000000000000 ) ) ;
#1730 = ORIENTED_EDGE ( 'NONE', *, *, #2177, .F. ) ;
#1731 = LINE ( 'NONE', #301, #444 ) ;
#1732 = CARTESIAN_POINT ( 'NONE',  ( 55.12649856886230992, 1.825055149353954187, 7.500000000000000000 ) ) ;
#1733 = ORIENTED_EDGE ( 'NONE', *, *, #2095, .F. ) ;
#1734 = EDGE_LOOP ( 'NONE', ( #867, #1040, #2417, #624, #2461, #2768, #2580, #2623 ) ) ;
#1735 = CARTESIAN_POINT ( 'NONE',  ( 52.14000000000000057, -4.345920406328604417E-15, -7.500000000000000000 ) ) ;
#1736 = CARTESIAN_POINT ( 'NONE',  ( 50.60374229506292920, 10.18454290402474172, 5.200000000000000178 ) ) ;
#1737 = CARTESIAN_POINT ( 'NONE',  ( 4.458287489416092875, 5.667323904260572753, -7.500000000000000000 ) ) ;
#1738 = CARTESIAN_POINT ( 'NONE',  ( 52.14000000000000057, -4.345920406328604417E-15, -6.599999999999999645 ) ) ;
#1739 = CARTESIAN_POINT ( 'NONE',  ( 0.000000000000000000, 4.000000000000000000, -8.000000000000000000 ) ) ;
#1740 = ORIENTED_EDGE ( 'NONE', *, *, #3366, .T. ) ;
#1741 = FACE_OUTER_BOUND ( 'NONE', #1968, .T. ) ;
#1742 = PLANE ( 'NONE',  #103 ) ;
#1743 = CARTESIAN_POINT ( 'NONE',  ( -1.173556874675002968E-15, 0.000000000000000000, -6.600000000000000533 ) ) ;
#1744 = VECTOR ( 'NONE', #2221, 1000.000000000000000 ) ;
#1745 = EDGE_LOOP ( 'NONE', ( #2057, #678, #670, #2816 ) ) ;
#1746 = VECTOR ( 'NONE', #1670, 1000.000000000000000 ) ;
#1747 = ADVANCED_FACE ( 'NONE', ( #1773 ), #111, .T. ) ;
#1748 = ORIENTED_EDGE ( 'NONE', *, *, #841, .F. ) ;
#1749 = CONICAL_SURFACE ( 'NONE', #3084, 3.024999999999999911, 0.7853981633974541632 ) ;
#1750 = DIRECTION ( 'NONE',  ( 1.000000000000000000, 0.000000000000000000, 0.000000000000000000 ) ) ;
#1751 = CARTESIAN_POINT ( 'NONE',  ( 0.9749999999999999778, 0.000000000000000000, -8.000000000000000000 ) ) ;
#1752 = AXIS2_PLACEMENT_3D ( 'NONE', #1847, #1032, #1281 ) ;
#1753 = ORIENTED_EDGE ( 'NONE', *, *, #479, .T. ) ;
#1754 = CIRCLE ( 'NONE', #158, 1.000000000000000444 ) ;
#1755 = VERTEX_POINT ( 'NONE', #908 ) ;
#1756 = DIRECTION ( 'NONE',  ( 0.000000000000000000, 0.000000000000000000, 1.000000000000000000 ) ) ;
#1757 = CARTESIAN_POINT ( 'NONE',  ( -1.173556874675002968E-15, 0.000000000000000000, -5.599999999999993427 ) ) ;
#1758 = DIRECTION ( 'NONE',  ( 0.000000000000000000, 0.000000000000000000, 1.000000000000000000 ) ) ;
#1759 = CARTESIAN_POINT ( 'NONE',  ( 7.582114294781146846, -2.000000000000006661, 5.200000000000000178 ) ) ;
#1760 = CARTESIAN_POINT ( 'NONE',  ( 52.14000000000000057, -4.000000000000005329, 5.200000000000000178 ) ) ;
#1761 = CIRCLE ( 'NONE', #574, 6.000000000000000888 ) ;
#1762 = EDGE_LOOP ( 'NONE', ( #640, #1481, #2626, #1695 ) ) ;
#1763 = DIRECTION ( 'NONE',  ( 0.8532853053892313078, 0.5214443283868436252, -0.000000000000000000 ) ) ;
#1764 = ORIENTED_EDGE ( 'NONE', *, *, #1505, .T. ) ;
#1765 = EDGE_CURVE ( 'NONE', #2754, #1713, #1169, .T. ) ;
#1766 = ADVANCED_FACE ( 'NONE', ( #2024 ), #554, .T. ) ;
#1767 = EDGE_CURVE ( 'NONE', #292, #2715, #1451, .T. ) ;
#1768 = DIRECTION ( 'NONE',  ( -0.000000000000000000, -0.000000000000000000, 1.000000000000000000 ) ) ;
#1769 = DIRECTION ( 'NONE',  ( -0.000000000000000000, -0.000000000000000000, 1.000000000000000000 ) ) ;
#1770 = ORIENTED_EDGE ( 'NONE', *, *, #2676, .F. ) ;
#1771 = ORIENTED_EDGE ( 'NONE', *, *, #730, .T. ) ;
#1772 = CYLINDRICAL_SURFACE ( 'NONE', #3469, 177.2599999999999625 ) ;
#1773 = FACE_OUTER_BOUND ( 'NONE', #1441, .T. ) ;
#1774 = LINE ( 'NONE', #2616, #560 ) ;
#1775 = CARTESIAN_POINT ( 'NONE',  ( 48.89222750274525708, -3.708263902859309624, 5.200000000000000178 ) ) ;
#1776 = FACE_OUTER_BOUND ( 'NONE', #2319, .T. ) ;
#1777 = EDGE_CURVE ( 'NONE', #2697, #257, #1500, .T. ) ;
#1778 = VERTEX_POINT ( 'NONE', #366 ) ;
#1779 = VECTOR ( 'NONE', #2618, 1000.000000000000000 ) ;
#1780 = VERTEX_POINT ( 'NONE', #3126 ) ;
#1781 = CARTESIAN_POINT ( 'NONE',  ( 7.582114294781146846, 2.921585889185336793, -5.400000000000000355 ) ) ;
#1782 = VECTOR ( 'NONE', #3564, 1000.000000000000000 ) ;
#1783 = VERTEX_POINT ( 'NONE', #1736 ) ;
#1784 = AXIS2_PLACEMENT_3D ( 'NONE', #654, #2384, #711 ) ;
#1785 = ORIENTED_EDGE ( 'NONE', *, *, #2524, .T. ) ;
#1786 = CARTESIAN_POINT ( 'NONE',  ( 52.14000000000000057, -4.345920406328604417E-15, 5.200000000000000178 ) ) ;
#1787 = CARTESIAN_POINT ( 'NONE',  ( 0.9749999999999999778, 0.000000000000000000, 7.500000000000000000 ) ) ;
#1788 = EDGE_CURVE ( 'NONE', #206, #3097, #348, .T. ) ;
#1789 = EDGE_CURVE ( 'NONE', #2358, #124, #793, .T. ) ;
#1790 = ORIENTED_EDGE ( 'NONE', *, *, #2259, .T. ) ;
#1791 = VERTEX_POINT ( 'NONE', #383 ) ;
#1792 = DIRECTION ( 'NONE',  ( 1.000000000000000000, 0.000000000000000000, 0.000000000000000000 ) ) ;
#1793 = CYLINDRICAL_SURFACE ( 'NONE', #3223, 0.9749999999999999778 ) ;
#1794 = FACE_OUTER_BOUND ( 'NONE', #3581, .T. ) ;
#1795 = DIRECTION ( 'NONE',  ( -1.000000000000000000, -1.350228159821300116E-16, 0.000000000000000000 ) ) ;
#1796 = EDGE_CURVE ( 'NONE', #886, #607, #3190, .T. ) ;
#1797 = ORIENTED_EDGE ( 'NONE', *, *, #3293, .T. ) ;
#1798 = ORIENTED_EDGE ( 'NONE', *, *, #2058, .F. ) ;
#1799 = EDGE_CURVE ( 'NONE', #1253, #3640, #1521, .T. ) ;
#1800 = DIRECTION ( 'NONE',  ( 1.000000000000000000, 0.000000000000000000, 0.000000000000000000 ) ) ;
#1801 = VERTEX_POINT ( 'NONE', #705 ) ;
#1802 = CARTESIAN_POINT ( 'NONE',  ( 0.000000000000000000, 0.000000000000000000, -8.000000000000000000 ) ) ;
#1803 = AXIS2_PLACEMENT_3D ( 'NONE', #1715, #2837, #306 ) ;
#1804 = DIRECTION ( 'NONE',  ( -0.000000000000000000, -0.000000000000000000, -1.000000000000000000 ) ) ;
#1805 = DIRECTION ( 'NONE',  ( -0.000000000000000000, -0.000000000000000000, -1.000000000000000000 ) ) ;
#1806 = ORIENTED_EDGE ( 'NONE', *, *, #1957, .T. ) ;
#1807 = AXIS2_PLACEMENT_3D ( 'NONE', #1683, #274, #1150 ) ;
#1808 = AXIS2_PLACEMENT_3D ( 'NONE', #2756, #227, #2477 ) ;
#1809 = CARTESIAN_POINT ( 'NONE',  ( 5.582114294781143293, 4.400000000000001243, -2.200000000000000178 ) ) ;
#1810 = CARTESIAN_POINT ( 'NONE',  ( 0.000000000000000000, 0.000000000000000000, -7.500000000000000000 ) ) ;
#1811 = DIRECTION ( 'NONE',  ( 0.000000000000000000, 0.000000000000000000, 1.000000000000000000 ) ) ;
#1812 = LINE ( 'NONE', #1284, #837 ) ;
#1813 = VECTOR ( 'NONE', #139, 1000.000000000000000 ) ;
#1814 = EDGE_CURVE ( 'NONE', #3519, #3622, #1264, .T. ) ;
#1815 = ORIENTED_EDGE ( 'NONE', *, *, #1652, .F. ) ;
#1816 = EDGE_CURVE ( 'NONE', #607, #3640, #3322, .T. ) ;
#1817 = CARTESIAN_POINT ( 'NONE',  ( 16.50000000000000000, -2.000000000000005329, 3.700000000000000178 ) ) ;
#1818 = AXIS2_PLACEMENT_3D ( 'NONE', #1987, #3109, #2819 ) ;
#1819 = DIRECTION ( 'NONE',  ( 0.000000000000000000, -1.000000000000000000, 0.000000000000000000 ) ) ;
#1820 = ORIENTED_EDGE ( 'NONE', *, *, #342, .F. ) ;
#1821 = AXIS2_PLACEMENT_3D ( 'NONE', #1147, #2264, #891 ) ;
#1822 = LINE ( 'NONE', #2972, #178 ) ;
#1823 = ORIENTED_EDGE ( 'NONE', *, *, #1796, .F. ) ;
#1824 = AXIS2_PLACEMENT_3D ( 'NONE', #3208, #1018, #1004 ) ;
#1825 = FACE_OUTER_BOUND ( 'NONE', #2525, .T. ) ;
#1826 = FACE_OUTER_BOUND ( 'NONE', #1564, .T. ) ;
#1827 = ORIENTED_EDGE ( 'NONE', *, *, #2867, .T. ) ;
#1828 = CYLINDRICAL_SURFACE ( 'NONE', #381, 1.499999999999999556 ) ;
#1829 = DIRECTION ( 'NONE',  ( 0.000000000000000000, 0.000000000000000000, -1.000000000000000000 ) ) ;
#1830 = CARTESIAN_POINT ( 'NONE',  ( 50.19505479143043658, 9.894811172309568192, 7.500000000000000000 ) ) ;
#1831 = DIRECTION ( 'NONE',  ( 0.8532853053892321959, 0.5214443283868419599, 0.000000000000000000 ) ) ;
#1832 = ORIENTED_EDGE ( 'NONE', *, *, #1278, .F. ) ;
#1833 = DIRECTION ( 'NONE',  ( 0.000000000000000000, 0.000000000000000000, -1.000000000000000000 ) ) ;
#1834 = CARTESIAN_POINT ( 'NONE',  ( 0.000000000000000000, 3.500000000000000000, 8.000000000000000000 ) ) ;
#1835 = ADVANCED_FACE ( 'NONE', ( #2655 ), #1828, .F. ) ;
#1836 = EDGE_CURVE ( 'NONE', #3235, #2715, #404, .T. ) ;
#1837 = ORIENTED_EDGE ( 'NONE', *, *, #893, .T. ) ;
#1838 = DIRECTION ( 'NONE',  ( -0.3479176161606249984, 0.9375251102584443164, 0.000000000000000000 ) ) ;
#1839 = ORIENTED_EDGE ( 'NONE', *, *, #1505, .F. ) ;
#1840 = ADVANCED_FACE ( 'NONE', ( #458, #1031 ), #2094, .F. ) ;
#1841 = AXIS2_PLACEMENT_3D ( 'NONE', #2029, #16, #1450 ) ;
#1842 = CARTESIAN_POINT ( 'NONE',  ( 2.191778307088422718E-21, 4.000000000000000000, -5.200000000000001066 ) ) ;
#1843 = CARTESIAN_POINT ( 'NONE',  ( 2.729660544970658798, -5.566772252322746972, -2.200000000000000178 ) ) ;
#1844 = ORIENTED_EDGE ( 'NONE', *, *, #1490, .F. ) ;
#1845 = TOROIDAL_SURFACE ( 'NONE', #240, 1.474999999999999423, 0.5000000000000000000 ) ;
#1846 = DIRECTION ( 'NONE',  ( 1.000000000000000000, 0.000000000000000000, 0.000000000000000000 ) ) ;
#1847 = CARTESIAN_POINT ( 'NONE',  ( 52.14000000000000057, -4.345920406328604417E-15, 8.000000000000000000 ) ) ;
#1848 = DIRECTION ( 'NONE',  ( 0.000000000000000000, -1.000000000000000000, 0.000000000000000000 ) ) ;
#1849 = CARTESIAN_POINT ( 'NONE',  ( 55.16499999999999915, -4.345920406328604417E-15, -6.599999999999999645 ) ) ;
#1850 = ORIENTED_EDGE ( 'NONE', *, *, #1554, .T. ) ;
#1851 = DIRECTION ( 'NONE',  ( 0.000000000000000000, -1.000000000000000000, 0.000000000000000000 ) ) ;
#1852 = DIRECTION ( 'NONE',  ( 0.9375251102584443164, 0.3479176161606249984, -0.000000000000000000 ) ) ;
#1853 = ORIENTED_EDGE ( 'NONE', *, *, #1480, .F. ) ;
#1854 = CARTESIAN_POINT ( 'NONE',  ( 7.766731223238317661, 9.662734546095530064, -8.000000000000000000 ) ) ;
#1855 = ORIENTED_EDGE ( 'NONE', *, *, #3108, .T. ) ;
#1856 = EDGE_CURVE ( 'NONE', #3640, #1801, #981, .T. ) ;
#1857 = PRESENTATION_STYLE_ASSIGNMENT (( #1900 ) ) ;
#1858 = CARTESIAN_POINT ( 'NONE',  ( 3.425000000000009592, 4.194415287079698250E-16, 5.200000000000000178 ) ) ;
#1859 = ORIENTED_EDGE ( 'NONE', *, *, #3119, .F. ) ;
#1860 = AXIS2_PLACEMENT_3D ( 'NONE', #3475, #2077, #949 ) ;
#1861 = CARTESIAN_POINT ( 'NONE',  ( 52.14000000000000057, -4.345920406328604417E-15, 8.000000000000000000 ) ) ;
#1862 = CARTESIAN_POINT ( 'NONE',  ( 46.06346891345411620, -168.0616090356724897, -5.400000000000000355 ) ) ;
#1863 = DIRECTION ( 'NONE',  ( 0.000000000000000000, 0.000000000000000000, 1.000000000000000000 ) ) ;
#1864 = CIRCLE ( 'NONE', #2919, 0.5000000000000000000 ) ;
#1865 = CIRCLE ( 'NONE', #388, 0.4999999999999991673 ) ;
#1866 = ORIENTED_EDGE ( 'NONE', *, *, #3462, .F. ) ;
#1867 = DIRECTION ( 'NONE',  ( 0.000000000000000000, 0.000000000000000000, -1.000000000000000000 ) ) ;
#1868 = DIRECTION ( 'NONE',  ( 1.000000000000000000, -0.000000000000000000, 0.000000000000000000 ) ) ;
#1869 = AXIS2_PLACEMENT_3D ( 'NONE', #758, #2379, #3510 ) ;
#1870 = ORIENTED_EDGE ( 'NONE', *, *, #3507, .T. ) ;
#1871 = DIRECTION ( 'NONE',  ( 0.000000000000000000, -1.000000000000000000, 0.000000000000000000 ) ) ;
#1872 = ORIENTED_EDGE ( 'NONE', *, *, #2416, .F. ) ;
#1873 = DIRECTION ( 'NONE',  ( -1.000000000000000000, 0.000000000000000000, 0.000000000000000000 ) ) ;
#1874 = CIRCLE ( 'NONE', #217, 3.000000000000002665 ) ;
#1875 = ORIENTED_EDGE ( 'NONE', *, *, #296, .T. ) ;
#1876 = ADVANCED_FACE ( 'NONE', ( #756 ), #420, .F. ) ;
#1877 = ADVANCED_FACE ( 'NONE', ( #2113 ), #2691, .T. ) ;
#1878 = CARTESIAN_POINT ( 'NONE',  ( 49.28994010404510817, 5.279882440875892868, 5.400000000000000355 ) ) ;
#1879 = CARTESIAN_POINT ( 'NONE',  ( -1.474999999999999867, 1.806354028742346048E-16, 8.000000000000000000 ) ) ;
#1880 = EDGE_CURVE ( 'NONE', #2052, #1165, #1864, .T. ) ;
#1881 = ORIENTED_EDGE ( 'NONE', *, *, #3508, .T. ) ;
#1882 = ORIENTED_EDGE ( 'NONE', *, *, #2281, .T. ) ;
#1883 = DIRECTION ( 'NONE',  ( 1.000000000000000000, 0.000000000000000000, 0.000000000000000000 ) ) ;
#1884 = EDGE_LOOP ( 'NONE', ( #3104, #2081, #3466, #954 ) ) ;
#1885 = FACE_OUTER_BOUND ( 'NONE', #895, .T. ) ;
#1886 = ORIENTED_EDGE ( 'NONE', *, *, #1796, .T. ) ;
#1887 = ORIENTED_EDGE ( 'NONE', *, *, #164, .T. ) ;
#1888 = CIRCLE ( 'NONE', #298, 3.500000000000003109 ) ;
#1889 = CARTESIAN_POINT ( 'NONE',  ( 55.12649856886230992, 1.825055149353953743, -8.000000000000000000 ) ) ;
#1890 = DIRECTION ( 'NONE',  ( -0.000000000000000000, -0.000000000000000000, 1.000000000000000000 ) ) ;
#1891 = VECTOR ( 'NONE', #1929, 999.9999999999998863 ) ;
#1892 = ORIENTED_EDGE ( 'NONE', *, *, #492, .T. ) ;
#1893 = CARTESIAN_POINT ( 'NONE',  ( -1.173556874675002968E-15, 0.000000000000000000, 6.600000000000000533 ) ) ;
#1894 = EDGE_CURVE ( 'NONE', #2951, #3250, #2413, .T. ) ;
#1895 = CARTESIAN_POINT ( 'NONE',  ( 2.500681100491073166E-42, 4.400000000000000355, 5.233300849860817998E-34 ) ) ;
#1896 = ORIENTED_EDGE ( 'NONE', *, *, #3108, .F. ) ;
#1897 = CARTESIAN_POINT ( 'NONE',  ( 52.14000000000000057, -4.345920406328604417E-15, -5.200000000000000178 ) ) ;
#1898 = CARTESIAN_POINT ( 'NONE',  ( 24.00049140560457772, -4.000000000000000888, 2.199999999999997069 ) ) ;
#1899 = ORIENTED_EDGE ( 'NONE', *, *, #2998, .F. ) ;
#1900 = SURFACE_STYLE_USAGE ( .BOTH. , #451 ) ;
#1901 = ORIENTED_EDGE ( 'NONE', *, *, #1501, .T. ) ;
#1902 = FACE_OUTER_BOUND ( 'NONE', #1926, .T. ) ;
#1903 = CARTESIAN_POINT ( 'NONE',  ( 47.91817432832402801, 11.58775833271867484, 7.500000000000000000 ) ) ;
#1904 = ORIENTED_EDGE ( 'NONE', *, *, #1816, .F. ) ;
#1905 = ORIENTED_EDGE ( 'NONE', *, *, #3635, .F. ) ;
#1906 = AXIS2_PLACEMENT_3D ( 'NONE', #1420, #822, #503 ) ;
#1907 = DIRECTION ( 'NONE',  ( 0.000000000000000000, 0.000000000000000000, 1.000000000000000000 ) ) ;
#1908 = CARTESIAN_POINT ( 'NONE',  ( 5.964974793881512305, 4.603452496013903605, 0.7477709952708193608 ) ) ;
#1909 = DIRECTION ( 'NONE',  ( 1.000000000000000000, -7.274273775929404688E-13, 0.000000000000000000 ) ) ;
#1910 = LINE ( 'NONE', #2762, #3552 ) ;
#1911 = EDGE_CURVE ( 'NONE', #980, #1010, #2144, .T. ) ;
#1912 = EDGE_CURVE ( 'NONE', #652, #2985, #1016, .T. ) ;
#1913 = ORIENTED_EDGE ( 'NONE', *, *, #2748, .T. ) ;
#1914 = VECTOR ( 'NONE', #2459, 1000.000000000000000 ) ;
#1915 = DIRECTION ( 'NONE',  ( -0.000000000000000000, 1.000000000000000000, -0.000000000000000000 ) ) ;
#1916 = LINE ( 'NONE', #1394, #3186 ) ;
#1917 = VECTOR ( 'NONE', #2141, 1000.000000000000000 ) ;
#1918 = EDGE_LOOP ( 'NONE', ( #3619, #1663, #2650, #1379 ) ) ;
#1919 = CARTESIAN_POINT ( 'NONE',  ( 4.080361261531042061, 6.658179190006854320, 4.399128207480039521 ) ) ;
#1920 = AXIS2_PLACEMENT_3D ( 'NONE', #790, #1676, #848 ) ;
#1921 = EDGE_LOOP ( 'NONE', ( #392, #795, #3464, #3450 ) ) ;
#1922 = DIRECTION ( 'NONE',  ( 0.000000000000000000, 0.000000000000000000, 1.000000000000000000 ) ) ;
#1923 = DIRECTION ( 'NONE',  ( -0.000000000000000000, -0.000000000000000000, -1.000000000000000000 ) ) ;
#1924 = AXIS2_PLACEMENT_3D ( 'NONE', #1893, #1677, #813 ) ;
#1925 = ORIENTED_EDGE ( 'NONE', *, *, #839, .T. ) ;
#1926 = EDGE_LOOP ( 'NONE', ( #3637, #3064, #1753, #2433 ) ) ;
#1927 = FACE_OUTER_BOUND ( 'NONE', #2191, .T. ) ;
#1928 = CARTESIAN_POINT ( 'NONE',  ( 5.582114294781143293, 4.514077340587451914, -2.200000000000000178 ) ) ;
#1929 = DIRECTION ( 'NONE',  ( 0.7071067811865464625, 0.7071067811865486830, -0.000000000000000000 ) ) ;
#1930 = ORIENTED_EDGE ( 'NONE', *, *, #3629, .T. ) ;
#1931 = DIRECTION ( 'NONE',  ( -1.000000000000000000, 0.000000000000000000, 2.256840143605774710E-16 ) ) ;
#1932 = CARTESIAN_POINT ( 'NONE',  ( 7.790675756510539784, 9.163308215866159401, 8.000000000000000000 ) ) ;
#1933 = FACE_OUTER_BOUND ( 'NONE', #321, .T. ) ;
#1934 = EDGE_CURVE ( 'NONE', #2682, #2596, #490, .T. ) ;
#1935 = PRODUCT_DEFINITION ( 'Î´Öª', '', #511, #2723 ) ;
#1936 = ORIENTED_EDGE ( 'NONE', *, *, #663, .T. ) ;
#1937 = CARTESIAN_POINT ( 'NONE',  ( 3.989720200705457742, 6.242561055196112818, 4.482057648210434841 ) ) ;
#1938 = EDGE_CURVE ( 'NONE', #440, #2852, #3262, .T. ) ;
#1939 = AXIS2_PLACEMENT_3D ( 'NONE', #376, #729, #1512 ) ;
#1940 = DIRECTION ( 'NONE',  ( 0.000000000000000000, 1.000000000000000000, 0.000000000000000000 ) ) ;
#1941 = CARTESIAN_POINT ( 'NONE',  ( 45.78994010404510817, 5.279882440875892868, 5.200000000000000178 ) ) ;
#1942 = VERTEX_POINT ( 'NONE', #1318 ) ;
#1943 = ORIENTED_EDGE ( 'NONE', *, *, #719, .F. ) ;
#1944 = EDGE_CURVE ( 'NONE', #2534, #2916, #3081, .T. ) ;
#1945 = VECTOR ( 'NONE', #3290, 1000.000000000000000 ) ;
#1946 = DIRECTION ( 'NONE',  ( -1.000000000000000000, 0.000000000000000000, 0.000000000000000000 ) ) ;
#1947 = DIRECTION ( 'NONE',  ( 1.000000000000000000, 0.000000000000000000, 0.000000000000000000 ) ) ;
#1948 = DIRECTION ( 'NONE',  ( -0.000000000000000000, -0.000000000000000000, -1.000000000000000000 ) ) ;
#1949 = DIRECTION ( 'NONE',  ( 0.000000000000000000, 0.000000000000000000, -1.000000000000000000 ) ) ;
#1950 = CIRCLE ( 'NONE', #1434, 3.500000000000003109 ) ;
#1951 = EDGE_LOOP ( 'NONE', ( #2258, #1406, #2028, #2249 ) ) ;
#1952 = DIRECTION ( 'NONE',  ( 1.000000000000000000, 0.000000000000000000, 0.000000000000000000 ) ) ;
#1953 = CARTESIAN_POINT ( 'NONE',  ( 55.16499999999999915, -4.345920406328604417E-15, -6.599999999999999645 ) ) ;
#1954 = CYLINDRICAL_SURFACE ( 'NONE', #600, 3.024999999999999911 ) ;
#1955 = ORIENTED_EDGE ( 'NONE', *, *, #3234, .F. ) ;
#1956 = LINE ( 'NONE', #43, #2237 ) ;
#1957 = EDGE_CURVE ( 'NONE', #222, #988, #1681, .T. ) ;
#1958 = DIRECTION ( 'NONE',  ( 1.000000000000000000, 0.000000000000000000, 0.000000000000000000 ) ) ;
#1959 = DIRECTION ( 'NONE',  ( -0.000000000000000000, -0.000000000000000000, -1.000000000000000000 ) ) ;
#1960 = ORIENTED_EDGE ( 'NONE', *, *, #2432, .F. ) ;
#1961 = VERTEX_POINT ( 'NONE', #472 ) ;
#1962 = DIRECTION ( 'NONE',  ( 0.000000000000000000, 0.000000000000000000, -1.000000000000000000 ) ) ;
#1963 = LINE ( 'NONE', #3395, #277 ) ;
#1964 = CARTESIAN_POINT ( 'NONE',  ( -0.9749999999999999778, 1.194030629168669322E-16, -6.600000000000000533 ) ) ;
#1965 = VECTOR ( 'NONE', #2672, 1000.000000000000000 ) ;
#1966 = FACE_OUTER_BOUND ( 'NONE', #66, .T. ) ;
#1967 = AXIS2_PLACEMENT_3D ( 'NONE', #1878, #770, #2995 ) ;
#1968 = EDGE_LOOP ( 'NONE', ( #2022, #1286, #599, #3122 ) ) ;
#1969 = DIRECTION ( 'NONE',  ( -0.000000000000000000, -0.000000000000000000, -1.000000000000000000 ) ) ;
#1970 = DIRECTION ( 'NONE',  ( 1.000000000000000000, 0.000000000000000000, 0.000000000000000000 ) ) ;
#1971 = AXIS2_PLACEMENT_3D ( 'NONE', #1648, #3035, #1538 ) ;
#1972 = VERTEX_POINT ( 'NONE', #1889 ) ;
#1973 = CIRCLE ( 'NONE', #863, 3.500000000000003109 ) ;
#1974 = CARTESIAN_POINT ( 'NONE',  ( 5.897758546287565018, 9.096092856425796569, 1.139398230175914017 ) ) ;
#1975 = VECTOR ( 'NONE', #3654, 1000.000000000000000 ) ;
#1976 = AXIS2_PLACEMENT_3D ( 'NONE', #1706, #552, #2825 ) ;
#1977 = DIRECTION ( 'NONE',  ( 1.000000000000000000, 0.000000000000000000, 0.000000000000000000 ) ) ;
#1978 = DIRECTION ( 'NONE',  ( -0.5214443283868438472, 0.8532853053892310857, 0.000000000000000000 ) ) ;
#1979 = ADVANCED_FACE ( 'NONE', ( #1902 ), #26, .F. ) ;
#1980 = EDGE_CURVE ( 'NONE', #3251, #1247, #201, .T. ) ;
#1981 = ORIENTED_EDGE ( 'NONE', *, *, #2921, .T. ) ;
#1982 =( GEOMETRIC_REPRESENTATION_CONTEXT ( 3 ) GLOBAL_UNCERTAINTY_ASSIGNED_CONTEXT ( ( #2874 ) ) GLOBAL_UNIT_ASSIGNED_CONTEXT ( ( #1225, #751, #2125 ) ) REPRESENTATION_CONTEXT ( 'NONE', 'WORKASPACE' ) );
#1983 = EDGE_LOOP ( 'NONE', ( #1121, #2592, #2619, #1508 ) ) ;
#1984 = CIRCLE ( 'NONE', #513, 3.000000000000002665 ) ;
#1985 = CARTESIAN_POINT ( 'NONE',  ( 4.458287489416092875, 5.667323904260572753, -8.000000000000000000 ) ) ;
#1986 = CARTESIAN_POINT ( 'NONE',  ( 46.00860221814055251, 4.062170784313704708, 5.200000000000000178 ) ) ;
#1987 = CARTESIAN_POINT ( 'NONE',  ( -1.474999999999999867, 1.806354028742346048E-16, -7.500000000000000000 ) ) ;
#1988 = DIRECTION ( 'NONE',  ( -0.000000000000000000, -0.000000000000000000, -1.000000000000000000 ) ) ;
#1989 = CARTESIAN_POINT ( 'NONE',  ( -1.355252715606880543E-17, -4.000000000000000888, 2.200000000000000622 ) ) ;
#1990 = EDGE_CURVE ( 'NONE', #2697, #1528, #1119, .T. ) ;
#1991 = EDGE_CURVE ( 'NONE', #1402, #3577, #3007, .T. ) ;
#1992 = AXIS2_PLACEMENT_3D ( 'NONE', #113, #1082, #177 ) ;
#1993 = ORIENTED_EDGE ( 'NONE', *, *, #1064, .F. ) ;
#1994 = CARTESIAN_POINT ( 'NONE',  ( 46.06346891345411620, -168.0616090356724897, -5.400000000000000355 ) ) ;
#1995 = DIRECTION ( 'NONE',  ( -1.000000000000000000, 0.000000000000000000, 0.000000000000000000 ) ) ;
#1996 = DIRECTION ( 'NONE',  ( -0.000000000000000000, -0.000000000000000000, 1.000000000000000000 ) ) ;
#1997 = ORIENTED_EDGE ( 'NONE', *, *, #2940, .T. ) ;
#1998 = CARTESIAN_POINT ( 'NONE',  ( 5.576939630525838076, 8.884444233650363287, -2.229771064145411597 ) ) ;
#1999 = LINE ( 'NONE', #1458, #857 ) ;
#2000 = FACE_OUTER_BOUND ( 'NONE', #3091, .T. ) ;
#2001 = ORIENTED_EDGE ( 'NONE', *, *, #2555, .T. ) ;
#2002 = ORIENTED_EDGE ( 'NONE', *, *, #773, .T. ) ;
#2003 = PRODUCT_RELATED_PRODUCT_CATEGORY ( 'part', '', ( #2213 ) ) ;
#2004 = FACE_OUTER_BOUND ( 'NONE', #1951, .T. ) ;
#2005 = CARTESIAN_POINT ( 'NONE',  ( 46.12501084212602365, -2.000000000000001332, 5.200000000000000178 ) ) ;
#2006 = FACE_OUTER_BOUND ( 'NONE', #2943, .T. ) ;
#2007 = DIRECTION ( 'NONE',  ( 1.000000000000000000, 0.000000000000000000, 0.000000000000000000 ) ) ;
#2008 = AXIS2_PLACEMENT_3D ( 'NONE', #2190, #1454, #1653 ) ;
#2009 = CARTESIAN_POINT ( 'NONE',  ( 55.16499999999999915, -4.345920406328604417E-15, -5.600000000000006750 ) ) ;
#2010 = VECTOR ( 'NONE', #313, 1000.000000000000000 ) ;
#2011 = EDGE_CURVE ( 'NONE', #2951, #1351, #842, .T. ) ;
#2012 = VERTEX_POINT ( 'NONE', #2532 ) ;
#2013 = DIRECTION ( 'NONE',  ( 1.000000000000000000, 0.000000000000000000, 0.000000000000000000 ) ) ;
#2014 = CARTESIAN_POINT ( 'NONE',  ( 3.948185437972715484, 4.400000000000001243, 4.517945522843342943 ) ) ;
#2015 = DIRECTION ( 'NONE',  ( 0.5214443283868420709, -0.8532853053892323070, 0.000000000000000000 ) ) ;
#2016 = VECTOR ( 'NONE', #2586, 1000.000000000000000 ) ;
#2017 = ORIENTED_EDGE ( 'NONE', *, *, #2074, .T. ) ;
#2018 = CARTESIAN_POINT ( 'NONE',  ( 5.222762756821014207, 8.586920699375282240, -2.956416850505757754 ) ) ;
#2019 = EDGE_CURVE ( 'NONE', #996, #1020, #386, .T. ) ;
#2020 = CARTESIAN_POINT ( 'NONE',  ( 52.14000000000000057, -4.345920406328604417E-15, -8.000000000000000000 ) ) ;
#2021 = PLANE ( 'NONE',  #2633 ) ;
#2022 = ORIENTED_EDGE ( 'NONE', *, *, #1880, .T. ) ;
#2023 = ORIENTED_EDGE ( 'NONE', *, *, #2727, .T. ) ;
#2024 = FACE_OUTER_BOUND ( 'NONE', #1129, .T. ) ;
#2025 = LINE ( 'NONE', #1522, #501 ) ;
#2026 = DIRECTION ( 'NONE',  ( 1.224646799147353207E-16, 1.000000000000000000, -0.000000000000000000 ) ) ;
#2027 = DIRECTION ( 'NONE',  ( -1.000000000000000000, 0.000000000000000000, 0.000000000000000000 ) ) ;
#2028 = ORIENTED_EDGE ( 'NONE', *, *, #91, .F. ) ;
#2029 = CARTESIAN_POINT ( 'NONE',  ( 0.000000000000000000, 3.500000000000000000, -7.500000000000000000 ) ) ;
#2030 = ADVANCED_FACE ( 'NONE', ( #2458 ), #2331, .F. ) ;
#2031 = EDGE_CURVE ( 'NONE', #194, #440, #281, .T. ) ;
#2032 = VECTOR ( 'NONE', #2721, 1000.000000000000000 ) ;
#2033 = ORIENTED_EDGE ( 'NONE', *, *, #3565, .T. ) ;
#2034 = VECTOR ( 'NONE', #3526, 999.9999999999998863 ) ;
#2035 = VECTOR ( 'NONE', #3182, 1000.000000000000000 ) ;
#2036 = CYLINDRICAL_SURFACE ( 'NONE', #2498, 4.000000000000003553 ) ;
#2037 = CYLINDRICAL_SURFACE ( 'NONE', #2040, 3.024999999999999911 ) ;
#2038 = AXIS2_PLACEMENT_3D ( 'NONE', #909, #3147, #349 ) ;
#2039 = ORIENTED_EDGE ( 'NONE', *, *, #108, .F. ) ;
#2040 = AXIS2_PLACEMENT_3D ( 'NONE', #2873, #3432, #2318 ) ;
#2041 = ORIENTED_EDGE ( 'NONE', *, *, #91, .T. ) ;
#2042 = DIRECTION ( 'NONE',  ( 0.000000000000000000, 0.000000000000000000, 1.000000000000000000 ) ) ;
#2043 = DIRECTION ( 'NONE',  ( 0.000000000000000000, 0.000000000000000000, -1.000000000000000000 ) ) ;
#2044 = CARTESIAN_POINT ( 'NONE',  ( 51.16499999999999915, -4.226517343411737806E-15, -8.000000000000000000 ) ) ;
#2045 = CARTESIAN_POINT ( 'NONE',  ( 56.14000000000000057, -4.345920406328604417E-15, 5.200000000000000178 ) ) ;
#2046 = CARTESIAN_POINT ( 'NONE',  ( 40.94941422704341960, 25.02426757450731998, 7.500000000000000000 ) ) ;
#2047 = AXIS2_PLACEMENT_3D ( 'NONE', #1661, #546, #2200 ) ;
#2048 = EDGE_LOOP ( 'NONE', ( #424, #3446, #246, #1035 ) ) ;
#2049 = EDGE_LOOP ( 'NONE', ( #3598, #3392, #2295, #484, #2301 ) ) ;
#2050 = CARTESIAN_POINT ( 'NONE',  ( 53.61499999999999488, -4.345920406328604417E-15, 7.500000000000000000 ) ) ;
#2051 = CIRCLE ( 'NONE', #3409, 0.5000000000000004441 ) ;
#2052 = VERTEX_POINT ( 'NONE', #805 ) ;
#2053 = ADVANCED_FACE ( 'NONE', ( #226 ), #623, .T. ) ;
#2054 = EDGE_CURVE ( 'NONE', #134, #2139, #322, .T. ) ;
#2055 = CARTESIAN_POINT ( 'NONE',  ( 46.12501084212602365, -2.000000000000001332, 2.200000000000000178 ) ) ;
#2056 = CARTESIAN_POINT ( 'NONE',  ( 3.024999999999998579, 0.000000000000000000, -6.600000000000000533 ) ) ;
#2057 = ORIENTED_EDGE ( 'NONE', *, *, #1719, .F. ) ;
#2058 = EDGE_CURVE ( 'NONE', #1791, #239, #2192, .T. ) ;
#2059 = ORIENTED_EDGE ( 'NONE', *, *, #2205, .F. ) ;
#2060 = CARTESIAN_POINT ( 'NONE',  ( 49.28994010404510817, 5.279882440875892868, 2.200000000000000178 ) ) ;
#2061 = DIRECTION ( 'NONE',  ( 0.000000000000000000, 0.000000000000000000, 1.000000000000000000 ) ) ;
#2062 = DIRECTION ( 'NONE',  ( 1.000000000000000000, 0.000000000000000000, -0.000000000000000000 ) ) ;
#2063 = DIRECTION ( 'NONE',  ( -0.000000000000000000, -0.000000000000000000, -1.000000000000000000 ) ) ;
#2064 = ORIENTED_EDGE ( 'NONE', *, *, #3137, .T. ) ;
#2065 = TOROIDAL_SURFACE ( 'NONE', #1939, 1.474999999999999867, 0.5000000000000000000 ) ;
#2066 = VERTEX_POINT ( 'NONE', #1065 ) ;
#2067 = CARTESIAN_POINT ( 'NONE',  ( -1.173556874675002968E-15, 0.000000000000000000, -6.600000000000000533 ) ) ;
#2068 = AXIS2_PLACEMENT_3D ( 'NONE', #3252, #1288, #117 ) ;
#2069 = EDGE_LOOP ( 'NONE', ( #575, #1231, #1611, #2591 ) ) ;
#2070 = DIRECTION ( 'NONE',  ( -0.000000000000000000, -0.000000000000000000, -1.000000000000000000 ) ) ;
#2071 = DIRECTION ( 'NONE',  ( 1.000000000000000000, 0.000000000000000000, 0.000000000000000000 ) ) ;
#2072 = DIRECTION ( 'NONE',  ( 1.000000000000000000, 0.000000000000000000, 0.000000000000000000 ) ) ;
#2073 = ORIENTED_EDGE ( 'NONE', *, *, #19, .T. ) ;
#2074 = EDGE_CURVE ( 'NONE', #745, #2587, #1283, .T. ) ;
#2075 = ADVANCED_FACE ( 'NONE', ( #523 ), #3349, .T. ) ;
#2076 = ORIENTED_EDGE ( 'NONE', *, *, #1554, .F. ) ;
#2077 = DIRECTION ( 'NONE',  ( 0.000000000000000000, 0.000000000000000000, 1.000000000000000000 ) ) ;
#2078 = DIRECTION ( 'NONE',  ( 1.000000000000000000, 0.000000000000000000, 0.000000000000000000 ) ) ;
#2079 = DIRECTION ( 'NONE',  ( 0.000000000000000000, 0.000000000000000000, -1.000000000000000000 ) ) ;
#2080 = DIRECTION ( 'NONE',  ( 0.5214443283868436252, -0.8532853053892313078, 0.000000000000000000 ) ) ;
#2081 = ORIENTED_EDGE ( 'NONE', *, *, #642, .T. ) ;
#2082 = EDGE_LOOP ( 'NONE', ( #1981, #1223 ) ) ;
#2083 = DIRECTION ( 'NONE',  ( 0.000000000000000000, 0.000000000000000000, 1.000000000000000000 ) ) ;
#2084 = ORIENTED_EDGE ( 'NONE', *, *, #1777, .F. ) ;
#2085 = CARTESIAN_POINT ( 'NONE',  ( -6.836583219627271113, -4.000000000000007105, 5.200000000000000178 ) ) ;
#2086 = VECTOR ( 'NONE', #568, 1000.000000000000000 ) ;
#2087 = VERTEX_POINT ( 'NONE', #4 ) ;
#2088 = VECTOR ( 'NONE', #1940, 1000.000000000000000 ) ;
#2089 = DIRECTION ( 'NONE',  ( 1.000000000000000000, -0.000000000000000000, -0.000000000000000000 ) ) ;
#2090 = DIRECTION ( 'NONE',  ( -0.000000000000000000, -0.000000000000000000, -1.000000000000000000 ) ) ;
#2091 = VERTEX_POINT ( 'NONE', #2811 ) ;
#2092 = AXIS2_PLACEMENT_3D ( 'NONE', #1356, #2764, #417 ) ;
#2093 = VECTOR ( 'NONE', #2114, 1000.000000000000000 ) ;
#2094 = PLANE ( 'NONE',  #494 ) ;
#2095 = EDGE_CURVE ( 'NONE', #3006, #3503, #2493, .T. ) ;
#2096 = CARTESIAN_POINT ( 'NONE',  ( 7.958287489416090210, 5.667323904260573642, 8.000000000000000000 ) ) ;
#2097 = CARTESIAN_POINT ( 'NONE',  ( 53.11499999999999488, -4.345920406328604417E-15, -7.500000000000000000 ) ) ;
#2098 = CARTESIAN_POINT ( 'NONE',  ( 52.14000000000000057, -4.345920406328604417E-15, -7.500000000000000000 ) ) ;
#2099 = ORIENTED_EDGE ( 'NONE', *, *, #2555, .F. ) ;
#2100 = CARTESIAN_POINT ( 'NONE',  ( 16.50000000000000355, -2.000000000000005329, -3.700000000000001066 ) ) ;
#2101 = EDGE_CURVE ( 'NONE', #2959, #3070, #2786, .T. ) ;
#2102 = VECTOR ( 'NONE', #1144, 1000.000000000000000 ) ;
#2103 = DIRECTION ( 'NONE',  ( 1.000000000000000000, 0.000000000000000000, 0.000000000000000000 ) ) ;
#2104 = MECHANICAL_DESIGN_GEOMETRIC_PRESENTATION_REPRESENTATION (  '', ( #2579 ), #699 ) ;
#2105 = ORIENTED_EDGE ( 'NONE', *, *, #3131, .T. ) ;
#2106 = AXIS2_PLACEMENT_3D ( 'NONE', #2777, #510, #2223 ) ;
#2107 = CARTESIAN_POINT ( 'NONE',  ( 55.56500000000001194, -4.345920406328604417E-15, -5.200000000000000178 ) ) ;
#2108 = VERTEX_POINT ( 'NONE', #1400 ) ;
#2109 = SHAPE_DEFINITION_REPRESENTATION ( #2316, #1601 ) ;
#2110 = CARTESIAN_POINT ( 'NONE',  ( 49.28994010404510817, 5.279882440875892868, 5.200000000000000178 ) ) ;
#2111 = CARTESIAN_POINT ( 'NONE',  ( 3.458287489416092431, 4.500000000000000888, -8.000000000000000000 ) ) ;
#2112 = ORIENTED_EDGE ( 'NONE', *, *, #3210, .F. ) ;
#2113 = FACE_OUTER_BOUND ( 'NONE', #3501, .T. ) ;
#2114 = DIRECTION ( 'NONE',  ( -0.000000000000000000, -0.000000000000000000, 1.000000000000000000 ) ) ;
#2115 = DIRECTION ( 'NONE',  ( 0.3479176161606249429, -0.9375251102584442053, 0.000000000000000000 ) ) ;
#2116 = DIRECTION ( 'NONE',  ( -0.7071067811865464625, -0.7071067811865486830, 0.000000000000000000 ) ) ;
#2117 = ORIENTED_EDGE ( 'NONE', *, *, #62, .T. ) ;
#2118 = ORIENTED_EDGE ( 'NONE', *, *, #3019, .F. ) ;
#2119 = DIRECTION ( 'NONE',  ( -0.000000000000000000, -0.000000000000000000, -1.000000000000000000 ) ) ;
#2120 = EDGE_CURVE ( 'NONE', #657, #652, #2514, .T. ) ;
#2121 = ORIENTED_EDGE ( 'NONE', *, *, #3136, .T. ) ;
#2122 = CARTESIAN_POINT ( 'NONE',  ( 1.474999999999999867, 0.000000000000000000, 7.500000000000000000 ) ) ;
#2123 = ORIENTED_EDGE ( 'NONE', *, *, #2523, .F. ) ;
#2124 = VECTOR ( 'NONE', #2782, 1000.000000000000000 ) ;
#2125 =( NAMED_UNIT ( * ) SI_UNIT ( $, .STERADIAN. ) SOLID_ANGLE_UNIT ( ) );
#2126 = DIRECTION ( 'NONE',  ( 0.000000000000000000, 1.000000000000000000, 6.230120059358115239E-35 ) ) ;
#2127 = ORIENTED_EDGE ( 'NONE', *, *, #3210, .T. ) ;
#2128 = AXIS2_PLACEMENT_3D ( 'NONE', #1626, #1371, #2134 ) ;
#2129 = CARTESIAN_POINT ( 'NONE',  ( 48.95151308287940140, 9.174862382812488448, 2.200000000000000178 ) ) ;
#2130 = DIRECTION ( 'NONE',  ( 0.000000000000000000, 0.000000000000000000, 1.000000000000000000 ) ) ;
#2131 = DIRECTION ( 'NONE',  ( 0.000000000000000000, 0.000000000000000000, 1.000000000000000000 ) ) ;
#2132 = EDGE_LOOP ( 'NONE', ( #1, #1327, #777, #3175 ) ) ;
#2133 = DIRECTION ( 'NONE',  ( 1.000000000000000000, 0.000000000000000000, 0.000000000000000000 ) ) ;
#2134 = DIRECTION ( 'NONE',  ( 0.3479176161606249429, -0.9375251102584442053, 0.000000000000000000 ) ) ;
#2135 = ORIENTED_EDGE ( 'NONE', *, *, #3082, .T. ) ;
#2136 = CARTESIAN_POINT ( 'NONE',  ( 44.13355199762368386, 3.366335551992464481, -5.400000000000000355 ) ) ;
#2137 = EDGE_CURVE ( 'NONE', #2511, #377, #150, .T. ) ;
#2138 = EDGE_CURVE ( 'NONE', #1942, #28, #1222, .T. ) ;
#2139 = VERTEX_POINT ( 'NONE', #3487 ) ;
#2140 = CIRCLE ( 'NONE', #1860, 0.9749999999999999778 ) ;
#2141 = DIRECTION ( 'NONE',  ( 0.7071067811865502373, 8.659560562354966138E-17, -0.7071067811865447972 ) ) ;
#2142 = EDGE_CURVE ( 'NONE', #2700, #3415, #883, .T. ) ;
#2143 = ORIENTED_EDGE ( 'NONE', *, *, #2770, .F. ) ;
#2144 = CIRCLE ( 'NONE', #3151, 0.5000000000000000000 ) ;
#2145 = AXIS2_PLACEMENT_3D ( 'NONE', #3248, #144, #3604 ) ;
#2146 = DIRECTION ( 'NONE',  ( -1.000000000000000000, -0.000000000000000000, -0.000000000000000000 ) ) ;
#2147 = DIRECTION ( 'NONE',  ( 0.000000000000000000, 0.000000000000000000, 1.000000000000000000 ) ) ;
#2148 = AXIS2_PLACEMENT_3D ( 'NONE', #2736, #3644, #210 ) ;
#2149 = ORIENTED_EDGE ( 'NONE', *, *, #1616, .F. ) ;
#2150 = FILL_AREA_STYLE ('',( #1037 ) ) ;
#2151 = CARTESIAN_POINT ( 'NONE',  ( 16.50000000000000355, -4.000000000000000888, -2.200000000000000178 ) ) ;
#2152 = CIRCLE ( 'NONE', #803, 4.000000000000003553 ) ;
#2153 = ORIENTED_EDGE ( 'NONE', *, *, #1509, .F. ) ;
#2154 = AXIS2_PLACEMENT_3D ( 'NONE', #2424, #2090, #1000 ) ;
#2155 = DIRECTION ( 'NONE',  ( 1.000000000000000000, 0.000000000000000000, 0.000000000000000000 ) ) ;
#2156 = AXIS2_PLACEMENT_3D ( 'NONE', #2817, #285, #3394 ) ;
#2157 = ADVANCED_FACE ( 'NONE', ( #604 ), #3120, .T. ) ;
#2158 = EDGE_LOOP ( 'NONE', ( #2429, #1583, #2610, #310, #2664, #2792 ) ) ;
#2159 = AXIS2_PLACEMENT_3D ( 'NONE', #2601, #1191, #650 ) ;
#2160 = CIRCLE ( 'NONE', #1180, 0.9749999999999999778 ) ;
#2161 = ORIENTED_EDGE ( 'NONE', *, *, #1799, .F. ) ;
#2162 = EDGE_CURVE ( 'NONE', #1961, #824, #2389, .T. ) ;
#2163 = CARTESIAN_POINT ( 'NONE',  ( 7.582114294781146846, 2.921585889185336793, 5.400000000000000355 ) ) ;
#2164 = CARTESIAN_POINT ( 'NONE',  ( 53.11499999999999488, -4.345920406328604417E-15, 6.599999999999999645 ) ) ;
#2165 = ORIENTED_EDGE ( 'NONE', *, *, #3566, .T. ) ;
#2166 =( NAMED_UNIT ( * ) SI_UNIT ( $, .STERADIAN. ) SOLID_ANGLE_UNIT ( ) );
#2167 = FACE_OUTER_BOUND ( 'NONE', #3002, .T. ) ;
#2168 = EDGE_LOOP ( 'NONE', ( #765, #2834, #2924, #2548 ) ) ;
#2169 = CARTESIAN_POINT ( 'NONE',  ( 46.00860221814055251, 4.062170784313706484, -5.200000000000000178 ) ) ;
#2170 = LINE ( 'NONE', #3054, #1365 ) ;
#2171 = ORIENTED_EDGE ( 'NONE', *, *, #2547, .T. ) ;
#2172 = ORIENTED_EDGE ( 'NONE', *, *, #2215, .T. ) ;
#2173 = CARTESIAN_POINT ( 'NONE',  ( -1.173556874675002968E-15, 0.000000000000000000, 5.600000000000007638 ) ) ;
#2174 = FACE_OUTER_BOUND ( 'NONE', #507, .T. ) ;
#2175 = AXIS2_PLACEMENT_3D ( 'NONE', #1895, #776, #491 ) ;
#2176 = EDGE_CURVE ( 'NONE', #1262, #980, #2872, .T. ) ;
#2177 = EDGE_CURVE ( 'NONE', #1722, #3541, #47, .T. ) ;
#2178 = EDGE_CURVE ( 'NONE', #3646, #2750, #2976, .T. ) ;
#2179 = ORIENTED_EDGE ( 'NONE', *, *, #1111, .T. ) ;
#2180 = ORIENTED_EDGE ( 'NONE', *, *, #2307, .F. ) ;
#2181 = LINE ( 'NONE', #1986, #1513 ) ;
#2182 = DIRECTION ( 'NONE',  ( 0.000000000000000000, -1.000000000000000000, 0.000000000000000000 ) ) ;
#2183 = CARTESIAN_POINT ( 'NONE',  ( 7.582114294781146846, -2.000000000000006661, 5.400000000000000355 ) ) ;
#2184 = FACE_BOUND ( 'NONE', #636, .T. ) ;
#2185 = EDGE_CURVE ( 'NONE', #3204, #3156, #2830, .T. ) ;
#2186 = EDGE_LOOP ( 'NONE', ( #3490, #1899, #1855, #1142 ) ) ;
#2187 = CARTESIAN_POINT ( 'NONE',  ( -1.173556874675002968E-15, 0.000000000000000000, 6.600000000000000533 ) ) ;
#2188 = CYLINDRICAL_SURFACE ( 'NONE', #2475, 3.024999999999999911 ) ;
#2189 = ORIENTED_EDGE ( 'NONE', *, *, #2668, .T. ) ;
#2190 = CARTESIAN_POINT ( 'NONE',  ( 22.50049140560457417, -2.000000000000000888, -0.7000000000000000666 ) ) ;
#2191 = EDGE_LOOP ( 'NONE', ( #442, #2999, #297, #2143 ) ) ;
#2192 = LINE ( 'NONE', #2771, #2439 ) ;
#2193 = CARTESIAN_POINT ( 'NONE',  ( 46.12501084212601654, -2.000000000000001776, -2.200000000000000178 ) ) ;
#2194 = ORIENTED_EDGE ( 'NONE', *, *, #1064, .T. ) ;
#2195 = AXIS2_PLACEMENT_3D ( 'NONE', #125, #1300, #3574 ) ;
#2196 = EDGE_CURVE ( 'NONE', #194, #257, #2576, .T. ) ;
#2197 = EDGE_LOOP ( 'NONE', ( #514, #1930, #3283, #3245, #1667, #3065, #1009, #947, #1599, #1366, #742, #735 ) ) ;
#2198 = AXIS2_PLACEMENT_3D ( 'NONE', #1786, #3447, #3410 ) ;
#2199 = DIRECTION ( 'NONE',  ( 1.000000000000000000, 0.000000000000000000, 0.000000000000000000 ) ) ;
#2200 = DIRECTION ( 'NONE',  ( 1.000000000000000000, 0.000000000000000000, 0.000000000000000000 ) ) ;
#2201 = FACE_OUTER_BOUND ( 'NONE', #454, .T. ) ;
#2202 = DIRECTION ( 'NONE',  ( 0.000000000000000000, 0.000000000000000000, 1.000000000000000000 ) ) ;
#2203 = CIRCLE ( 'NONE', #2145, 1.500000000000000000 ) ;
#2204 = AXIS2_PLACEMENT_3D ( 'NONE', #1114, #14, #2013 ) ;
#2205 = EDGE_CURVE ( 'NONE', #146, #2320, #1999, .T. ) ;
#2206 = VERTEX_POINT ( 'NONE', #1710 ) ;
#2207 = DIRECTION ( 'NONE',  ( 0.5214443283868441803, -0.8532853053892308637, 0.000000000000000000 ) ) ;
#2208 = DIRECTION ( 'NONE',  ( -1.000000000000000000, 0.000000000000000000, 0.000000000000000000 ) ) ;
#2209 = CARTESIAN_POINT ( 'NONE',  ( 13.50000000000000355, 4.400000000000000355, -3.700000000000002842 ) ) ;
#2210 = CIRCLE ( 'NONE', #3282, 5.499999999999976907 ) ;
#2211 = ORIENTED_EDGE ( 'NONE', *, *, #2574, .F. ) ;
#2212 = TOROIDAL_SURFACE ( 'NONE', #635, 3.499999999999998224, 0.5000000000000000000 ) ;
#2213 = PRODUCT ( 'Finger link', 'Finger link', '', ( #173 ) ) ;
#2214 = CLOSED_SHELL ( 'NONE', ( #2407, #2250, #455, #2030, #3535, #918, #493, #2053, #1268, #3550, #3222, #137, #1610, #712, #788, #1391, #691, #1026, #1412, #517, #3057, #3265, #211, #1076, #3180, #1045, #617, #1877, #772, #2997, #3203, #2621, #731, #561, #3077, #3557, #141, #1185, #734, #1237, #819, #22, #3414, #2157, #3315, #1383, #2339, #2252, #2707, #1324, #1840, #269, #1876, #3258, #3413, #224, #540, #3483, #3014, #316, #1311, #2917, #892, #1541, #3400, #2529, #411, #2647, #2410, #120, #341, #1090, #2573, #1313, #994, #2399, #1361, #1063, #2912, #3658, #2604, #912, #1504, #439, #3657, #786, #1344, #681, #1029, #2550, #430, #3219, #1553, #1747, #1279, #1575, #764, #1159, #2595, #1160, #2474, #1766, #2372, #3527, #1382, #1138, #2454, #1979, #3338, #2870, #593, #2075, #1835, #1235, #549, #3424 ) ) ;
#2215 = EDGE_CURVE ( 'NONE', #3195, #3251, #1731, .T. ) ;
#2216 = DIRECTION ( 'NONE',  ( 1.000000000000000000, 0.000000000000000000, 0.000000000000000000 ) ) ;
#2217 = DIRECTION ( 'NONE',  ( 1.000000000000000000, 1.065814103640149648E-14, 0.000000000000000000 ) ) ;
#2218 = CIRCLE ( 'NONE', #1640, 3.024999999999999911 ) ;
#2219 = ORIENTED_EDGE ( 'NONE', *, *, #97, .T. ) ;
#2220 = ORIENTED_EDGE ( 'NONE', *, *, #2281, .F. ) ;
#2221 = DIRECTION ( 'NONE',  ( 0.000000000000000000, 0.000000000000000000, 1.000000000000000000 ) ) ;
#2222 = CARTESIAN_POINT ( 'NONE',  ( 55.16499999999999915, -4.345920406328604417E-15, -5.600000000000006750 ) ) ;
#2223 = DIRECTION ( 'NONE',  ( 1.000000000000000000, 0.000000000000000000, 0.000000000000000000 ) ) ;
#2224 = CARTESIAN_POINT ( 'NONE',  ( 0.000000000000000000, -3.500000000000000888, 7.500000000000000000 ) ) ;
#2225 = VERTEX_POINT ( 'NONE', #1219 ) ;
#2226 = CARTESIAN_POINT ( 'NONE',  ( 52.14000000000000057, -4.345920406328604417E-15, -5.200000000000000178 ) ) ;
#2227 = DIRECTION ( 'NONE',  ( 1.000000000000000000, 0.000000000000000000, 0.000000000000000000 ) ) ;
#2228 = DIRECTION ( 'NONE',  ( 0.000000000000000000, 0.000000000000000000, 1.000000000000000000 ) ) ;
#2229 = EDGE_CURVE ( 'NONE', #3480, #1961, #904, .T. ) ;
#2230 = VERTEX_POINT ( 'NONE', #2334 ) ;
#2231 = CARTESIAN_POINT ( 'NONE',  ( 4.416553233598905059, 7.545177483990613609, 4.064271801406677653 ) ) ;
#2232 = AXIS2_PLACEMENT_3D ( 'NONE', #428, #1273, #3502 ) ;
#2233 = DIRECTION ( 'NONE',  ( 1.000000000000000000, 0.000000000000000000, 0.000000000000000000 ) ) ;
#2234 = LINE ( 'NONE', #806, #1914 ) ;
#2235 = EDGE_CURVE ( 'NONE', #2568, #1010, #2317, .T. ) ;
#2236 = EDGE_LOOP ( 'NONE', ( #1491, #3372, #1925, #1252 ) ) ;
#2237 = VECTOR ( 'NONE', #20, 1000.000000000000000 ) ;
#2238 = ORIENTED_EDGE ( 'NONE', *, *, #1346, .F. ) ;
#2239 = VECTOR ( 'NONE', #672, 1000.000000000000000 ) ;
#2240 = CARTESIAN_POINT ( 'NONE',  ( 14.86954308122128232, 4.399999999999987033, -5.200000000000000178 ) ) ;
#2241 = CARTESIAN_POINT ( 'NONE',  ( -2.993325909419154218, -4.000000000000007105, -5.200000000000000178 ) ) ;
#2242 = DIRECTION ( 'NONE',  ( 0.000000000000000000, 0.000000000000000000, 1.000000000000000000 ) ) ;
#2243 = DIRECTION ( 'NONE',  ( 0.000000000000000000, 0.000000000000000000, 1.000000000000000000 ) ) ;
#2244 = DIRECTION ( 'NONE',  ( -1.000000000000000000, 0.000000000000000000, 0.000000000000000000 ) ) ;
#2245 = ORIENTED_EDGE ( 'NONE', *, *, #1595, .T. ) ;
#2246 = FACE_OUTER_BOUND ( 'NONE', #1672, .T. ) ;
#2247 = LINE ( 'NONE', #1131, #1587 ) ;
#2248 = CARTESIAN_POINT ( 'NONE',  ( 51.16499999999999915, -4.226517343411737806E-15, -7.500000000000000000 ) ) ;
#2249 = ORIENTED_EDGE ( 'NONE', *, *, #1944, .F. ) ;
#2250 = ADVANCED_FACE ( 'NONE', ( #659 ), #1155, .F. ) ;
#2251 = EDGE_CURVE ( 'NONE', #2985, #3556, #2562, .T. ) ;
#2252 = ADVANCED_FACE ( 'NONE', ( #1183 ), #2036, .T. ) ;
#2253 = DIRECTION ( 'NONE',  ( -0.000000000000000000, -0.000000000000000000, -1.000000000000000000 ) ) ;
#2254 = EDGE_CURVE ( 'NONE', #377, #2511, #926, .T. ) ;
#2255 = EDGE_CURVE ( 'NONE', #2730, #2300, #945, .T. ) ;
#2256 = CARTESIAN_POINT ( 'NONE',  ( 0.000000000000000000, 0.000000000000000000, 6.600000000000001421 ) ) ;
#2257 = CARTESIAN_POINT ( 'NONE',  ( 46.12501084212602365, -2.000000000000001332, 5.400000000000000355 ) ) ;
#2258 = ORIENTED_EDGE ( 'NONE', *, *, #90, .F. ) ;
#2259 = EDGE_CURVE ( 'NONE', #3020, #6, #104, .T. ) ;
#2260 = ORIENTED_EDGE ( 'NONE', *, *, #1531, .F. ) ;
#2261 = LINE ( 'NONE', #3106, #1532 ) ;
#2262 = DIRECTION ( 'NONE',  ( 1.000000000000000000, 0.000000000000000000, 0.000000000000000000 ) ) ;
#2263 = PLANE ( 'NONE',  #1238 ) ;
#2264 = DIRECTION ( 'NONE',  ( -0.000000000000000000, 6.230120059358115239E-35, -1.000000000000000000 ) ) ;
#2265 = VECTOR ( 'NONE', #3418, 1000.000000000000000 ) ;
#2266 = DIRECTION ( 'NONE',  ( 0.8532853053892310857, 0.5214443283868436252, -0.000000000000000000 ) ) ;
#2267 = AXIS2_PLACEMENT_3D ( 'NONE', #3024, #3078, #3589 ) ;
#2268 = ORIENTED_EDGE ( 'NONE', *, *, #927, .F. ) ;
#2269 = CARTESIAN_POINT ( 'NONE',  ( 14.86954308122128232, 4.400000000000000355, 5.200000000000000178 ) ) ;
#2270 = CYLINDRICAL_SURFACE ( 'NONE', #2346, 175.2599999999999625 ) ;
#2271 = CARTESIAN_POINT ( 'NONE',  ( 51.16499999999999915, -4.226517343411737806E-15, 7.500000000000000000 ) ) ;
#2272 = VECTOR ( 'NONE', #414, 1000.000000000000000 ) ;
#2273 = ORIENTED_EDGE ( 'NONE', *, *, #3384, .T. ) ;
#2274 = AXIS2_PLACEMENT_3D ( 'NONE', #2948, #983, #459 ) ;
#2275 = CARTESIAN_POINT ( 'NONE',  ( 5.836255134667300837, 9.059410066934752592, -1.420970698619197226 ) ) ;
#2276 = VECTOR ( 'NONE', #979, 1000.000000000000000 ) ;
#2277 = CIRCLE ( 'NONE', #2156, 3.424999999999996714 ) ;
#2278 = DIRECTION ( 'NONE',  ( -1.000000000000000000, 0.000000000000000000, 0.000000000000000000 ) ) ;
#2279 = CYLINDRICAL_SURFACE ( 'NONE', #1633, 0.9749999999999967581 ) ;
#2280 = ORIENTED_EDGE ( 'NONE', *, *, #2294, .T. ) ;
#2281 = EDGE_CURVE ( 'NONE', #2091, #2354, #3243, .T. ) ;
#2282 = ORIENTED_EDGE ( 'NONE', *, *, #755, .F. ) ;
#2283 = CIRCLE ( 'NONE', #2813, 3.500000000000003109 ) ;
#2284 = CARTESIAN_POINT ( 'NONE',  ( 52.14000000000000057, -4.345920406328604417E-15, -7.500000000000000000 ) ) ;
#2285 = DIRECTION ( 'NONE',  ( 0.000000000000000000, 0.000000000000000000, 1.000000000000000000 ) ) ;
#2286 = CARTESIAN_POINT ( 'NONE',  ( 7.766731223238317661, 9.662734546095528287, -7.500000000000000000 ) ) ;
#2287 = LINE ( 'NONE', #3173, #2350 ) ;
#2288 = DIRECTION ( 'NONE',  ( 1.000000000000000000, 0.000000000000000000, 0.000000000000000000 ) ) ;
#2289 = VECTOR ( 'NONE', #1811, 1000.000000000000000 ) ;
#2290 = VERTEX_POINT ( 'NONE', #778 ) ;
#2291 = DIRECTION ( 'NONE',  ( -0.000000000000000000, -0.000000000000000000, -1.000000000000000000 ) ) ;
#2292 = CARTESIAN_POINT ( 'NONE',  ( 52.14000000000000057, -4.345920406328604417E-15, -5.200000000000000178 ) ) ;
#2293 = CYLINDRICAL_SURFACE ( 'NONE', #3434, 4.000000000000000000 ) ;
#2294 = EDGE_CURVE ( 'NONE', #1728, #1217, #1079, .T. ) ;
#2295 = ORIENTED_EDGE ( 'NONE', *, *, #2845, .F. ) ;
#2296 = CARTESIAN_POINT ( 'NONE',  ( 5.348507953654661584, 8.699846250988514385, -2.722336143404012532 ) ) ;
#2297 = ORIENTED_EDGE ( 'NONE', *, *, #2651, .F. ) ;
#2298 = CARTESIAN_POINT ( 'NONE',  ( 4.458287489416092875, 5.667323904260572753, -8.000000000000000000 ) ) ;
#2299 = LINE ( 'NONE', #1751, #1043 ) ;
#2300 = VERTEX_POINT ( 'NONE', #2374 ) ;
#2301 = ORIENTED_EDGE ( 'NONE', *, *, #1612, .F. ) ;
#2302 = DIRECTION ( 'NONE',  ( 0.000000000000000000, 0.000000000000000000, 1.000000000000000000 ) ) ;
#2303 = DIRECTION ( 'NONE',  ( -1.000000000000000000, 0.000000000000000000, 0.000000000000000000 ) ) ;
#2304 = EDGE_CURVE ( 'NONE', #3056, #3577, #204, .T. ) ;
#2305 = CYLINDRICAL_SURFACE ( 'NONE', #1164, 0.5000000000000004441 ) ;
#2306 = FACE_BOUND ( 'NONE', #3449, .T. ) ;
#2307 = EDGE_CURVE ( 'NONE', #3006, #2724, #3393, .T. ) ;
#2308 = DIRECTION ( 'NONE',  ( 2.977001517945642039E-43, 1.000000000000000000, -0.000000000000000000 ) ) ;
#2309 = CIRCLE ( 'NONE', #1556, 0.5000000000000004441 ) ;
#2310 = EDGE_LOOP ( 'NONE', ( #1360, #2220, #2899, #1083 ) ) ;
#2311 = CARTESIAN_POINT ( 'NONE',  ( 53.11499999999999488, -4.345920406328604417E-15, 7.500000000000000000 ) ) ;
#2312 = CARTESIAN_POINT ( 'NONE',  ( 7.766731223238317661, 9.662734546095528287, 7.500000000000000000 ) ) ;
#2313 = CARTESIAN_POINT ( 'NONE',  ( 3.948185437972715484, 4.400000000000001243, 4.517945522843342943 ) ) ;
#2314 = EDGE_LOOP ( 'NONE', ( #1447, #3560, #2002, #2733 ) ) ;
#2315 = ORIENTED_EDGE ( 'NONE', *, *, #2789, .F. ) ;
#2316 = PRODUCT_DEFINITION_SHAPE ( 'NONE', 'NONE',  #1935 ) ;
#2317 = LINE ( 'NONE', #1515, #2734 ) ;
#2318 = DIRECTION ( 'NONE',  ( 1.000000000000000000, 0.000000000000000000, 0.000000000000000000 ) ) ;
#2319 = EDGE_LOOP ( 'NONE', ( #2260, #345, #1641, #2553, #248, #1384, #1708, #1659, #1290 ) ) ;
#2320 = VERTEX_POINT ( 'NONE', #2169 ) ;
#2321 = CARTESIAN_POINT ( 'NONE',  ( 14.86954308122128232, 4.399999999999987033, -5.400000000000000355 ) ) ;
#2322 = CARTESIAN_POINT ( 'NONE',  ( -1.173556874675002968E-15, 0.000000000000000000, 5.200000000000000178 ) ) ;
#2323 = DIRECTION ( 'NONE',  ( -0.000000000000000000, -0.000000000000000000, 1.000000000000000000 ) ) ;
#2324 = PLANE ( 'NONE',  #3168 ) ;
#2325 = DIRECTION ( 'NONE',  ( 0.000000000000000000, 0.000000000000000000, -1.000000000000000000 ) ) ;
#2326 = EDGE_CURVE ( 'NONE', #632, #1704, #446, .T. ) ;
#2327 = ORIENTED_EDGE ( 'NONE', *, *, #3111, .T. ) ;
#2328 = AXIS2_PLACEMENT_3D ( 'NONE', #1757, #1248, #31 ) ;
#2329 = EDGE_CURVE ( 'NONE', #2448, #2730, #687, .T. ) ;
#2330 = VERTEX_POINT ( 'NONE', #3201 ) ;
#2331 = CONICAL_SURFACE ( 'NONE', #1906, 3.024999999999999911, 0.7853981633974541632 ) ;
#2332 = EDGE_LOOP ( 'NONE', ( #3242, #1293, #2348, #1904 ) ) ;
#2333 = EDGE_CURVE ( 'NONE', #3645, #2971, #3461, .T. ) ;
#2334 = CARTESIAN_POINT ( 'NONE',  ( 0.000000000000000000, 4.000000000000000000, 5.200000000000000178 ) ) ;
#2335 = CARTESIAN_POINT ( 'NONE',  ( 48.06184152795736253, 8.591200351342457964, 5.200000000000000178 ) ) ;
#2336 = VECTOR ( 'NONE', #2855, 1000.000000000000114 ) ;
#2337 = B_SPLINE_CURVE_WITH_KNOTS ( 'NONE', 3,
 ( #1928, #3396, #1700, #3632, #10, #3048, #1426, #1352, #1908, #1369, #1386, #1073 ),
 .UNSPECIFIED., .F., .F.,
 ( 4, 2, 2, 2, 2, 4 ),
 ( 8.673617379884035472E-19, 0.001121143335161167709, 0.001681715002741750913, 0.002242286670322334117, 0.003363430005483500091, 0.004484573340644665632 ),
 .UNSPECIFIED. ) ;
#2338 = ORIENTED_EDGE ( 'NONE', *, *, #3044, .F. ) ;
#2339 = ADVANCED_FACE ( 'NONE', ( #796 ), #2652, .T. ) ;
#2340 = CIRCLE ( 'NONE', #3402, 0.9749999999999967581 ) ;
#2341 = ORIENTED_EDGE ( 'NONE', *, *, #170, .T. ) ;
#2342 = DIRECTION ( 'NONE',  ( 0.000000000000000000, 0.000000000000000000, 1.000000000000000000 ) ) ;
#2343 = DIRECTION ( 'NONE',  ( -0.000000000000000000, -0.000000000000000000, -1.000000000000000000 ) ) ;
#2344 = CARTESIAN_POINT ( 'NONE',  ( 52.14000000000000057, -4.345920406328604417E-15, 6.599999999999999645 ) ) ;
#2345 = DIRECTION ( 'NONE',  ( 1.000000000000000000, 7.105427357600997126E-15, 0.000000000000000000 ) ) ;
#2346 = AXIS2_PLACEMENT_3D ( 'NONE', #1665, #3404, #1995 ) ;
#2347 = ORIENTED_EDGE ( 'NONE', *, *, #50, .T. ) ;
#2348 = ORIENTED_EDGE ( 'NONE', *, *, #1856, .F. ) ;
#2349 = DIRECTION ( 'NONE',  ( -0.3479176161606249429, 0.9375251102584442053, 0.000000000000000000 ) ) ;
#2350 = VECTOR ( 'NONE', #1445, 1000.000000000000114 ) ;
#2351 = ORIENTED_EDGE ( 'NONE', *, *, #2137, .T. ) ;
#2352 = CARTESIAN_POINT ( 'NONE',  ( 22.50049140560457417, -4.000000000000000888, 0.7000000000000000666 ) ) ;
#2353 = EDGE_CURVE ( 'NONE', #2330, #1044, #3218, .T. ) ;
#2354 = VERTEX_POINT ( 'NONE', #700 ) ;
#2355 = DIRECTION ( 'NONE',  ( 0.7071067811865449082, 8.659560562354902043E-17, -0.7071067811865502373 ) ) ;
#2356 = FACE_OUTER_BOUND ( 'NONE', #427, .T. ) ;
#2357 = ORIENTED_EDGE ( 'NONE', *, *, #1702, .T. ) ;
#2358 = VERTEX_POINT ( 'NONE', #1842 ) ;
#2359 = DIRECTION ( 'NONE',  ( -0.000000000000000000, -0.000000000000000000, -1.000000000000000000 ) ) ;
#2360 = CARTESIAN_POINT ( 'NONE',  ( 46.06346891345411620, -168.0616090356724897, -2.200000000000000178 ) ) ;
#2361 = CARTESIAN_POINT ( 'NONE',  ( 48.71499999999998920, -4.345920406328604417E-15, 5.200000000000000178 ) ) ;
#2362 = DIRECTION ( 'NONE',  ( 0.000000000000000000, 0.000000000000000000, 1.000000000000000000 ) ) ;
#2363 = ORIENTED_EDGE ( 'NONE', *, *, #3111, .F. ) ;
#2364 = AXIS2_PLACEMENT_3D ( 'NONE', #519, #315, #2767 ) ;
#2365 = CYLINDRICAL_SURFACE ( 'NONE', #1243, 4.000000000000000000 ) ;
#2366 = LINE ( 'NONE', #2938, #3549 ) ;
#2367 = AXIS2_PLACEMENT_3D ( 'NONE', #1530, #168, #2644 ) ;
#2368 = ORIENTED_EDGE ( 'NONE', *, *, #859, .T. ) ;
#2369 = VECTOR ( 'NONE', #872, 1000.000000000000000 ) ;
#2370 = DIRECTION ( 'NONE',  ( 0.5214443283868435142, -0.8532853053892311967, -0.000000000000000000 ) ) ;
#2371 = ORIENTED_EDGE ( 'NONE', *, *, #1616, .T. ) ;
#2372 = ADVANCED_FACE ( 'NONE', ( #1825 ), #3318, .T. ) ;
#2373 = EDGE_CURVE ( 'NONE', #3541, #1517, #1158, .T. ) ;
#2374 = CARTESIAN_POINT ( 'NONE',  ( 16.50000000000000000, -2.000000000000005329, 2.200000000000000178 ) ) ;
#2375 = DIRECTION ( 'NONE',  ( 1.000000000000000000, 0.000000000000000000, 0.000000000000000000 ) ) ;
#2376 = ORIENTED_EDGE ( 'NONE', *, *, #1453, .F. ) ;
#2377 = EDGE_CURVE ( 'NONE', #3341, #1262, #3017, .T. ) ;
#2378 = CARTESIAN_POINT ( 'NONE',  ( 13.50000000000000000, -4.000000000000007105, 3.699999999999999734 ) ) ;
#2379 = DIRECTION ( 'NONE',  ( 0.000000000000000000, 0.000000000000000000, 1.000000000000000000 ) ) ;
#2380 = CARTESIAN_POINT ( 'NONE',  ( -0.4204519536220550080, 8.769633295748443302, 8.000000000000000000 ) ) ;
#2381 = DIRECTION ( 'NONE',  ( 1.000000000000000000, 0.000000000000000000, 0.000000000000000000 ) ) ;
#2382 = ORIENTED_EDGE ( 'NONE', *, *, #202, .T. ) ;
#2383 = VERTEX_POINT ( 'NONE', #962 ) ;
#2384 = DIRECTION ( 'NONE',  ( 0.000000000000000000, 0.000000000000000000, 1.000000000000000000 ) ) ;
#2385 = ORIENTED_EDGE ( 'NONE', *, *, #2058, .T. ) ;
#2386 = LINE ( 'NONE', #2085, #2272 ) ;
#2387 = AXIS2_PLACEMENT_3D ( 'NONE', #2908, #1208, #1189 ) ;
#2388 = ORIENTED_EDGE ( 'NONE', *, *, #360, .T. ) ;
#2389 = CIRCLE ( 'NONE', #2198, 3.425000000000011369 ) ;
#2390 = CARTESIAN_POINT ( 'NONE',  ( 46.06346891345411620, -168.0616090356724897, -5.200000000000000178 ) ) ;
#2391 = DIRECTION ( 'NONE',  ( 0.000000000000000000, 0.000000000000000000, 1.000000000000000000 ) ) ;
#2392 = EDGE_LOOP ( 'NONE', ( #977, #1559, #2001, #1806, #2371, #787 ) ) ;
#2393 = CIRCLE ( 'NONE', #152, 0.5000000000000004441 ) ;
#2394 = CIRCLE ( 'NONE', #935, 0.5000000000000004441 ) ;
#2395 = DIRECTION ( 'NONE',  ( 0.000000000000000000, 0.000000000000000000, -1.000000000000000000 ) ) ;
#2396 = CARTESIAN_POINT ( 'NONE',  ( 3.024999999999998579, 3.704556567420743261E-16, 6.600000000000000533 ) ) ;
#2397 = LINE ( 'NONE', #2693, #1642 ) ;
#2398 = FACE_OUTER_BOUND ( 'NONE', #486, .T. ) ;
#2399 = ADVANCED_FACE ( 'NONE', ( #3599 ), #2468, .T. ) ;
#2400 = CIRCLE ( 'NONE', #3523, 3.500000000000003109 ) ;
#2401 = VERTEX_POINT ( 'NONE', #496 ) ;
#2402 = CARTESIAN_POINT ( 'NONE',  ( 55.64000000000000057, -4.345920406328604417E-15, -7.500000000000000000 ) ) ;
#2403 = CONICAL_SURFACE ( 'NONE', #2640, 3.425000000000010925, 0.7853981633974521648 ) ;
#2404 = CARTESIAN_POINT ( 'NONE',  ( 3.458287489416092431, 4.500000000000000888, -8.000000000000000000 ) ) ;
#2405 = AXIS2_PLACEMENT_3D ( 'NONE', #397, #1011, #3553 ) ;
#2406 = ORIENTED_EDGE ( 'NONE', *, *, #3588, .F. ) ;
#2407 = ADVANCED_FACE ( 'NONE', ( #2669 ), #1749, .F. ) ;
#2408 = DIRECTION ( 'NONE',  ( 1.000000000000000000, 0.000000000000000000, 0.000000000000000000 ) ) ;
#2409 = ORIENTED_EDGE ( 'NONE', *, *, #1702, .F. ) ;
#2410 = ADVANCED_FACE ( 'NONE', ( #999 ), #138, .F. ) ;
#2411 = CARTESIAN_POINT ( 'NONE',  ( 47.46488495469115776, 8.266381009738202224, -5.200000000000000178 ) ) ;
#2412 = ORIENTED_EDGE ( 'NONE', *, *, #290, .F. ) ;
#2413 = LINE ( 'NONE', #2440, #2034 ) ;
#2414 = DIRECTION ( 'NONE',  ( -0.9988526604587394386, -0.04788906654444345656, 0.000000000000000000 ) ) ;
#2415 = DIRECTION ( 'NONE',  ( -0.9988526604587394386, -0.04788906654444345656, 0.000000000000000000 ) ) ;
#2416 = EDGE_CURVE ( 'NONE', #1470, #2358, #1275, .T. ) ;
#2417 = ORIENTED_EDGE ( 'NONE', *, *, #1552, .T. ) ;
#2418 = EDGE_CURVE ( 'NONE', #1165, #3020, #3278, .T. ) ;
#2419 = ORIENTED_EDGE ( 'NONE', *, *, #2326, .F. ) ;
#2420 = LINE ( 'NONE', #393, #2239 ) ;
#2421 = ORIENTED_EDGE ( 'NONE', *, *, #3297, .F. ) ;
#2422 = CARTESIAN_POINT ( 'NONE',  ( 3.458287489416092431, 4.000000000000000000, -5.200000000000001066 ) ) ;
#2423 = CIRCLE ( 'NONE', #2367, 0.5000000000000000000 ) ;
#2424 = CARTESIAN_POINT ( 'NONE',  ( 52.14000000000000057, -4.345920406328604417E-15, 6.599999999999999645 ) ) ;
#2425 = ORIENTED_EDGE ( 'NONE', *, *, #3019, .T. ) ;
#2426 = VECTOR ( 'NONE', #1056, 1000.000000000000000 ) ;
#2427 = DIRECTION ( 'NONE',  ( -0.000000000000000000, -0.000000000000000000, 1.000000000000000000 ) ) ;
#2428 = CARTESIAN_POINT ( 'NONE',  ( 4.458287489416092875, 4.500000000000000888, 7.500000000000000000 ) ) ;
#2429 = ORIENTED_EDGE ( 'NONE', *, *, #1911, .F. ) ;
#2430 = DIRECTION ( 'NONE',  ( 0.000000000000000000, -0.000000000000000000, -1.000000000000000000 ) ) ;
#2431 = CARTESIAN_POINT ( 'NONE',  ( 56.14000000000000057, -4.345920406328604417E-15, -5.200000000000000178 ) ) ;
#2432 = EDGE_CURVE ( 'NONE', #1713, #3020, #2393, .T. ) ;
#2433 = ORIENTED_EDGE ( 'NONE', *, *, #2162, .F. ) ;
#2434 = LINE ( 'NONE', #1631, #1782 ) ;
#2435 = EDGE_CURVE ( 'NONE', #1972, #2091, #1335, .T. ) ;
#2436 = ORIENTED_EDGE ( 'NONE', *, *, #2138, .T. ) ;
#2437 = AXIS2_PLACEMENT_3D ( 'NONE', #789, #1907, #2519 ) ;
#2438 = ORIENTED_EDGE ( 'NONE', *, *, #1719, .T. ) ;
#2439 = VECTOR ( 'NONE', #1347, 1000.000000000000000 ) ;
#2440 = CARTESIAN_POINT ( 'NONE',  ( 43.91061364692284030, 9.715569391309669456, 2.200000000000000178 ) ) ;
#2441 = CARTESIAN_POINT ( 'NONE',  ( -1.355252715606880543E-17, -3.500000000000000888, 7.500000000000000000 ) ) ;
#2442 = CIRCLE ( 'NONE', #1807, 175.2599999999999625 ) ;
#2443 = VECTOR ( 'NONE', #3008, 1000.000000000000000 ) ;
#2444 = ORIENTED_EDGE ( 'NONE', *, *, #3076, .F. ) ;
#2445 = FACE_BOUND ( 'NONE', #337, .T. ) ;
#2446 = FACE_BOUND ( 'NONE', #646, .T. ) ;
#2447 = VECTOR ( 'NONE', #1769, 1000.000000000000000 ) ;
#2448 = VERTEX_POINT ( 'NONE', #333 ) ;
#2449 = VECTOR ( 'NONE', #59, 1000.000000000000000 ) ;
#2450 = DIRECTION ( 'NONE',  ( 0.000000000000000000, 6.230120059358115239E-35, -1.000000000000000000 ) ) ;
#2451 = LINE ( 'NONE', #535, #2124 ) ;
#2452 = ORIENTED_EDGE ( 'NONE', *, *, #1480, .T. ) ;
#2453 = PRESENTATION_LAYER_ASSIGNMENT (  '', '', ( #3580 ) ) ;
#2454 = ADVANCED_FACE ( 'NONE', ( #1414 ), #746, .F. ) ;
#2455 = EDGE_CURVE ( 'NONE', #2066, #2383, #2737, .T. ) ;
#2456 = AXIS2_PLACEMENT_3D ( 'NONE', #406, #1282, #460 ) ;
#2457 = ORIENTED_EDGE ( 'NONE', *, *, #223, .F. ) ;
#2458 = FACE_OUTER_BOUND ( 'NONE', #434, .T. ) ;
#2459 = DIRECTION ( 'NONE',  ( -0.000000000000000000, -0.000000000000000000, -1.000000000000000000 ) ) ;
#2460 = ORIENTED_EDGE ( 'NONE', *, *, #3496, .T. ) ;
#2461 = ORIENTED_EDGE ( 'NONE', *, *, #3275, .F. ) ;
#2462 = DIRECTION ( 'NONE',  ( 0.000000000000000000, 0.000000000000000000, 1.000000000000000000 ) ) ;
#2463 = CARTESIAN_POINT ( 'NONE',  ( 55.16499999999999915, -3.975464749586530436E-15, 5.600000000000014744 ) ) ;
#2464 = DIRECTION ( 'NONE',  ( -0.000000000000000000, -0.000000000000000000, 1.000000000000000000 ) ) ;
#2465 = FACE_OUTER_BOUND ( 'NONE', #2518, .T. ) ;
#2466 = EDGE_CURVE ( 'NONE', #1517, #2700, #1865, .T. ) ;
#2467 = ORIENTED_EDGE ( 'NONE', *, *, #1340, .F. ) ;
#2468 = PLANE ( 'NONE',  #2864 ) ;
#2469 = CARTESIAN_POINT ( 'NONE',  ( 47.46488495469115776, 8.266381009738202224, -2.200000000000000622 ) ) ;
#2470 = ORIENTED_EDGE ( 'NONE', *, *, #2958, .F. ) ;
#2471 = AXIS2_PLACEMENT_3D ( 'NONE', #2512, #1378, #3098 ) ;
#2472 = DIRECTION ( 'NONE',  ( 0.5214443283868420709, -0.8532853053892323070, 2.960428101929478254E-15 ) ) ;
#2473 = ORIENTED_EDGE ( 'NONE', *, *, #1655, .F. ) ;
#2474 = ADVANCED_FACE ( 'NONE', ( #2246 ), #1689, .T. ) ;
#2475 = AXIS2_PLACEMENT_3D ( 'NONE', #3584, #3319, #516 ) ;
#2476 = CARTESIAN_POINT ( 'NONE',  ( 48.25828703720165436, -2.000000000000007105, 2.299999999999999378 ) ) ;
#2477 = DIRECTION ( 'NONE',  ( 1.000000000000000000, 0.000000000000000000, 0.000000000000000000 ) ) ;
#2478 = AXIS2_PLACEMENT_3D ( 'NONE', #512, #1646, #2778 ) ;
#2479 = EDGE_LOOP ( 'NONE', ( #1658, #2436, #2135, #3176 ) ) ;
#2480 = EDGE_CURVE ( 'NONE', #2536, #2568, #1471, .T. ) ;
#2481 = ORIENTED_EDGE ( 'NONE', *, *, #1542, .F. ) ;
#2482 = DIRECTION ( 'NONE',  ( 0.3479176161606249429, -0.9375251102584442053, 0.000000000000000000 ) ) ;
#2483 = CARTESIAN_POINT ( 'NONE',  ( 43.78994010404512949, 5.279882440875892868, 5.400000000000000355 ) ) ;
#2484 = FACE_OUTER_BOUND ( 'NONE', #1024, .T. ) ;
#2485 = CARTESIAN_POINT ( 'NONE',  ( 50.19505479143043658, 9.894811172309568192, 8.000000000000000000 ) ) ;
#2486 = ORIENTED_EDGE ( 'NONE', *, *, #2259, .F. ) ;
#2487 = DIRECTION ( 'NONE',  ( 1.000000000000000000, 0.000000000000000000, 0.000000000000000000 ) ) ;
#2488 = CARTESIAN_POINT ( 'NONE',  ( 50.62169744412505423, 10.15553333650298917, 5.200000000000000178 ) ) ;
#2489 = CARTESIAN_POINT ( 'NONE',  ( 47.94211886159624925, 11.08833200248930417, -8.000000000000000000 ) ) ;
#2490 = EDGE_LOOP ( 'NONE', ( #1815, #2941, #1417, #694 ) ) ;
#2491 = FACE_OUTER_BOUND ( 'NONE', #51, .T. ) ;
#2492 = ORIENTED_EDGE ( 'NONE', *, *, #2620, .F. ) ;
#2493 = LINE ( 'NONE', #3624, #1746 ) ;
#2494 = LINE ( 'NONE', #282, #2690 ) ;
#2495 = ORIENTED_EDGE ( 'NONE', *, *, #290, .T. ) ;
#2496 = TOROIDAL_SURFACE ( 'NONE', #2437, 3.499999999999998224, 0.5000000000000000000 ) ;
#2497 = ORIENTED_EDGE ( 'NONE', *, *, #684, .T. ) ;
#2498 = AXIS2_PLACEMENT_3D ( 'NONE', #2020, #3141, #1750 ) ;
#2499 = CARTESIAN_POINT ( 'NONE',  ( 3.958287489416092431, 5.667323904260572753, -8.000000000000000000 ) ) ;
#2500 = CARTESIAN_POINT ( 'NONE',  ( 0.000000000000000000, 0.000000000000000000, -7.500000000000000000 ) ) ;
#2501 = DIRECTION ( 'NONE',  ( 1.000000000000000000, 0.000000000000000000, -0.000000000000000000 ) ) ;
#2502 = EDGE_CURVE ( 'NONE', #3435, #1067, #1723, .T. ) ;
#2503 = CARTESIAN_POINT ( 'NONE',  ( 48.89222750274525708, -3.708263902859307848, 5.200000000000000178 ) ) ;
#2504 = AXIS2_PLACEMENT_3D ( 'NONE', #3653, #2526, #1952 ) ;
#2505 = ORIENTED_EDGE ( 'NONE', *, *, #616, .T. ) ;
#2506 = AXIS2_PLACEMENT_3D ( 'NONE', #1810, #1561, #1017 ) ;
#2507 = CARTESIAN_POINT ( 'NONE',  ( -1.173556874675002968E-15, 0.000000000000000000, 5.200000000000000178 ) ) ;
#2508 = DIRECTION ( 'NONE',  ( 0.000000000000000000, 0.000000000000000000, 1.000000000000000000 ) ) ;
#2509 = FACE_OUTER_BOUND ( 'NONE', #3028, .T. ) ;
#2510 = VECTOR ( 'NONE', #1671, 1000.000000000000114 ) ;
#2511 = VERTEX_POINT ( 'NONE', #3616 ) ;
#2512 = CARTESIAN_POINT ( 'NONE',  ( 52.14000000000000057, -4.345920406328604417E-15, -8.000000000000000000 ) ) ;
#2513 = VECTOR ( 'NONE', #3451, 1000.000000000000000 ) ;
#2514 = LINE ( 'NONE', #558, #744 ) ;
#2515 = DIRECTION ( 'NONE',  ( 1.000000000000000000, 0.000000000000000000, 0.000000000000000000 ) ) ;
#2516 = VECTOR ( 'NONE', #2464, 1000.000000000000000 ) ;
#2517 = ORIENTED_EDGE ( 'NONE', *, *, #2688, .T. ) ;
#2518 = EDGE_LOOP ( 'NONE', ( #3571, #3546, #101, #3080 ) ) ;
#2519 = DIRECTION ( 'NONE',  ( 1.000000000000000000, 0.000000000000000000, 0.000000000000000000 ) ) ;
#2520 = DIRECTION ( 'NONE',  ( 0.000000000000000000, 0.000000000000000000, -1.000000000000000000 ) ) ;
#2521 = DIRECTION ( 'NONE',  ( -0.8532853053892311967, -0.5214443283868436252, -0.000000000000000000 ) ) ;
#2522 = CYLINDRICAL_SURFACE ( 'NONE', #1609, 1.499999999999999556 ) ;
#2523 = EDGE_CURVE ( 'NONE', #1623, #1479, #2979, .T. ) ;
#2524 = EDGE_CURVE ( 'NONE', #3301, #754, #2780, .T. ) ;
#2525 = EDGE_LOOP ( 'NONE', ( #3288, #725, #3113, #709 ) ) ;
#2526 = DIRECTION ( 'NONE',  ( 0.000000000000000000, 0.000000000000000000, 1.000000000000000000 ) ) ;
#2527 = CARTESIAN_POINT ( 'NONE',  ( 7.958287489416090210, 5.667323904260573642, -7.500000000000000000 ) ) ;
#2528 = DIRECTION ( 'NONE',  ( 1.000000000000000000, 0.000000000000000000, 0.000000000000000000 ) ) ;
#2529 = ADVANCED_FACE ( 'NONE', ( #3638 ), #3342, .F. ) ;
#2530 = ORIENTED_EDGE ( 'NONE', *, *, #3642, .T. ) ;
#2531 = CARTESIAN_POINT ( 'NONE',  ( 5.578087984856408887, 8.885348577648928270, 2.227187146355717573 ) ) ;
#2532 = CARTESIAN_POINT ( 'NONE',  ( 3.958287489416092431, 4.500000000000000888, -7.500000000000000000 ) ) ;
#2533 = CARTESIAN_POINT ( 'NONE',  ( 48.95151308287940140, 9.174862382812488448, 2.200000000000000178 ) ) ;
#2534 = VERTEX_POINT ( 'NONE', #2804 ) ;
#2535 = AXIS2_PLACEMENT_3D ( 'NONE', #3095, #1996, #2528 ) ;
#2536 = VERTEX_POINT ( 'NONE', #2842 ) ;
#2537 = CARTESIAN_POINT ( 'NONE',  ( 50.62169744412505423, 10.15553333650298917, -8.000000000000000000 ) ) ;
#2538 = CARTESIAN_POINT ( 'NONE',  ( 48.06184152795736253, 8.591200351342457964, 8.000000000000000000 ) ) ;
#2539 = CARTESIAN_POINT ( 'NONE',  ( 45.78994010404510817, 5.279882440875892868, 2.200000000000000178 ) ) ;
#2540 = DIRECTION ( 'NONE',  ( -0.000000000000000000, 1.000000000000000000, -0.000000000000000000 ) ) ;
#2541 = DIRECTION ( 'NONE',  ( 0.000000000000000000, 0.000000000000000000, 1.000000000000000000 ) ) ;
#2542 = TOROIDAL_SURFACE ( 'NONE', #965, 3.500000000000000888, 0.5000000000000000000 ) ;
#2543 = ORIENTED_EDGE ( 'NONE', *, *, #3158, .F. ) ;
#2544 = CARTESIAN_POINT ( 'NONE',  ( 3.958287489416092431, 5.667323904260572753, 7.500000000000000000 ) ) ;
#2545 = FACE_OUTER_BOUND ( 'NONE', #2827, .T. ) ;
#2546 = FACE_OUTER_BOUND ( 'NONE', #3167, .T. ) ;
#2547 = EDGE_CURVE ( 'NONE', #718, #2648, #1397, .T. ) ;
#2548 = ORIENTED_EDGE ( 'NONE', *, *, #2688, .F. ) ;
#2549 = DIRECTION ( 'NONE',  ( -0.000000000000000000, -0.000000000000000000, 1.000000000000000000 ) ) ;
#2550 = ADVANCED_FACE ( 'NONE', ( #1741 ), #3071, .T. ) ;
#2551 = DIRECTION ( 'NONE',  ( 0.000000000000000000, 0.000000000000000000, 1.000000000000000000 ) ) ;
#2552 = DIRECTION ( 'NONE',  ( -0.000000000000000000, -0.000000000000000000, -1.000000000000000000 ) ) ;
#2553 = ORIENTED_EDGE ( 'NONE', *, *, #1407, .T. ) ;
#2554 = EDGE_LOOP ( 'NONE', ( #3473, #2486, #1960, #3506 ) ) ;
#2555 = EDGE_CURVE ( 'NONE', #440, #222, #2442, .T. ) ;
#2556 = DIRECTION ( 'NONE',  ( 0.000000000000000000, 0.000000000000000000, 1.000000000000000000 ) ) ;
#2557 = CARTESIAN_POINT ( 'NONE',  ( 46.00860221814055251, 4.062170784313704708, -5.200000000000000178 ) ) ;
#2558 = CARTESIAN_POINT ( 'NONE',  ( 3.958287489416092431, 4.500000000000000888, -4.509097487428283202 ) ) ;
#2559 = DIRECTION ( 'NONE',  ( -0.000000000000000000, -0.000000000000000000, 1.000000000000000000 ) ) ;
#2560 = CIRCLE ( 'NONE', #2681, 3.500000000000003109 ) ;
#2561 = PLANE ( 'NONE',  #3063 ) ;
#2562 = CIRCLE ( 'NONE', #985, 177.2599999999999625 ) ;
#2563 = ORIENTED_EDGE ( 'NONE', *, *, #1236, .F. ) ;
#2564 = DIRECTION ( 'NONE',  ( -0.04788906654444425454, 0.9988526604587394386, 0.000000000000000000 ) ) ;
#2565 = DIRECTION ( 'NONE',  ( -0.5214443283868435142, 0.8532853053892311967, 0.000000000000000000 ) ) ;
#2566 = PLANE ( 'NONE',  #1134 ) ;
#2567 = AXIS2_PLACEMENT_3D ( 'NONE', #254, #816, #3358 ) ;
#2568 = VERTEX_POINT ( 'NONE', #2269 ) ;
#2569 = VECTOR ( 'NONE', #2656, 1000.000000000000000 ) ;
#2570 = CARTESIAN_POINT ( 'NONE',  ( 0.000000000000000000, 0.000000000000000000, 8.000000000000000000 ) ) ;
#2571 = ORIENTED_EDGE ( 'NONE', *, *, #3441, .F. ) ;
#2572 = AXIS2_PLACEMENT_3D ( 'NONE', #2335, #1184, #1496 ) ;
#2573 = ADVANCED_FACE ( 'NONE', ( #3403 ), #876, .F. ) ;
#2574 = EDGE_CURVE ( 'NONE', #2754, #2012, #1456, .T. ) ;
#2575 = AXIS2_PLACEMENT_3D ( 'NONE', #1684, #1969, #877 ) ;
#2576 = LINE ( 'NONE', #1203, #1097 ) ;
#2577 = LINE ( 'NONE', #1220, #2695 ) ;
#2578 = ORIENTED_EDGE ( 'NONE', *, *, #62, .F. ) ;
#2579 = STYLED_ITEM ( 'NONE', ( #1857 ), #1601 ) ;
#2580 = ORIENTED_EDGE ( 'NONE', *, *, #2957, .T. ) ;
#2581 = VECTOR ( 'NONE', #2430, 1000.000000000000000 ) ;
#2582 = CARTESIAN_POINT ( 'NONE',  ( 48.06184152795736253, 8.591200351342457964, -7.500000000000000000 ) ) ;
#2583 = LINE ( 'NONE', #2557, #739 ) ;
#2584 = DIRECTION ( 'NONE',  ( 0.000000000000000000, -0.000000000000000000, 1.000000000000000000 ) ) ;
#2585 = CARTESIAN_POINT ( 'NONE',  ( 46.12501084212602365, -2.000000000000001332, 5.400000000000000355 ) ) ;
#2586 = DIRECTION ( 'NONE',  ( -0.000000000000000000, -0.000000000000000000, -1.000000000000000000 ) ) ;
#2587 = VERTEX_POINT ( 'NONE', #2311 ) ;
#2588 = DIRECTION ( 'NONE',  ( 0.000000000000000000, 0.000000000000000000, 1.000000000000000000 ) ) ;
#2589 = DIRECTION ( 'NONE',  ( 0.000000000000000000, 1.000000000000000000, 0.000000000000000000 ) ) ;
#2590 = DIRECTION ( 'NONE',  ( 0.000000000000000000, 0.000000000000000000, -1.000000000000000000 ) ) ;
#2591 = ORIENTED_EDGE ( 'NONE', *, *, #2031, .F. ) ;
#2592 = ORIENTED_EDGE ( 'NONE', *, *, #108, .T. ) ;
#2593 = CARTESIAN_POINT ( 'NONE',  ( 52.14000000000000057, -4.345920406328604417E-15, 6.599999999999999645 ) ) ;
#2594 = DIRECTION ( 'NONE',  ( -0.000000000000000000, -0.000000000000000000, 1.000000000000000000 ) ) ;
#2595 = ADVANCED_FACE ( 'NONE', ( #3443 ), #916, .T. ) ;
#2596 = VERTEX_POINT ( 'NONE', #2838 ) ;
#2597 = ORIENTED_EDGE ( 'NONE', *, *, #2752, .F. ) ;
#2598 = LINE ( 'NONE', #2537, #939 ) ;
#2599 = DIRECTION ( 'NONE',  ( 1.000000000000000000, 0.000000000000000000, 0.000000000000000000 ) ) ;
#2600 = CARTESIAN_POINT ( 'NONE',  ( 0.000000000000000000, 0.000000000000000000, -8.000000000000000000 ) ) ;
#2601 = CARTESIAN_POINT ( 'NONE',  ( 13.50000000000000355, -4.000000000000000888, -3.700000000000002842 ) ) ;
#2602 = AXIS2_PLACEMENT_3D ( 'NONE', #834, #3303, #779 ) ;
#2603 = DIRECTION ( 'NONE',  ( -0.8532853053892337503, -0.5214443283868394063, 0.000000000000000000 ) ) ;
#2604 = ADVANCED_FACE ( 'NONE', ( #3191 ), #2305, .T. ) ;
#2605 = VECTOR ( 'NONE', #3405, 1000.000000000000000 ) ;
#2606 = ORIENTED_EDGE ( 'NONE', *, *, #1788, .F. ) ;
#2607 = CARTESIAN_POINT ( 'NONE',  ( 3.948185437972727474, 4.400000000000000355, 5.200000000000000178 ) ) ;
#2608 = ORIENTED_EDGE ( 'NONE', *, *, #893, .F. ) ;
#2609 = EDGE_CURVE ( 'NONE', #2012, #2682, #307, .T. ) ;
#2610 = ORIENTED_EDGE ( 'NONE', *, *, #3339, .F. ) ;
#2611 = CARTESIAN_POINT ( 'NONE',  ( 7.766731223238317661, 9.662734546095528287, -8.000000000000000000 ) ) ;
#2612 = CARTESIAN_POINT ( 'NONE',  ( -1.355252715606880543E-17, -4.000000000000000888, 7.500000000000000000 ) ) ;
#2613 = ORIENTED_EDGE ( 'NONE', *, *, #914, .T. ) ;
#2614 = ORIENTED_EDGE ( 'NONE', *, *, #2620, .T. ) ;
#2615 = DIRECTION ( 'NONE',  ( 2.256840143605774710E-16, 0.000000000000000000, 1.000000000000000000 ) ) ;
#2616 = CARTESIAN_POINT ( 'NONE',  ( 22.50049140560457417, -5.566772252322746972, 2.200000000000000178 ) ) ;
#2617 = CARTESIAN_POINT ( 'NONE',  ( 49.00049140560457772, -2.000000000000000888, -2.200000000000000178 ) ) ;
#2618 = DIRECTION ( 'NONE',  ( -1.000000000000000000, -1.350228159821300363E-16, -8.412083543212878325E-51 ) ) ;
#2619 = ORIENTED_EDGE ( 'NONE', *, *, #375, .F. ) ;
#2620 = EDGE_CURVE ( 'NONE', #1654, #653, #1585, .T. ) ;
#2621 = ADVANCED_FACE ( 'NONE', ( #932 ), #1793, .F. ) ;
#2622 = AXIS2_PLACEMENT_3D ( 'NONE', #627, #70, #666 ) ;
#2623 = ORIENTED_EDGE ( 'NONE', *, *, #197, .T. ) ;
#2624 = LINE ( 'NONE', #692, #662 ) ;
#2625 = VECTOR ( 'NONE', #620, 1000.000000000000000 ) ;
#2626 = ORIENTED_EDGE ( 'NONE', *, *, #2333, .F. ) ;
#2627 = VECTOR ( 'NONE', #1705, 1000.000000000000000 ) ;
#2628 = CARTESIAN_POINT ( 'NONE',  ( 3.948185437972725698, 4.400000000000000355, -5.200000000000000178 ) ) ;
#2629 = ORIENTED_EDGE ( 'NONE', *, *, #473, .T. ) ;
#2630 = AXIS2_PLACEMENT_3D ( 'NONE', #2257, #488, #1363 ) ;
#2631 = DIRECTION ( 'NONE',  ( -0.000000000000000000, -0.000000000000000000, -1.000000000000000000 ) ) ;
#2632 = LINE ( 'NONE', #3142, #633 ) ;
#2633 = AXIS2_PLACEMENT_3D ( 'NONE', #1245, #1440, #1459 ) ;
#2634 = ORIENTED_EDGE ( 'NONE', *, *, #749, .T. ) ;
#2635 = AXIS2_PLACEMENT_3D ( 'NONE', #1558, #2670, #2227 ) ;
#2636 = ORIENTED_EDGE ( 'NONE', *, *, #1069, .F. ) ;
#2637 = CARTESIAN_POINT ( 'NONE',  ( 4.458287489416092875, 4.500000000000000888, -8.000000000000000000 ) ) ;
#2638 = FACE_BOUND ( 'NONE', #371, .T. ) ;
#2639 = CARTESIAN_POINT ( 'NONE',  ( 7.582114294781146846, 2.921585889185336793, 5.400000000000000355 ) ) ;
#2640 = AXIS2_PLACEMENT_3D ( 'NONE', #3072, #853, #2208 ) ;
#2641 = CIRCLE ( 'NONE', #1474, 3.024999999999999911 ) ;
#2642 = ORIENTED_EDGE ( 'NONE', *, *, #121, .F. ) ;
#2643 = DIRECTION ( 'NONE',  ( -1.350228159821300363E-16, 1.000000000000000000, -0.000000000000000000 ) ) ;
#2644 = DIRECTION ( 'NONE',  ( -1.000000000000000000, 0.000000000000000000, 0.000000000000000000 ) ) ;
#2645 = AXIS2_PLACEMENT_3D ( 'NONE', #1830, #2472, #385 ) ;
#2646 = EDGE_CURVE ( 'NONE', #377, #3138, #2025, .T. ) ;
#2647 = ADVANCED_FACE ( 'NONE', ( #628, #2638 ), #112, .T. ) ;
#2648 = VERTEX_POINT ( 'NONE', #3492 ) ;
#2649 = CARTESIAN_POINT ( 'NONE',  ( 52.14000000000000057, -4.345920406328604417E-15, 6.599999999999999645 ) ) ;
#2650 = ORIENTED_EDGE ( 'NONE', *, *, #18, .F. ) ;
#2651 = EDGE_CURVE ( 'NONE', #3046, #2914, #1190, .T. ) ;
#2652 = CYLINDRICAL_SURFACE ( 'NONE', #2092, 3.000000000000002665 ) ;
#2653 = CARTESIAN_POINT ( 'NONE',  ( 46.00860221814055251, 4.062170784313706484, 2.200000000000000178 ) ) ;
#2654 = ORIENTED_EDGE ( 'NONE', *, *, #838, .F. ) ;
#2655 = FACE_OUTER_BOUND ( 'NONE', #3320, .T. ) ;
#2656 = DIRECTION ( 'NONE',  ( -0.000000000000000000, -0.000000000000000000, 1.000000000000000000 ) ) ;
#2657 = LINE ( 'NONE', #2380, #3153 ) ;
#2658 = FACE_OUTER_BOUND ( 'NONE', #3178, .T. ) ;
#2659 = ORIENTED_EDGE ( 'NONE', *, *, #3058, .T. ) ;
#2660 = AXIS2_PLACEMENT_3D ( 'NONE', #1418, #2253, #3075 ) ;
#2661 = EDGE_LOOP ( 'NONE', ( #1550, #2613 ) ) ;
#2662 = DIRECTION ( 'NONE',  ( 0.000000000000000000, 0.000000000000000000, -1.000000000000000000 ) ) ;
#2663 = VECTOR ( 'NONE', #1254, 1000.000000000000000 ) ;
#2664 = ORIENTED_EDGE ( 'NONE', *, *, #3385, .F. ) ;
#2665 = CIRCLE ( 'NONE', #482, 1.474999999999999867 ) ;
#2666 = FACE_OUTER_BOUND ( 'NONE', #2705, .T. ) ;
#2667 = ORIENTED_EDGE ( 'NONE', *, *, #3422, .T. ) ;
#2668 = EDGE_CURVE ( 'NONE', #802, #2758, #969, .T. ) ;
#2669 = FACE_OUTER_BOUND ( 'NONE', #1104, .T. ) ;
#2670 = DIRECTION ( 'NONE',  ( -0.000000000000000000, -0.000000000000000000, 1.000000000000000000 ) ) ;
#2671 = VERTEX_POINT ( 'NONE', #3207 ) ;
#2672 = DIRECTION ( 'NONE',  ( 0.000000000000000000, 0.000000000000000000, -1.000000000000000000 ) ) ;
#2673 = DIRECTION ( 'NONE',  ( 0.000000000000000000, 0.000000000000000000, 1.000000000000000000 ) ) ;
#2674 = DIRECTION ( 'NONE',  ( 1.000000000000000000, 0.000000000000000000, 0.000000000000000000 ) ) ;
#2675 = CARTESIAN_POINT ( 'NONE',  ( 48.89222750274525708, -3.708263902859307848, -5.200000000000000178 ) ) ;
#2676 = EDGE_CURVE ( 'NONE', #3022, #3371, #682, .T. ) ;
#2677 = VERTEX_POINT ( 'NONE', #2880 ) ;
#2678 = FACE_OUTER_BOUND ( 'NONE', #1012, .T. ) ;
#2679 = VERTEX_POINT ( 'NONE', #327 ) ;
#2680 = CYLINDRICAL_SURFACE ( 'NONE', #2405, 0.4999999999999991673 ) ;
#2681 = AXIS2_PLACEMENT_3D ( 'NONE', #2060, #2359, #53 ) ;
#2682 = VERTEX_POINT ( 'NONE', #2558 ) ;
#2683 = VECTOR ( 'NONE', #378, 1000.000000000000000 ) ;
#2684 = CARTESIAN_POINT ( 'NONE',  ( 0.000000000000000000, 4.000000000000000000, 7.500000000000000000 ) ) ;
#2685 = CARTESIAN_POINT ( 'NONE',  ( 7.582114294781146846, -2.000000000000006661, 5.200000000000000178 ) ) ;
#2686 = ORIENTED_EDGE ( 'NONE', *, *, #1980, .T. ) ;
#2687 = VECTOR ( 'NONE', #3093, 1000.000000000000000 ) ;
#2688 = EDGE_CURVE ( 'NONE', #1020, #2383, #1466, .T. ) ;
#2689 = EDGE_CURVE ( 'NONE', #2052, #124, #3172, .T. ) ;
#2690 = VECTOR ( 'NONE', #1923, 1000.000000000000000 ) ;
#2691 = PLANE ( 'NONE',  #2195 ) ;
#2692 = DIRECTION ( 'NONE',  ( -0.000000000000000000, -0.000000000000000000, -1.000000000000000000 ) ) ;
#2693 = CARTESIAN_POINT ( 'NONE',  ( 44.13355199762366254, 3.366335551992456931, 2.200000000000000178 ) ) ;
#2694 = DIRECTION ( 'NONE',  ( 0.000000000000000000, -1.000000000000000000, 0.000000000000000000 ) ) ;
#2695 = VECTOR ( 'NONE', #302, 1000.000000000000000 ) ;
#2696 = EDGE_LOOP ( 'NONE', ( #2297, #2654, #3184, #1390 ) ) ;
#2697 = VERTEX_POINT ( 'NONE', #1170 ) ;
#2698 = AXIS2_PLACEMENT_3D ( 'NONE', #2795, #3087, #267 ) ;
#2699 = LINE ( 'NONE', #1834, #184 ) ;
#2700 = VERTEX_POINT ( 'NONE', #2286 ) ;
#2701 =( GEOMETRIC_REPRESENTATION_CONTEXT ( 3 ) GLOBAL_UNCERTAINTY_ASSIGNED_CONTEXT ( ( #3351 ) ) GLOBAL_UNIT_ASSIGNED_CONTEXT ( ( #1055, #849, #2166 ) ) REPRESENTATION_CONTEXT ( 'NONE', 'WORKASPACE' ) );
#2702 = CARTESIAN_POINT ( 'NONE',  ( -3.025000000000001243, 3.704556567420743261E-16, -5.599999999999993427 ) ) ;
#2703 = ORIENTED_EDGE ( 'NONE', *, *, #2294, .F. ) ;
#2704 = CARTESIAN_POINT ( 'NONE',  ( 0.9749999999999999778, 0.000000000000000000, -6.600000000000000533 ) ) ;
#2705 = EDGE_LOOP ( 'NONE', ( #2041, #1498, #920, #2636 ) ) ;
#2706 = CARTESIAN_POINT ( 'NONE',  ( 3.948185437972715484, 4.400000000000001243, -4.517945522843342943 ) ) ;
#2707 = ADVANCED_FACE ( 'NONE', ( #2006, #1484, #54 ), #3438, .F. ) ;
#2708 = DIRECTION ( 'NONE',  ( -1.000000000000000000, 0.000000000000000000, 0.000000000000000000 ) ) ;
#2709 = CARTESIAN_POINT ( 'NONE',  ( 53.61499999999999488, -4.345920406328604417E-15, -7.500000000000000000 ) ) ;
#2710 = ORIENTED_EDGE ( 'NONE', *, *, #179, .T. ) ;
#2711 = DIRECTION ( 'NONE',  ( 0.000000000000000000, 0.000000000000000000, 1.000000000000000000 ) ) ;
#2712 = EDGE_CURVE ( 'NONE', #2730, #1093, #1774, .T. ) ;
#2713 = CARTESIAN_POINT ( 'NONE',  ( 15.00000000000000000, -2.000000000000006217, 3.700000000000000178 ) ) ;
#2714 = VECTOR ( 'NONE', #2116, 999.9999999999998863 ) ;
#2715 = VERTEX_POINT ( 'NONE', #1227 ) ;
#2716 = CARTESIAN_POINT ( 'NONE',  ( 52.14000000000000057, -4.345920406328604417E-15, -7.500000000000000000 ) ) ;
#2717 = ORIENTED_EDGE ( 'NONE', *, *, #2455, .F. ) ;
#2718 = EDGE_CURVE ( 'NONE', #2677, #3435, #99, .T. ) ;
#2719 = LINE ( 'NONE', #418, #1813 ) ;
#2720 = ORIENTED_EDGE ( 'NONE', *, *, #637, .F. ) ;
#2721 = DIRECTION ( 'NONE',  ( 1.000000000000000000, 0.000000000000000000, -0.000000000000000000 ) ) ;
#2722 = DIRECTION ( 'NONE',  ( 0.000000000000000000, -1.000000000000000000, 0.000000000000000000 ) ) ;
#2723 = PRODUCT_DEFINITION_CONTEXT ( 'detailed design', #913, 'design' ) ;
#2724 = VERTEX_POINT ( 'NONE', #1265 ) ;
#2725 = DIRECTION ( 'NONE',  ( 2.977001517945642039E-43, 1.000000000000000000, -0.000000000000000000 ) ) ;
#2726 = EDGE_CURVE ( 'NONE', #1086, #1536, #450, .T. ) ;
#2727 = EDGE_CURVE ( 'NONE', #2847, #2401, #207, .T. ) ;
#2728 = ORIENTED_EDGE ( 'NONE', *, *, #2798, .F. ) ;
#2729 = DIRECTION ( 'NONE',  ( -0.000000000000000000, -0.000000000000000000, -1.000000000000000000 ) ) ;
#2730 = VERTEX_POINT ( 'NONE', #2932 ) ;
#2731 =( NAMED_UNIT ( * ) SI_UNIT ( $, .STERADIAN. ) SOLID_ANGLE_UNIT ( ) );
#2732 = CIRCLE ( 'NONE', #741, 3.024999999999999911 ) ;
#2733 = ORIENTED_EDGE ( 'NONE', *, *, #3253, .T. ) ;
#2734 = VECTOR ( 'NONE', #2849, 1000.000000000000000 ) ;
#2735 = CARTESIAN_POINT ( 'NONE',  ( -1.173556874675002968E-15, 0.000000000000000000, 6.600000000000000533 ) ) ;
#2736 = CARTESIAN_POINT ( 'NONE',  ( 24.00049140560457772, -2.000000000000000888, 2.199999999999997069 ) ) ;
#2737 = CIRCLE ( 'NONE', #1627, 3.425000000000010925 ) ;
#2738 = ORIENTED_EDGE ( 'NONE', *, *, #71, .F. ) ;
#2739 = DIRECTION ( 'NONE',  ( -0.000000000000000000, -0.000000000000000000, -1.000000000000000000 ) ) ;
#2740 = CARTESIAN_POINT ( 'NONE',  ( 3.948185437972727474, 4.400000000000000355, 5.200000000000000178 ) ) ;
#2741 = AXIS2_PLACEMENT_3D ( 'NONE', #2787, #1401, #2515 ) ;
#2742 = VECTOR ( 'NONE', #3436, 1000.000000000000000 ) ;
#2743 = ORIENTED_EDGE ( 'NONE', *, *, #2770, .T. ) ;
#2744 = CARTESIAN_POINT ( 'NONE',  ( 0.000000000000000000, 0.000000000000000000, -8.000000000000000000 ) ) ;
#2745 = DIRECTION ( 'NONE',  ( 2.977001517945642039E-43, 1.000000000000000000, -6.718616533275052138E-59 ) ) ;
#2746 = EDGE_CURVE ( 'NONE', #671, #199, #3247, .T. ) ;
#2747 = AXIS2_PLACEMENT_3D ( 'NONE', #714, #3484, #2408 ) ;
#2748 = EDGE_CURVE ( 'NONE', #1942, #996, #162, .T. ) ;
#2749 = AXIS2_PLACEMENT_3D ( 'NONE', #3586, #3259, #205 ) ;
#2750 = VERTEX_POINT ( 'NONE', #2164 ) ;
#2751 = CIRCLE ( 'NONE', #2990, 3.024999999999999911 ) ;
#2752 = EDGE_CURVE ( 'NONE', #3371, #1253, #748, .T. ) ;
#2753 = VECTOR ( 'NONE', #1250, 1000.000000000000000 ) ;
#2754 = VERTEX_POINT ( 'NONE', #3575 ) ;
#2755 = DIRECTION ( 'NONE',  ( -2.977001517945642039E-43, -1.000000000000000000, 0.000000000000000000 ) ) ;
#2756 = CARTESIAN_POINT ( 'NONE',  ( 0.000000000000000000, 0.000000000000000000, 5.200000000000000178 ) ) ;
#2757 = ORIENTED_EDGE ( 'NONE', *, *, #3441, .T. ) ;
#2758 = VERTEX_POINT ( 'NONE', #1330 ) ;
#2759 = FACE_OUTER_BOUND ( 'NONE', #1113, .T. ) ;
#2760 = CARTESIAN_POINT ( 'NONE',  ( 22.50049140560457417, -4.000000000000000888, -0.7000000000000000666 ) ) ;
#2761 = PLANE ( 'NONE',  #106 ) ;
#2762 = CARTESIAN_POINT ( 'NONE',  ( 52.14000000000000057, -4.000000000000005329, -8.000000000000000000 ) ) ;
#2763 = EDGE_LOOP ( 'NONE', ( #356, #1881, #2419, #3563 ) ) ;
#2764 = DIRECTION ( 'NONE',  ( 0.000000000000000000, 0.000000000000000000, 1.000000000000000000 ) ) ;
#2765 = CARTESIAN_POINT ( 'NONE',  ( 44.13355199762368386, 3.366335551992464481, 5.400000000000000355 ) ) ;
#2766 = ORIENTED_EDGE ( 'NONE', *, *, #2909, .F. ) ;
#2767 = DIRECTION ( 'NONE',  ( 1.000000000000000000, 0.000000000000000000, 0.000000000000000000 ) ) ;
#2768 = ORIENTED_EDGE ( 'NONE', *, *, #3058, .F. ) ;
#2769 = CIRCLE ( 'NONE', #422, 3.024999999999999911 ) ;
#2770 = EDGE_CURVE ( 'NONE', #3357, #3235, #394, .T. ) ;
#2771 = CARTESIAN_POINT ( 'NONE',  ( 3.958287489416092431, -4.000000000000007105, 4.509097487428283202 ) ) ;
#2772 = LINE ( 'NONE', #559, #2443 ) ;
#2773 = ORIENTED_EDGE ( 'NONE', *, *, #71, .T. ) ;
#2774 = ORIENTED_EDGE ( 'NONE', *, *, #2815, .F. ) ;
#2775 = CYLINDRICAL_SURFACE ( 'NONE', #3562, 5.499999999999976907 ) ;
#2776 = DIRECTION ( 'NONE',  ( 0.000000000000000000, 0.000000000000000000, 1.000000000000000000 ) ) ;
#2777 = CARTESIAN_POINT ( 'NONE',  ( 52.14000000000000057, -4.345920406328604417E-15, 6.599999999999999645 ) ) ;
#2778 = DIRECTION ( 'NONE',  ( 1.000000000000000000, 0.000000000000000000, -0.000000000000000000 ) ) ;
#2779 = ORIENTED_EDGE ( 'NONE', *, *, #370, .T. ) ;
#2780 = LINE ( 'NONE', #2544, #2627 ) ;
#2781 = DIRECTION ( 'NONE',  ( 0.000000000000000000, 0.000000000000000000, 1.000000000000000000 ) ) ;
#2782 = DIRECTION ( 'NONE',  ( 1.000000000000000000, 0.000000000000000000, -0.000000000000000000 ) ) ;
#2783 = ORIENTED_EDGE ( 'NONE', *, *, #1304, .F. ) ;
#2784 = CYLINDRICAL_SURFACE ( 'NONE', #2471, 4.000000000000003553 ) ;
#2785 = TOROIDAL_SURFACE ( 'NONE', #1216, 2.500000000000001776, 0.5000000000000000000 ) ;
#2786 = LINE ( 'NONE', #1139, #3623 ) ;
#2787 = CARTESIAN_POINT ( 'NONE',  ( 22.50049140560457417, -2.000000000000004441, -0.7000000000000000666 ) ) ;
#2788 = EDGE_CURVE ( 'NONE', #2750, #2587, #143, .T. ) ;
#2789 = EDGE_CURVE ( 'NONE', #1015, #2876, #3281, .T. ) ;
#2790 = VERTEX_POINT ( 'NONE', #3263 ) ;
#2791 = AXIS2_PLACEMENT_3D ( 'NONE', #3437, #2879, #2892 ) ;
#2792 = ORIENTED_EDGE ( 'NONE', *, *, #749, .F. ) ;
#2793 = AXIS2_PLACEMENT_3D ( 'NONE', #1656, #1380, #1958 ) ;
#2794 = DIRECTION ( 'NONE',  ( -1.000000000000000000, -0.000000000000000000, -0.000000000000000000 ) ) ;
#2795 = CARTESIAN_POINT ( 'NONE',  ( 7.958287489416090210, 5.667323904260573642, 7.500000000000000000 ) ) ;
#2796 = CARTESIAN_POINT ( 'NONE',  ( 46.00860221814055251, 4.062170784313706484, 5.200000000000000178 ) ) ;
#2797 = DIRECTION ( 'NONE',  ( -0.000000000000000000, -0.000000000000000000, -1.000000000000000000 ) ) ;
#2798 = EDGE_CURVE ( 'NONE', #2401, #2847, #3331, .T. ) ;
#2799 = EDGE_CURVE ( 'NONE', #2715, #3301, #2394, .T. ) ;
#2800 = AXIS2_PLACEMENT_3D ( 'NONE', #1557, #3521, #3583 ) ;
#2801 = EDGE_CURVE ( 'NONE', #1332, #964, #155, .T. ) ;
#2802 = ORIENTED_EDGE ( 'NONE', *, *, #3321, .T. ) ;
#2803 = AXIS2_PLACEMENT_3D ( 'NONE', #706, #3230, #126 ) ;
#2804 = CARTESIAN_POINT ( 'NONE',  ( 52.14000000000000057, -3.500000000000000888, -8.000000000000000000 ) ) ;
#2805 = DIRECTION ( 'NONE',  ( -0.04788906654444582967, 0.9988526604587394386, 0.000000000000000000 ) ) ;
#2806 = LINE ( 'NONE', #854, #238 ) ;
#2807 = AXIS2_PLACEMENT_3D ( 'NONE', #1604, #190, #2072 ) ;
#2808 = ORIENTED_EDGE ( 'NONE', *, *, #431, .F. ) ;
#2809 = CARTESIAN_POINT ( 'NONE',  ( 5.675969215946306434, 8.953692420740297919, 1.965653996825866612 ) ) ;
#2810 = AXIS2_PLACEMENT_3D ( 'NONE', #1125, #3313, #250 ) ;
#2811 = CARTESIAN_POINT ( 'NONE',  ( 55.55314122155692758, 2.085777313547375833, -7.500000000000000000 ) ) ;
#2812 = DIRECTION ( 'NONE',  ( -2.256840143605774710E-16, -0.000000000000000000, -1.000000000000000000 ) ) ;
#2813 = AXIS2_PLACEMENT_3D ( 'NONE', #871, #1988, #610 ) ;
#2814 = EDGE_LOOP ( 'NONE', ( #278, #2425, #915, #1058 ) ) ;
#2815 = EDGE_CURVE ( 'NONE', #471, #2700, #1577, .T. ) ;
#2816 = ORIENTED_EDGE ( 'NONE', *, *, #479, .F. ) ;
#2817 = CARTESIAN_POINT ( 'NONE',  ( -1.173556874675002968E-15, 0.000000000000000000, -5.200000000000001066 ) ) ;
#2818 = DIRECTION ( 'NONE',  ( 0.000000000000000000, 0.000000000000000000, 1.000000000000000000 ) ) ;
#2819 = DIRECTION ( 'NONE',  ( -1.000000000000000000, 1.224646799147352961E-16, 0.000000000000000000 ) ) ;
#2820 = FACE_BOUND ( 'NONE', #1452, .T. ) ;
#2821 = DIRECTION ( 'NONE',  ( 0.000000000000000000, -0.000000000000000000, 1.000000000000000000 ) ) ;
#2822 = EDGE_CURVE ( 'NONE', #824, #1961, #991, .T. ) ;
#2823 = ORIENTED_EDGE ( 'NONE', *, *, #3570, .F. ) ;
#2824 = DIRECTION ( 'NONE',  ( 0.000000000000000000, 0.000000000000000000, 1.000000000000000000 ) ) ;
#2825 = DIRECTION ( 'NONE',  ( -1.000000000000000000, 0.000000000000000000, 0.000000000000000000 ) ) ;
#2826 = CARTESIAN_POINT ( 'NONE',  ( 3.458287489416092431, 3.500000000000000000, 7.500000000000000000 ) ) ;
#2827 = EDGE_LOOP ( 'NONE', ( #172, #1141, #3587, #1647, #2368, #1870 ) ) ;
#2828 = CARTESIAN_POINT ( 'NONE',  ( 5.979391030878549174, 9.143845852873891289, 0.5732949477233925117 ) ) ;
#2829 = EDGE_CURVE ( 'NONE', #2139, #134, #1230, .T. ) ;
#2830 = LINE ( 'NONE', #79, #2683 ) ;
#2831 = LINE ( 'NONE', #2056, #271 ) ;
#2832 = VERTEX_POINT ( 'NONE', #1879 ) ;
#2833 = AXIS2_PLACEMENT_3D ( 'NONE', #3003, #3036, #483 ) ;
#2834 = ORIENTED_EDGE ( 'NONE', *, *, #3158, .T. ) ;
#2835 = CIRCLE ( 'NONE', #3198, 175.2599999999999625 ) ;
#2836 = CARTESIAN_POINT ( 'NONE',  ( 3.958287489416092431, 4.500000000000000888, 8.000000000000000000 ) ) ;
#2837 = DIRECTION ( 'NONE',  ( 0.000000000000000000, 0.000000000000000000, 1.000000000000000000 ) ) ;
#2838 = CARTESIAN_POINT ( 'NONE',  ( 3.948185437972715484, 4.400000000000001243, -4.517945522843342943 ) ) ;
#2839 = DIRECTION ( 'NONE',  ( -1.000000000000000000, 0.000000000000000000, -0.000000000000000000 ) ) ;
#2840 = CARTESIAN_POINT ( 'NONE',  ( 22.50049140560457417, -4.000000000000000888, 2.200000000000000622 ) ) ;
#2841 = ORIENTED_EDGE ( 'NONE', *, *, #2799, .T. ) ;
#2842 = CARTESIAN_POINT ( 'NONE',  ( 14.86954308122128232, 4.399999999999987033, 2.200000000000000178 ) ) ;
#2843 = CARTESIAN_POINT ( 'NONE',  ( 3.958287489416092431, 4.500000000000000888, 7.500000000000000000 ) ) ;
#2844 = LINE ( 'NONE', #1725, #3060 ) ;
#2845 = EDGE_CURVE ( 'NONE', #964, #1475, #3027, .T. ) ;
#2846 = EDGE_CURVE ( 'NONE', #3152, #3205, #1691, .T. ) ;
#2847 = VERTEX_POINT ( 'NONE', #405 ) ;
#2848 = FACE_OUTER_BOUND ( 'NONE', #2332, .T. ) ;
#2849 = DIRECTION ( 'NONE',  ( -1.000000000000000000, -0.000000000000000000, -0.000000000000000000 ) ) ;
#2850 = CARTESIAN_POINT ( 'NONE',  ( -1.474999999999999867, 1.806354028742346048E-16, 7.500000000000000000 ) ) ;
#2851 = ORIENTED_EDGE ( 'NONE', *, *, #2890, .T. ) ;
#2852 = VERTEX_POINT ( 'NONE', #176 ) ;
#2853 = DIRECTION ( 'NONE',  ( 1.000000000000000000, 0.000000000000000000, 0.000000000000000000 ) ) ;
#2854 = DIRECTION ( 'NONE',  ( 1.350228159821300363E-16, -1.000000000000000000, 0.000000000000000000 ) ) ;
#2855 = DIRECTION ( 'NONE',  ( 0.3479176161606249429, -0.9375251102584442053, 0.000000000000000000 ) ) ;
#2856 = DIRECTION ( 'NONE',  ( 0.000000000000000000, 0.000000000000000000, 1.000000000000000000 ) ) ;
#2857 = CIRCLE ( 'NONE', #922, 0.4999999999999991673 ) ;
#2858 = LINE ( 'NONE', #2009, #1372 ) ;
#2859 = AXIS2_PLACEMENT_3D ( 'NONE', #3558, #2146, #3295 ) ;
#2860 = ORIENTED_EDGE ( 'NONE', *, *, #1069, .T. ) ;
#2861 = DIRECTION ( 'NONE',  ( 0.9988526604587394386, 0.04788906654444408800, 0.000000000000000000 ) ) ;
#2862 = CARTESIAN_POINT ( 'NONE',  ( 0.000000000000000000, 4.000000000000000000, -8.000000000000000000 ) ) ;
#2863 = DIRECTION ( 'NONE',  ( 0.000000000000000000, 0.000000000000000000, 1.000000000000000000 ) ) ;
#2864 = AXIS2_PLACEMENT_3D ( 'NONE', #156, #978, #3302 ) ;
#2865 = ORIENTED_EDGE ( 'NONE', *, *, #889, .F. ) ;
#2866 = AXIS2_PLACEMENT_3D ( 'NONE', #367, #3453, #2078 ) ;
#2867 = EDGE_CURVE ( 'NONE', #767, #607, #2152, .T. ) ;
#2868 = ORIENTED_EDGE ( 'NONE', *, *, #2162, .T. ) ;
#2869 = AXIS2_PLACEMENT_3D ( 'NONE', #963, #2962, #433 ) ;
#2870 = ADVANCED_FACE ( 'NONE', ( #1607 ), #3399, .F. ) ;
#2871 = CIRCLE ( 'NONE', #3033, 177.2599999999999625 ) ;
#2872 = LINE ( 'NONE', #583, #2625 ) ;
#2873 = CARTESIAN_POINT ( 'NONE',  ( -1.173556874675002968E-15, 0.000000000000000000, -6.600000000000000533 ) ) ;
#2874 = UNCERTAINTY_MEASURE_WITH_UNIT (LENGTH_MEASURE( 1.000000000000000082E-05 ), #1225, 'distance_accuracy_value', 'NONE');
#2875 = ORIENTED_EDGE ( 'NONE', *, *, #1242, .F. ) ;
#2876 = VERTEX_POINT ( 'NONE', #823 ) ;
#2877 = CIRCLE ( 'NONE', #165, 1.500000000000001332 ) ;
#2878 = DIRECTION ( 'NONE',  ( 1.000000000000000000, 0.000000000000000000, 0.000000000000000000 ) ) ;
#2879 = DIRECTION ( 'NONE',  ( -0.9988526604587395497, -0.04788906654444345656, 0.000000000000000000 ) ) ;
#2880 = CARTESIAN_POINT ( 'NONE',  ( 3.024999999999998579, 0.000000000000000000, -6.600000000000000533 ) ) ;
#2881 = DIRECTION ( 'NONE',  ( 0.5214443283868437362, -0.8532853053892311967, 0.000000000000000000 ) ) ;
#2882 = DIRECTION ( 'NONE',  ( -0.7071067811865486830, 0.7071067811865464625, 0.000000000000000000 ) ) ;
#2883 = ORIENTED_EDGE ( 'NONE', *, *, #2120, .T. ) ;
#2884 = CYLINDRICAL_SURFACE ( 'NONE', #1841, 0.5000000000000004441 ) ;
#2885 = ORIENTED_EDGE ( 'NONE', *, *, #1099, .T. ) ;
#2886 = EDGE_LOOP ( 'NONE', ( #2779, #94, #1896, #3329 ) ) ;
#2887 = DIRECTION ( 'NONE',  ( 1.000000000000000000, 0.000000000000000000, 0.000000000000000000 ) ) ;
#2888 = DIRECTION ( 'NONE',  ( 1.000000000000000000, 0.000000000000000000, 0.000000000000000000 ) ) ;
#2889 = ORIENTED_EDGE ( 'NONE', *, *, #1339, .F. ) ;
#2890 = EDGE_CURVE ( 'NONE', #2511, #2108, #504, .T. ) ;
#2891 = ORIENTED_EDGE ( 'NONE', *, *, #3294, .T. ) ;
#2892 = DIRECTION ( 'NONE',  ( 0.04788906654444333860, -0.9988526604587394386, 0.000000000000000000 ) ) ;
#2893 = DIRECTION ( 'NONE',  ( 0.000000000000000000, -1.000000000000000000, 0.000000000000000000 ) ) ;
#2894 = CARTESIAN_POINT ( 'NONE',  ( 52.14000000000000057, -4.345920406328604417E-15, 6.599999999999999645 ) ) ;
#2895 = AXIS2_PLACEMENT_3D ( 'NONE', #3621, #2549, #582 ) ;
#2896 = DIRECTION ( 'NONE',  ( 1.000000000000000000, 0.000000000000000000, 0.000000000000000000 ) ) ;
#2897 = AXIS2_PLACEMENT_3D ( 'NONE', #2067, #1271, #3177 ) ;
#2898 = ORIENTED_EDGE ( 'NONE', *, *, #291, .T. ) ;
#2899 = ORIENTED_EDGE ( 'NONE', *, *, #2435, .F. ) ;
#2900 = DIRECTION ( 'NONE',  ( -0.000000000000000000, -0.000000000000000000, 1.000000000000000000 ) ) ;
#2901 = AXIS2_PLACEMENT_3D ( 'NONE', #196, #2202, #1662 ) ;
#2902 = EDGE_LOOP ( 'NONE', ( #2728, #2073, #1866, #1555 ) ) ;
#2903 = ORIENTED_EDGE ( 'NONE', *, *, #1912, .F. ) ;
#2904 = DIRECTION ( 'NONE',  ( -1.000000000000000000, 0.000000000000000000, 0.000000000000000000 ) ) ;
#2905 = DIRECTION ( 'NONE',  ( -0.000000000000000000, -0.000000000000000000, 1.000000000000000000 ) ) ;
#2906 = ORIENTED_EDGE ( 'NONE', *, *, #3385, .T. ) ;
#2907 = ORIENTED_EDGE ( 'NONE', *, *, #2054, .F. ) ;
#2908 = CARTESIAN_POINT ( 'NONE',  ( 52.14000000000000057, -4.345920406328604417E-15, 5.600000000000014744 ) ) ;
#2909 = EDGE_CURVE ( 'NONE', #253, #3152, #2772, .T. ) ;
#2910 = DIRECTION ( 'NONE',  ( 0.000000000000000000, 1.000000000000000000, -0.000000000000000000 ) ) ;
#2911 = DIRECTION ( 'NONE',  ( 1.000000000000000000, 0.000000000000000000, 0.000000000000000000 ) ) ;
#2912 = ADVANCED_FACE ( 'NONE', ( #1348 ), #1066, .T. ) ;
#2913 = CYLINDRICAL_SURFACE ( 'NONE', #3055, 0.5000000000000027756 ) ;
#2914 = VERTEX_POINT ( 'NONE', #2193 ) ;
#2915 = AXIS2_PLACEMENT_3D ( 'NONE', #589, #1425, #3047 ) ;
#2916 = VERTEX_POINT ( 'NONE', #1694 ) ;
#2917 = ADVANCED_FACE ( 'NONE', ( #2174 ), #3043, .F. ) ;
#2918 = FACE_OUTER_BOUND ( 'NONE', #17, .T. ) ;
#2919 = AXIS2_PLACEMENT_3D ( 'NONE', #161, #1329, #3229 ) ;
#2920 = ORIENTED_EDGE ( 'NONE', *, *, #1720, .T. ) ;
#2921 = EDGE_CURVE ( 'NONE', #2955, #1430, #565, .T. ) ;
#2922 = AXIS2_PLACEMENT_3D ( 'NONE', #2187, #2926, #399 ) ;
#2923 = DIRECTION ( 'NONE',  ( 1.000000000000000000, -0.000000000000000000, 0.000000000000000000 ) ) ;
#2924 = ORIENTED_EDGE ( 'NONE', *, *, #1673, .F. ) ;
#2925 = VECTOR ( 'NONE', #2414, 1000.000000000000114 ) ;
#2926 = DIRECTION ( 'NONE',  ( -0.000000000000000000, -0.000000000000000000, -1.000000000000000000 ) ) ;
#2927 = CARTESIAN_POINT ( 'NONE',  ( 16.50000000000000355, -2.000000000000005329, -2.200000000000000178 ) ) ;
#2928 = AXIS2_PLACEMENT_3D ( 'NONE', #597, #2508, #275 ) ;
#2929 = ORIENTED_EDGE ( 'NONE', *, *, #3468, .T. ) ;
#2930 = VECTOR ( 'NONE', #2565, 1000.000000000000114 ) ;
#2931 = CARTESIAN_POINT ( 'NONE',  ( 0.000000000000000000, 4.000000000000000000, -7.500000000000000000 ) ) ;
#2932 = CARTESIAN_POINT ( 'NONE',  ( 22.50049140560457417, -2.000000000000004441, 2.200000000000000178 ) ) ;
#2933 = FACE_OUTER_BOUND ( 'NONE', #2132, .T. ) ;
#2934 = DIRECTION ( 'NONE',  ( 0.000000000000000000, 0.000000000000000000, 1.000000000000000000 ) ) ;
#2935 = VECTOR ( 'NONE', #268, 1000.000000000000000 ) ;
#2936 = ORIENTED_EDGE ( 'NONE', *, *, #572, .T. ) ;
#2937 = ORIENTED_EDGE ( 'NONE', *, *, #2502, .T. ) ;
#2938 = CARTESIAN_POINT ( 'NONE',  ( 3.958287489416092431, 5.667323904260572753, -8.000000000000000000 ) ) ;
#2939 = CIRCLE ( 'NONE', #2645, 0.5000000000000018874 ) ;
#2940 = EDGE_CURVE ( 'NONE', #199, #3605, #2234, .T. ) ;
#2941 = ORIENTED_EDGE ( 'NONE', *, *, #2789, .T. ) ;
#2942 = DIRECTION ( 'NONE',  ( 1.000000000000000000, 0.000000000000000000, 0.000000000000000000 ) ) ;
#2943 = EDGE_LOOP ( 'NONE', ( #151, #936, #780, #902, #959, #1790, #68, #1027, #25, #1373, #2171 ) ) ;
#2944 = DIRECTION ( 'NONE',  ( 0.000000000000000000, 1.000000000000000000, 0.000000000000000000 ) ) ;
#2945 = CYLINDRICAL_SURFACE ( 'NONE', #2635, 0.9749999999999999778 ) ;
#2946 = ORIENTED_EDGE ( 'NONE', *, *, #2011, .F. ) ;
#2947 = DIRECTION ( 'NONE',  ( 0.000000000000000000, 0.000000000000000000, 1.000000000000000000 ) ) ;
#2948 = CARTESIAN_POINT ( 'NONE',  ( 13.50000000000000355, -2.000000000000005329, -3.700000000000002842 ) ) ;
#2949 = CARTESIAN_POINT ( 'NONE',  ( 0.000000000000000000, 4.000000000000000000, -8.000000000000000000 ) ) ;
#2950 = LINE ( 'NONE', #669, #1779 ) ;
#2951 = VERTEX_POINT ( 'NONE', #3590 ) ;
#2952 = AXIS2_PLACEMENT_3D ( 'NONE', #2209, #2745, #221 ) ;
#2953 = CARTESIAN_POINT ( 'NONE',  ( 52.14000000000000057, -4.345920406328604417E-15, -8.000000000000000000 ) ) ;
#2954 = CARTESIAN_POINT ( 'NONE',  ( 3.458287489416092431, 4.000000000000000000, 5.200000000000000178 ) ) ;
#2955 = VERTEX_POINT ( 'NONE', #771 ) ;
#2956 = CARTESIAN_POINT ( 'NONE',  ( 43.91061364692284030, 9.715569391309669456, -2.200000000000000178 ) ) ;
#2957 = EDGE_CURVE ( 'NONE', #1783, #1755, #2494, .T. ) ;
#2958 = EDGE_CURVE ( 'NONE', #3646, #745, #1639, .T. ) ;
#2959 = VERTEX_POINT ( 'NONE', #3327 ) ;
#2960 = FILL_AREA_STYLE ('',( #1343 ) ) ;
#2961 = DIRECTION ( 'NONE',  ( 1.000000000000000000, -0.000000000000000000, -0.000000000000000000 ) ) ;
#2962 = DIRECTION ( 'NONE',  ( -0.000000000000000000, -0.000000000000000000, -1.000000000000000000 ) ) ;
#2963 = EDGE_LOOP ( 'NONE', ( #2563, #953, #943, #1839 ) ) ;
#2964 = DIRECTION ( 'NONE',  ( 0.000000000000000000, -1.000000000000000000, 0.000000000000000000 ) ) ;
#2965 = CARTESIAN_POINT ( 'NONE',  ( 49.11500000000000199, -3.975464749586530436E-15, -6.599999999999999645 ) ) ;
#2966 = CARTESIAN_POINT ( 'NONE',  ( 52.14000000000000057, -4.345920406328604417E-15, 5.200000000000000178 ) ) ;
#2967 = CARTESIAN_POINT ( 'NONE',  ( 2.500681100491073166E-42, 4.400000000000000355, 5.233300849860817998E-34 ) ) ;
#2968 = ORIENTED_EDGE ( 'NONE', *, *, #3294, .F. ) ;
#2969 = ORIENTED_EDGE ( 'NONE', *, *, #638, .T. ) ;
#2970 = CARTESIAN_POINT ( 'NONE',  ( 4.458287489416092875, 4.500000000000000888, -7.500000000000000000 ) ) ;
#2971 = VERTEX_POINT ( 'NONE', #1903 ) ;
#2972 = CARTESIAN_POINT ( 'NONE',  ( 55.12649856886230992, 1.825055149353951744, -8.000000000000000000 ) ) ;
#2973 = VECTOR ( 'NONE', #1644, 1000.000000000000000 ) ;
#2974 = VERTEX_POINT ( 'NONE', #3025 ) ;
#2975 = EDGE_CURVE ( 'NONE', #3022, #2230, #1101, .T. ) ;
#2976 = CIRCLE ( 'NONE', #1514, 0.9749999999999967581 ) ;
#2977 = CYLINDRICAL_SURFACE ( 'NONE', #2807, 0.9749999999999967581 ) ;
#2978 = ORIENTED_EDGE ( 'NONE', *, *, #2646, .T. ) ;
#2979 = CIRCLE ( 'NONE', #557, 3.425000000000011369 ) ;
#2980 = EDGE_CURVE ( 'NONE', #2971, #2959, #3157, .T. ) ;
#2981 = VECTOR ( 'NONE', #890, 1000.000000000000000 ) ;
#2982 = CARTESIAN_POINT ( 'NONE',  ( 3.954868973806354493, 4.432742504939980677, -4.512104850635340725 ) ) ;
#2983 = DIRECTION ( 'NONE',  ( -0.000000000000000000, -0.000000000000000000, 1.000000000000000000 ) ) ;
#2984 = DIRECTION ( 'NONE',  ( -0.000000000000000000, -0.000000000000000000, -1.000000000000000000 ) ) ;
#2985 = VERTEX_POINT ( 'NONE', #2533 ) ;
#2986 = CARTESIAN_POINT ( 'NONE',  ( 50.66499999999999915, -4.165285003454370232E-15, 7.500000000000000000 ) ) ;
#2987 = FACE_OUTER_BOUND ( 'NONE', #2696, .T. ) ;
#2988 = EDGE_CURVE ( 'NONE', #3250, #3503, #1973, .T. ) ;
#2989 = ORIENTED_EDGE ( 'NONE', *, *, #1008, .F. ) ;
#2990 = AXIS2_PLACEMENT_3D ( 'NONE', #2894, #2559, #2007 ) ;
#2991 = CARTESIAN_POINT ( 'NONE',  ( 3.958287489416092431, 4.000000000000000000, -7.500000000000000000 ) ) ;
#2992 = VERTEX_POINT ( 'NONE', #1085 ) ;
#2993 = CARTESIAN_POINT ( 'NONE',  ( 46.00860221814055251, 4.062170784313704708, 5.200000000000000178 ) ) ;
#2994 = ORIENTED_EDGE ( 'NONE', *, *, #2137, .F. ) ;
#2995 = DIRECTION ( 'NONE',  ( -1.000000000000000000, 0.000000000000000000, 0.000000000000000000 ) ) ;
#2996 = DIRECTION ( 'NONE',  ( -0.000000000000000000, -0.000000000000000000, -1.000000000000000000 ) ) ;
#2997 = ADVANCED_FACE ( 'NONE', ( #524 ), #1657, .F. ) ;
#2998 = EDGE_CURVE ( 'NONE', #3070, #767, #1462, .T. ) ;
#2999 = ORIENTED_EDGE ( 'NONE', *, *, #3507, .F. ) ;
#3000 = VERTEX_POINT ( 'NONE', #3350 ) ;
#3001 = LINE ( 'NONE', #2713, #3603 ) ;
#3002 = EDGE_LOOP ( 'NONE', ( #2179, #1070, #1122, #580 ) ) ;
#3003 = CARTESIAN_POINT ( 'NONE',  ( 49.28994010404510817, 5.279882440875892868, 5.200000000000000178 ) ) ;
#3004 = CIRCLE ( 'NONE', #2068, 4.000000000000003553 ) ;
#3005 = ORIENTED_EDGE ( 'NONE', *, *, #1301, .T. ) ;
#3006 = VERTEX_POINT ( 'NONE', #1941 ) ;
#3007 = LINE ( 'NONE', #1620, #685 ) ;
#3008 = DIRECTION ( 'NONE',  ( 2.977001517945642039E-43, 1.000000000000000000, -6.718616533275052138E-59 ) ) ;
#3009 = EDGE_CURVE ( 'NONE', #1517, #718, #3062, .T. ) ;
#3010 = EDGE_LOOP ( 'NONE', ( #3005, #740 ) ) ;
#3011 = EDGE_CURVE ( 'NONE', #3204, #1423, #1233, .T. ) ;
#3012 = CARTESIAN_POINT ( 'NONE',  ( 0.000000000000000000, 0.000000000000000000, 7.500000000000000000 ) ) ;
#3013 = PLANE ( 'NONE',  #538 ) ;
#3014 = ADVANCED_FACE ( 'NONE', ( #3411 ), #2037, .F. ) ;
#3015 = EDGE_CURVE ( 'NONE', #2677, #2671, #2831, .T. ) ;
#3016 = ORIENTED_EDGE ( 'NONE', *, *, #637, .T. ) ;
#3017 = LINE ( 'NONE', #2684, #3328 ) ;
#3018 = FACE_OUTER_BOUND ( 'NONE', #2490, .T. ) ;
#3019 = EDGE_CURVE ( 'NONE', #235, #555, #332, .T. ) ;
#3020 = VERTEX_POINT ( 'NONE', #320 ) ;
#3021 = AXIS2_PLACEMENT_3D ( 'NONE', #1861, #2947, #982 ) ;
#3022 = VERTEX_POINT ( 'NONE', #884 ) ;
#3023 = VECTOR ( 'NONE', #783, 1000.000000000000000 ) ;
#3024 = CARTESIAN_POINT ( 'NONE',  ( 16.50000000000000355, -4.000000000000000888, -3.700000000000001066 ) ) ;
#3025 = CARTESIAN_POINT ( 'NONE',  ( 5.582114294781146846, 4.400000000000001243, 2.200000000000000178 ) ) ;
#3026 = ORIENTED_EDGE ( 'NONE', *, *, #3462, .T. ) ;
#3027 = CIRCLE ( 'NONE', #1337, 5.499999999999976907 ) ;
#3028 = EDGE_LOOP ( 'NONE', ( #782, #1272, #928, #468 ) ) ;
#3029 = DIRECTION ( 'NONE',  ( 0.04788906654444425454, -0.9988526604587394386, 0.000000000000000000 ) ) ;
#3030 = FACE_OUTER_BOUND ( 'NONE', #2236, .T. ) ;
#3031 = DIRECTION ( 'NONE',  ( 1.000000000000000000, 0.000000000000000000, 0.000000000000000000 ) ) ;
#3032 = PLANE ( 'NONE',  #2478 ) ;
#3033 = AXIS2_PLACEMENT_3D ( 'NONE', #588, #2042, #1714 ) ;
#3034 = ORIENTED_EDGE ( 'NONE', *, *, #2185, .F. ) ;
#3035 = DIRECTION ( 'NONE',  ( -0.9988526604587394386, -0.04788906654444583660, 0.000000000000000000 ) ) ;
#3036 = DIRECTION ( 'NONE',  ( 0.000000000000000000, 0.000000000000000000, -1.000000000000000000 ) ) ;
#3037 = EDGE_CURVE ( 'NONE', #1232, #42, #862, .T. ) ;
#3038 = ORIENTED_EDGE ( 'NONE', *, *, #2373, .F. ) ;
#3039 = COLOUR_RGB ( '',0.7921568627450980005, 0.8196078431372548767, 0.9333333333333333481 ) ;
#3040 = DIRECTION ( 'NONE',  ( 0.000000000000000000, 0.000000000000000000, -1.000000000000000000 ) ) ;
#3041 = ORIENTED_EDGE ( 'NONE', *, *, #2845, .T. ) ;
#3042 = DIRECTION ( 'NONE',  ( 1.000000000000000000, 0.000000000000000000, 0.000000000000000000 ) ) ;
#3043 = PLANE ( 'NONE',  #2630 ) ;
#3044 = EDGE_CURVE ( 'NONE', #1780, #2914, #2577, .T. ) ;
#3045 = ORIENTED_EDGE ( 'NONE', *, *, #2523, .T. ) ;
#3046 = VERTEX_POINT ( 'NONE', #1478 ) ;
#3047 = DIRECTION ( 'NONE',  ( -1.000000000000000000, 0.000000000000000000, 0.000000000000000000 ) ) ;
#3048 = CARTESIAN_POINT ( 'NONE',  ( 5.990966647556756897, 4.609472777831395085, -0.3791037922190120812 ) ) ;
#3049 = DIRECTION ( 'NONE',  ( 0.000000000000000000, 0.000000000000000000, 1.000000000000000000 ) ) ;
#3050 = CYLINDRICAL_SURFACE ( 'NONE', #2901, 4.000000000000003553 ) ;
#3051 = ORIENTED_EDGE ( 'NONE', *, *, #3169, .F. ) ;
#3052 = DIRECTION ( 'NONE',  ( 0.8532853053892324180, 0.5214443283868416268, 0.000000000000000000 ) ) ;
#3053 = CYLINDRICAL_SURFACE ( 'NONE', #2928, 3.999999999999998224 ) ;
#3054 = CARTESIAN_POINT ( 'NONE',  ( 24.00049140560457772, -2.000000000000000888, 0.7000000000000000666 ) ) ;
#3055 = AXIS2_PLACEMENT_3D ( 'NONE', #986, #2080, #1831 ) ;
#3056 = VERTEX_POINT ( 'NONE', #3102 ) ;
#3057 = ADVANCED_FACE ( 'NONE', ( #2000 ), #2279, .F. ) ;
#3058 = EDGE_CURVE ( 'NONE', #1783, #3305, #573, .T. ) ;
#3059 = CARTESIAN_POINT ( 'NONE',  ( 4.118099796051670758, 6.795127944688271526, 4.364043493434722976 ) ) ;
#3060 = VECTOR ( 'NONE', #598, 1000.000000000000000 ) ;
#3061 = CARTESIAN_POINT ( 'NONE',  ( 0.000000000000000000, 0.000000000000000000, -7.500000000000000000 ) ) ;
#3062 = LINE ( 'NONE', #542, #2510 ) ;
#3063 = AXIS2_PLACEMENT_3D ( 'NONE', #1739, #329, #2821 ) ;
#3064 = ORIENTED_EDGE ( 'NONE', *, *, #97, .F. ) ;
#3065 = ORIENTED_EDGE ( 'NONE', *, *, #1023, .F. ) ;
#3066 = CARTESIAN_POINT ( 'NONE',  ( 56.14000000000000057, -4.345920406328604417E-15, -8.000000000000000000 ) ) ;
#3067 = FACE_OUTER_BOUND ( 'NONE', #2661, .T. ) ;
#3068 = DIRECTION ( 'NONE',  ( 0.000000000000000000, 0.000000000000000000, 1.000000000000000000 ) ) ;
#3069 = LINE ( 'NONE', #1428, #2016 ) ;
#3070 = VERTEX_POINT ( 'NONE', #660 ) ;
#3071 = CYLINDRICAL_SURFACE ( 'NONE', #1039, 0.5000000000000004441 ) ;
#3072 = CARTESIAN_POINT ( 'NONE',  ( -1.173556874675002968E-15, 0.000000000000000000, 5.200000000000000178 ) ) ;
#3073 = DIRECTION ( 'NONE',  ( 0.000000000000000000, 0.000000000000000000, 1.000000000000000000 ) ) ;
#3074 = ORIENTED_EDGE ( 'NONE', *, *, #3508, .F. ) ;
#3075 = DIRECTION ( 'NONE',  ( 1.000000000000000000, 0.000000000000000000, 0.000000000000000000 ) ) ;
#3076 = EDGE_CURVE ( 'NONE', #607, #3371, #3121, .T. ) ;
#3077 = ADVANCED_FACE ( 'NONE', ( #605 ), #2021, .T. ) ;
#3078 = DIRECTION ( 'NONE',  ( 0.000000000000000000, -1.000000000000000000, 0.000000000000000000 ) ) ;
#3079 = CARTESIAN_POINT ( 'NONE',  ( 52.14000000000000057, -4.345920406328604417E-15, 7.500000000000000000 ) ) ;
#3080 = ORIENTED_EDGE ( 'NONE', *, *, #360, .F. ) ;
#3081 = CIRCLE ( 'NONE', #2859, 0.5000000000000004441 ) ;
#3082 = EDGE_CURVE ( 'NONE', #28, #1020, #2632, .T. ) ;
#3083 = ORIENTED_EDGE ( 'NONE', *, *, #2846, .T. ) ;
#3084 = AXIS2_PLACEMENT_3D ( 'NONE', #676, #122, #3224 ) ;
#3085 = CARTESIAN_POINT ( 'NONE',  ( 0.000000000000000000, 0.000000000000000000, 7.500000000000000000 ) ) ;
#3086 = DIRECTION ( 'NONE',  ( -0.000000000000000000, -0.000000000000000000, -1.000000000000000000 ) ) ;
#3087 = DIRECTION ( 'NONE',  ( -0.000000000000000000, -0.000000000000000000, -1.000000000000000000 ) ) ;
#3088 = LINE ( 'NONE', #1353, #2516 ) ;
#3089 = CARTESIAN_POINT ( 'NONE',  ( 16.50000000000000000, -5.566772252322746972, 3.700000000000000178 ) ) ;
#3090 = AXIS2_PLACEMENT_3D ( 'NONE', #3369, #3606, #843 ) ;
#3091 = EDGE_LOOP ( 'NONE', ( #2165, #2189, #2875, #1832 ) ) ;
#3092 = CIRCLE ( 'NONE', #208, 0.5000000000000004441 ) ;
#3093 = DIRECTION ( 'NONE',  ( 0.000000000000000000, 0.000000000000000000, 1.000000000000000000 ) ) ;
#3094 = CARTESIAN_POINT ( 'NONE',  ( 0.000000000000000000, 4.400000000000001243, 0.000000000000000000 ) ) ;
#3095 = CARTESIAN_POINT ( 'NONE',  ( 52.14000000000000057, -4.345920406328604417E-15, -8.000000000000000000 ) ) ;
#3096 = TOROIDAL_SURFACE ( 'NONE', #41, 3.500000000000000888, 0.5000000000000000000 ) ;
#3097 = VERTEX_POINT ( 'NONE', #105 ) ;
#3098 = DIRECTION ( 'NONE',  ( 1.000000000000000000, 0.000000000000000000, 0.000000000000000000 ) ) ;
#3099 = CIRCLE ( 'NONE', #2575, 0.5000000000000000000 ) ;
#3100 = CIRCLE ( 'NONE', #759, 3.500000000000003109 ) ;
#3101 = DIRECTION ( 'NONE',  ( 0.000000000000000000, 1.000000000000000000, -0.000000000000000000 ) ) ;
#3102 = CARTESIAN_POINT ( 'NONE',  ( 7.582114294781145070, 2.921585889185340790, -5.200000000000000178 ) ) ;
#3103 = TOROIDAL_SURFACE ( 'NONE', #1537, 1.474999999999999423, 0.5000000000000000000 ) ;
#3104 = ORIENTED_EDGE ( 'NONE', *, *, #1304, .T. ) ;
#3105 = ORIENTED_EDGE ( 'NONE', *, *, #3137, .F. ) ;
#3106 = CARTESIAN_POINT ( 'NONE',  ( 49.00049140560457772, -2.000000000000000888, 2.200000000000000178 ) ) ;
#3107 = CARTESIAN_POINT ( 'NONE',  ( 48.71499999999998920, -3.926478877620635430E-15, -5.200000000000000178 ) ) ;
#3108 = EDGE_CURVE ( 'NONE', #3070, #2290, #102, .T. ) ;
#3109 = DIRECTION ( 'NONE',  ( 1.224646799147353207E-16, 1.000000000000000000, -0.000000000000000000 ) ) ;
#3110 = DIRECTION ( 'NONE',  ( -0.000000000000000000, -0.000000000000000000, 1.000000000000000000 ) ) ;
#3111 = EDGE_CURVE ( 'NONE', #2750, #3646, #2340, .T. ) ;
#3112 = FACE_OUTER_BOUND ( 'NONE', #57, .T. ) ;
#3113 = ORIENTED_EDGE ( 'NONE', *, *, #74, .T. ) ;
#3114 = DIRECTION ( 'NONE',  ( -0.000000000000000000, -0.000000000000000000, 1.000000000000000000 ) ) ;
#3115 = FACE_BOUND ( 'NONE', #973, .T. ) ;
#3116 = CARTESIAN_POINT ( 'NONE',  ( 50.19505479143043658, 9.894811172309569969, -7.500000000000000000 ) ) ;
#3117 = ORIENTED_EDGE ( 'NONE', *, *, #1212, .F. ) ;
#3118 = CARTESIAN_POINT ( 'NONE',  ( 5.408281379604705563, 8.749958986398608474, -2.601735224668043411 ) ) ;
#3119 = EDGE_CURVE ( 'NONE', #2832, #2108, #37, .T. ) ;
#3120 = PLANE ( 'NONE',  #3272 ) ;
#3121 = LINE ( 'NONE', #2612, #396 ) ;
#3122 = ORIENTED_EDGE ( 'NONE', *, *, #562, .F. ) ;
#3123 = ORIENTED_EDGE ( 'NONE', *, *, #889, .T. ) ;
#3124 = AXIS2_PLACEMENT_3D ( 'NONE', #75, #2063, #2345 ) ;
#3125 = FACE_OUTER_BOUND ( 'NONE', #1437, .T. ) ;
#3126 = CARTESIAN_POINT ( 'NONE',  ( 46.12501084212602365, -2.000000000000001332, -5.400000000000000355 ) ) ;
#3127 = CARTESIAN_POINT ( 'NONE',  ( 3.958287489416092431, 4.500000000000000888, -5.200000000000000178 ) ) ;
#3128 = LINE ( 'NONE', #570, #3474 ) ;
#3129 = CARTESIAN_POINT ( 'NONE',  ( 48.60049140560456493, -4.000000000000000000, 5.200000000000000178 ) ) ;
#3130 = EDGE_CURVE ( 'NONE', #1536, #3166, #2299, .T. ) ;
#3131 = EDGE_CURVE ( 'NONE', #964, #653, #65, .T. ) ;
#3132 = ORIENTED_EDGE ( 'NONE', *, *, #2466, .T. ) ;
#3133 = DIRECTION ( 'NONE',  ( -0.000000000000000000, -0.000000000000000000, -1.000000000000000000 ) ) ;
#3134 = FACE_OUTER_BOUND ( 'NONE', #1149, .T. ) ;
#3135 = FACE_OUTER_BOUND ( 'NONE', #1396, .T. ) ;
#3136 = EDGE_CURVE ( 'NONE', #3622, #2320, #2400, .T. ) ;
#3137 = EDGE_CURVE ( 'NONE', #2091, #1232, #358, .T. ) ;
#3138 = VERTEX_POINT ( 'NONE', #1787 ) ;
#3139 = CARTESIAN_POINT ( 'NONE',  ( 5.156500263819460805, 8.523764408816877136, -3.070267640173713897 ) ) ;
#3140 = ORIENTED_EDGE ( 'NONE', *, *, #1990, .F. ) ;
#3141 = DIRECTION ( 'NONE',  ( 0.000000000000000000, 0.000000000000000000, 1.000000000000000000 ) ) ;
#3142 = CARTESIAN_POINT ( 'NONE',  ( -3.025000000000001243, 0.000000000000000000, 6.600000000000000533 ) ) ;
#3143 = VERTEX_POINT ( 'NONE', #2411 ) ;
#3144 = ORIENTED_EDGE ( 'NONE', *, *, #2480, .T. ) ;
#3145 = CARTESIAN_POINT ( 'NONE',  ( 7.958287489416090210, 5.667323904260573642, -7.500000000000000000 ) ) ;
#3146 = CARTESIAN_POINT ( 'NONE',  ( 0.000000000000000000, 0.000000000000000000, 7.500000000000000000 ) ) ;
#3147 = DIRECTION ( 'NONE',  ( 0.000000000000000000, 0.000000000000000000, 1.000000000000000000 ) ) ;
#3148 = DIRECTION ( 'NONE',  ( -1.000000000000000000, 1.224646799147349509E-16, 0.000000000000000000 ) ) ;
#3149 = VECTOR ( 'NONE', #2818, 1000.000000000000000 ) ;
#3150 = CYLINDRICAL_SURFACE ( 'NONE', #903, 0.5000000000000000000 ) ;
#3151 = AXIS2_PLACEMENT_3D ( 'NONE', #3542, #1050, #3246 ) ;
#3152 = VERTEX_POINT ( 'NONE', #470 ) ;
#3153 = VECTOR ( 'NONE', #2415, 1000.000000000000114 ) ;
#3154 = DIRECTION ( 'NONE',  ( -0.000000000000000000, -0.000000000000000000, 1.000000000000000000 ) ) ;
#3155 = VECTOR ( 'NONE', #1915, 1000.000000000000000 ) ;
#3156 = VERTEX_POINT ( 'NONE', #2927 ) ;
#3157 = CIRCLE ( 'NONE', #3090, 3.000000000000002665 ) ;
#3158 = EDGE_CURVE ( 'NONE', #996, #2066, #3488, .T. ) ;
#3159 = CIRCLE ( 'NONE', #3573, 3.999999999999998224 ) ;
#3160 = AXIS2_PLACEMENT_3D ( 'NONE', #3085, #30, #1207 ) ;
#3161 = DIRECTION ( 'NONE',  ( -0.000000000000000000, -0.000000000000000000, 1.000000000000000000 ) ) ;
#3162 = CARTESIAN_POINT ( 'NONE',  ( 52.14000000000000057, -4.345920406328604417E-15, 5.200000000000000178 ) ) ;
#3163 = UNCERTAINTY_MEASURE_WITH_UNIT (LENGTH_MEASURE( 1.000000000000000082E-05 ), #1046, 'distance_accuracy_value', 'NONE');
#3164 = VECTOR ( 'NONE', #2923, 1000.000000000000000 ) ;
#3165 = CIRCLE ( 'NONE', #3233, 0.5000000000000004441 ) ;
#3166 = VERTEX_POINT ( 'NONE', #2704 ) ;
#3167 = EDGE_LOOP ( 'NONE', ( #2808, #1325, #1269, #76 ) ) ;
#3168 = AXIS2_PLACEMENT_3D ( 'NONE', #1738, #2856, #591 ) ;
#3169 = EDGE_CURVE ( 'NONE', #1479, #1623, #1166, .T. ) ;
#3170 = DIRECTION ( 'NONE',  ( 1.000000000000000000, 0.000000000000000000, 0.000000000000000000 ) ) ;
#3171 = CARTESIAN_POINT ( 'NONE',  ( 0.000000000000000000, 0.000000000000000000, -5.200000000000001066 ) ) ;
#3172 = LINE ( 'NONE', #950, #3628 ) ;
#3173 = CARTESIAN_POINT ( 'NONE',  ( 7.766731223238317661, 9.662734546095530064, 7.500000000000000000 ) ) ;
#3174 = CARTESIAN_POINT ( 'NONE',  ( 52.14000000000000057, -4.345920406328604417E-15, -6.599999999999999645 ) ) ;
#3175 = ORIENTED_EDGE ( 'NONE', *, *, #2574, .T. ) ;
#3176 = ORIENTED_EDGE ( 'NONE', *, *, #865, .T. ) ;
#3177 = DIRECTION ( 'NONE',  ( 1.000000000000000000, 0.000000000000000000, 0.000000000000000000 ) ) ;
#3178 = EDGE_LOOP ( 'NONE', ( #1618, #1206, #645, #3630, #3627 ) ) ;
#3179 = EDGE_LOOP ( 'NONE', ( #1820, #1277, #339, #3277 ) ) ;
#3180 = ADVANCED_FACE ( 'NONE', ( #2356 ), #1014, .T. ) ;
#3181 = EDGE_CURVE ( 'NONE', #3000, #3541, #3092, .T. ) ;
#3182 = DIRECTION ( 'NONE',  ( -1.000000000000000000, -1.350228159821300116E-16, 0.000000000000000000 ) ) ;
#3183 = CARTESIAN_POINT ( 'NONE',  ( 55.55314122155692758, 2.085777313547375833, -8.000000000000000000 ) ) ;
#3184 = ORIENTED_EDGE ( 'NONE', *, *, #1526, .T. ) ;
#3185 = CIRCLE ( 'NONE', #1126, 1.500000000000000000 ) ;
#3186 = VECTOR ( 'NONE', #3618, 1000.000000000000000 ) ;
#3187 = EDGE_CURVE ( 'NONE', #2671, #2955, #2719, .T. ) ;
#3188 = B_SPLINE_CURVE_WITH_KNOTS ( 'NONE', 3,
 ( #1398, #1690, #1937, #1919, #3059, #3365, #3383, #2231, #539, #1709, #840, #858, #1668, #2531, #2809, #3, #1974, #2828, #299, #1438, #1156, #601, #2275, #882, #1998, #3118, #2296, #2018, #3139, #3429, #1181, #901, #3344, #1080, #1666, #818, #497, #797 ),
 .UNSPECIFIED., .F., .F.,
 ( 4, 2, 2, 2, 2, 2, 2, 2, 2, 2, 2, 2, 2, 2, 2, 2, 2, 2, 4 ),
 ( 0.000000000000000000, 0.0008608844671240420496, 0.001291326700686061882, 0.001721768934248081931, 0.002582653401372122463, 0.003443537868496162127, 0.004304422335620202225, 0.005165306802744241456, 0.006026191269868281554, 0.006887075736992321652, 0.007747960204116360015, 0.008608844671240399246, 0.009469729138364437609, 0.009900171371926457659, 0.01033061360548847597, 0.01119149807261251781, 0.01205238253973655790, 0.01291326700686059974, 0.01377415147398463983 ),
 .UNSPECIFIED. ) ;
#3189 = ORIENTED_EDGE ( 'NONE', *, *, #170, .F. ) ;
#3190 = LINE ( 'NONE', #1226, #3212 ) ;
#3191 = FACE_OUTER_BOUND ( 'NONE', #3610, .T. ) ;
#3192 = DIRECTION ( 'NONE',  ( 1.000000000000000000, 0.000000000000000000, 0.000000000000000000 ) ) ;
#3193 = AXIS2_PLACEMENT_3D ( 'NONE', #1042, #2228, #2155 ) ;
#3194 = CYLINDRICAL_SURFACE ( 'NONE', #1314, 5.499999999999976907 ) ;
#3195 = VERTEX_POINT ( 'NONE', #3244 ) ;
#3196 = ORIENTED_EDGE ( 'NONE', *, *, #2326, .T. ) ;
#3197 = LINE ( 'NONE', #373, #2 ) ;
#3198 = AXIS2_PLACEMENT_3D ( 'NONE', #480, #1091, #530 ) ;
#3199 = ORIENTED_EDGE ( 'NONE', *, *, #2138, .F. ) ;
#3200 = DIRECTION ( 'NONE',  ( -0.9988526604587394386, -0.04788906654444345656, 0.000000000000000000 ) ) ;
#3201 = CARTESIAN_POINT ( 'NONE',  ( 52.14000000000000057, -4.000000000000005329, -5.200000000000000178 ) ) ;
#3202 = FACE_OUTER_BOUND ( 'NONE', #78, .T. ) ;
#3203 = ADVANCED_FACE ( 'NONE', ( #1276 ), #2977, .F. ) ;
#3204 = VERTEX_POINT ( 'NONE', #452 ) ;
#3205 = VERTEX_POINT ( 'NONE', #677 ) ;
#3206 = CARTESIAN_POINT ( 'NONE',  ( 0.000000000000000000, 4.000000000000000000, -7.500000000000000000 ) ) ;
#3207 = CARTESIAN_POINT ( 'NONE',  ( 3.024999999999998579, 0.000000000000000000, -5.599999999999993427 ) ) ;
#3208 = CARTESIAN_POINT ( 'NONE',  ( 46.06346891345411620, -168.0616090356724897, 5.400000000000000355 ) ) ;
#3209 = CARTESIAN_POINT ( 'NONE',  ( 48.25828703720165436, -2.000000000000007105, -2.200000000000000178 ) ) ;
#3210 = EDGE_CURVE ( 'NONE', #2876, #1623, #1590, .T. ) ;
#3211 = ORIENTED_EDGE ( 'NONE', *, *, #1490, .T. ) ;
#3212 = VECTOR ( 'NONE', #2342, 1000.000000000000000 ) ;
#3213 = CARTESIAN_POINT ( 'NONE',  ( 3.458287489416092431, 3.500000000000000000, -8.000000000000000000 ) ) ;
#3214 = CARTESIAN_POINT ( 'NONE',  ( 44.13144481997665025, 7.187741556283238964, -5.400000000000000355 ) ) ;
#3215 = VECTOR ( 'NONE', #3101, 1000.000000000000000 ) ;
#3216 = ORIENTED_EDGE ( 'NONE', *, *, #375, .T. ) ;
#3217 = CIRCLE ( 'NONE', #3457, 6.000000000000000888 ) ;
#3218 = CIRCLE ( 'NONE', #929, 4.000000000000003553 ) ;
#3219 = ADVANCED_FACE ( 'NONE', ( #3202 ), #1291, .T. ) ;
#3220 = LINE ( 'NONE', #674, #3164 ) ;
#3221 = ORIENTED_EDGE ( 'NONE', *, *, #1836, .T. ) ;
#3222 = ADVANCED_FACE ( 'NONE', ( #3540 ), #1539, .F. ) ;
#3223 = AXIS2_PLACEMENT_3D ( 'NONE', #2600, #609, #384 ) ;
#3224 = DIRECTION ( 'NONE',  ( 1.000000000000000000, 0.000000000000000000, 0.000000000000000000 ) ) ;
#3225 = DIRECTION ( 'NONE',  ( 0.9375251102584443164, 0.3479176161606249984, 0.000000000000000000 ) ) ;
#3226 = AXIS2_PLACEMENT_3D ( 'NONE', #3276, #717, #1315 ) ;
#3227 = ORIENTED_EDGE ( 'NONE', *, *, #2307, .T. ) ;
#3228 = CIRCLE ( 'NONE', #3340, 0.5000000000000004441 ) ;
#3229 = DIRECTION ( 'NONE',  ( 3.388131789017201356E-18, 1.000000000000000000, 0.000000000000000000 ) ) ;
#3230 = DIRECTION ( 'NONE',  ( -0.000000000000000000, -0.000000000000000000, -1.000000000000000000 ) ) ;
#3231 = CARTESIAN_POINT ( 'NONE',  ( 0.000000000000000000, 0.000000000000000000, 7.500000000000000000 ) ) ;
#3232 = CARTESIAN_POINT ( 'NONE',  ( 44.13144481997665025, 7.187741556283238964, 2.200000000000000178 ) ) ;
#3233 = AXIS2_PLACEMENT_3D ( 'NONE', #2986, #1270, #464 ) ;
#3234 = EDGE_CURVE ( 'NONE', #257, #2852, #1572, .T. ) ;
#3235 = VERTEX_POINT ( 'NONE', #1028 ) ;
#3236 = EDGE_CURVE ( 'NONE', #1722, #6, #1754, .T. ) ;
#3237 = DIRECTION ( 'NONE',  ( 1.000000000000000000, 0.000000000000000000, 0.000000000000000000 ) ) ;
#3238 = CARTESIAN_POINT ( 'NONE',  ( -1.173556874675002968E-15, 0.000000000000000000, 5.600000000000007638 ) ) ;
#3239 = CONICAL_SURFACE ( 'NONE', #1992, 3.425000000000011369, 0.7853981633974445042 ) ;
#3240 = ORIENTED_EDGE ( 'NONE', *, *, #1912, .T. ) ;
#3241 = CYLINDRICAL_SURFACE ( 'NONE', #2232, 3.500000000000003109 ) ;
#3242 = ORIENTED_EDGE ( 'NONE', *, *, #2867, .F. ) ;
#3243 = LINE ( 'NONE', #1260, #1581 ) ;
#3244 = CARTESIAN_POINT ( 'NONE',  ( 22.50049140560457417, -4.000000000000000888, -2.200000000000000622 ) ) ;
#3245 = ORIENTED_EDGE ( 'NONE', *, *, #3366, .F. ) ;
#3246 = DIRECTION ( 'NONE',  ( 1.000000000000000000, 0.000000000000000000, 0.000000000000000000 ) ) ;
#3247 = LINE ( 'NONE', #1051, #1399 ) ;
#3248 = CARTESIAN_POINT ( 'NONE',  ( 13.50000000000000000, -4.000000000000000888, 3.699999999999999734 ) ) ;
#3249 = CARTESIAN_POINT ( 'NONE',  ( 24.00049140560457772, -4.000000000000000888, -0.7000000000000000666 ) ) ;
#3250 = VERTEX_POINT ( 'NONE', #2653 ) ;
#3251 = VERTEX_POINT ( 'NONE', #123 ) ;
#3252 = CARTESIAN_POINT ( 'NONE',  ( 52.14000000000000057, -4.345920406328604417E-15, -5.200000000000000178 ) ) ;
#3253 = EDGE_CURVE ( 'NONE', #1310, #2679, #2210, .T. ) ;
#3254 = VERTEX_POINT ( 'NONE', #3260 ) ;
#3255 = AXIS2_PLACEMENT_3D ( 'NONE', #1486, #1563, #3456 ) ;
#3256 = CARTESIAN_POINT ( 'NONE',  ( 7.582114294781146846, -2.000000000000006661, -5.200000000000000178 ) ) ;
#3257 = ORIENTED_EDGE ( 'NONE', *, *, #2011, .T. ) ;
#3258 = ADVANCED_FACE ( 'NONE', ( #1261 ), #733, .T. ) ;
#3259 = DIRECTION ( 'NONE',  ( 0.000000000000000000, 0.000000000000000000, 1.000000000000000000 ) ) ;
#3260 = CARTESIAN_POINT ( 'NONE',  ( 24.00049140560457772, -4.000000000000000888, 0.7000000000000000666 ) ) ;
#3261 = ORIENTED_EDGE ( 'NONE', *, *, #1680, .F. ) ;
#3262 = LINE ( 'NONE', #2163, #88 ) ;
#3263 = CARTESIAN_POINT ( 'NONE',  ( 7.582114294781146846, -2.000000000000006661, -5.400000000000000355 ) ) ;
#3264 = CARTESIAN_POINT ( 'NONE',  ( 0.000000000000000000, 4.400000000000001243, 0.000000000000000000 ) ) ;
#3265 = ADVANCED_FACE ( 'NONE', ( #1826 ), #2945, .F. ) ;
#3266 = ORIENTED_EDGE ( 'NONE', *, *, #2185, .T. ) ;
#3267 = CARTESIAN_POINT ( 'NONE',  ( 3.458287489416092431, 4.000000000000000000, -8.000000000000000000 ) ) ;
#3268 = CARTESIAN_POINT ( 'NONE',  ( 52.14000000000000057, -4.345920406328604417E-15, -7.500000000000000000 ) ) ;
#3269 = CIRCLE ( 'NONE', #83, 3.425000000000010925 ) ;
#3270 = VERTEX_POINT ( 'NONE', #1375 ) ;
#3271 = CARTESIAN_POINT ( 'NONE',  ( 52.14000000000000057, -4.345920406328604417E-15, -8.000000000000000000 ) ) ;
#3272 = AXIS2_PLACEMENT_3D ( 'NONE', #3431, #1439, #357 ) ;
#3273 = EDGE_LOOP ( 'NONE', ( #3430, #3363 ) ) ;
#3274 = VECTOR ( 'NONE', #2551, 1000.000000000000000 ) ;
#3275 = EDGE_CURVE ( 'NONE', #3305, #2959, #817, .T. ) ;
#3276 = CARTESIAN_POINT ( 'NONE',  ( 0.000000000000000000, 0.000000000000000000, -7.500000000000000000 ) ) ;
#3277 = ORIENTED_EDGE ( 'NONE', *, *, #50, .F. ) ;
#3278 = CIRCLE ( 'NONE', #29, 3.500000000000000000 ) ;
#3279 = AXIS2_PLACEMENT_3D ( 'NONE', #3543, #2130, #737 ) ;
#3280 = CARTESIAN_POINT ( 'NONE',  ( -2.993325909419153774, -4.000000000000007105, 5.200000000000000178 ) ) ;
#3281 = LINE ( 'NONE', #2965, #2569 ) ;
#3282 = AXIS2_PLACEMENT_3D ( 'NONE', #157, #3555, #1873 ) ;
#3283 = ORIENTED_EDGE ( 'NONE', *, *, #463, .F. ) ;
#3284 = SURFACE_STYLE_FILL_AREA ( #2150 ) ;
#3285 = CIRCLE ( 'NONE', #1920, 1.500000000000000000 ) ;
#3286 = LINE ( 'NONE', #3316, #1891 ) ;
#3287 = CIRCLE ( 'NONE', #702, 0.5000000000000004441 ) ;
#3288 = ORIENTED_EDGE ( 'NONE', *, *, #719, .T. ) ;
#3289 = AXIS2_PLACEMENT_3D ( 'NONE', #2344, #1717, #629 ) ;
#3290 = DIRECTION ( 'NONE',  ( 0.000000000000000000, 0.000000000000000000, -1.000000000000000000 ) ) ;
#3291 = ORIENTED_EDGE ( 'NONE', *, *, #1436, .T. ) ;
#3292 = ORIENTED_EDGE ( 'NONE', *, *, #1934, .T. ) ;
#3293 = EDGE_CURVE ( 'NONE', #1345, #3433, #3380, .T. ) ;
#3294 = EDGE_CURVE ( 'NONE', #718, #471, #1341, .T. ) ;
#3295 = DIRECTION ( 'NONE',  ( 0.000000000000000000, 0.000000000000000000, 1.000000000000000000 ) ) ;
#3296 = CARTESIAN_POINT ( 'NONE',  ( 52.14000000000000057, -4.345920406328604417E-15, 7.500000000000000000 ) ) ;
#3297 = EDGE_CURVE ( 'NONE', #2700, #3000, #3159, .T. ) ;
#3298 = ORIENTED_EDGE ( 'NONE', *, *, #1006, .F. ) ;
#3299 = CARTESIAN_POINT ( 'NONE',  ( 52.14000000000000057, -4.345920406328604417E-15, 5.600000000000014744 ) ) ;
#3300 = CARTESIAN_POINT ( 'NONE',  ( 49.11500000000000199, -3.975464749586530436E-15, -6.599999999999999645 ) ) ;
#3301 = VERTEX_POINT ( 'NONE', #2843 ) ;
#3302 = DIRECTION ( 'NONE',  ( -1.000000000000000000, 0.000000000000000000, 0.000000000000000000 ) ) ;
#3303 = DIRECTION ( 'NONE',  ( -0.000000000000000000, 1.000000000000000000, -0.000000000000000000 ) ) ;
#3304 = AXIS2_PLACEMENT_3D ( 'NONE', #2404, #2662, #955 ) ;
#3305 = VERTEX_POINT ( 'NONE', #2488 ) ;
#3306 = AXIS2_PLACEMENT_3D ( 'NONE', #309, #2027, #2541 ) ;
#3307 = ORIENTED_EDGE ( 'NONE', *, *, #2142, .T. ) ;
#3308 = DIRECTION ( 'NONE',  ( -0.000000000000000000, -0.000000000000000000, -1.000000000000000000 ) ) ;
#3309 = DIRECTION ( 'NONE',  ( -0.000000000000000000, -0.000000000000000000, 1.000000000000000000 ) ) ;
#3310 = ORIENTED_EDGE ( 'NONE', *, *, #492, .F. ) ;
#3311 = ORIENTED_EDGE ( 'NONE', *, *, #3187, .F. ) ;
#3312 = LINE ( 'NONE', #3631, #318 ) ;
#3313 = DIRECTION ( 'NONE',  ( 0.000000000000000000, 0.000000000000000000, 1.000000000000000000 ) ) ;
#3314 = CARTESIAN_POINT ( 'NONE',  ( 48.06184152795736253, 8.591200351342457964, -5.200000000000000178 ) ) ;
#3315 = ADVANCED_FACE ( 'NONE', ( #2545 ), #3053, .T. ) ;
#3316 = CARTESIAN_POINT ( 'NONE',  ( 52.37024570280227920, -0.2302457028022804608, 5.200000000000000178 ) ) ;
#3317 = ORIENTED_EDGE ( 'NONE', *, *, #2215, .F. ) ;
#3318 = CYLINDRICAL_SURFACE ( 'NONE', #2800, 0.5000000000000004441 ) ;
#3319 = DIRECTION ( 'NONE',  ( -0.000000000000000000, -0.000000000000000000, 1.000000000000000000 ) ) ;
#3320 = EDGE_LOOP ( 'NONE', ( #1605, #3324, #3140, #2473 ) ) ;
#3321 = EDGE_CURVE ( 'NONE', #1728, #1654, #2247, .T. ) ;
#3322 = CIRCLE ( 'NONE', #147, 0.5000000000000004441 ) ;
#3323 = DIRECTION ( 'NONE',  ( 0.000000000000000000, 0.000000000000000000, 1.000000000000000000 ) ) ;
#3324 = ORIENTED_EDGE ( 'NONE', *, *, #473, .F. ) ;
#3325 = AXIS2_PLACEMENT_3D ( 'NONE', #3061, #1638, #2233 ) ;
#3326 = CARTESIAN_POINT ( 'NONE',  ( 52.14000000000000057, -4.345920406328604417E-15, 7.500000000000000000 ) ) ;
#3327 = CARTESIAN_POINT ( 'NONE',  ( 50.62169744412505423, 10.15553333650298917, 7.500000000000000000 ) ) ;
#3328 = VECTOR ( 'NONE', #2089, 1000.000000000000000 ) ;
#3329 = ORIENTED_EDGE ( 'NONE', *, *, #2101, .F. ) ;
#3330 = CIRCLE ( 'NONE', #689, 0.9749999999999999778 ) ;
#3331 = CIRCLE ( 'NONE', #2803, 1.474999999999997202 ) ;
#3332 = EDGE_LOOP ( 'NONE', ( #2481, #2388, #2064, #2865 ) ) ;
#3333 = LINE ( 'NONE', #2241, #757 ) ;
#3334 = LINE ( 'NONE', #2483, #3576 ) ;
#3335 = CARTESIAN_POINT ( 'NONE',  ( 52.14000000000000057, -4.345920406328604417E-15, -5.600000000000006750 ) ) ;
#3336 = FACE_OUTER_BOUND ( 'NONE', #3416, .T. ) ;
#3337 = VECTOR ( 'NONE', #2126, 1000.000000000000000 ) ;
#3338 = ADVANCED_FACE ( 'NONE', ( #833 ), #2403, .F. ) ;
#3339 = EDGE_CURVE ( 'NONE', #3301, #1262, #3099, .T. ) ;
#3340 = AXIS2_PLACEMENT_3D ( 'NONE', #1188, #1482, #1962 ) ;
#3341 = VERTEX_POINT ( 'NONE', #3617 ) ;
#3342 = PLANE ( 'NONE',  #2567 ) ;
#3343 = CARTESIAN_POINT ( 'NONE',  ( 50.62169744412505423, 10.15553333650298917, -8.000000000000000000 ) ) ;
#3344 = CARTESIAN_POINT ( 'NONE',  ( 4.418542134436642677, 7.548816173194747847, -4.062111418280664132 ) ) ;
#3345 = AXIS2_PLACEMENT_3D ( 'NONE', #2122, #1871, #1535 ) ;
#3346 = ORIENTED_EDGE ( 'NONE', *, *, #2798, .T. ) ;
#3347 = CIRCLE ( 'NONE', #1411, 0.5000000000000004441 ) ;
#3348 = CARTESIAN_POINT ( 'NONE',  ( 55.55314122155692758, 2.085777313547375833, 5.200000000000000178 ) ) ;
#3349 = CYLINDRICAL_SURFACE ( 'NONE', #2793, 1.500000000000001332 ) ;
#3350 = CARTESIAN_POINT ( 'NONE',  ( 3.958287489416092431, 5.667323904260572753, -7.500000000000000000 ) ) ;
#3351 = UNCERTAINTY_MEASURE_WITH_UNIT (LENGTH_MEASURE( 1.000000000000000082E-05 ), #1055, 'distance_accuracy_value', 'NONE');
#3352 = EDGE_LOOP ( 'NONE', ( #2112, #2571, #2885, #2123 ) ) ;
#3353 = ORIENTED_EDGE ( 'NONE', *, *, #2646, .F. ) ;
#3354 = CARTESIAN_POINT ( 'NONE',  ( -3.025000000000001243, 3.704556567420743261E-16, -6.600000000000000533 ) ) ;
#3355 = DIRECTION ( 'NONE',  ( 1.000000000000000000, 0.000000000000000000, 0.000000000000000000 ) ) ;
#3356 = DIRECTION ( 'NONE',  ( 0.000000000000000000, 0.000000000000000000, -1.000000000000000000 ) ) ;
#3357 = VERTEX_POINT ( 'NONE', #1932 ) ;
#3358 = DIRECTION ( 'NONE',  ( 0.000000000000000000, 0.000000000000000000, 1.000000000000000000 ) ) ;
#3359 = DIRECTION ( 'NONE',  ( 0.9988526604587394386, 0.04788906654444583660, 0.000000000000000000 ) ) ;
#3360 = CYLINDRICAL_SURFACE ( 'NONE', #2602, 6.000000000000000888 ) ;
#3361 = EDGE_CURVE ( 'NONE', #1728, #2596, #1761, .T. ) ;
#3362 = VECTOR ( 'NONE', #171, 1000.000000000000000 ) ;
#3363 = ORIENTED_EDGE ( 'NONE', *, *, #2054, .T. ) ;
#3364 = CIRCLE ( 'NONE', #234, 0.9749999999999967581 ) ;
#3365 = CARTESIAN_POINT ( 'NONE',  ( 4.204804155061189874, 7.056692945441714215, 4.280565799098398294 ) ) ;
#3366 = EDGE_CURVE ( 'NONE', #2679, #63, #398, .T. ) ;
#3367 = AXIS2_PLACEMENT_3D ( 'NONE', #40, #1763, #3427 ) ;
#3368 = CARTESIAN_POINT ( 'NONE',  ( 52.14000000000000057, -4.345920406328604417E-15, 5.200000000000000178 ) ) ;
#3369 = CARTESIAN_POINT ( 'NONE',  ( 48.06184152795736253, 8.591200351342457964, 7.500000000000000000 ) ) ;
#3370 = AXIS2_PLACEMENT_3D ( 'NONE', #1251, #2934, #2381 ) ;
#3371 = VERTEX_POINT ( 'NONE', #1115 ) ;
#3372 = ORIENTED_EDGE ( 'NONE', *, *, #2727, .F. ) ;
#3373 = CARTESIAN_POINT ( 'NONE',  ( 46.06346891345411620, -168.0616090356724897, 2.200000000000000178 ) ) ;
#3374 = DIRECTION ( 'NONE',  ( -0.000000000000000000, -0.000000000000000000, -1.000000000000000000 ) ) ;
#3375 = DIRECTION ( 'NONE',  ( 0.000000000000000000, 0.000000000000000000, 1.000000000000000000 ) ) ;
#3376 = CARTESIAN_POINT ( 'NONE',  ( 46.00860221814054540, 4.062170784313706484, -2.200000000000000178 ) ) ;
#3377 = DIRECTION ( 'NONE',  ( -0.000000000000000000, -0.000000000000000000, -1.000000000000000000 ) ) ;
#3378 = ORIENTED_EDGE ( 'NONE', *, *, #1632, .F. ) ;
#3379 = DIRECTION ( 'NONE',  ( -0.000000000000000000, -0.000000000000000000, 1.000000000000000000 ) ) ;
#3380 = LINE ( 'NONE', #1953, #1975 ) ;
#3381 = CARTESIAN_POINT ( 'NONE',  ( 3.958287489416092431, 5.667323904260572753, 7.500000000000000000 ) ) ;
#3382 = ORIENTED_EDGE ( 'NONE', *, *, #2235, .F. ) ;
#3383 = CARTESIAN_POINT ( 'NONE',  ( 4.253981677937464845, 7.182471539469473143, 4.231985564602386951 ) ) ;
#3384 = EDGE_CURVE ( 'NONE', #2290, #1001, #534, .T. ) ;
#3385 = EDGE_CURVE ( 'NONE', #774, #1791, #448, .T. ) ;
#3386 = EDGE_CURVE ( 'NONE', #235, #767, #15, .T. ) ;
#3387 = AXIS2_PLACEMENT_3D ( 'NONE', #1660, #2854, #1792 ) ;
#3388 = DIRECTION ( 'NONE',  ( 1.000000000000000000, 0.000000000000000000, 0.000000000000000000 ) ) ;
#3389 = CARTESIAN_POINT ( 'NONE',  ( 52.14000000000000057, -4.345920406328604417E-15, 6.599999999999999645 ) ) ;
#3390 = ORIENTED_EDGE ( 'NONE', *, *, #1980, .F. ) ;
#3391 = AXIS2_PLACEMENT_3D ( 'NONE', #541, #244, #1084 ) ;
#3392 = ORIENTED_EDGE ( 'NONE', *, *, #1526, .F. ) ;
#3393 = CIRCLE ( 'NONE', #92, 3.500000000000003109 ) ;
#3394 = DIRECTION ( 'NONE',  ( -1.000000000000000000, 0.000000000000000000, 2.532443030623078566E-16 ) ) ;
#3395 = CARTESIAN_POINT ( 'NONE',  ( 44.13355199762366254, 3.366335551992456931, -5.400000000000000355 ) ) ;
#3396 = CARTESIAN_POINT ( 'NONE',  ( 5.720593556941764746, 4.546560642474104519, -1.848633150528384839 ) ) ;
#3397 = LINE ( 'NONE', #2617, #279 ) ;
#3398 = FACE_OUTER_BOUND ( 'NONE', #2158, .T. ) ;
#3399 = CONICAL_SURFACE ( 'NONE', #3520, 3.024999999999999911, 0.7853981633974541632 ) ;
#3400 = ADVANCED_FACE ( 'NONE', ( #1724 ), #2270, .F. ) ;
#3401 = EDGE_LOOP ( 'NONE', ( #3310, #2906, #2385, #1287, #136, #3292, #395, #2280, #1377, #109 ) ) ;
#3402 = AXIS2_PLACEMENT_3D ( 'NONE', #3389, #1516, #24 ) ;
#3403 = FACE_OUTER_BOUND ( 'NONE', #688, .T. ) ;
#3404 = DIRECTION ( 'NONE',  ( -0.000000000000000000, -0.000000000000000000, -1.000000000000000000 ) ) ;
#3405 = DIRECTION ( 'NONE',  ( 0.000000000000000000, 0.000000000000000000, -1.000000000000000000 ) ) ;
#3406 = AXIS2_PLACEMENT_3D ( 'NONE', #2500, #2776, #1947 ) ;
#3407 = ORIENTED_EDGE ( 'NONE', *, *, #1436, .F. ) ;
#3408 = CYLINDRICAL_SURFACE ( 'NONE', #2008, 1.500000000000000000 ) ;
#3409 = AXIS2_PLACEMENT_3D ( 'NONE', #288, #2839, #1427 ) ;
#3410 = DIRECTION ( 'NONE',  ( 1.000000000000000000, 0.000000000000000000, 0.000000000000000000 ) ) ;
#3411 = FACE_OUTER_BOUND ( 'NONE', #2048, .T. ) ;
#3412 = CIRCLE ( 'NONE', #1350, 4.000000000000003553 ) ;
#3413 = ADVANCED_FACE ( 'NONE', ( #3115, #1449 ), #1176, .T. ) ;
#3414 = ADVANCED_FACE ( 'NONE', ( #3134 ), #1742, .T. ) ;
#3415 = VERTEX_POINT ( 'NONE', #2312 ) ;
#3416 = EDGE_LOOP ( 'NONE', ( #1892, #2505, #3144, #44, #2634 ) ) ;
#3417 = CARTESIAN_POINT ( 'NONE',  ( 47.94211886159624925, 11.08833200248930773, 8.000000000000000000 ) ) ;
#3418 = DIRECTION ( 'NONE',  ( -1.000000000000000000, 0.000000000000000000, 0.000000000000000000 ) ) ;
#3419 = DIRECTION ( 'NONE',  ( 0.000000000000000000, 0.000000000000000000, 1.000000000000000000 ) ) ;
#3420 = CARTESIAN_POINT ( 'NONE',  ( 52.14000000000000057, -4.345920406328604417E-15, -8.000000000000000000 ) ) ;
#3421 = CARTESIAN_POINT ( 'NONE',  ( 15.00000000000000355, -4.000000000000000888, -3.700000000000001954 ) ) ;
#3422 = EDGE_CURVE ( 'NONE', #555, #3305, #334, .T. ) ;
#3423 = ORIENTED_EDGE ( 'NONE', *, *, #3607, .F. ) ;
#3424 = ADVANCED_FACE ( 'NONE', ( #3649 ), #1146, .F. ) ;
#3425 = CARTESIAN_POINT ( 'NONE',  ( 0.000000000000000000, 3.500000000000000000, -7.500000000000000000 ) ) ;
#3426 = CARTESIAN_POINT ( 'NONE',  ( 40.94941422704341960, 25.02426757450731998, 8.000000000000000000 ) ) ;
#3427 = DIRECTION ( 'NONE',  ( -0.5214443283868435142, 0.8532853053892311967, 0.000000000000000000 ) ) ;
#3428 = ORIENTED_EDGE ( 'NONE', *, *, #3635, .T. ) ;
#3429 = CARTESIAN_POINT ( 'NONE',  ( 4.955284724773162175, 8.316669191287600071, -3.392536913388233266 ) ) ;
#3430 = ORIENTED_EDGE ( 'NONE', *, *, #2829, .T. ) ;
#3431 = CARTESIAN_POINT ( 'NONE',  ( 3.958287489416092431, 5.667323904260572753, -8.000000000000000000 ) ) ;
#3432 = DIRECTION ( 'NONE',  ( -0.000000000000000000, -0.000000000000000000, 1.000000000000000000 ) ) ;
#3433 = VERTEX_POINT ( 'NONE', #2222 ) ;
#3434 = AXIS2_PLACEMENT_3D ( 'NONE', #553, #276, #77 ) ;
#3435 = VERTEX_POINT ( 'NONE', #3354 ) ;
#3436 = DIRECTION ( 'NONE',  ( 0.000000000000000000, 0.000000000000000000, -1.000000000000000000 ) ) ;
#3437 = CARTESIAN_POINT ( 'NONE',  ( -0.4204519536220550080, 8.769633295748443302, 7.500000000000000000 ) ) ;
#3438 = PLANE ( 'NONE',  #2038 ) ;
#3439 = FACE_OUTER_BOUND ( 'NONE', #1461, .T. ) ;
#3440 = CARTESIAN_POINT ( 'NONE',  ( 52.14000000000000057, -4.345920406328604417E-15, -6.599999999999999645 ) ) ;
#3441 = EDGE_CURVE ( 'NONE', #3433, #2876, #1635, .T. ) ;
#3442 = ORIENTED_EDGE ( 'NONE', *, *, #2095, .T. ) ;
#3443 = FACE_OUTER_BOUND ( 'NONE', #1215, .T. ) ;
#3444 = DIRECTION ( 'NONE',  ( 1.000000000000000000, 0.000000000000000000, 0.000000000000000000 ) ) ;
#3445 = ORIENTED_EDGE ( 'NONE', *, *, #3136, .F. ) ;
#3446 = ORIENTED_EDGE ( 'NONE', *, *, #2718, .F. ) ;
#3447 = DIRECTION ( 'NONE',  ( 0.000000000000000000, 0.000000000000000000, 1.000000000000000000 ) ) ;
#3448 = DIRECTION ( 'NONE',  ( 0.8532853053892339723, 0.5214443283868390733, 0.000000000000000000 ) ) ;
#3449 = EDGE_LOOP ( 'NONE', ( #7, #466 ) ) ;
#3450 = ORIENTED_EDGE ( 'NONE', *, *, #389, .F. ) ;
#3451 = DIRECTION ( 'NONE',  ( 0.000000000000000000, 0.000000000000000000, -1.000000000000000000 ) ) ;
#3452 = CARTESIAN_POINT ( 'NONE',  ( -1.474999999999999867, 1.806354028742346048E-16, -8.000000000000000000 ) ) ;
#3453 = DIRECTION ( 'NONE',  ( 0.000000000000000000, 0.000000000000000000, -1.000000000000000000 ) ) ;
#3454 = CYLINDRICAL_SURFACE ( 'NONE', #3289, 3.024999999999999911 ) ;
#3455 = CIRCLE ( 'NONE', #1678, 2.500000000000002220 ) ;
#3456 = DIRECTION ( 'NONE',  ( 0.000000000000000000, 0.000000000000000000, -1.000000000000000000 ) ) ;
#3457 = AXIS2_PLACEMENT_3D ( 'NONE', #3264, #1594, #127 ) ;
#3458 = VECTOR ( 'NONE', #2755, 1000.000000000000000 ) ;
#3459 = ORIENTED_EDGE ( 'NONE', *, *, #2176, .T. ) ;
#3460 = FACE_OUTER_BOUND ( 'NONE', #585, .T. ) ;
#3461 = CIRCLE ( 'NONE', #1971, 0.5000000000000008882 ) ;
#3462 = EDGE_CURVE ( 'NONE', #2587, #745, #997, .T. ) ;
#3463 = EDGE_CURVE ( 'NONE', #988, #2679, #3334, .T. ) ;
#3464 = ORIENTED_EDGE ( 'NONE', *, *, #3130, .T. ) ;
#3465 = AXIS2_PLACEMENT_3D ( 'NONE', #2360, #2343, #1209 ) ;
#3466 = ORIENTED_EDGE ( 'NONE', *, *, #684, .F. ) ;
#3467 = EDGE_CURVE ( 'NONE', #1217, #3556, #2337, .T. ) ;
#3468 = EDGE_CURVE ( 'NONE', #3143, #3622, #1469, .T. ) ;
#3469 = AXIS2_PLACEMENT_3D ( 'NONE', #3373, #365, #347 ) ;
#3470 = CARTESIAN_POINT ( 'NONE',  ( 46.06346891345411620, -168.0616090356724897, 2.200000000000000178 ) ) ;
#3471 = DIRECTION ( 'NONE',  ( 1.224646799147353207E-16, 1.000000000000000000, -0.000000000000000000 ) ) ;
#3472 = VERTEX_POINT ( 'NONE', #287 ) ;
#3473 = ORIENTED_EDGE ( 'NONE', *, *, #243, .T. ) ;
#3474 = VECTOR ( 'NONE', #2540, 1000.000000000000000 ) ;
#3475 = CARTESIAN_POINT ( 'NONE',  ( 0.000000000000000000, 0.000000000000000000, 7.500000000000000000 ) ) ;
#3476 = CARTESIAN_POINT ( 'NONE',  ( -1.173556874675002968E-15, 0.000000000000000000, -6.600000000000000533 ) ) ;
#3477 = CARTESIAN_POINT ( 'NONE',  ( 52.14000000000000057, -4.345920406328604417E-15, -7.500000000000000000 ) ) ;
#3478 = CARTESIAN_POINT ( 'NONE',  ( 3.458287489416092431, 4.000000000000000000, 7.500000000000000000 ) ) ;
#3479 = VERTEX_POINT ( 'NONE', #231 ) ;
#3480 = VERTEX_POINT ( 'NONE', #2463 ) ;
#3481 = CYLINDRICAL_SURFACE ( 'NONE', #3304, 0.5000000000000000000 ) ;
#3482 = ORIENTED_EDGE ( 'NONE', *, *, #61, .F. ) ;
#3483 = ADVANCED_FACE ( 'NONE', ( #3067, #1107 ), #2263, .T. ) ;
#3484 = DIRECTION ( 'NONE',  ( -0.000000000000000000, -0.000000000000000000, -1.000000000000000000 ) ) ;
#3485 = EDGE_LOOP ( 'NONE', ( #314, #1573, #518, #3445 ) ) ;
#3486 = EDGE_CURVE ( 'NONE', #1713, #2052, #873, .T. ) ;
#3487 = CARTESIAN_POINT ( 'NONE',  ( 53.61499999999999488, -4.345920406328604417E-15, -8.000000000000000000 ) ) ;
#3488 = LINE ( 'NONE', #1858, #1917 ) ;
#3489 = ORIENTED_EDGE ( 'NONE', *, *, #2609, .T. ) ;
#3490 = ORIENTED_EDGE ( 'NONE', *, *, #879, .F. ) ;
#3491 = DIRECTION ( 'NONE',  ( -1.000000000000000000, -1.350228159821300363E-16, -8.412083543212878325E-51 ) ) ;
#3492 = CARTESIAN_POINT ( 'NONE',  ( 50.19505479143043658, 9.894811172309569969, -8.000000000000000000 ) ) ;
#3493 = CARTESIAN_POINT ( 'NONE',  ( 0.000000000000000000, 4.000000000000000000, -8.000000000000000000 ) ) ;
#3494 = CIRCLE ( 'NONE', #477, 0.5000000000000004441 ) ;
#3495 = DIRECTION ( 'NONE',  ( -0.000000000000000000, -0.000000000000000000, 1.000000000000000000 ) ) ;
#3496 = EDGE_CURVE ( 'NONE', #1497, #225, #3285, .T. ) ;
#3497 = AXIS2_PLACEMENT_3D ( 'NONE', #2224, #1192, #3356 ) ;
#3498 = ORIENTED_EDGE ( 'NONE', *, *, #359, .T. ) ;
#3499 = CARTESIAN_POINT ( 'NONE',  ( -3.025000000000001243, 0.000000000000000000, 6.600000000000000533 ) ) ;
#3500 = LINE ( 'NONE', #1781, #1258 ) ;
#3501 = EDGE_LOOP ( 'NONE', ( #1875, #3211, #372, #413, #2883, #3428, #2703, #2802, #2614, #2936, #107 ) ) ;
#3502 = DIRECTION ( 'NONE',  ( -1.000000000000000000, 0.000000000000000000, 0.000000000000000000 ) ) ;
#3503 = VERTEX_POINT ( 'NONE', #2539 ) ;
#3504 = DIRECTION ( 'NONE',  ( 1.000000000000000000, 0.000000000000000000, 0.000000000000000000 ) ) ;
#3505 = DIRECTION ( 'NONE',  ( -0.000000000000000000, -1.000000000000000000, -0.000000000000000000 ) ) ;
#3506 = ORIENTED_EDGE ( 'NONE', *, *, #1765, .F. ) ;
#3507 = EDGE_CURVE ( 'NONE', #754, #3415, #1173, .T. ) ;
#3508 = EDGE_CURVE ( 'NONE', #1086, #1704, #1696, .T. ) ;
#3509 = CARTESIAN_POINT ( 'NONE',  ( 52.14000000000000057, -3.500000000000005329, 7.500000000000000000 ) ) ;
#3510 = DIRECTION ( 'NONE',  ( 1.000000000000000000, 0.000000000000000000, 0.000000000000000000 ) ) ;
#3511 = LINE ( 'NONE', #3493, #2289 ) ;
#3512 = CARTESIAN_POINT ( 'NONE',  ( -2.993325909419154218, -4.000000000000007105, -5.200000000000000178 ) ) ;
#3513 = EDGE_LOOP ( 'NONE', ( #1199, #2929, #2121, #304, #273, #3539, #661, #3123, #845, #132 ) ) ;
#3514 = CARTESIAN_POINT ( 'NONE',  ( 0.000000000000000000, 0.000000000000000000, -8.000000000000000000 ) ) ;
#3515 = CARTESIAN_POINT ( 'NONE',  ( 52.14000000000000057, -4.000000000000005329, 5.200000000000000178 ) ) ;
#3516 = VERTEX_POINT ( 'NONE', #1964 ) ;
#3517 = AXIS2_PLACEMENT_3D ( 'NONE', #58, #2588, #1195 ) ;
#3518 = CARTESIAN_POINT ( 'NONE',  ( 0.000000000000000000, 0.000000000000000000, -7.500000000000000000 ) ) ;
#3519 = VERTEX_POINT ( 'NONE', #590 ) ;
#3520 = AXIS2_PLACEMENT_3D ( 'NONE', #1319, #421, #1120 ) ;
#3521 = DIRECTION ( 'NONE',  ( -1.000000000000000000, 0.000000000000000000, 0.000000000000000000 ) ) ;
#3522 = DIRECTION ( 'NONE',  ( 0.000000000000000000, 0.000000000000000000, -1.000000000000000000 ) ) ;
#3523 = AXIS2_PLACEMENT_3D ( 'NONE', #644, #946, #2888 ) ;
#3524 = ORIENTED_EDGE ( 'NONE', *, *, #1727, .F. ) ;
#3525 = TOROIDAL_SURFACE ( 'NONE', #160, 2.500000000000001776, 0.5000000000000000000 ) ;
#3526 = DIRECTION ( 'NONE',  ( -0.3479176161606249984, 0.9375251102584443164, 0.000000000000000000 ) ) ;
#3527 = ADVANCED_FACE ( 'NONE', ( #3030 ), #1403, .T. ) ;
#3528 = DIRECTION ( 'NONE',  ( 1.000000000000000000, 0.000000000000000000, 0.000000000000000000 ) ) ;
#3529 = DIRECTION ( 'NONE',  ( 0.000000000000000000, 0.000000000000000000, 1.000000000000000000 ) ) ;
#3530 = EDGE_CURVE ( 'NONE', #1255, #3195, #1529, .T. ) ;
#3531 = FACE_OUTER_BOUND ( 'NONE', #1682, .T. ) ;
#3532 = VECTOR ( 'NONE', #775, 1000.000000000000000 ) ;
#3533 = ORIENTED_EDGE ( 'NONE', *, *, #1236, .T. ) ;
#3534 = LINE ( 'NONE', #1597, #461 ) ;
#3535 = ADVANCED_FACE ( 'NONE', ( #1089 ), #457, .T. ) ;
#3536 = FACE_OUTER_BOUND ( 'NONE', #2902, .T. ) ;
#3537 = ORIENTED_EDGE ( 'NONE', *, *, #389, .T. ) ;
#3538 = CARTESIAN_POINT ( 'NONE',  ( 15.00000000000000000, -4.000000000000000888, 3.699999999999999734 ) ) ;
#3539 = ORIENTED_EDGE ( 'NONE', *, *, #181, .T. ) ;
#3540 = FACE_OUTER_BOUND ( 'NONE', #1205, .T. ) ;
#3541 = VERTEX_POINT ( 'NONE', #1985 ) ;
#3542 = CARTESIAN_POINT ( 'NONE',  ( 3.458287489416092431, 4.500000000000000888, 5.200000000000000178 ) ) ;
#3543 = CARTESIAN_POINT ( 'NONE',  ( 52.14000000000000057, -4.345920406328604417E-15, -8.000000000000000000 ) ) ;
#3544 = PLANE ( 'NONE',  #1824 ) ;
#3545 = AXIS2_PLACEMENT_3D ( 'NONE', #2967, #2694, #1305 ) ;
#3546 = ORIENTED_EDGE ( 'NONE', *, *, #1259, .F. ) ;
#3547 = ORIENTED_EDGE ( 'NONE', *, *, #3339, .T. ) ;
#3548 = CARTESIAN_POINT ( 'NONE',  ( -0.9749999999999999778, 1.194030629168669322E-16, -7.500000000000000000 ) ) ;
#3549 = VECTOR ( 'NONE', #938, 1000.000000000000000 ) ;
#3550 = ADVANCED_FACE ( 'NONE', ( #2004 ), #3096, .T. ) ;
#3551 = ORIENTED_EDGE ( 'NONE', *, *, #1419, .F. ) ;
#3552 = VECTOR ( 'NONE', #814, 1000.000000000000000 ) ;
#3553 = DIRECTION ( 'NONE',  ( -0.04788906654444425454, 0.9988526604587394386, 0.000000000000000000 ) ) ;
#3554 = ORIENTED_EDGE ( 'NONE', *, *, #1099, .F. ) ;
#3555 = DIRECTION ( 'NONE',  ( -0.000000000000000000, -0.000000000000000000, 1.000000000000000000 ) ) ;
#3556 = VERTEX_POINT ( 'NONE', #1123 ) ;
#3557 = ADVANCED_FACE ( 'NONE', ( #3647 ), #1772, .F. ) ;
#3558 = CARTESIAN_POINT ( 'NONE',  ( 52.14000000000000057, -3.500000000000005329, -7.500000000000000000 ) ) ;
#3559 = DIRECTION ( 'NONE',  ( -1.000000000000000000, 0.000000000000000000, 0.000000000000000000 ) ) ;
#3560 = ORIENTED_EDGE ( 'NONE', *, *, #1957, .F. ) ;
#3561 = DIRECTION ( 'NONE',  ( -1.350228159821300363E-16, 1.000000000000000000, -0.000000000000000000 ) ) ;
#3562 = AXIS2_PLACEMENT_3D ( 'NONE', #249, #3086, #1946 ) ;
#3563 = ORIENTED_EDGE ( 'NONE', *, *, #1308, .F. ) ;
#3564 = DIRECTION ( 'NONE',  ( 0.000000000000000000, -1.000000000000000000, 0.000000000000000000 ) ) ;
#3565 = EDGE_CURVE ( 'NONE', #1654, #3577, #1168, .T. ) ;
#3566 = EDGE_CURVE ( 'NONE', #380, #802, #212, .T. ) ;
#3567 = AXIS2_PLACEMENT_3D ( 'NONE', #3326, #1922, #3042 ) ;
#3568 = EDGE_LOOP ( 'NONE', ( #992, #1688, #1827, #1823 ) ) ;
#3569 = AXIS2_PLACEMENT_3D ( 'NONE', #896, #3133, #832 ) ;
#3570 = EDGE_CURVE ( 'NONE', #1430, #2955, #2277, .T. ) ;
#3571 = ORIENTED_EDGE ( 'NONE', *, *, #27, .F. ) ;
#3572 = VECTOR ( 'NONE', #436, 1000.000000000000000 ) ;
#3573 = AXIS2_PLACEMENT_3D ( 'NONE', #2527, #1432, #1393 ) ;
#3574 = DIRECTION ( 'NONE',  ( 1.000000000000000000, 0.000000000000000000, -0.000000000000000000 ) ) ;
#3575 = CARTESIAN_POINT ( 'NONE',  ( 3.458287489416092431, 4.000000000000000000, -7.500000000000000000 ) ) ;
#3576 = VECTOR ( 'NONE', #1716, 1000.000000000000000 ) ;
#3577 = VERTEX_POINT ( 'NONE', #2240 ) ;
#3578 = LINE ( 'NONE', #1074, #3532 ) ;
#3579 = FACE_OUTER_BOUND ( 'NONE', #500, .T. ) ;
#3580 = STYLED_ITEM ( 'NONE', ( #1565 ), #82 ) ;
#3581 = EDGE_LOOP ( 'NONE', ( #1316, #476, #907, #2907 ) ) ;
#3582 = AXIS2_PLACEMENT_3D ( 'NONE', #3477, #1303, #2674 ) ;
#3583 = DIRECTION ( 'NONE',  ( 0.000000000000000000, 0.000000000000000000, 1.000000000000000000 ) ) ;
#3584 = CARTESIAN_POINT ( 'NONE',  ( 52.14000000000000057, -4.345920406328604417E-15, -6.599999999999999645 ) ) ;
#3585 = ORIENTED_EDGE ( 'NONE', *, *, #2712, .F. ) ;
#3586 = CARTESIAN_POINT ( 'NONE',  ( 0.000000000000000000, 0.000000000000000000, 0.000000000000000000 ) ) ;
#3587 = ORIENTED_EDGE ( 'NONE', *, *, #1632, .T. ) ;
#3588 = EDGE_CURVE ( 'NONE', #2596, #1402, #930, .T. ) ;
#3589 = DIRECTION ( 'NONE',  ( 0.000000000000000000, 0.000000000000000000, -1.000000000000000000 ) ) ;
#3590 = CARTESIAN_POINT ( 'NONE',  ( 48.25828703720165436, -2.000000000000001776, 2.200000000000000178 ) ) ;
#3591 = ORIENTED_EDGE ( 'NONE', *, *, #3130, .F. ) ;
#3592 = VERTEX_POINT ( 'NONE', #567 ) ;
#3593 = CARTESIAN_POINT ( 'NONE',  ( 48.06184152795736253, 8.591200351342457964, 7.500000000000000000 ) ) ;
#3594 = CARTESIAN_POINT ( 'NONE',  ( 52.14000000000000057, -4.345920406328604417E-15, 7.500000000000000000 ) ) ;
#3595 = CARTESIAN_POINT ( 'NONE',  ( 49.11500000000000199, -4.345920406328604417E-15, 5.600000000000014744 ) ) ;
#3596 = CARTESIAN_POINT ( 'NONE',  ( -3.025000000000001243, 3.704556567420743261E-16, -5.599999999999993427 ) ) ;
#3597 = EDGE_CURVE ( 'NONE', #3235, #754, #3228, .T. ) ;
#3598 = ORIENTED_EDGE ( 'NONE', *, *, #1595, .F. ) ;
#3599 = FACE_OUTER_BOUND ( 'NONE', #2049, .T. ) ;
#3600 = CYLINDRICAL_SURFACE ( 'NONE', #2833, 3.500000000000003109 ) ;
#3601 = TOROIDAL_SURFACE ( 'NONE', #536, 3.500000000000000888, 0.5000000000000000000 ) ;
#3602 = ORIENTED_EDGE ( 'NONE', *, *, #485, .F. ) ;
#3603 = VECTOR ( 'NONE', #2725, 1000.000000000000000 ) ;
#3604 = DIRECTION ( 'NONE',  ( 0.000000000000000000, 0.000000000000000000, -1.000000000000000000 ) ) ;
#3605 = VERTEX_POINT ( 'NONE', #868 ) ;
#3606 = DIRECTION ( 'NONE',  ( -0.000000000000000000, -0.000000000000000000, -1.000000000000000000 ) ) ;
#3607 = EDGE_CURVE ( 'NONE', #2790, #2206, #1424, .T. ) ;
#3608 = EDGE_CURVE ( 'NONE', #2354, #42, #2598, .T. ) ;
#3609 = ORIENTED_EDGE ( 'NONE', *, *, #960, .T. ) ;
#3610 = EDGE_LOOP ( 'NONE', ( #115, #1730, #1057, #408 ) ) ;
#3611 = LINE ( 'NONE', #1088, #2973 ) ;
#3612 = DIRECTION ( 'NONE',  ( -0.000000000000000000, 1.000000000000000000, -0.000000000000000000 ) ) ;
#3613 = DIRECTION ( 'NONE',  ( -0.000000000000000000, -0.000000000000000000, -1.000000000000000000 ) ) ;
#3614 = LINE ( 'NONE', #2151, #2426 ) ;
#3615 = ORIENTED_EDGE ( 'NONE', *, *, #164, .F. ) ;
#3616 = CARTESIAN_POINT ( 'NONE',  ( -0.9749999999999999778, 1.194030629168669322E-16, 6.600000000000001421 ) ) ;
#3617 = CARTESIAN_POINT ( 'NONE',  ( 0.000000000000000000, 4.000000000000000000, 7.500000000000000000 ) ) ;
#3618 = DIRECTION ( 'NONE',  ( -2.977001517945642039E-43, -1.000000000000000000, 6.718616533275050369E-59 ) ) ;
#3619 = ORIENTED_EDGE ( 'NONE', *, *, #3496, .F. ) ;
#3620 = AXIS2_PLACEMENT_3D ( 'NONE', #648, #326, #1465 ) ;
#3621 = CARTESIAN_POINT ( 'NONE',  ( 0.000000000000000000, 0.000000000000000000, -8.000000000000000000 ) ) ;
#3622 = VERTEX_POINT ( 'NONE', #1464 ) ;
#3623 = VECTOR ( 'NONE', #261, 1000.000000000000114 ) ;
#3624 = CARTESIAN_POINT ( 'NONE',  ( 45.78994010404510817, 5.279882440875892868, 5.200000000000000178 ) ) ;
#3625 = DIRECTION ( 'NONE',  ( 1.000000000000000000, 3.469446951953611033E-15, 0.000000000000000000 ) ) ;
#3626 = AXIS2_PLACEMENT_3D ( 'NONE', #293, #2207, #3052 ) ;
#3627 = ORIENTED_EDGE ( 'NONE', *, *, #3588, .T. ) ;
#3628 = VECTOR ( 'NONE', #649, 1000.000000000000000 ) ;
#3629 = EDGE_CURVE ( 'NONE', #2951, #3605, #2261, .T. ) ;
#3630 = ORIENTED_EDGE ( 'NONE', *, *, #3361, .T. ) ;
#3631 = CARTESIAN_POINT ( 'NONE',  ( 47.91817432832402801, 11.58775833271867484, -8.000000000000000000 ) ) ;
#3632 = CARTESIAN_POINT ( 'NONE',  ( 5.928996671124103557, 4.595082188062042938, -0.9390777633456327544 ) ) ;
#3633 = LINE ( 'NONE', #2796, #2935 ) ;
#3634 = DIRECTION ( 'NONE',  ( -1.000000000000000000, 0.000000000000000000, 0.000000000000000000 ) ) ;
#3635 = EDGE_CURVE ( 'NONE', #652, #1217, #2871, .T. ) ;
#3636 = AXIS2_PLACEMENT_3D ( 'NONE', #3594, #509, #1645 ) ;
#3637 = ORIENTED_EDGE ( 'NONE', *, *, #2229, .F. ) ;
#3638 = FACE_OUTER_BOUND ( 'NONE', #2069, .T. ) ;
#3639 = DIRECTION ( 'NONE',  ( -0.000000000000000000, 1.000000000000000000, -0.000000000000000000 ) ) ;
#3640 = VERTEX_POINT ( 'NONE', #1443 ) ;
#3641 = FACE_OUTER_BOUND ( 'NONE', #3485, .T. ) ;
#3642 = EDGE_CURVE ( 'NONE', #1791, #3301, #52, .T. ) ;
#3643 = CARTESIAN_POINT ( 'NONE',  ( 13.50000000000000000, -4.000000000000000888, 5.200000000000000178 ) ) ;
#3644 = DIRECTION ( 'NONE',  ( -1.000000000000000000, 0.000000000000000000, -0.000000000000000000 ) ) ;
#3645 = VERTEX_POINT ( 'NONE', #3417 ) ;
#3646 = VERTEX_POINT ( 'NONE', #887 ) ;
#3647 = FACE_OUTER_BOUND ( 'NONE', #390, .T. ) ;
#3648 = CYLINDRICAL_SURFACE ( 'NONE', #1389, 5.499999999999976907 ) ;
#3649 = FACE_OUTER_BOUND ( 'NONE', #1589, .T. ) ;
#3650 = CARTESIAN_POINT ( 'NONE',  ( 48.60049140560456493, -4.000000000000000888, -8.000000000000000000 ) ) ;
#3651 = LINE ( 'NONE', #1989, #1494 ) ;
#3652 = ORIENTED_EDGE ( 'NONE', *, *, #642, .F. ) ;
#3653 = CARTESIAN_POINT ( 'NONE',  ( 52.14000000000000057, -4.345920406328604417E-15, -5.600000000000006750 ) ) ;
#3654 = DIRECTION ( 'NONE',  ( -0.000000000000000000, -0.000000000000000000, 1.000000000000000000 ) ) ;
#3655 = CARTESIAN_POINT ( 'NONE',  ( 52.14000000000000057, -4.345920406328604417E-15, 7.500000000000000000 ) ) ;
#3656 = AXIS2_PLACEMENT_3D ( 'NONE', #3271, #447, #2942 ) ;
#3657 = ADVANCED_FACE ( 'NONE', ( #3125 ), #3525, .T. ) ;
#3658 = ADVANCED_FACE ( 'NONE', ( #325 ), #2212, .T. ) ;
ENDSEC;
END-ISO-10303-21;
