ISO-10303-21;
HEADER;
FILE_DESCRIPTION (( 'STEP AP214' ),
    '1' );
FILE_NAME ('Fingertip.step',
    '2026-04-16T06:29:05',
    ( '' ),
    ( '' ),
    'SwSTEP 2.0',
    'SolidWorks 2020',
    '' );
FILE_SCHEMA (( 'AUTOMOTIVE_DESIGN' ));
ENDSEC;

DATA;
#1 = DIRECTION ( 'NONE',  ( -1.000000000000000000, 0.000000000000000000, 0.000000000000000000 ) ) ;
#2 = CARTESIAN_POINT ( 'NONE',  ( 4.025000000000000355, 0.000000000000000000, 4.799999999999999822 ) ) ;
#3 = AXIS2_PLACEMENT_3D ( 'NONE', #556, #1016, #1886 ) ;
#4 = CARTESIAN_POINT ( 'NONE',  ( -0.03571428571428573312, -2.499744884942444401, 3.799999999999999378 ) ) ;
#5 = ORIENTED_EDGE ( 'NONE', *, *, #1405, .F. ) ;
#6 = DIRECTION ( 'NONE',  ( -0.9889903150456081926, 0.1479802579602717272, 0.000000000000000000 ) ) ;
#7 = ORIENTED_EDGE ( 'NONE', *, *, #1526, .F. ) ;
#8 = EDGE_CURVE ( 'NONE', #639, #1222, #886, .T. ) ;
#9 = CARTESIAN_POINT ( 'NONE',  ( -2.624269610045286250, 7.279676179437156947, -4.799921871948003904 ) ) ;
#10 = CARTESIAN_POINT ( 'NONE',  ( -3.024999999999999911, 3.704556567420743261E-16, 3.399999999999999467 ) ) ;
#11 = CARTESIAN_POINT ( 'NONE',  ( 34.95714285714286262, -2.999693861930933014, -3.799999999999999378 ) ) ;
#12 = EDGE_CURVE ( 'NONE', #1212, #32, #302, .T. ) ;
#13 = FACE_OUTER_BOUND ( 'NONE', #1029, .T. ) ;
#14 = ORIENTED_EDGE ( 'NONE', *, *, #950, .T. ) ;
#15 = DIRECTION ( 'NONE',  ( -1.000000000000000000, 0.000000000000000000, 0.000000000000000000 ) ) ;
#16 = DIRECTION ( 'NONE',  ( -0.000000000000000000, -0.000000000000000000, 1.000000000000000000 ) ) ;
#17 = EDGE_LOOP ( 'NONE', ( #45, #417 ) ) ;
#18 = DIRECTION ( 'NONE',  ( 0.000000000000000000, 0.000000000000000000, 1.000000000000000000 ) ) ;
#19 = AXIS2_PLACEMENT_3D ( 'NONE', #691, #1708, #986 ) ;
#20 = CARTESIAN_POINT ( 'NONE',  ( 2.866778233238997053, -2.658511346294593736, 4.794589637868679866 ) ) ;
#21 = ORIENTED_EDGE ( 'NONE', *, *, #1066, .F. ) ;
#22 = CIRCLE ( 'NONE', #962, 1.824999999999999734 ) ;
#23 = DIRECTION ( 'NONE',  ( 0.000000000000000000, 0.000000000000000000, 1.000000000000000000 ) ) ;
#24 =( LENGTH_UNIT ( ) NAMED_UNIT ( * ) SI_UNIT ( .MILLI., .METRE. ) );
#25 = AXIS2_PLACEMENT_3D ( 'NONE', #357, #1384, #66 ) ;
#26 = ORIENTED_EDGE ( 'NONE', *, *, #1109, .T. ) ;
#27 = EDGE_CURVE ( 'NONE', #176, #32, #141, .T. ) ;
#28 = LINE ( 'NONE', #1068, #1668 ) ;
#29 = AXIS2_PLACEMENT_3D ( 'NONE', #1492, #1191, #1647 ) ;
#30 = FACE_OUTER_BOUND ( 'NONE', #1049, .T. ) ;
#31 = CYLINDRICAL_SURFACE ( 'NONE', #1846, 1.000000000000000000 ) ;
#32 = VERTEX_POINT ( 'NONE', #1645 ) ;
#33 = ADVANCED_FACE ( 'NONE', ( #894 ), #1686, .T. ) ;
#34 = AXIS2_PLACEMENT_3D ( 'NONE', #1661, #1522, #796 ) ;
#35 = CIRCLE ( 'NONE', #1117, 2.012500000000000178 ) ;
#36 = CARTESIAN_POINT ( 'NONE',  ( 3.024999999999999911, 0.000000000000000000, 3.399999999999999467 ) ) ;
#37 = ORIENTED_EDGE ( 'NONE', *, *, #367, .F. ) ;
#38 = EDGE_CURVE ( 'NONE', #929, #511, #1617, .T. ) ;
#39 = VERTEX_POINT ( 'NONE', #2 ) ;
#40 = CARTESIAN_POINT ( 'NONE',  ( 35.00000000000000000, 0.000000000000000000, 3.800000000000000266 ) ) ;
#41 = ORIENTED_EDGE ( 'NONE', *, *, #863, .F. ) ;
#42 = ADVANCED_FACE ( 'NONE', ( #601 ), #918, .F. ) ;
#43 = DIRECTION ( 'NONE',  ( 0.000000000000000000, 0.000000000000000000, 1.000000000000000000 ) ) ;
#44 = DIRECTION ( 'NONE',  ( 1.000000000000000000, 0.000000000000000000, 0.000000000000000000 ) ) ;
#45 = ORIENTED_EDGE ( 'NONE', *, *, #808, .F. ) ;
#46 = LINE ( 'NONE', #1654, #91 ) ;
#47 = DIRECTION ( 'NONE',  ( -0.000000000000000000, -0.000000000000000000, 1.000000000000000000 ) ) ;
#48 = ORIENTED_EDGE ( 'NONE', *, *, #1735, .F. ) ;
#49 = ORIENTED_EDGE ( 'NONE', *, *, #296, .F. ) ;
#50 = EDGE_CURVE ( 'NONE', #1085, #1677, #159, .T. ) ;
#51 = DIRECTION ( 'NONE',  ( 0.9936863297198856859, -0.1121939308867587193, 0.000000000000000000 ) ) ;
#52 = ORIENTED_EDGE ( 'NONE', *, *, #665, .F. ) ;
#53 = CARTESIAN_POINT ( 'NONE',  ( -0.8250598959548857136, 5.279882440875898197, -3.799999999999999378 ) ) ;
#54 = CARTESIAN_POINT ( 'NONE',  ( 34.94285714285714306, -3.999591815907911130, -3.799999999999999378 ) ) ;
#55 = ORIENTED_EDGE ( 'NONE', *, *, #1531, .T. ) ;
#56 = AXIS2_PLACEMENT_3D ( 'NONE', #1031, #137, #1604 ) ;
#57 = CARTESIAN_POINT ( 'NONE',  ( -3.207763164709032111, -1.400091239575441016, -1.449999999999999956 ) ) ;
#58 = PLANE ( 'NONE',  #1387 ) ;
#59 = EDGE_CURVE ( 'NONE', #449, #39, #212, .T. ) ;
#60 = VERTEX_POINT ( 'NONE', #1754 ) ;
#61 = CYLINDRICAL_SURFACE ( 'NONE', #778, 1.024999999999999911 ) ;
#62 = DIRECTION ( 'NONE',  ( -0.000000000000000000, -0.000000000000000000, -1.000000000000000000 ) ) ;
#63 = AXIS2_PLACEMENT_3D ( 'NONE', #192, #634, #169 ) ;
#64 = ORIENTED_EDGE ( 'NONE', *, *, #1176, .T. ) ;
#65 = EDGE_CURVE ( 'NONE', #276, #1677, #1128, .T. ) ;
#66 = DIRECTION ( 'NONE',  ( 1.000000000000000000, 0.000000000000000000, 0.000000000000000000 ) ) ;
#67 = AXIS2_PLACEMENT_3D ( 'NONE', #1145, #1858, #78 ) ;
#68 = DIRECTION ( 'NONE',  ( -0.1121939308867587470, -0.9936863297198856859, 0.000000000000000000 ) ) ;
#69 = VECTOR ( 'NONE', #938, 1000.000000000000000 ) ;
#70 = AXIS2_PLACEMENT_3D ( 'NONE', #1741, #415, #430 ) ;
#71 = ORIENTED_EDGE ( 'NONE', *, *, #1898, .F. ) ;
#72 = DIRECTION ( 'NONE',  ( 0.1479802579602717272, 0.9889903150456081926, -0.000000000000000000 ) ) ;
#73 = DIRECTION ( 'NONE',  ( 1.000000000000000000, 0.000000000000000000, 0.000000000000000000 ) ) ;
#74 = ORIENTED_EDGE ( 'NONE', *, *, #112, .T. ) ;
#75 = DIRECTION ( 'NONE',  ( 1.000000000000000000, 0.000000000000000000, 0.000000000000000000 ) ) ;
#76 = CARTESIAN_POINT ( 'NONE',  ( -1.825059895954885825, 5.279882440875898197, -4.799999999999999822 ) ) ;
#77 = EDGE_CURVE ( 'NONE', #501, #639, #1281, .T. ) ;
#78 = DIRECTION ( 'NONE',  ( -0.9936863297198856859, 0.1121939308867587193, 0.000000000000000000 ) ) ;
#79 = CARTESIAN_POINT ( 'NONE',  ( -2.624269610045286250, 7.279676179437156947, -4.799921871948003904 ) ) ;
#80 = ORIENTED_EDGE ( 'NONE', *, *, #259, .F. ) ;
#81 = ORIENTED_EDGE ( 'NONE', *, *, #732, .F. ) ;
#82 = CARTESIAN_POINT ( 'NONE',  ( -2.513478103294610744, 8.260941430035552813, 3.800000000000000266 ) ) ;
#83 = LINE ( 'NONE', #1397, #1265 ) ;
#84 = EDGE_CURVE ( 'NONE', #985, #32, #223, .T. ) ;
#85 = CARTESIAN_POINT ( 'NONE',  ( -0.04660714285714286781, -3.262167074849890547, 4.446988214730376754 ) ) ;
#86 = CARTESIAN_POINT ( 'NONE',  ( -3.024999999999999911, 0.000000000000000000, -3.399999999999999467 ) ) ;
#87 = ORIENTED_EDGE ( 'NONE', *, *, #1847, .T. ) ;
#88 = ORIENTED_EDGE ( 'NONE', *, *, #1808, .F. ) ;
#89 = ADVANCED_FACE ( 'NONE', ( #1251 ), #1834, .T. ) ;
#90 = B_SPLINE_CURVE_WITH_KNOTS ( 'NONE', 3,
 ( #774, #1367, #1355, #1667 ),
 .UNSPECIFIED., .F., .F.,
 ( 4, 4 ),
 ( 0.0001030328929320122787, 0.001479232263037829178 ),
 .UNSPECIFIED. ) ;
#91 = VECTOR ( 'NONE', #1223, 1000.000000000000000 ) ;
#92 = CARTESIAN_POINT ( 'NONE',  ( 34.94285714285714306, -3.999591815907911130, -4.799999999999999822 ) ) ;
#93 = CYLINDRICAL_SURFACE ( 'NONE', #410, 3.499999999999999556 ) ;
#94 = VECTOR ( 'NONE', #47, 1000.000000000000000 ) ;
#95 = AXIS2_PLACEMENT_3D ( 'NONE', #1568, #1121, #421 ) ;
#96 = EDGE_CURVE ( 'NONE', #647, #846, #1854, .T. ) ;
#97 = VECTOR ( 'NONE', #158, 1000.000000000000000 ) ;
#98 = DIRECTION ( 'NONE',  ( -0.000000000000000000, -0.000000000000000000, 1.000000000000000000 ) ) ;
#99 = DIRECTION ( 'NONE',  ( -0.9889903150456081926, 0.1479802579602717272, 0.000000000000000000 ) ) ;
#100 = ORIENTED_EDGE ( 'NONE', *, *, #715, .T. ) ;
#101 = ORIENTED_EDGE ( 'NONE', *, *, #1087, .T. ) ;
#102 = CARTESIAN_POINT ( 'NONE',  ( -3.512465595775572158, 0.6220610151908698704, -4.689509159233256064 ) ) ;
#103 = DIRECTION ( 'NONE',  ( -0.000000000000000000, -0.000000000000000000, -1.000000000000000000 ) ) ;
#104 = ADVANCED_FACE ( 'NONE', ( #707 ), #738, .T. ) ;
#105 = PLANE ( 'NONE',  #121 ) ;
#106 = CARTESIAN_POINT ( 'NONE',  ( 0.000000000000000000, 0.000000000000000000, -3.399999999999999467 ) ) ;
#107 = ORIENTED_EDGE ( 'NONE', *, *, #1037, .T. ) ;
#108 = ORIENTED_EDGE ( 'NONE', *, *, #682, .T. ) ;
#109 = CARTESIAN_POINT ( 'NONE',  ( -3.469361010337763673, 0.3100883556367521332, -4.635509014546467021 ) ) ;
#110 = CARTESIAN_POINT ( 'NONE',  ( -3.024999999999999911, 0.000000000000000000, -3.799999999999999378 ) ) ;
#111 = DIRECTION ( 'NONE',  ( 1.000000000000000000, 3.552713678800500929E-15, 0.000000000000000000 ) ) ;
#112 = EDGE_CURVE ( 'NONE', #1257, #364, #1270, .T. ) ;
#113 = CARTESIAN_POINT ( 'NONE',  ( 0.000000000000000000, 0.000000000000000000, -4.799999999999999822 ) ) ;
#114 = CARTESIAN_POINT ( 'NONE',  ( -2.850059895954885736, 5.279882440875898197, 1.449999999999999956 ) ) ;
#115 = EDGE_LOOP ( 'NONE', ( #1175, #1859, #811, #1733 ) ) ;
#116 = VERTEX_POINT ( 'NONE', #1842 ) ;
#117 = CARTESIAN_POINT ( 'NONE',  ( -2.850059895954885736, 5.279882440875898197, 1.249999999999999778 ) ) ;
#118 = DIRECTION ( 'NONE',  ( -1.000000000000000000, 0.000000000000000000, 0.000000000000000000 ) ) ;
#119 = AXIS2_PLACEMENT_3D ( 'NONE', #447, #877, #1024 ) ;
#120 = DIRECTION ( 'NONE',  ( 1.000000000000000000, 0.000000000000000000, 0.000000000000000000 ) ) ;
#121 = AXIS2_PLACEMENT_3D ( 'NONE', #113, #1432, #1408 ) ;
#122 = FACE_OUTER_BOUND ( 'NONE', #335, .T. ) ;
#123 = AXIS2_PLACEMENT_3D ( 'NONE', #1756, #1040, #750 ) ;
#124 = PLANE ( 'NONE',  #788 ) ;
#125 = ORIENTED_EDGE ( 'NONE', *, *, #303, .T. ) ;
#126 = ORIENTED_EDGE ( 'NONE', *, *, #1821, .T. ) ;
#127 = CIRCLE ( 'NONE', #386, 1.024999999999999911 ) ;
#128 = DIRECTION ( 'NONE',  ( 0.000000000000000000, 0.000000000000000000, -1.000000000000000000 ) ) ;
#129 = DIRECTION ( 'NONE',  ( -1.000000000000000000, 0.000000000000000000, 0.000000000000000000 ) ) ;
#130 = CARTESIAN_POINT ( 'NONE',  ( -3.024999999999999911, 3.704556567420743261E-16, 3.399999999999999467 ) ) ;
#131 = FACE_OUTER_BOUND ( 'NONE', #776, .T. ) ;
#132 = CYLINDRICAL_SURFACE ( 'NONE', #815, 3.600000000000000533 ) ;
#133 = LINE ( 'NONE', #1309, #472 ) ;
#134 = EDGE_LOOP ( 'NONE', ( #379, #1090 ) ) ;
#135 = EDGE_LOOP ( 'NONE', ( #1707, #764, #514, #1427, #1839, #1852, #544 ) ) ;
#136 = DIRECTION ( 'NONE',  ( 1.000000000000000000, 0.000000000000000000, 0.000000000000000000 ) ) ;
#137 = DIRECTION ( 'NONE',  ( -0.000000000000000000, -0.000000000000000000, -1.000000000000000000 ) ) ;
#138 = ADVANCED_FACE ( 'NONE', ( #232 ), #1539, .T. ) ;
#139 = CARTESIAN_POINT ( 'NONE',  ( -4.556173373952495886, 4.189102077927014278, 4.799999999999999822 ) ) ;
#140 = B_SPLINE_CURVE_WITH_KNOTS ( 'NONE', 3,
 ( #897, #1201, #1798, #1786, #790, #1073, #1636, #1655, #462, #20, #1048, #1481 ),
 .UNSPECIFIED., .F., .F.,
 ( 4, 2, 2, 2, 2, 4 ),
 ( 3.756475681988848002E-06, 0.0008259201660482883532, 0.001648083856414587741, 0.002470247546780887128, 0.002881329391964036497, 0.003292411237147185865 ),
 .UNSPECIFIED. ) ;
#141 = CIRCLE ( 'NONE', #922, 1.024999999999999911 ) ;
#142 = DIRECTION ( 'NONE',  ( 1.000000000000000000, 0.000000000000000000, 0.000000000000000000 ) ) ;
#143 = ORIENTED_EDGE ( 'NONE', *, *, #1835, .F. ) ;
#144 = VERTEX_POINT ( 'NONE', #840 ) ;
#145 = AXIS2_PLACEMENT_3D ( 'NONE', #1404, #972, #847 ) ;
#146 = CARTESIAN_POINT ( 'NONE',  ( -4.652200285436142835, 4.377862340121280837, 4.799921871948003904 ) ) ;
#147 = DIRECTION ( 'NONE',  ( -0.000000000000000000, -0.000000000000000000, 1.000000000000000000 ) ) ;
#148 = ORIENTED_EDGE ( 'NONE', *, *, #1716, .F. ) ;
#149 = DIRECTION ( 'NONE',  ( 0.4000260684501260044, -0.9165037613454377619, 0.000000000000000000 ) ) ;
#150 = AXIS2_PLACEMENT_3D ( 'NONE', #1796, #484, #1072 ) ;
#151 = ADVANCED_FACE ( 'NONE', ( #545 ), #1396, .F. ) ;
#152 = AXIS2_PLACEMENT_3D ( 'NONE', #947, #775, #1809 ) ;
#153 = CARTESIAN_POINT ( 'NONE',  ( -3.469264641299727003, 0.3096266566652206009, 4.635432790366702527 ) ) ;
#154 = CIRCLE ( 'NONE', #1783, 4.025000000000000355 ) ;
#155 = VERTEX_POINT ( 'NONE', #1131 ) ;
#156 = AXIS2_PLACEMENT_3D ( 'NONE', #1688, #219, #1698 ) ;
#157 = DIRECTION ( 'NONE',  ( 1.000000000000000000, 0.000000000000000000, 0.000000000000000000 ) ) ;
#158 = DIRECTION ( 'NONE',  ( 0.000000000000000000, 0.000000000000000000, 1.000000000000000000 ) ) ;
#159 = LINE ( 'NONE', #460, #677 ) ;
#160 = CIRCLE ( 'NONE', #1788, 3.024999999999999911 ) ;
#161 = DIRECTION ( 'NONE',  ( -1.000000000000000000, 0.000000000000000000, -0.000000000000000000 ) ) ;
#162 = ORIENTED_EDGE ( 'NONE', *, *, #937, .F. ) ;
#163 = CARTESIAN_POINT ( 'NONE',  ( -3.561218570615738876, 1.570292577487126806, 4.792706897860814941 ) ) ;
#164 = EDGE_LOOP ( 'NONE', ( #1017, #1138, #1011, #522, #705, #1077, #1028, #88 ) ) ;
#165 = EDGE_CURVE ( 'NONE', #1677, #1241, #1260, .T. ) ;
#166 = FACE_OUTER_BOUND ( 'NONE', #1866, .T. ) ;
#167 = DIRECTION ( 'NONE',  ( 0.9165037613454377619, 0.4000260684501258379, 0.000000000000000000 ) ) ;
#168 = DIRECTION ( 'NONE',  ( -0.01428571428571668092, -0.9998979539769780045, 0.000000000000000000 ) ) ;
#169 = DIRECTION ( 'NONE',  ( 1.000000000000000000, 0.000000000000000000, 0.000000000000000000 ) ) ;
#170 = DIRECTION ( 'NONE',  ( 1.000000000000000000, 0.000000000000000000, 0.000000000000000000 ) ) ;
#171 = ORIENTED_EDGE ( 'NONE', *, *, #1335, .T. ) ;
#172 = DIRECTION ( 'NONE',  ( 1.000000000000000000, 0.000000000000000000, 0.000000000000000000 ) ) ;
#173 = VERTEX_POINT ( 'NONE', #552 ) ;
#174 = CARTESIAN_POINT ( 'NONE',  ( -2.850059895954885736, 5.279882440875898197, 1.249999999999999778 ) ) ;
#175 = CARTESIAN_POINT ( 'NONE',  ( -2.625672034181369519, 7.267255100315668237, -3.799999999999999378 ) ) ;
#176 = VERTEX_POINT ( 'NONE', #1422 ) ;
#177 = ADVANCED_FACE ( 'NONE', ( #1125 ), #960, .T. ) ;
#178 = AXIS2_PLACEMENT_3D ( 'NONE', #1272, #997, #1861 ) ;
#179 = DIRECTION ( 'NONE',  ( 1.000000000000000000, 0.000000000000000000, 0.000000000000000000 ) ) ;
#180 = DIRECTION ( 'NONE',  ( 1.000000000000000000, 0.000000000000000000, 0.000000000000000000 ) ) ;
#181 = ORIENTED_EDGE ( 'NONE', *, *, #1109, .F. ) ;
#182 = ORIENTED_EDGE ( 'NONE', *, *, #688, .T. ) ;
#183 = AXIS2_PLACEMENT_3D ( 'NONE', #427, #857, #111 ) ;
#184 = CARTESIAN_POINT ( 'NONE',  ( 0.000000000000000000, 0.000000000000000000, 3.800000000000000266 ) ) ;
#185 = CIRCLE ( 'NONE', #1566, 2.999999999999998668 ) ;
#186 = ORIENTED_EDGE ( 'NONE', *, *, #217, .T. ) ;
#187 = LINE ( 'NONE', #228, #868 ) ;
#188 = AXIS2_PLACEMENT_3D ( 'NONE', #577, #1161, #1308 ) ;
#189 = DIRECTION ( 'NONE',  ( 0.000000000000000000, 0.000000000000000000, 1.000000000000000000 ) ) ;
#190 = ORIENTED_EDGE ( 'NONE', *, *, #987, .F. ) ;
#191 = CIRCLE ( 'NONE', #507, 1.000000000000000000 ) ;
#192 = CARTESIAN_POINT ( 'NONE',  ( -2.850059895954885736, 5.279882440875898197, 3.800000000000000266 ) ) ;
#193 = PRODUCT_DEFINITION_FORMATION_WITH_SPECIFIED_SOURCE ( 'ÈÎºÎ', '', #1596, .NOT_KNOWN. ) ;
#194 = CARTESIAN_POINT ( 'NONE',  ( -2.850059895954885736, 5.279882440875898197, 4.799999999999999822 ) ) ;
#195 = EDGE_CURVE ( 'NONE', #406, #1257, #496, .T. ) ;
#196 = EDGE_LOOP ( 'NONE', ( #1395, #979, #1282, #1812 ) ) ;
#197 = EDGE_CURVE ( 'NONE', #1493, #1293, #400, .T. ) ;
#198 = UNCERTAINTY_MEASURE_WITH_UNIT (LENGTH_MEASURE( 1.000000000000000082E-05 ), #24, 'distance_accuracy_value', 'NONE');
#199 = VERTEX_POINT ( 'NONE', #392 ) ;
#200 = CARTESIAN_POINT ( 'NONE',  ( -2.850059895954885736, 5.279882440875898197, 1.449999999999999956 ) ) ;
#201 = VERTEX_POINT ( 'NONE', #82 ) ;
#202 = CARTESIAN_POINT ( 'NONE',  ( -0.05000000000000000278, -3.499642838919422516, -3.799999999999999378 ) ) ;
#203 = DIRECTION ( 'NONE',  ( 1.000000000000000000, 0.000000000000000000, 0.000000000000000000 ) ) ;
#204 = ORIENTED_EDGE ( 'NONE', *, *, #1601, .T. ) ;
#205 = ADVANCED_FACE ( 'NONE', ( #1118, #1701 ), #1555, .T. ) ;
#206 = CARTESIAN_POINT ( 'NONE',  ( 35.00000000000000000, 0.000000000000000000, 3.800000000000000266 ) ) ;
#207 =( NAMED_UNIT ( * ) SI_UNIT ( $, .STERADIAN. ) SOLID_ANGLE_UNIT ( ) );
#208 = ORIENTED_EDGE ( 'NONE', *, *, #242, .F. ) ;
#209 = DIRECTION ( 'NONE',  ( 1.000000000000000000, 0.000000000000000000, 0.000000000000000000 ) ) ;
#210 = CARTESIAN_POINT ( 'NONE',  ( 0.000000000000000000, 0.000000000000000000, -3.399999999999999467 ) ) ;
#211 = VERTEX_POINT ( 'NONE', #1563 ) ;
#212 = CIRCLE ( 'NONE', #1587, 4.025000000000000355 ) ;
#213 = CARTESIAN_POINT ( 'NONE',  ( -1.582006206600620635, 3.701064895712734337, 4.799999999999999822 ) ) ;
#214 = FACE_OUTER_BOUND ( 'NONE', #837, .T. ) ;
#215 = EDGE_CURVE ( 'NONE', #267, #1348, #1403, .T. ) ;
#216 = ORIENTED_EDGE ( 'NONE', *, *, #1172, .T. ) ;
#217 = EDGE_CURVE ( 'NONE', #173, #1323, #1187, .T. ) ;
#218 = CARTESIAN_POINT ( 'NONE',  ( 0.7103052382093048012, 4.747153512218919680, -1.449999999999999956 ) ) ;
#219 = DIRECTION ( 'NONE',  ( -0.000000000000000000, -0.000000000000000000, 1.000000000000000000 ) ) ;
#220 = AXIS2_PLACEMENT_3D ( 'NONE', #609, #1497, #916 ) ;
#221 = ORIENTED_EDGE ( 'NONE', *, *, #50, .T. ) ;
#222 = VECTOR ( 'NONE', #800, 1000.000000000000000 ) ;
#223 = LINE ( 'NONE', #1574, #765 ) ;
#224 = AXIS2_PLACEMENT_3D ( 'NONE', #53, #1577, #844 ) ;
#225 = CARTESIAN_POINT ( 'NONE',  ( -1.825059895954885825, 5.279882440875898197, -4.799999999999999822 ) ) ;
#226 = AXIS2_PLACEMENT_3D ( 'NONE', #328, #771, #1043 ) ;
#227 = AXIS2_PLACEMENT_3D ( 'NONE', #859, #872, #1302 ) ;
#228 = CARTESIAN_POINT ( 'NONE',  ( -0.05000000000000000278, -3.499642838919422516, 3.800000000000000266 ) ) ;
#229 = CYLINDRICAL_SURFACE ( 'NONE', #973, 1.024999999999999911 ) ;
#230 = ORIENTED_EDGE ( 'NONE', *, *, #280, .F. ) ;
#231 = ORIENTED_EDGE ( 'NONE', *, *, #792, .T. ) ;
#232 = FACE_OUTER_BOUND ( 'NONE', #1674, .T. ) ;
#233 = EDGE_CURVE ( 'NONE', #1690, #1623, #574, .T. ) ;
#234 = LINE ( 'NONE', #253, #1019 ) ;
#235 = PRODUCT_DEFINITION_CONTEXT ( 'detailed design', #244, 'design' ) ;
#236 = ADVANCED_FACE ( 'NONE', ( #432 ), #1177, .F. ) ;
#237 = CARTESIAN_POINT ( 'NONE',  ( -0.5179309028609507815, -3.461466102659628952, 1.449999999999999956 ) ) ;
#238 = DIRECTION ( 'NONE',  ( 0.000000000000000000, 0.000000000000000000, 1.000000000000000000 ) ) ;
#239 = ORIENTED_EDGE ( 'NONE', *, *, #971, .T. ) ;
#240 = VERTEX_POINT ( 'NONE', #1448 ) ;
#241 = DIRECTION ( 'NONE',  ( 1.000000000000000000, 0.000000000000000000, 0.000000000000000000 ) ) ;
#242 = EDGE_CURVE ( 'NONE', #1627, #994, #1521, .T. ) ;
#243 = DIRECTION ( 'NONE',  ( 0.000000000000000000, 0.000000000000000000, 1.000000000000000000 ) ) ;
#244 = APPLICATION_CONTEXT ( 'automotive_design' ) ;
#245 = EDGE_CURVE ( 'NONE', #852, #1085, #602, .T. ) ;
#246 = EDGE_CURVE ( 'NONE', #305, #176, #946, .T. ) ;
#247 = DIRECTION ( 'NONE',  ( 0.000000000000000000, 0.000000000000000000, 1.000000000000000000 ) ) ;
#248 = CARTESIAN_POINT ( 'NONE',  ( -0.03571428571428571230, -2.499744884942444401, -3.799999999999999378 ) ) ;
#249 = ORIENTED_EDGE ( 'NONE', *, *, #1366, .F. ) ;
#250 = ORIENTED_EDGE ( 'NONE', *, *, #77, .T. ) ;
#251 = AXIS2_PLACEMENT_3D ( 'NONE', #473, #643, #1491 ) ;
#252 = CARTESIAN_POINT ( 'NONE',  ( 0.000000000000000000, 0.000000000000000000, 4.799999999999999822 ) ) ;
#253 = CARTESIAN_POINT ( 'NONE',  ( -4.803529354745141866, 2.255984778326171725, -1.449999999999999956 ) ) ;
#254 = AXIS2_PLACEMENT_3D ( 'NONE', #1550, #1278, #383 ) ;
#255 = CIRCLE ( 'NONE', #1359, 3.024999999999999911 ) ;
#256 = CIRCLE ( 'NONE', #1449, 4.025000000000000355 ) ;
#257 = FACE_OUTER_BOUND ( 'NONE', #17, .T. ) ;
#258 = EDGE_LOOP ( 'NONE', ( #838, #1205 ) ) ;
#259 = EDGE_CURVE ( 'NONE', #1323, #1222, #418, .T. ) ;
#260 = ORIENTED_EDGE ( 'NONE', *, *, #65, .F. ) ;
#261 = AXIS2_PLACEMENT_3D ( 'NONE', #599, #874, #1759 ) ;
#262 = CARTESIAN_POINT ( 'NONE',  ( -1.582006206600620635, 3.701064895712734337, -4.799999999999999822 ) ) ;
#263 = EDGE_CURVE ( 'NONE', #1411, #240, #560, .T. ) ;
#264 = DIRECTION ( 'NONE',  ( 0.9936863297198856859, -0.1121939308867587193, 0.000000000000000000 ) ) ;
#265 = LINE ( 'NONE', #414, #1514 ) ;
#266 = CARTESIAN_POINT ( 'NONE',  ( -1.025059895954886002, 5.279882440875898197, 1.249999999999999778 ) ) ;
#267 = VERTEX_POINT ( 'NONE', #1285 ) ;
#268 = ORIENTED_EDGE ( 'NONE', *, *, #246, .F. ) ;
#269 = CARTESIAN_POINT ( 'NONE',  ( -4.556173373952495886, 4.189102077927014278, 4.799999999999999822 ) ) ;
#270 = CARTESIAN_POINT ( 'NONE',  ( -2.850059895954885736, 5.279882440875898197, 1.449999999999999956 ) ) ;
#271 = CARTESIAN_POINT ( 'NONE',  ( -0.03571428571428574006, -2.499744884942444845, -3.799999999999999378 ) ) ;
#272 = AXIS2_PLACEMENT_3D ( 'NONE', #452, #1477, #129 ) ;
#273 = DIRECTION ( 'NONE',  ( 0.9936863297198854639, -0.1121939308867599822, 0.000000000000000000 ) ) ;
#274 = LINE ( 'NONE', #1723, #322 ) ;
#275 = VERTEX_POINT ( 'NONE', #1004 ) ;
#276 = VERTEX_POINT ( 'NONE', #884 ) ;
#277 = EDGE_CURVE ( 'NONE', #176, #199, #1438, .T. ) ;
#278 = CARTESIAN_POINT ( 'NONE',  ( 0.000000000000000000, 0.000000000000000000, 3.399999999999999467 ) ) ;
#279 = LINE ( 'NONE', #130, #1088 ) ;
#280 = EDGE_CURVE ( 'NONE', #944, #199, #1594, .T. ) ;
#281 = CIRCLE ( 'NONE', #25, 2.024999999999999911 ) ;
#282 = CIRCLE ( 'NONE', #1140, 1.824999999999999734 ) ;
#283 = DIRECTION ( 'NONE',  ( 1.000000000000000000, 0.000000000000000000, 0.000000000000000000 ) ) ;
#284 = CIRCLE ( 'NONE', #500, 2.012500000000000178 ) ;
#285 = AXIS2_PLACEMENT_3D ( 'NONE', #401, #991, #549 ) ;
#286 = CARTESIAN_POINT ( 'NONE',  ( 0.000000000000000000, 0.000000000000000000, 3.399999999999999467 ) ) ;
#287 = AXIS2_PLACEMENT_3D ( 'NONE', #1643, #1035, #494 ) ;
#288 = CARTESIAN_POINT ( 'NONE',  ( -2.513478103294610744, 8.260941430035552813, -4.799999999999999822 ) ) ;
#289 = ORIENTED_EDGE ( 'NONE', *, *, #937, .T. ) ;
#290 = CIRCLE ( 'NONE', #633, 1.000000000000000000 ) ;
#291 = DIRECTION ( 'NONE',  ( 1.000000000000000000, 0.000000000000000000, 0.000000000000000000 ) ) ;
#292 = EDGE_CURVE ( 'NONE', #1237, #1184, #1693, .T. ) ;
#293 = DIRECTION ( 'NONE',  ( -0.000000000000000000, -0.000000000000000000, -1.000000000000000000 ) ) ;
#294 = DIRECTION ( 'NONE',  ( 0.000000000000000000, 0.000000000000000000, 1.000000000000000000 ) ) ;
#295 = CARTESIAN_POINT ( 'NONE',  ( -2.225990487716879240, 3.353444698902006582, -4.799999999999999822 ) ) ;
#296 = EDGE_CURVE ( 'NONE', #1155, #1580, #1045, .T. ) ;
#297 = PRODUCT_CONTEXT ( 'NONE', #463, 'mechanical' ) ;
#298 = ORIENTED_EDGE ( 'NONE', *, *, #277, .T. ) ;
#299 = VERTEX_POINT ( 'NONE', #1618 ) ;
#300 = CARTESIAN_POINT ( 'NONE',  ( -3.559231665093846253, 1.731960473170351289, -4.799999999999999822 ) ) ;
#301 = DIRECTION ( 'NONE',  ( -0.4000260684501258379, 0.9165037613454378729, -0.000000000000000000 ) ) ;
#302 = LINE ( 'NONE', #734, #1434 ) ;
#303 = EDGE_CURVE ( 'NONE', #449, #1806, #442, .T. ) ;
#304 = CARTESIAN_POINT ( 'NONE',  ( 35.00000000000000000, 0.000000000000000000, -3.799999999999999378 ) ) ;
#305 = VERTEX_POINT ( 'NONE', #714 ) ;
#306 = DIRECTION ( 'NONE',  ( 1.000000000000000000, 0.000000000000000000, 0.000000000000000000 ) ) ;
#307 = ORIENTED_EDGE ( 'NONE', *, *, #1336, .F. ) ;
#308 = DIRECTION ( 'NONE',  ( -1.000000000000000000, 0.000000000000000000, 0.000000000000000000 ) ) ;
#309 = LINE ( 'NONE', #1508, #356 ) ;
#310 = DIRECTION ( 'NONE',  ( 0.000000000000000000, 0.000000000000000000, 1.000000000000000000 ) ) ;
#311 = DIRECTION ( 'NONE',  ( -0.9998979539769782265, 0.01428571428571426966, 0.000000000000000000 ) ) ;
#312 = TOROIDAL_SURFACE ( 'NONE', #1318, 4.025000000000000355, 1.000000000000000000 ) ;
#313 = EDGE_CURVE ( 'NONE', #606, #1725, #358, .T. ) ;
#314 = CARTESIAN_POINT ( 'NONE',  ( -2.850059895954885736, 5.279882440875898197, -4.799999999999999822 ) ) ;
#315 = SHAPE_DEFINITION_REPRESENTATION ( #1307, #519 ) ;
#316 = TOROIDAL_SURFACE ( 'NONE', #1599, 1.999999999999998668, 1.000000000000000000 ) ;
#317 = ORIENTED_EDGE ( 'NONE', *, *, #1601, .F. ) ;
#318 = CIRCLE ( 'NONE', #628, 1.824999999999999512 ) ;
#319 = LINE ( 'NONE', #331, #407 ) ;
#320 = LINE ( 'NONE', #1057, #781 ) ;
#321 = ORIENTED_EDGE ( 'NONE', *, *, #746, .F. ) ;
#322 = VECTOR ( 'NONE', #1864, 1000.000000000000000 ) ;
#323 = FACE_OUTER_BOUND ( 'NONE', #1365, .T. ) ;
#324 = EDGE_CURVE ( 'NONE', #769, #926, #653, .T. ) ;
#325 = FACE_BOUND ( 'NONE', #134, .T. ) ;
#326 = ORIENTED_EDGE ( 'NONE', *, *, #1882, .T. ) ;
#327 = VERTEX_POINT ( 'NONE', #892 ) ;
#328 = CARTESIAN_POINT ( 'NONE',  ( -4.875059895954885647, 5.279882440875898197, -3.799999999999999378 ) ) ;
#329 = EDGE_CURVE ( 'NONE', #211, #1036, #1906, .T. ) ;
#330 = ORIENTED_EDGE ( 'NONE', *, *, #1394, .T. ) ;
#331 = CARTESIAN_POINT ( 'NONE',  ( -4.683067418645760149, 4.479830303975645300, -4.799999999999999822 ) ) ;
#332 = CARTESIAN_POINT ( 'NONE',  ( -5.599571179991198022, 4.079804235525519296, 3.800000000000000266 ) ) ;
#333 = CARTESIAN_POINT ( 'NONE',  ( -2.850059895954885736, 5.279882440875898197, 1.249999999999999778 ) ) ;
#334 = EDGE_LOOP ( 'NONE', ( #1410, #1276, #1614, #1887 ) ) ;
#335 = EDGE_LOOP ( 'NONE', ( #52, #1319, #326, #1600 ) ) ;
#336 = CARTESIAN_POINT ( 'NONE',  ( 38.00000000000000711, 0.000000000000000000, 3.800000000000000266 ) ) ;
#337 = CARTESIAN_POINT ( 'NONE',  ( 0.000000000000000000, 0.000000000000000000, 0.000000000000000000 ) ) ;
#338 = ORIENTED_EDGE ( 'NONE', *, *, #1802, .T. ) ;
#339 = DIRECTION ( 'NONE',  ( 0.000000000000000000, 0.000000000000000000, 1.000000000000000000 ) ) ;
#340 = VECTOR ( 'NONE', #678, 1000.000000000000000 ) ;
#341 = DIRECTION ( 'NONE',  ( 1.000000000000000000, 0.000000000000000000, 0.000000000000000000 ) ) ;
#342 = EDGE_CURVE ( 'NONE', #1194, #424, #1815, .T. ) ;
#343 = ORIENTED_EDGE ( 'NONE', *, *, #584, .F. ) ;
#344 = PLANE ( 'NONE',  #434 ) ;
#345 = CARTESIAN_POINT ( 'NONE',  ( -2.513478103294610744, 8.260941430035552813, -1.449999999999999956 ) ) ;
#346 = ORIENTED_EDGE ( 'NONE', *, *, #876, .F. ) ;
#347 = ORIENTED_EDGE ( 'NONE', *, *, #665, .T. ) ;
#348 = AXIS2_PLACEMENT_3D ( 'NONE', #304, #887, #120 ) ;
#349 = DIRECTION ( 'NONE',  ( 1.000000000000000000, 0.000000000000000000, 0.000000000000000000 ) ) ;
#350 = TOROIDAL_SURFACE ( 'NONE', #1110, 2.999999999999999112, 1.000000000000000000 ) ;
#351 = ORIENTED_EDGE ( 'NONE', *, *, #292, .T. ) ;
#352 = CARTESIAN_POINT ( 'NONE',  ( 2.613471096146901651, -2.762128803040318381, -4.775991778174094371 ) ) ;
#353 = AXIS2_PLACEMENT_3D ( 'NONE', #728, #1740, #596 ) ;
#354 = DIRECTION ( 'NONE',  ( 0.000000000000000000, 0.000000000000000000, 1.000000000000000000 ) ) ;
#355 = ORIENTED_EDGE ( 'NONE', *, *, #1114, .F. ) ;
#356 = VECTOR ( 'NONE', #147, 1000.000000000000000 ) ;
#357 = CARTESIAN_POINT ( 'NONE',  ( -2.850059895954885736, 5.279882440875898197, 4.799999999999999822 ) ) ;
#358 = B_SPLINE_CURVE_WITH_KNOTS ( 'NONE', 3,
 ( #269, #1465, #146, #1734 ),
 .UNSPECIFIED., .F., .F.,
 ( 4, 4 ),
 ( -1.597963580466854123E-05, 0.0003014001086524082588 ),
 .UNSPECIFIED. ) ;
#359 = DIRECTION ( 'NONE',  ( -0.01428571428571427139, -0.9998979539769781155, 0.000000000000000000 ) ) ;
#360 = UNCERTAINTY_MEASURE_WITH_UNIT (LENGTH_MEASURE( 1.000000000000000082E-05 ), #420, 'distance_accuracy_value', 'NONE');
#361 = ORIENTED_EDGE ( 'NONE', *, *, #1559, .T. ) ;
#362 = CARTESIAN_POINT ( 'NONE',  ( -2.850059895954885736, 5.279882440875898197, -4.799999999999999822 ) ) ;
#363 = FACE_BOUND ( 'NONE', #1231, .T. ) ;
#364 = VERTEX_POINT ( 'NONE', #1340 ) ;
#365 = DIRECTION ( 'NONE',  ( 1.000000000000000000, 0.000000000000000000, 0.000000000000000000 ) ) ;
#366 = DIRECTION ( 'NONE',  ( -0.000000000000000000, -0.000000000000000000, 1.000000000000000000 ) ) ;
#367 = EDGE_CURVE ( 'NONE', #611, #725, #1663, .T. ) ;
#368 = ORIENTED_EDGE ( 'NONE', *, *, #637, .F. ) ;
#369 = AXIS2_PLACEMENT_3D ( 'NONE', #1312, #1590, #128 ) ;
#370 = CARTESIAN_POINT ( 'NONE',  ( 0.000000000000000000, 0.000000000000000000, -4.799999999999999822 ) ) ;
#371 = CARTESIAN_POINT ( 'NONE',  ( -4.683067418645760149, 4.479830303975645300, -3.799999999999999378 ) ) ;
#372 = ORIENTED_EDGE ( 'NONE', *, *, #1665, .T. ) ;
#373 = DIRECTION ( 'NONE',  ( -0.9165037613454379839, -0.4000260684501257269, 0.000000000000000000 ) ) ;
#374 = UNCERTAINTY_MEASURE_WITH_UNIT (LENGTH_MEASURE( 1.000000000000000082E-05 ), #1275, 'distance_accuracy_value', 'NONE');
#375 = CARTESIAN_POINT ( 'NONE',  ( 34.95714285714286262, -2.999693861930933902, 4.799999999999999822 ) ) ;
#376 = CARTESIAN_POINT ( 'NONE',  ( -2.414397818174822241, 7.251559083282194784, -4.800000000000042455 ) ) ;
#377 = AXIS2_PLACEMENT_3D ( 'NONE', #1780, #615, #1196 ) ;
#378 = ORIENTED_EDGE ( 'NONE', *, *, #1259, .F. ) ;
#379 = ORIENTED_EDGE ( 'NONE', *, *, #292, .F. ) ;
#380 = MECHANICAL_DESIGN_GEOMETRIC_PRESENTATION_REPRESENTATION (  '', ( #896 ), #1901 ) ;
#381 = CARTESIAN_POINT ( 'NONE',  ( 0.000000000000000000, 0.000000000000000000, -3.799999999999999378 ) ) ;
#382 = TOROIDAL_SURFACE ( 'NONE', #1447, 2.499999999999999556, 1.000000000000000000 ) ;
#383 = DIRECTION ( 'NONE',  ( -1.000000000000000000, 0.000000000000000000, 0.000000000000000000 ) ) ;
#384 = CIRCLE ( 'NONE', #1267, 3.999999999999996447 ) ;
#385 = ADVANCED_FACE ( 'NONE', ( #1350 ), #630, .F. ) ;
#386 = AXIS2_PLACEMENT_3D ( 'NONE', #106, #1146, #1122 ) ;
#387 = EDGE_CURVE ( 'NONE', #1184, #1237, #1134, .T. ) ;
#388 = FACE_OUTER_BOUND ( 'NONE', #1139, .T. ) ;
#389 = LINE ( 'NONE', #86, #412 ) ;
#390 = EDGE_LOOP ( 'NONE', ( #1811, #1483 ) ) ;
#391 = VERTEX_POINT ( 'NONE', #1768 ) ;
#392 = CARTESIAN_POINT ( 'NONE',  ( -1.024999999999999911, 1.255262969126036846E-16, 3.399999999999999467 ) ) ;
#393 = DIRECTION ( 'NONE',  ( -1.000000000000000000, 0.000000000000000000, 0.000000000000000000 ) ) ;
#394 = CARTESIAN_POINT ( 'NONE',  ( 0.000000000000000000, 0.000000000000000000, 3.799999999999999378 ) ) ;
#395 = CARTESIAN_POINT ( 'NONE',  ( 0.7771435271340739748, 6.883054128149501238, 4.799999999999999822 ) ) ;
#396 = VERTEX_POINT ( 'NONE', #770 ) ;
#397 = ORIENTED_EDGE ( 'NONE', *, *, #598, .F. ) ;
#398 = DIRECTION ( 'NONE',  ( 0.000000000000000000, 0.000000000000000000, 1.000000000000000000 ) ) ;
#399 = CARTESIAN_POINT ( 'NONE',  ( 35.00000000000000000, 0.000000000000000000, -4.799999999999999822 ) ) ;
#400 = CIRCLE ( 'NONE', #1712, 3.262499999999999734 ) ;
#401 = CARTESIAN_POINT ( 'NONE',  ( 0.000000000000000000, 0.000000000000000000, -1.449999999999999956 ) ) ;
#402 = ADVANCED_FACE ( 'NONE', ( #30 ), #1210, .F. ) ;
#403 = EDGE_CURVE ( 'NONE', #1348, #406, #319, .T. ) ;
#404 = CARTESIAN_POINT ( 'NONE',  ( -4.694523715662570318, 4.474829978120022922, -4.799921871948003904 ) ) ;
#405 = ORIENTED_EDGE ( 'NONE', *, *, #1703, .F. ) ;
#406 = VERTEX_POINT ( 'NONE', #1069 ) ;
#407 = VECTOR ( 'NONE', #905, 1000.000000000000000 ) ;
#408 = DIRECTION ( 'NONE',  ( 0.01428571428571427139, 0.9998979539769781155, 0.000000000000000000 ) ) ;
#409 = CARTESIAN_POINT ( 'NONE',  ( -2.850059895954885736, 5.279882440875898197, 3.800000000000000266 ) ) ;
#410 = AXIS2_PLACEMENT_3D ( 'NONE', #1273, #1855, #1709 ) ;
#411 = AXIS2_PLACEMENT_3D ( 'NONE', #1417, #673, #1126 ) ;
#412 = VECTOR ( 'NONE', #62, 1000.000000000000000 ) ;
#413 = CIRCLE ( 'NONE', #817, 1.000000000000000000 ) ;
#414 = CARTESIAN_POINT ( 'NONE',  ( -3.207763164709031667, -1.400091239575442348, -3.799999999999999378 ) ) ;
#415 = DIRECTION ( 'NONE',  ( 0.000000000000000000, 0.000000000000000000, 1.000000000000000000 ) ) ;
#416 = ORIENTED_EDGE ( 'NONE', *, *, #1857, .F. ) ;
#417 = ORIENTED_EDGE ( 'NONE', *, *, #784, .F. ) ;
#418 = LINE ( 'NONE', #1166, #510 ) ;
#419 = FACE_OUTER_BOUND ( 'NONE', #795, .T. ) ;
#420 =( LENGTH_UNIT ( ) NAMED_UNIT ( * ) SI_UNIT ( .MILLI., .METRE. ) );
#421 = DIRECTION ( 'NONE',  ( 0.9998979539769781155, -0.01428571428571426966, 0.000000000000000000 ) ) ;
#422 = LINE ( 'NONE', #1009, #1482 ) ;
#423 = ORIENTED_EDGE ( 'NONE', *, *, #195, .T. ) ;
#424 = VERTEX_POINT ( 'NONE', #1488 ) ;
#425 = CARTESIAN_POINT ( 'NONE',  ( 0.000000000000000000, 0.000000000000000000, 4.446988214730376754 ) ) ;
#426 = CARTESIAN_POINT ( 'NONE',  ( 34.95714285714286262, -2.999693861930933458, 3.800000000000000266 ) ) ;
#427 = CARTESIAN_POINT ( 'NONE',  ( 0.000000000000000000, 0.000000000000000000, 4.799999999999999822 ) ) ;
#428 = ADVANCED_FACE ( 'NONE', ( #166 ), #753, .F. ) ;
#429 = CARTESIAN_POINT ( 'NONE',  ( -3.555819476878429253, 1.252397653306326131, 4.768171887274234244 ) ) ;
#430 = DIRECTION ( 'NONE',  ( 1.000000000000000000, 0.000000000000000000, 0.000000000000000000 ) ) ;
#431 = EDGE_LOOP ( 'NONE', ( #378, #186, #891, #260 ) ) ;
#432 = FACE_OUTER_BOUND ( 'NONE', #1616, .T. ) ;
#433 = DIRECTION ( 'NONE',  ( 1.000000000000000000, 0.000000000000000000, 0.000000000000000000 ) ) ;
#434 = AXIS2_PLACEMENT_3D ( 'NONE', #1634, #1376, #1532 ) ;
#435 = VECTOR ( 'NONE', #366, 1000.000000000000000 ) ;
#436 = CYLINDRICAL_SURFACE ( 'NONE', #119, 3.999999999999996447 ) ;
#437 = AXIS2_PLACEMENT_3D ( 'NONE', #426, #1013, #1591 ) ;
#438 = AXIS2_PLACEMENT_3D ( 'NONE', #1885, #1027, #902 ) ;
#439 = DIRECTION ( 'NONE',  ( 0.000000000000000000, 0.000000000000000000, 1.000000000000000000 ) ) ;
#440 = CIRCLE ( 'NONE', #3, 0.9999999999999998890 ) ;
#441 = ORIENTED_EDGE ( 'NONE', *, *, #1189, .T. ) ;
#442 = B_SPLINE_CURVE_WITH_KNOTS ( 'NONE', 3,
 ( #589, #1753, #580, #1141 ),
 .UNSPECIFIED., .F., .F.,
 ( 4, 4 ),
 ( -1.218607408446155895E-05, 0.0007196547628205471987 ),
 .UNSPECIFIED. ) ;
#443 = EDGE_LOOP ( 'NONE', ( #1401, #162, #1840, #581 ) ) ;
#444 = EDGE_CURVE ( 'NONE', #1369, #511, #469, .T. ) ;
#445 = CARTESIAN_POINT ( 'NONE',  ( -4.675059895954885469, 5.279882440875898197, 1.249999999999999778 ) ) ;
#446 = VERTEX_POINT ( 'NONE', #9 ) ;
#447 = CARTESIAN_POINT ( 'NONE',  ( 35.00000000000000000, 0.000000000000000000, -4.799999999999999822 ) ) ;
#448 = CARTESIAN_POINT ( 'NONE',  ( 0.000000000000000000, 0.000000000000000000, -1.449999999999999956 ) ) ;
#449 = VERTEX_POINT ( 'NONE', #213 ) ;
#450 = DIRECTION ( 'NONE',  ( -0.000000000000000000, -0.000000000000000000, 1.000000000000000000 ) ) ;
#451 = CARTESIAN_POINT ( 'NONE',  ( -5.599571179991198022, 4.079804235525519296, -4.799999999999999822 ) ) ;
#452 = CARTESIAN_POINT ( 'NONE',  ( 0.000000000000000000, 0.000000000000000000, -3.399999999999999467 ) ) ;
#453 = FILL_AREA_STYLE ('',( #603 ) ) ;
#454 = ORIENTED_EDGE ( 'NONE', *, *, #329, .F. ) ;
#455 = DIRECTION ( 'NONE',  ( 0.000000000000000000, 0.000000000000000000, 1.000000000000000000 ) ) ;
#456 = ORIENTED_EDGE ( 'NONE', *, *, #1716, .T. ) ;
#457 = EDGE_CURVE ( 'NONE', #299, #617, #1243, .T. ) ;
#458 = DIRECTION ( 'NONE',  ( -0.000000000000000000, -0.000000000000000000, 1.000000000000000000 ) ) ;
#459 = CARTESIAN_POINT ( 'NONE',  ( 0.000000000000000000, 0.000000000000000000, 3.799999999999999378 ) ) ;
#460 = CARTESIAN_POINT ( 'NONE',  ( 34.94285714285715727, -3.999591815907911130, -3.799999999999999378 ) ) ;
#461 = CARTESIAN_POINT ( 'NONE',  ( -2.513478103294610744, 8.260941430035552813, 1.449999999999999956 ) ) ;
#462 = CARTESIAN_POINT ( 'NONE',  ( 2.613303376024489477, -2.762193984184289963, 4.775975794749030889 ) ) ;
#463 = APPLICATION_CONTEXT ( 'automotive_design' ) ;
#464 = TOROIDAL_SURFACE ( 'NONE', #1441, 2.999999999999999112, 1.000000000000000000 ) ;
#465 = CARTESIAN_POINT ( 'NONE',  ( 0.1516797644092788555, 1.013715072921748339, -1.449999999999999956 ) ) ;
#466 = VECTOR ( 'NONE', #1507, 1000.000000000000000 ) ;
#467 = ORIENTED_EDGE ( 'NONE', *, *, #444, .F. ) ;
#468 = TOROIDAL_SURFACE ( 'NONE', #939, 1.999999999999998668, 1.000000000000000000 ) ;
#469 = LINE ( 'NONE', #1056, #1776 ) ;
#470 = CARTESIAN_POINT ( 'NONE',  ( -2.291259403363594682, -1.000065171125315455, -3.799999999999999378 ) ) ;
#471 = ORIENTED_EDGE ( 'NONE', *, *, #1593, .F. ) ;
#472 = VECTOR ( 'NONE', #1578, 1000.000000000000000 ) ;
#473 = CARTESIAN_POINT ( 'NONE',  ( 0.000000000000000000, 0.000000000000000000, 3.800000000000000266 ) ) ;
#474 = DIRECTION ( 'NONE',  ( 0.000000000000000000, 0.000000000000000000, -1.000000000000000000 ) ) ;
#475 = ORIENTED_EDGE ( 'NONE', *, *, #1423, .F. ) ;
#476 = ORIENTED_EDGE ( 'NONE', *, *, #1739, .T. ) ;
#477 = CARTESIAN_POINT ( 'NONE',  ( -5.599571179991198022, 4.079804235525519296, -3.799999999999999378 ) ) ;
#478 = EDGE_CURVE ( 'NONE', #675, #1074, #46, .T. ) ;
#479 = EDGE_LOOP ( 'NONE', ( #779, #782, #26, #908, #802, #1421, #978, #441 ) ) ;
#480 = FACE_OUTER_BOUND ( 'NONE', #579, .T. ) ;
#481 = CARTESIAN_POINT ( 'NONE',  ( -2.850059895954885736, 5.279882440875898197, -4.799999999999999822 ) ) ;
#482 = DIRECTION ( 'NONE',  ( 0.1121939308867588303, 0.9936863297198855749, 0.000000000000000000 ) ) ;
#483 = ORIENTED_EDGE ( 'NONE', *, *, #1394, .F. ) ;
#484 = DIRECTION ( 'NONE',  ( 0.000000000000000000, 0.000000000000000000, 1.000000000000000000 ) ) ;
#485 = ADVANCED_FACE ( 'NONE', ( #497 ), #464, .T. ) ;
#486 = CARTESIAN_POINT ( 'NONE',  ( -3.024999999999999911, 0.000000000000000000, -3.399999999999999467 ) ) ;
#487 = ORIENTED_EDGE ( 'NONE', *, *, #1644, .T. ) ;
#488 = ADVANCED_FACE ( 'NONE', ( #1343 ), #809, .T. ) ;
#489 = ORIENTED_EDGE ( 'NONE', *, *, #197, .T. ) ;
#490 = DIRECTION ( 'NONE',  ( -0.000000000000000000, -0.000000000000000000, -1.000000000000000000 ) ) ;
#491 = ORIENTED_EDGE ( 'NONE', *, *, #27, .F. ) ;
#492 = EDGE_CURVE ( 'NONE', #424, #1470, #90, .T. ) ;
#493 = LINE ( 'NONE', #218, #1204 ) ;
#494 = DIRECTION ( 'NONE',  ( -1.000000000000000000, 0.000000000000000000, 0.000000000000000000 ) ) ;
#495 = ORIENTED_EDGE ( 'NONE', *, *, #751, .T. ) ;
#496 = CIRCLE ( 'NONE', #145, 2.024999999999999911 ) ;
#497 = FACE_OUTER_BOUND ( 'NONE', #334, .T. ) ;
#498 = CARTESIAN_POINT ( 'NONE',  ( 0.000000000000000000, 0.000000000000000000, -1.449999999999999956 ) ) ;
#499 = ORIENTED_EDGE ( 'NONE', *, *, #950, .F. ) ;
#500 = AXIS2_PLACEMENT_3D ( 'NONE', #1862, #806, #1692 ) ;
#501 = VERTEX_POINT ( 'NONE', #1818 ) ;
#502 = CARTESIAN_POINT ( 'NONE',  ( 1.840803148741873008, -3.022525761937981059, -4.671977525647450946 ) ) ;
#503 = TOROIDAL_SURFACE ( 'NONE', #966, 4.025000000000000355, 1.000000000000000000 ) ;
#504 = DIRECTION ( 'NONE',  ( -0.000000000000000000, -0.000000000000000000, -1.000000000000000000 ) ) ;
#505 = ORIENTED_EDGE ( 'NONE', *, *, #637, .T. ) ;
#506 = EDGE_CURVE ( 'NONE', #1303, #449, #281, .T. ) ;
#507 = AXIS2_PLACEMENT_3D ( 'NONE', #470, #631, #167 ) ;
#508 = DIRECTION ( 'NONE',  ( 0.000000000000000000, 0.000000000000000000, -1.000000000000000000 ) ) ;
#509 = DIRECTION ( 'NONE',  ( 1.000000000000000000, 0.000000000000000000, 0.000000000000000000 ) ) ;
#510 = VECTOR ( 'NONE', #1304, 1000.000000000000000 ) ;
#511 = VERTEX_POINT ( 'NONE', #1232 ) ;
#512 = CARTESIAN_POINT ( 'NONE',  ( -4.862559895954870370, 5.279882440875898197, 4.799921871948003904 ) ) ;
#513 = FACE_OUTER_BOUND ( 'NONE', #956, .T. ) ;
#514 = ORIENTED_EDGE ( 'NONE', *, *, #801, .T. ) ;
#515 = DIRECTION ( 'NONE',  ( 0.000000000000000000, 0.000000000000000000, 1.000000000000000000 ) ) ;
#516 = CARTESIAN_POINT ( 'NONE',  ( -2.850059895954885736, 5.279882440875898197, -1.249999999999999778 ) ) ;
#517 = EDGE_CURVE ( 'NONE', #305, #1345, #799, .T. ) ;
#518 = EDGE_LOOP ( 'NONE', ( #37, #687, #101, #873, #397, #181 ) ) ;
#519 = ADVANCED_BREP_SHAPE_REPRESENTATION ( 'Fingertip', ( #680, #1849 ), #1144 ) ;
#520 = CYLINDRICAL_SURFACE ( 'NONE', #34, 1.824999999999999734 ) ;
#521 = DIRECTION ( 'NONE',  ( -0.9165037613454377619, -0.4000260684501260600, 0.000000000000000000 ) ) ;
#522 = ORIENTED_EDGE ( 'NONE', *, *, #693, .F. ) ;
#523 = EDGE_CURVE ( 'NONE', #1816, #406, #1468, .T. ) ;
#524 = DIRECTION ( 'NONE',  ( -0.000000000000000000, -0.000000000000000000, 1.000000000000000000 ) ) ;
#525 = VECTOR ( 'NONE', #1826, 1000.000000000000000 ) ;
#526 = DIRECTION ( 'NONE',  ( 1.000000000000000000, 0.000000000000000000, 0.000000000000000000 ) ) ;
#527 = EDGE_CURVE ( 'NONE', #39, #1627, #1288, .T. ) ;
#528 = AXIS2_PLACEMENT_3D ( 'NONE', #1159, #294, #1306 ) ;
#529 = DIRECTION ( 'NONE',  ( 0.000000000000000000, 0.000000000000000000, 1.000000000000000000 ) ) ;
#530 = DIRECTION ( 'NONE',  ( 1.000000000000000000, -8.881784197001241477E-16, 0.000000000000000000 ) ) ;
#531 = AXIS2_PLACEMENT_3D ( 'NONE', #652, #1095, #974 ) ;
#532 = ORIENTED_EDGE ( 'NONE', *, *, #1633, .T. ) ;
#533 = EDGE_LOOP ( 'NONE', ( #959, #456, #208, #1329, #551, #125, #921 ) ) ;
#534 = CIRCLE ( 'NONE', #1324, 1.000000000000000000 ) ;
#535 = CARTESIAN_POINT ( 'NONE',  ( -0.03571428571428567067, -2.499744884942445289, 3.799999999999999378 ) ) ;
#536 = AXIS2_PLACEMENT_3D ( 'NONE', #1585, #684, #1399 ) ;
#537 = CYLINDRICAL_SURFACE ( 'NONE', #1292, 3.999999999999996447 ) ;
#538 = AXIS2_PLACEMENT_3D ( 'NONE', #917, #16, #760 ) ;
#539 = CIRCLE ( 'NONE', #227, 3.999999999999996447 ) ;
#540 = ADVANCED_FACE ( 'NONE', ( #1094 ), #344, .T. ) ;
#541 = LINE ( 'NONE', #1274, #1720 ) ;
#542 = CARTESIAN_POINT ( 'NONE',  ( 35.44877572354703688, 3.974745318879542744, -4.799999999999999822 ) ) ;
#543 = ORIENTED_EDGE ( 'NONE', *, *, #671, .T. ) ;
#544 = ORIENTED_EDGE ( 'NONE', *, *, #313, .T. ) ;
#545 = FACE_OUTER_BOUND ( 'NONE', #1571, .T. ) ;
#546 = LINE ( 'NONE', #225, #717 ) ;
#547 = ADVANCED_FACE ( 'NONE', ( #323 ), #933, .T. ) ;
#548 = ADVANCED_FACE ( 'NONE', ( #909 ), #1233, .T. ) ;
#549 = DIRECTION ( 'NONE',  ( 1.000000000000000000, 0.000000000000000000, 0.000000000000000000 ) ) ;
#550 = ORIENTED_EDGE ( 'NONE', *, *, #899, .F. ) ;
#551 = ORIENTED_EDGE ( 'NONE', *, *, #59, .F. ) ;
#552 = CARTESIAN_POINT ( 'NONE',  ( 38.00000000000000711, 0.000000000000000000, -4.799999999999999822 ) ) ;
#553 = DIRECTION ( 'NONE',  ( -0.000000000000000000, -0.000000000000000000, -1.000000000000000000 ) ) ;
#554 = AXIS2_PLACEMENT_3D ( 'NONE', #381, #816, #241 ) ;
#555 = FACE_OUTER_BOUND ( 'NONE', #881, .T. ) ;
#556 = CARTESIAN_POINT ( 'NONE',  ( -4.683067418645760149, 4.479830303975645300, 3.799999999999999378 ) ) ;
#557 = VERTEX_POINT ( 'NONE', #57 ) ;
#558 = ORIENTED_EDGE ( 'NONE', *, *, #478, .T. ) ;
#559 = AXIS2_PLACEMENT_3D ( 'NONE', #174, #1642, #1185 ) ;
#560 = LINE ( 'NONE', #1581, #833 ) ;
#561 = ADVANCED_FACE ( 'NONE', ( #762 ), #312, .T. ) ;
#562 = DIRECTION ( 'NONE',  ( -0.000000000000000000, -0.000000000000000000, -1.000000000000000000 ) ) ;
#563 = AXIS2_PLACEMENT_3D ( 'NONE', #1368, #619, #170 ) ;
#564 = AXIS2_PLACEMENT_3D ( 'NONE', #1583, #1151, #1450 ) ;
#565 = CIRCLE ( 'NONE', #226, 1.000000000000000000 ) ;
#566 = ADVANCED_FACE ( 'NONE', ( #919 ), #1500, .T. ) ;
#567 = COLOUR_RGB ( '',0.7921568627450980005, 0.8196078431372548767, 0.9333333333333333481 ) ;
#568 = EDGE_CURVE ( 'NONE', #1690, #1420, #22, .T. ) ;
#569 = DIRECTION ( 'NONE',  ( -0.000000000000000000, -0.000000000000000000, -1.000000000000000000 ) ) ;
#570 = AXIS2_PLACEMENT_3D ( 'NONE', #1896, #1743, #1611 ) ;
#571 = DIRECTION ( 'NONE',  ( 1.000000000000000000, 0.000000000000000000, 0.000000000000000000 ) ) ;
#572 = ORIENTED_EDGE ( 'NONE', *, *, #403, .T. ) ;
#573 = ORIENTED_EDGE ( 'NONE', *, *, #671, .F. ) ;
#574 = LINE ( 'NONE', #445, #612 ) ;
#575 = DIRECTION ( 'NONE',  ( 0.000000000000000000, 0.000000000000000000, 1.000000000000000000 ) ) ;
#576 = DIRECTION ( 'NONE',  ( 1.000000000000000000, 0.000000000000000000, 0.000000000000000000 ) ) ;
#577 = CARTESIAN_POINT ( 'NONE',  ( 35.00000000000000000, 0.000000000000000000, -4.799999999999999822 ) ) ;
#578 = DIRECTION ( 'NONE',  ( 1.000000000000000000, 0.000000000000000000, 0.000000000000000000 ) ) ;
#579 = EDGE_LOOP ( 'NONE', ( #642, #1457, #1554, #1198, #491, #298, #230, #1530 ) ) ;
#580 = CARTESIAN_POINT ( 'NONE',  ( -2.006370244564019245, 3.459638209949219778, 4.799999999999999822 ) ) ;
#581 = ORIENTED_EDGE ( 'NONE', *, *, #915, .T. ) ;
#582 = EDGE_CURVE ( 'NONE', #155, #116, #1108, .T. ) ;
#583 = DIRECTION ( 'NONE',  ( -0.01428571428571427139, -0.9998979539769781155, 0.000000000000000000 ) ) ;
#584 = EDGE_CURVE ( 'NONE', #1323, #144, #1352, .T. ) ;
#585 = DIRECTION ( 'NONE',  ( 0.000000000000000000, 0.000000000000000000, -1.000000000000000000 ) ) ;
#586 =( NAMED_UNIT ( * ) SI_UNIT ( $, .STERADIAN. ) SOLID_ANGLE_UNIT ( ) );
#587 = ORIENTED_EDGE ( 'NONE', *, *, #1682, .F. ) ;
#588 = ORIENTED_EDGE ( 'NONE', *, *, #1480, .T. ) ;
#589 = CARTESIAN_POINT ( 'NONE',  ( -1.582006206600620635, 3.701064895712734337, 4.799999999999999822 ) ) ;
#590 = ADVANCED_FACE ( 'NONE', ( #131 ), #1737, .T. ) ;
#591 = DIRECTION ( 'NONE',  ( -0.000000000000000000, -0.000000000000000000, -1.000000000000000000 ) ) ;
#592 = AXIS2_PLACEMENT_3D ( 'NONE', #1888, #741, #291 ) ;
#593 = CARTESIAN_POINT ( 'NONE',  ( -3.175284347877948665, -0.8807924773344363301, -4.446988214730662747 ) ) ;
#594 = AXIS2_PLACEMENT_3D ( 'NONE', #1015, #439, #1597 ) ;
#595 = CIRCLE ( 'NONE', #1543, 0.9999999999999992228 ) ;
#596 = DIRECTION ( 'NONE',  ( 1.000000000000000000, 0.000000000000000000, 0.000000000000000000 ) ) ;
#597 = ORIENTED_EDGE ( 'NONE', *, *, #165, .F. ) ;
#598 = EDGE_CURVE ( 'NONE', #1653, #828, #1472, .T. ) ;
#599 = CARTESIAN_POINT ( 'NONE',  ( 0.000000000000000000, 0.000000000000000000, 1.449999999999999956 ) ) ;
#600 = FACE_OUTER_BOUND ( 'NONE', #135, .T. ) ;
#601 = FACE_OUTER_BOUND ( 'NONE', #968, .T. ) ;
#602 = CIRCLE ( 'NONE', #695, 3.499999999999999556 ) ;
#603 = FILL_AREA_STYLE_COLOUR ( '', #1719 ) ;
#604 = ADVANCED_FACE ( 'NONE', ( #1745 ), #1006, .T. ) ;
#605 = ADVANCED_FACE ( 'NONE', ( #1430 ), #436, .T. ) ;
#606 = VERTEX_POINT ( 'NONE', #139 ) ;
#607 = DIRECTION ( 'NONE',  ( 0.000000000000000000, 0.000000000000000000, 1.000000000000000000 ) ) ;
#608 = ORIENTED_EDGE ( 'NONE', *, *, #27, .T. ) ;
#609 = CARTESIAN_POINT ( 'NONE',  ( 0.000000000000000000, 0.000000000000000000, 3.399999999999999467 ) ) ;
#610 = CARTESIAN_POINT ( 'NONE',  ( -2.990093521389490583, -1.305085048318536334, -4.446988214730375866 ) ) ;
#611 = VERTEX_POINT ( 'NONE', #1287 ) ;
#612 = VECTOR ( 'NONE', #1867, 1000.000000000000000 ) ;
#613 = DIRECTION ( 'NONE',  ( 1.000000000000000000, 0.000000000000000000, 0.000000000000000000 ) ) ;
#614 = ORIENTED_EDGE ( 'NONE', *, *, #1751, .F. ) ;
#615 = DIRECTION ( 'NONE',  ( -0.000000000000000000, -0.000000000000000000, -1.000000000000000000 ) ) ;
#616 = DIRECTION ( 'NONE',  ( -1.000000000000000000, 0.000000000000000000, 0.000000000000000000 ) ) ;
#617 = VERTEX_POINT ( 'NONE', #1451 ) ;
#618 = CARTESIAN_POINT ( 'NONE',  ( -4.556173373952495886, 4.189102077927014278, -4.799999999999999822 ) ) ;
#619 = DIRECTION ( 'NONE',  ( 0.000000000000000000, 0.000000000000000000, 1.000000000000000000 ) ) ;
#620 = EDGE_LOOP ( 'NONE', ( #495, #1822, #1547, #934, #1713, #1426, #1463, #1147 ) ) ;
#621 = ADVANCED_FACE ( 'NONE', ( #1883 ), #1584, .F. ) ;
#622 = AXIS2_PLACEMENT_3D ( 'NONE', #1082, #18, #365 ) ;
#623 = AXIS2_PLACEMENT_3D ( 'NONE', #270, #562, #1736 ) ;
#624 = EDGE_LOOP ( 'NONE', ( #1116, #706, #645, #597 ) ) ;
#625 = LINE ( 'NONE', #1218, #1479 ) ;
#626 = AXIS2_PLACEMENT_3D ( 'NONE', #982, #569, #1837 ) ;
#627 = EDGE_LOOP ( 'NONE', ( #64, #55, #1215, #143 ) ) ;
#628 = AXIS2_PLACEMENT_3D ( 'NONE', #200, #913, #1640 ) ;
#629 = CARTESIAN_POINT ( 'NONE',  ( -3.024999999999999911, 3.704556567420743261E-16, 3.799999999999999378 ) ) ;
#630 = CYLINDRICAL_SURFACE ( 'NONE', #220, 3.024999999999999911 ) ;
#631 = DIRECTION ( 'NONE',  ( 0.4000260684501258379, -0.9165037613454377619, 0.000000000000000000 ) ) ;
#632 = ORIENTED_EDGE ( 'NONE', *, *, #1501, .T. ) ;
#633 = AXIS2_PLACEMENT_3D ( 'NONE', #248, #729, #835 ) ;
#634 = DIRECTION ( 'NONE',  ( 0.000000000000000000, 0.000000000000000000, 1.000000000000000000 ) ) ;
#635 = CARTESIAN_POINT ( 'NONE',  ( -1.825059895954885825, 5.279882440875898197, -3.799999999999999378 ) ) ;
#636 = ORIENTED_EDGE ( 'NONE', *, *, #1703, .T. ) ;
#637 = EDGE_CURVE ( 'NONE', #1493, #267, #1246, .T. ) ;
#638 = DIRECTION ( 'NONE',  ( 0.000000000000000000, 0.000000000000000000, -1.000000000000000000 ) ) ;
#639 = VERTEX_POINT ( 'NONE', #1592 ) ;
#640 = CARTESIAN_POINT ( 'NONE',  ( -0.1516797644092781894, -1.013715072921748339, -1.449999999999999956 ) ) ;
#641 = CARTESIAN_POINT ( 'NONE',  ( -2.291259403363594682, -1.000065171125314567, 3.799999999999999378 ) ) ;
#642 = ORIENTED_EDGE ( 'NONE', *, *, #1868, .F. ) ;
#643 = DIRECTION ( 'NONE',  ( 0.000000000000000000, 0.000000000000000000, 1.000000000000000000 ) ) ;
#644 = EDGE_LOOP ( 'NONE', ( #1518, #49, #1435, #1660 ) ) ;
#645 = ORIENTED_EDGE ( 'NONE', *, *, #1383, .T. ) ;
#646 = EDGE_CURVE ( 'NONE', #1750, #1806, #1018, .T. ) ;
#647 = VERTEX_POINT ( 'NONE', #1755 ) ;
#648 = CARTESIAN_POINT ( 'NONE',  ( 2.100977303904165261, -2.945950034013764984, -4.714917709884812069 ) ) ;
#649 = CARTESIAN_POINT ( 'NONE',  ( -0.5360672743028616072, 8.037678326531686679, -1.449999999999999956 ) ) ;
#650 = EDGE_LOOP ( 'NONE', ( #499, #1115 ) ) ;
#651 = DIRECTION ( 'NONE',  ( 1.000000000000000000, 0.000000000000000000, 0.000000000000000000 ) ) ;
#652 = CARTESIAN_POINT ( 'NONE',  ( -5.599571179991198022, 4.079804235525519296, -4.799999999999999822 ) ) ;
#653 = CIRCLE ( 'NONE', #895, 1.024999999999999911 ) ;
#654 = AXIS2_PLACEMENT_3D ( 'NONE', #1469, #149, #747 ) ;
#655 = ORIENTED_EDGE ( 'NONE', *, *, #1431, .F. ) ;
#656 = DIRECTION ( 'NONE',  ( -0.000000000000000000, -0.000000000000000000, 1.000000000000000000 ) ) ;
#657 = CIRCLE ( 'NONE', #224, 1.000000000000000000 ) ;
#658 = LINE ( 'NONE', #542, #1905 ) ;
#659 = ADVANCED_FACE ( 'NONE', ( #1014 ), #1263, .T. ) ;
#660 = ORIENTED_EDGE ( 'NONE', *, *, #245, .T. ) ;
#661 = CIRCLE ( 'NONE', #123, 1.000000000000000000 ) ;
#662 = DIRECTION ( 'NONE',  ( 0.000000000000000000, 0.000000000000000000, -1.000000000000000000 ) ) ;
#663 = VECTOR ( 'NONE', #1419, 1000.000000000000000 ) ;
#664 = DIRECTION ( 'NONE',  ( 0.000000000000000000, 0.000000000000000000, 1.000000000000000000 ) ) ;
#665 = EDGE_CURVE ( 'NONE', #1502, #1724, #1086, .T. ) ;
#666 = ORIENTED_EDGE ( 'NONE', *, *, #492, .F. ) ;
#667 = DIRECTION ( 'NONE',  ( -0.000000000000000000, -0.000000000000000000, -1.000000000000000000 ) ) ;
#668 = CARTESIAN_POINT ( 'NONE',  ( -4.025000000000000355, 4.929203366568097207E-16, 3.799999999999999378 ) ) ;
#669 = ORIENTED_EDGE ( 'NONE', *, *, #1114, .T. ) ;
#670 = CARTESIAN_POINT ( 'NONE',  ( 0.000000000000000000, 0.000000000000000000, -4.446988214730375866 ) ) ;
#671 = EDGE_CURVE ( 'NONE', #1411, #1816, #993, .T. ) ;
#672 = DIRECTION ( 'NONE',  ( -0.000000000000000000, -0.000000000000000000, -1.000000000000000000 ) ) ;
#673 = DIRECTION ( 'NONE',  ( -0.000000000000000000, -0.000000000000000000, -1.000000000000000000 ) ) ;
#674 = DIRECTION ( 'NONE',  ( -0.000000000000000000, -0.000000000000000000, 1.000000000000000000 ) ) ;
#675 = VERTEX_POINT ( 'NONE', #869 ) ;
#676 = ORIENTED_EDGE ( 'NONE', *, *, #1059, .F. ) ;
#677 = VECTOR ( 'NONE', #875, 1000.000000000000114 ) ;
#678 = DIRECTION ( 'NONE',  ( -0.000000000000000000, -0.000000000000000000, -1.000000000000000000 ) ) ;
#679 = DIRECTION ( 'NONE',  ( -0.9998979539769781155, 0.01428571428571426966, -0.000000000000000000 ) ) ;
#680 = MANIFOLD_SOLID_BREP ( 'Ô²½Ç1', #1190 ) ;
#681 = EDGE_CURVE ( 'NONE', #1155, #1627, #920, .T. ) ;
#682 = EDGE_CURVE ( 'NONE', #914, #1194, #1200, .T. ) ;
#683 = AXIS2_PLACEMENT_3D ( 'NONE', #117, #1034, #1296 ) ;
#684 = DIRECTION ( 'NONE',  ( 0.000000000000000000, 0.000000000000000000, 1.000000000000000000 ) ) ;
#685 = DIRECTION ( 'NONE',  ( -0.000000000000000000, -0.000000000000000000, -1.000000000000000000 ) ) ;
#686 = AXIS2_PLACEMENT_3D ( 'NONE', #1344, #1669, #509 ) ;
#687 = ORIENTED_EDGE ( 'NONE', *, *, #1487, .T. ) ;
#688 = EDGE_CURVE ( 'NONE', #1074, #846, #1666, .T. ) ;
#689 = ORIENTED_EDGE ( 'NONE', *, *, #1884, .T. ) ;
#690 = CIRCLE ( 'NONE', #626, 1.024999999999999911 ) ;
#691 = CARTESIAN_POINT ( 'NONE',  ( 0.000000000000000000, 0.000000000000000000, 3.399999999999999467 ) ) ;
#692 = AXIS2_PLACEMENT_3D ( 'NONE', #1053, #273, #858 ) ;
#693 = EDGE_CURVE ( 'NONE', #1806, #606, #935, .T. ) ;
#694 = CARTESIAN_POINT ( 'NONE',  ( 35.33658179266029720, 2.981058989159654171, -4.799999999999999822 ) ) ;
#695 = AXIS2_PLACEMENT_3D ( 'NONE', #724, #1726, #157 ) ;
#696 = DIRECTION ( 'NONE',  ( 1.000000000000000000, 0.000000000000000000, 0.000000000000000000 ) ) ;
#697 = DIRECTION ( 'NONE',  ( -0.9936863297198856859, 0.1121939308867587193, 0.000000000000000000 ) ) ;
#698 = ORIENTED_EDGE ( 'NONE', *, *, #582, .F. ) ;
#699 = VERTEX_POINT ( 'NONE', #486 ) ;
#700 = DIRECTION ( 'NONE',  ( -0.1121939308867600238, -0.9936863297198854639, 0.000000000000000000 ) ) ;
#701 = CARTESIAN_POINT ( 'NONE',  ( -4.675059895954885469, 5.279882440875898197, -1.449999999999999956 ) ) ;
#702 = EDGE_CURVE ( 'NONE', #929, #267, #836, .T. ) ;
#703 = FACE_OUTER_BOUND ( 'NONE', #1149, .T. ) ;
#704 = CARTESIAN_POINT ( 'NONE',  ( -2.225990487716879240, 3.353444698902006582, 4.799999999999999822 ) ) ;
#705 = ORIENTED_EDGE ( 'NONE', *, *, #303, .F. ) ;
#706 = ORIENTED_EDGE ( 'NONE', *, *, #259, .T. ) ;
#707 = FACE_OUTER_BOUND ( 'NONE', #518, .T. ) ;
#708 = SURFACE_STYLE_USAGE ( .BOTH. , #1621 ) ;
#709 = EDGE_CURVE ( 'NONE', #201, #639, #910, .T. ) ;
#710 = FACE_BOUND ( 'NONE', #1096, .T. ) ;
#711 = DIRECTION ( 'NONE',  ( -0.000000000000000000, -0.000000000000000000, -1.000000000000000000 ) ) ;
#712 = ORIENTED_EDGE ( 'NONE', *, *, #324, .T. ) ;
#713 = ORIENTED_EDGE ( 'NONE', *, *, #367, .T. ) ;
#714 = CARTESIAN_POINT ( 'NONE',  ( 0.1516797644092788278, 1.013715072921748117, 1.449999999999999956 ) ) ;
#715 = EDGE_CURVE ( 'NONE', #1724, #617, #1334, .T. ) ;
#716 = CARTESIAN_POINT ( 'NONE',  ( -0.05000000000000000278, -3.499642838919422516, 3.800000000000000266 ) ) ;
#717 = VECTOR ( 'NONE', #818, 1000.000000000000000 ) ;
#718 = CARTESIAN_POINT ( 'NONE',  ( -2.850059895954885736, 5.279882440875898197, 3.800000000000000266 ) ) ;
#719 = CIRCLE ( 'NONE', #287, 1.024999999999999467 ) ;
#720 = VECTOR ( 'NONE', #1560, 1000.000000000000000 ) ;
#721 = CARTESIAN_POINT ( 'NONE',  ( -3.553126085964935843, 1.891010316533333180, -4.799999999999999822 ) ) ;
#722 = DIRECTION ( 'NONE',  ( -0.1479802579602717272, -0.9889903150456081926, 0.000000000000000000 ) ) ;
#723 = ORIENTED_EDGE ( 'NONE', *, *, #1336, .T. ) ;
#724 = CARTESIAN_POINT ( 'NONE',  ( 0.000000000000000000, 0.000000000000000000, -3.799999999999999378 ) ) ;
#725 = VERTEX_POINT ( 'NONE', #635 ) ;
#726 = EDGE_CURVE ( 'NONE', #1093, #1303, #1137, .T. ) ;
#727 = DIRECTION ( 'NONE',  ( 0.000000000000000000, 0.000000000000000000, 1.000000000000000000 ) ) ;
#728 = CARTESIAN_POINT ( 'NONE',  ( -2.850059895954885736, 5.279882440875898197, 1.249999999999999778 ) ) ;
#729 = DIRECTION ( 'NONE',  ( 0.9998979539769781155, -0.01428571428571429047, -2.090684736350980809E-17 ) ) ;
#730 = ORIENTED_EDGE ( 'NONE', *, *, #1462, .T. ) ;
#731 = EDGE_LOOP ( 'NONE', ( #758, #1810, #471, #1390 ) ) ;
#732 = EDGE_CURVE ( 'NONE', #1194, #211, #140, .T. ) ;
#733 = CARTESIAN_POINT ( 'NONE',  ( -3.553126085964935843, 1.891010316533333180, -4.799999999999999822 ) ) ;
#734 = CARTESIAN_POINT ( 'NONE',  ( 0.7103052382093048012, 4.747153512218919680, 1.449999999999999956 ) ) ;
#735 = DIRECTION ( 'NONE',  ( 1.000000000000000000, 0.000000000000000000, 0.000000000000000000 ) ) ;
#736 = AXIS2_PLACEMENT_3D ( 'NONE', #535, #1715, #408 ) ;
#737 = CARTESIAN_POINT ( 'NONE',  ( -4.875059895954885647, 5.279882440875898197, 3.800000000000000266 ) ) ;
#738 = TOROIDAL_SURFACE ( 'NONE', #178, 2.024999999999999911, 1.000000000000000000 ) ;
#739 = VERTEX_POINT ( 'NONE', #345 ) ;
#740 = ORIENTED_EDGE ( 'NONE', *, *, #907, .T. ) ;
#741 = DIRECTION ( 'NONE',  ( -0.000000000000000000, -0.000000000000000000, -1.000000000000000000 ) ) ;
#742 = LINE ( 'NONE', #451, #97 ) ;
#743 = ORIENTED_EDGE ( 'NONE', *, *, #1330, .F. ) ;
#744 = ADVANCED_FACE ( 'NONE', ( #1357, #325 ), #58, .T. ) ;
#745 = AXIS2_PLACEMENT_3D ( 'NONE', #278, #1456, #136 ) ;
#746 = EDGE_CURVE ( 'NONE', #1588, #985, #777, .T. ) ;
#747 = DIRECTION ( 'NONE',  ( 0.9165037613454377619, 0.4000260684501260600, 0.000000000000000000 ) ) ;
#748 = AXIS2_PLACEMENT_3D ( 'NONE', #1624, #6, #1484 ) ;
#749 = AXIS2_PLACEMENT_3D ( 'NONE', #1838, #827, #530 ) ;
#750 = DIRECTION ( 'NONE',  ( 0.000000000000000000, 0.000000000000000000, -1.000000000000000000 ) ) ;
#751 = EDGE_CURVE ( 'NONE', #1036, #1791, #1234, .T. ) ;
#752 = ORIENTED_EDGE ( 'NONE', *, *, #964, .T. ) ;
#753 = CYLINDRICAL_SURFACE ( 'NONE', #377, 3.024999999999999911 ) ;
#754 = CARTESIAN_POINT ( 'NONE',  ( -1.825059895954886047, 5.279882440875898197, -1.249999999999999778 ) ) ;
#755 = ORIENTED_EDGE ( 'NONE', *, *, #1836, .T. ) ;
#756 = CARTESIAN_POINT ( 'NONE',  ( -0.8250598959548857136, 5.279882440875898197, 4.800000000000000711 ) ) ;
#757 = FILL_AREA_STYLE_COLOUR ( '', #567 ) ;
#758 = ORIENTED_EDGE ( 'NONE', *, *, #84, .F. ) ;
#759 = CARTESIAN_POINT ( 'NONE',  ( -2.850059895954885736, 5.279882440875898197, -3.799999999999999378 ) ) ;
#760 = DIRECTION ( 'NONE',  ( 1.000000000000000000, 0.000000000000000000, 0.000000000000000000 ) ) ;
#761 = CARTESIAN_POINT ( 'NONE',  ( 35.33658179266027588, 2.981058989159655948, 3.799999999999999378 ) ) ;
#762 = FACE_OUTER_BOUND ( 'NONE', #1499, .T. ) ;
#763 = PLANE ( 'NONE',  #531 ) ;
#764 = ORIENTED_EDGE ( 'NONE', *, *, #1531, .F. ) ;
#765 = VECTOR ( 'NONE', #1549, 1000.000000000000000 ) ;
#766 = EDGE_LOOP ( 'NONE', ( #853, #1706, #1157, #1055 ) ) ;
#767 = DIRECTION ( 'NONE',  ( 0.000000000000000000, 0.000000000000000000, -1.000000000000000000 ) ) ;
#768 = DIRECTION ( 'NONE',  ( 0.000000000000000000, 0.000000000000000000, 1.000000000000000000 ) ) ;
#769 = VERTEX_POINT ( 'NONE', #1525 ) ;
#770 = CARTESIAN_POINT ( 'NONE',  ( -2.624269610045288914, 7.279676179437131189, 4.799921871948003904 ) ) ;
#771 = DIRECTION ( 'NONE',  ( 1.224646799147353207E-16, 1.000000000000000000, -0.000000000000000000 ) ) ;
#772 = ORIENTED_EDGE ( 'NONE', *, *, #527, .T. ) ;
#773 = ADVANCED_FACE ( 'NONE', ( #1083 ), #763, .T. ) ;
#774 = CARTESIAN_POINT ( 'NONE',  ( -2.990093521389490583, -1.305085048318536334, 4.446988214730376754 ) ) ;
#775 = DIRECTION ( 'NONE',  ( 1.224646799147353207E-16, 1.000000000000000000, -0.000000000000000000 ) ) ;
#776 = EDGE_LOOP ( 'NONE', ( #911, #1789, #1063, #1787, #1524 ) ) ;
#777 = CIRCLE ( 'NONE', #1165, 1.024999999999999911 ) ;
#778 = AXIS2_PLACEMENT_3D ( 'NONE', #1687, #656, #1392 ) ;
#779 = ORIENTED_EDGE ( 'NONE', *, *, #1487, .F. ) ;
#780 = CARTESIAN_POINT ( 'NONE',  ( -3.207763164709032111, -1.400091239575441016, -4.799999999999999822 ) ) ;
#781 = VECTOR ( 'NONE', #1781, 1000.000000000000000 ) ;
#782 = ORIENTED_EDGE ( 'NONE', *, *, #1148, .F. ) ;
#783 = CIRCLE ( 'NONE', #1602, 3.024999999999999911 ) ;
#784 = EDGE_CURVE ( 'NONE', #675, #647, #1595, .T. ) ;
#785 = CARTESIAN_POINT ( 'NONE',  ( 2.486007274113418486, -2.810646354501174393, -4.762765264509926766 ) ) ;
#786 = CARTESIAN_POINT ( 'NONE',  ( 0.7103052382093048012, 4.747153512218919680, -1.449999999999999956 ) ) ;
#787 = ORIENTED_EDGE ( 'NONE', *, *, #1876, .F. ) ;
#788 = AXIS2_PLACEMENT_3D ( 'NONE', #1280, #99, #722 ) ;
#789 = DIRECTION ( 'NONE',  ( 0.000000000000000000, 0.000000000000000000, -1.000000000000000000 ) ) ;
#790 = CARTESIAN_POINT ( 'NONE',  ( 1.313069933530916833, -3.145607233200501618, 4.583399352307289121 ) ) ;
#791 = ORIENTED_EDGE ( 'NONE', *, *, #1458, .T. ) ;
#792 = EDGE_CURVE ( 'NONE', #240, #557, #234, .T. ) ;
#793 = ORIENTED_EDGE ( 'NONE', *, *, #1534, .T. ) ;
#794 = DIRECTION ( 'NONE',  ( -1.000000000000000000, 0.000000000000000000, 0.000000000000000000 ) ) ;
#795 = EDGE_LOOP ( 'NONE', ( #1202, #1650, #1162, #1271, #1689 ) ) ;
#796 = DIRECTION ( 'NONE',  ( -1.000000000000000000, 0.000000000000000000, 0.000000000000000000 ) ) ;
#797 = CARTESIAN_POINT ( 'NONE',  ( 3.118424940794919387, -2.544808615324187784, -4.799999999999999822 ) ) ;
#798 = ORIENTED_EDGE ( 'NONE', *, *, #709, .T. ) ;
#799 = LINE ( 'NONE', #1046, #1084 ) ;
#800 = DIRECTION ( 'NONE',  ( -0.000000000000000000, -0.000000000000000000, 1.000000000000000000 ) ) ;
#801 = EDGE_CURVE ( 'NONE', #327, #424, #1628, .T. ) ;
#802 = ORIENTED_EDGE ( 'NONE', *, *, #112, .F. ) ;
#803 = CARTESIAN_POINT ( 'NONE',  ( -2.513478103294610744, 8.260941430035552813, -4.799999999999999822 ) ) ;
#804 = PLANE ( 'NONE',  #1880 ) ;
#805 = ORIENTED_EDGE ( 'NONE', *, *, #693, .T. ) ;
#806 = DIRECTION ( 'NONE',  ( 0.000000000000000000, 0.000000000000000000, 1.000000000000000000 ) ) ;
#807 = ADVANCED_FACE ( 'NONE', ( #961 ), #350, .T. ) ;
#808 = EDGE_CURVE ( 'NONE', #647, #675, #1415, .T. ) ;
#809 = TOROIDAL_SURFACE ( 'NONE', #622, 2.024999999999999911, 1.000000000000000000 ) ;
#810 = AXIS2_PLACEMENT_3D ( 'NONE', #516, #103, #955 ) ;
#811 = ORIENTED_EDGE ( 'NONE', *, *, #863, .T. ) ;
#812 = CARTESIAN_POINT ( 'NONE',  ( 0.000000000000000000, 0.000000000000000000, -3.799999999999999378 ) ) ;
#813 = CARTESIAN_POINT ( 'NONE',  ( -4.694523715662561436, 4.474829978120026475, 4.799921871948003904 ) ) ;
#814 = ORIENTED_EDGE ( 'NONE', *, *, #165, .T. ) ;
#815 = AXIS2_PLACEMENT_3D ( 'NONE', #924, #638, #794 ) ;
#816 = DIRECTION ( 'NONE',  ( 0.000000000000000000, 0.000000000000000000, 1.000000000000000000 ) ) ;
#817 = AXIS2_PLACEMENT_3D ( 'NONE', #668, #952, #1409 ) ;
#818 = DIRECTION ( 'NONE',  ( -0.000000000000000000, -0.000000000000000000, 1.000000000000000000 ) ) ;
#819 = DIRECTION ( 'NONE',  ( 0.000000000000000000, 0.000000000000000000, 1.000000000000000000 ) ) ;
#820 = CARTESIAN_POINT ( 'NONE',  ( -2.850059895954885736, 5.279882440875898197, -4.799999999999999822 ) ) ;
#821 = ORIENTED_EDGE ( 'NONE', *, *, #1189, .F. ) ;
#822 = ORIENTED_EDGE ( 'NONE', *, *, #38, .T. ) ;
#823 = CARTESIAN_POINT ( 'NONE',  ( 0.000000000000000000, 0.000000000000000000, -4.799999999999999822 ) ) ;
#824 = EDGE_CURVE ( 'NONE', #1064, #1725, #284, .T. ) ;
#825 = CARTESIAN_POINT ( 'NONE',  ( -2.850059895954885736, 5.279882440875898197, 1.449999999999999956 ) ) ;
#826 = FACE_OUTER_BOUND ( 'NONE', #1503, .T. ) ;
#827 = DIRECTION ( 'NONE',  ( -0.000000000000000000, -0.000000000000000000, -1.000000000000000000 ) ) ;
#828 = VERTEX_POINT ( 'NONE', #981 ) ;
#829 = EDGE_LOOP ( 'NONE', ( #1895, #1358 ) ) ;
#830 = DIRECTION ( 'NONE',  ( 1.000000000000000000, 0.000000000000000000, -0.000000000000000000 ) ) ;
#831 = DIRECTION ( 'NONE',  ( 0.9936863297198856859, -0.1121939308867587193, -0.000000000000000000 ) ) ;
#832 = EDGE_CURVE ( 'NONE', #725, #1516, #546, .T. ) ;
#833 = VECTOR ( 'NONE', #865, 1000.000000000000000 ) ;
#834 = CARTESIAN_POINT ( 'NONE',  ( 3.024999999999999911, 0.000000000000000000, 3.399999999999999467 ) ) ;
#835 = DIRECTION ( 'NONE',  ( 0.01428571428571429221, 0.9998979539769781155, 0.000000000000000000 ) ) ;
#836 = CIRCLE ( 'NONE', #152, 1.000000000000000000 ) ;
#837 = EDGE_LOOP ( 'NONE', ( #250, #1258, #1520, #885, #71 ) ) ;
#838 = ORIENTED_EDGE ( 'NONE', *, *, #1217, .F. ) ;
#839 = AXIS2_PLACEMENT_3D ( 'NONE', #362, #1528, #209 ) ;
#840 = CARTESIAN_POINT ( 'NONE',  ( 35.44877572354703688, 3.974745318879542744, -3.799999999999999378 ) ) ;
#841 = AXIS2_PLACEMENT_3D ( 'NONE', #1769, #1630, #44 ) ;
#842 = DIRECTION ( 'NONE',  ( -0.9936863297198856859, 0.1121939308867587193, 0.000000000000000000 ) ) ;
#843 = EDGE_CURVE ( 'NONE', #1714, #299, #185, .T. ) ;
#844 = DIRECTION ( 'NONE',  ( 0.000000000000000000, 0.000000000000000000, -1.000000000000000000 ) ) ;
#845 = ORIENTED_EDGE ( 'NONE', *, *, #832, .T. ) ;
#846 = VERTEX_POINT ( 'NONE', #701 ) ;
#847 = DIRECTION ( 'NONE',  ( 1.000000000000000000, 0.000000000000000000, 0.000000000000000000 ) ) ;
#848 = CARTESIAN_POINT ( 'NONE',  ( -2.850059895954885736, 5.279882440875898197, 1.249999999999999778 ) ) ;
#849 = EDGE_CURVE ( 'NONE', #276, #1749, #83, .T. ) ;
#850 = DIRECTION ( 'NONE',  ( 0.000000000000000000, 0.000000000000000000, 1.000000000000000000 ) ) ;
#851 = LINE ( 'NONE', #266, #663 ) ;
#852 = VERTEX_POINT ( 'NONE', #1833 ) ;
#853 = ORIENTED_EDGE ( 'NONE', *, *, #1148, .T. ) ;
#854 = DIRECTION ( 'NONE',  ( 1.000000000000000000, 0.000000000000000000, -0.000000000000000000 ) ) ;
#855 = CARTESIAN_POINT ( 'NONE',  ( -2.625672034181369519, 7.267255100315667349, -3.799999999999999378 ) ) ;
#856 = AXIS2_PLACEMENT_3D ( 'NONE', #1333, #310, #433 ) ;
#857 = DIRECTION ( 'NONE',  ( -0.000000000000000000, -0.000000000000000000, -1.000000000000000000 ) ) ;
#858 = DIRECTION ( 'NONE',  ( 0.1121939308867600793, 0.9936863297198854639, 0.000000000000000000 ) ) ;
#859 = CARTESIAN_POINT ( 'NONE',  ( 35.00000000000000000, 0.000000000000000000, -3.799999999999999378 ) ) ;
#860 = EDGE_LOOP ( 'NONE', ( #487, #126, #1699, #1283 ) ) ;
#861 = AXIS2_PLACEMENT_3D ( 'NONE', #945, #1199, #662 ) ;
#862 = ORIENTED_EDGE ( 'NONE', *, *, #245, .F. ) ;
#863 = EDGE_CURVE ( 'NONE', #1237, #155, #1133, .T. ) ;
#864 = AXIS2_PLACEMENT_3D ( 'NONE', #759, #1629, #1042 ) ;
#865 = DIRECTION ( 'NONE',  ( 0.000000000000000000, 0.000000000000000000, 1.000000000000000000 ) ) ;
#866 = DIRECTION ( 'NONE',  ( 1.000000000000000000, 0.000000000000000000, 0.000000000000000000 ) ) ;
#867 = AXIS2_PLACEMENT_3D ( 'NONE', #194, #1225, #1515 ) ;
#868 = VECTOR ( 'NONE', #1091, 1000.000000000000114 ) ;
#869 = CARTESIAN_POINT ( 'NONE',  ( -1.025059895954886002, 5.279882440875898197, -1.249999999999999778 ) ) ;
#870 = CIRCLE ( 'NONE', #1360, 3.500000000000000000 ) ;
#871 = CARTESIAN_POINT ( 'NONE',  ( -3.553126085964935843, 1.891010316533333180, 4.799999999999999822 ) ) ;
#872 = DIRECTION ( 'NONE',  ( 0.000000000000000000, 0.000000000000000000, 1.000000000000000000 ) ) ;
#873 = ORIENTED_EDGE ( 'NONE', *, *, #1739, .F. ) ;
#874 = DIRECTION ( 'NONE',  ( 0.000000000000000000, 0.000000000000000000, 1.000000000000000000 ) ) ;
#875 = DIRECTION ( 'NONE',  ( 0.9998979539769781155, -0.01428571428571426966, 0.000000000000000000 ) ) ;
#876 = EDGE_CURVE ( 'NONE', #240, #739, #1511, .T. ) ;
#877 = DIRECTION ( 'NONE',  ( 0.000000000000000000, 0.000000000000000000, 1.000000000000000000 ) ) ;
#878 = ADVANCED_FACE ( 'NONE', ( #1245 ), #537, .T. ) ;
#879 = CARTESIAN_POINT ( 'NONE',  ( 39.00000000000000000, 0.000000000000000000, -3.799999999999999378 ) ) ;
#880 = ADVANCED_FACE ( 'NONE', ( #214 ), #1424, .T. ) ;
#881 = EDGE_LOOP ( 'NONE', ( #904, #1188, #969, #1610, #1041, #1853, #912, #1010 ) ) ;
#882 = ORIENTED_EDGE ( 'NONE', *, *, #1836, .F. ) ;
#883 = ADVANCED_FACE ( 'NONE', ( #1827 ), #1101, .T. ) ;
#884 = CARTESIAN_POINT ( 'NONE',  ( 34.95714285714286262, -2.999693861930933014, -4.799999999999999822 ) ) ;
#885 = ORIENTED_EDGE ( 'NONE', *, *, #1665, .F. ) ;
#886 = CIRCLE ( 'NONE', #56, 3.999999999999996447 ) ;
#887 = DIRECTION ( 'NONE',  ( 0.000000000000000000, 0.000000000000000000, 1.000000000000000000 ) ) ;
#888 = ORIENTED_EDGE ( 'NONE', *, *, #584, .T. ) ;
#889 = CARTESIAN_POINT ( 'NONE',  ( -3.548569531380302955, 1.094343012767440504, 4.750892562548964193 ) ) ;
#890 = PRESENTATION_STYLE_ASSIGNMENT (( #1757 ) ) ;
#891 = ORIENTED_EDGE ( 'NONE', *, *, #1807, .F. ) ;
#892 = CARTESIAN_POINT ( 'NONE',  ( -3.207763164709032111, -1.400091239575441016, 3.800000000000000266 ) ) ;
#893 = CARTESIAN_POINT ( 'NONE',  ( -2.850059895954885736, 5.279882440875898197, -1.249999999999999778 ) ) ;
#894 = FACE_OUTER_BOUND ( 'NONE', #1208, .T. ) ;
#895 = AXIS2_PLACEMENT_3D ( 'NONE', #1030, #1321, #308 ) ;
#896 = STYLED_ITEM ( 'NONE', ( #1871 ), #680 ) ;
#897 = CARTESIAN_POINT ( 'NONE',  ( -0.04660714285714286781, -3.262167074849890547, 4.446988214730376754 ) ) ;
#898 = CIRCLE ( 'NONE', #936, 4.025000000000000355 ) ;
#899 = EDGE_CURVE ( 'NONE', #828, #1656, #1557, .T. ) ;
#900 = CIRCLE ( 'NONE', #1418, 3.000000000000002665 ) ;
#901 = ORIENTED_EDGE ( 'NONE', *, *, #246, .T. ) ;
#902 = DIRECTION ( 'NONE',  ( -0.1121939308867583168, -0.9936863297198856859, 0.000000000000000000 ) ) ;
#903 = ADVANCED_FACE ( 'NONE', ( #1413 ), #93, .T. ) ;
#904 = ORIENTED_EDGE ( 'NONE', *, *, #899, .T. ) ;
#905 = DIRECTION ( 'NONE',  ( -0.4000260684501258379, 0.9165037613454378729, -0.000000000000000000 ) ) ;
#906 = CARTESIAN_POINT ( 'NONE',  ( 3.024999999999999911, 0.000000000000000000, 3.799999999999999378 ) ) ;
#907 = EDGE_CURVE ( 'NONE', #1345, #1502, #988, .T. ) ;
#908 = ORIENTED_EDGE ( 'NONE', *, *, #1254, .F. ) ;
#909 = FACE_OUTER_BOUND ( 'NONE', #1637, .T. ) ;
#910 = LINE ( 'NONE', #1377, #1541 ) ;
#911 = ORIENTED_EDGE ( 'NONE', *, *, #1059, .T. ) ;
#912 = ORIENTED_EDGE ( 'NONE', *, *, #1254, .T. ) ;
#913 = DIRECTION ( 'NONE',  ( -0.000000000000000000, -0.000000000000000000, -1.000000000000000000 ) ) ;
#914 = VERTEX_POINT ( 'NONE', #716 ) ;
#915 = EDGE_CURVE ( 'NONE', #275, #1623, #1444, .T. ) ;
#916 = DIRECTION ( 'NONE',  ( 1.000000000000000000, 0.000000000000000000, 0.000000000000000000 ) ) ;
#917 = CARTESIAN_POINT ( 'NONE',  ( 0.000000000000000000, 0.000000000000000000, -3.399999999999999467 ) ) ;
#918 = CYLINDRICAL_SURFACE ( 'NONE', #272, 3.024999999999999911 ) ;
#919 = FACE_OUTER_BOUND ( 'NONE', #1681, .T. ) ;
#920 = LINE ( 'NONE', #36, #222 ) ;
#921 = ORIENTED_EDGE ( 'NONE', *, *, #646, .F. ) ;
#922 = AXIS2_PLACEMENT_3D ( 'NONE', #1044, #1467, #1761 ) ;
#923 = ORIENTED_EDGE ( 'NONE', *, *, #12, .F. ) ;
#924 = CARTESIAN_POINT ( 'NONE',  ( -2.850059895954885736, 5.279882440875898197, 1.449999999999999956 ) ) ;
#925 = SURFACE_STYLE_FILL_AREA ( #1347 ) ;
#926 = VERTEX_POINT ( 'NONE', #1286 ) ;
#927 = LINE ( 'NONE', #803, #466 ) ;
#928 = CARTESIAN_POINT ( 'NONE',  ( -4.675059895954885469, 5.279882440875898197, 1.449999999999999956 ) ) ;
#929 = VERTEX_POINT ( 'NONE', #110 ) ;
#930 = ADVANCED_FACE ( 'NONE', ( #1575 ), #1429, .T. ) ;
#931 = CARTESIAN_POINT ( 'NONE',  ( -2.850059895954885736, 5.279882440875898197, 1.249999999999999778 ) ) ;
#932 = DIRECTION ( 'NONE',  ( 0.000000000000000000, 0.000000000000000000, 1.000000000000000000 ) ) ;
#933 = TOROIDAL_SURFACE ( 'NONE', #251, 2.499999999999999556, 1.000000000000000000 ) ;
#934 = ORIENTED_EDGE ( 'NONE', *, *, #726, .T. ) ;
#935 = CIRCLE ( 'NONE', #29, 2.024999999999999911 ) ;
#936 = AXIS2_PLACEMENT_3D ( 'NONE', #1551, #1711, #1697 ) ;
#937 = EDGE_CURVE ( 'NONE', #1420, #1690, #282, .T. ) ;
#938 = DIRECTION ( 'NONE',  ( 0.000000000000000000, 0.000000000000000000, 1.000000000000000000 ) ) ;
#939 = AXIS2_PLACEMENT_3D ( 'NONE', #1498, #1351, #1186 ) ;
#940 = VERTEX_POINT ( 'NONE', #1727 ) ;
#941 = CIRCLE ( 'NONE', #1696, 3.600000000000000089 ) ;
#942 = CARTESIAN_POINT ( 'NONE',  ( 1.045405805523075271, -3.207930052897092654, -4.538469321811587243 ) ) ;
#943 = CARTESIAN_POINT ( 'NONE',  ( -2.310460383042972410, 7.231665565525054795, -4.799999999999999822 ) ) ;
#944 = VERTEX_POINT ( 'NONE', #1298 ) ;
#945 = CARTESIAN_POINT ( 'NONE',  ( 4.025000000000000355, 0.000000000000000000, 3.799999999999999378 ) ) ;
#946 = CIRCLE ( 'NONE', #261, 1.024999999999999911 ) ;
#947 = CARTESIAN_POINT ( 'NONE',  ( -4.025000000000000355, 4.929203366568097207E-16, -3.799999999999999378 ) ) ;
#948 = ADVANCED_FACE ( 'NONE', ( #419 ), #316, .T. ) ;
#949 = VERTEX_POINT ( 'NONE', #1005 ) ;
#950 = EDGE_CURVE ( 'NONE', #846, #1074, #1388, .T. ) ;
#951 = CARTESIAN_POINT ( 'NONE',  ( 35.00000000000000000, 0.000000000000000000, -3.799999999999999378 ) ) ;
#952 = DIRECTION ( 'NONE',  ( 1.224646799147353207E-16, 1.000000000000000000, -0.000000000000000000 ) ) ;
#953 = ORIENTED_EDGE ( 'NONE', *, *, #1037, .F. ) ;
#954 = CARTESIAN_POINT ( 'NONE',  ( -4.694523715662570318, 4.474829978120022922, -4.799921871948003904 ) ) ;
#955 = DIRECTION ( 'NONE',  ( -1.000000000000000000, 0.000000000000000000, 0.000000000000000000 ) ) ;
#956 = EDGE_LOOP ( 'NONE', ( #1766, #1589, #1370, #368, #317, #355, #543 ) ) ;
#957 = CARTESIAN_POINT ( 'NONE',  ( -5.599571179991198022, 4.079804235525519296, 3.800000000000000266 ) ) ;
#958 = CARTESIAN_POINT ( 'NONE',  ( 35.33658179266027588, 2.981058989159656392, -4.799999999999999822 ) ) ;
#959 = ORIENTED_EDGE ( 'NONE', *, *, #1264, .F. ) ;
#960 = CYLINDRICAL_SURFACE ( 'NONE', #736, 1.000000000000000000 ) ;
#961 = FACE_OUTER_BOUND ( 'NONE', #1799, .T. ) ;
#962 = AXIS2_PLACEMENT_3D ( 'NONE', #931, #789, #1300 ) ;
#963 = VECTOR ( 'NONE', #831, 999.9999999999998863 ) ;
#964 = EDGE_CURVE ( 'NONE', #1241, #1036, #1295, .T. ) ;
#965 = CARTESIAN_POINT ( 'NONE',  ( -3.875059895954885203, 5.279882440875898197, -1.249999999999999778 ) ) ;
#966 = AXIS2_PLACEMENT_3D ( 'NONE', #394, #819, #1425 ) ;
#967 = CARTESIAN_POINT ( 'NONE',  ( -2.519040798284351901, 7.267795132390167723, -4.799921871948047425 ) ) ;
#968 = EDGE_LOOP ( 'NONE', ( #467, #1269, #636, #822 ) ) ;
#969 = ORIENTED_EDGE ( 'NONE', *, *, #1259, .T. ) ;
#970 = AXIS2_PLACEMENT_3D ( 'NONE', #286, #1608, #1892 ) ;
#971 = EDGE_CURVE ( 'NONE', #1580, #994, #279, .T. ) ;
#972 = DIRECTION ( 'NONE',  ( 0.000000000000000000, 0.000000000000000000, 1.000000000000000000 ) ) ;
#973 = AXIS2_PLACEMENT_3D ( 'NONE', #820, #674, #578 ) ;
#974 = DIRECTION ( 'NONE',  ( 0.4000260684501258379, -0.9165037613454378729, 0.000000000000000000 ) ) ;
#975 = CARTESIAN_POINT ( 'NONE',  ( 0.000000000000000000, 0.000000000000000000, -3.399999999999999467 ) ) ;
#976 = LINE ( 'NONE', #1393, #1236 ) ;
#977 = ADVANCED_FACE ( 'NONE', ( #998 ), #382, .T. ) ;
#978 = ORIENTED_EDGE ( 'NONE', *, *, #523, .F. ) ;
#979 = ORIENTED_EDGE ( 'NONE', *, *, #987, .T. ) ;
#980 = DIRECTION ( 'NONE',  ( 1.000000000000000000, 0.000000000000000000, 0.000000000000000000 ) ) ;
#981 = CARTESIAN_POINT ( 'NONE',  ( -2.310460383042972410, 7.231665565525054795, -4.799999999999999822 ) ) ;
#982 = CARTESIAN_POINT ( 'NONE',  ( -2.850059895954885736, 5.279882440875898197, -3.799999999999999378 ) ) ;
#983 = CYLINDRICAL_SURFACE ( 'NONE', #1606, 1.024999999999999911 ) ;
#984 = ORIENTED_EDGE ( 'NONE', *, *, #1559, .F. ) ;
#985 = VERTEX_POINT ( 'NONE', #640 ) ;
#986 = DIRECTION ( 'NONE',  ( 1.000000000000000000, 0.000000000000000000, -0.000000000000000000 ) ) ;
#987 = EDGE_CURVE ( 'NONE', #305, #1744, #28, .T. ) ;
#988 = LINE ( 'NONE', #1564, #1817 ) ;
#989 = ADVANCED_FACE ( 'NONE', ( #1545 ), #1632, .T. ) ;
#990 = AXIS2_PLACEMENT_3D ( 'NONE', #425, #1012, #15 ) ;
#991 = DIRECTION ( 'NONE',  ( 0.000000000000000000, 0.000000000000000000, 1.000000000000000000 ) ) ;
#992 = FACE_OUTER_BOUND ( 'NONE', #115, .T. ) ;
#993 = CIRCLE ( 'NONE', #654, 1.000000000000000222 ) ;
#994 = VERTEX_POINT ( 'NONE', #629 ) ;
#995 = ORIENTED_EDGE ( 'NONE', *, *, #1678, .T. ) ;
#996 = AXIS2_PLACEMENT_3D ( 'NONE', #1290, #529, #1558 ) ;
#997 = DIRECTION ( 'NONE',  ( 0.000000000000000000, 0.000000000000000000, 1.000000000000000000 ) ) ;
#998 = FACE_OUTER_BOUND ( 'NONE', #1889, .T. ) ;
#999 = PRESENTATION_LAYER_ASSIGNMENT (  '', '', ( #1638 ) ) ;
#1000 = FACE_BOUND ( 'NONE', #829, .T. ) ;
#1001 = DIRECTION ( 'NONE',  ( -0.000000000000000000, -0.000000000000000000, 1.000000000000000000 ) ) ;
#1002 = EDGE_LOOP ( 'NONE', ( #351, #689, #1795, #41 ) ) ;
#1003 = VERTEX_POINT ( 'NONE', #965 ) ;
#1004 = CARTESIAN_POINT ( 'NONE',  ( -1.025059895954886002, 5.279882440875898197, 1.449999999999999956 ) ) ;
#1005 = CARTESIAN_POINT ( 'NONE',  ( -2.513478103294610744, 8.260941430035552813, -3.799999999999999378 ) ) ;
#1006 = PLANE ( 'NONE',  #1841 ) ;
#1007 = ADVANCED_FACE ( 'NONE', ( #480 ), #61, .F. ) ;
#1008 = PLANE ( 'NONE',  #536 ) ;
#1009 = CARTESIAN_POINT ( 'NONE',  ( -3.875059895954885647, 5.279882440875898197, -4.799999999999999822 ) ) ;
#1010 = ORIENTED_EDGE ( 'NONE', *, *, #598, .T. ) ;
#1011 = ORIENTED_EDGE ( 'NONE', *, *, #313, .F. ) ;
#1012 = DIRECTION ( 'NONE',  ( -0.000000000000000000, -0.000000000000000000, -1.000000000000000000 ) ) ;
#1013 = DIRECTION ( 'NONE',  ( -0.9998979539769781155, 0.01428571428571667572, 0.000000000000000000 ) ) ;
#1014 = FACE_OUTER_BOUND ( 'NONE', #1562, .T. ) ;
#1015 = CARTESIAN_POINT ( 'NONE',  ( 0.000000000000000000, 0.000000000000000000, -1.449999999999999956 ) ) ;
#1016 = DIRECTION ( 'NONE',  ( 0.4000260684501263375, -0.9165037613454376508, 0.000000000000000000 ) ) ;
#1017 = ORIENTED_EDGE ( 'NONE', *, *, #1244, .F. ) ;
#1018 = CIRCLE ( 'NONE', #183, 4.025000000000000355 ) ;
#1019 = VECTOR ( 'NONE', #1252, 1000.000000000000000 ) ;
#1020 = CARTESIAN_POINT ( 'NONE',  ( 0.000000000000000000, 0.000000000000000000, -4.799999999999999822 ) ) ;
#1021 = CARTESIAN_POINT ( 'NONE',  ( 0.000000000000000000, 0.000000000000000000, -3.799999999999999378 ) ) ;
#1022 = AXIS2_PLACEMENT_3D ( 'NONE', #314, #607, #306 ) ;
#1023 = CIRCLE ( 'NONE', #1325, 1.024999999999999467 ) ;
#1024 = DIRECTION ( 'NONE',  ( 1.000000000000000000, 0.000000000000000000, 0.000000000000000000 ) ) ;
#1025 = VECTOR ( 'NONE', #1893, 999.9999999999998863 ) ;
#1026 = EDGE_CURVE ( 'NONE', #949, #739, #927, .T. ) ;
#1027 = DIRECTION ( 'NONE',  ( -0.9936863297198856859, 0.1121939308867585111, 0.000000000000000000 ) ) ;
#1028 = ORIENTED_EDGE ( 'NONE', *, *, #1242, .T. ) ;
#1029 = EDGE_LOOP ( 'NONE', ( #1496, #1353, #588, #787 ) ) ;
#1030 = CARTESIAN_POINT ( 'NONE',  ( 0.000000000000000000, 0.000000000000000000, -3.399999999999999467 ) ) ;
#1031 = CARTESIAN_POINT ( 'NONE',  ( 35.00000000000000000, 0.000000000000000000, 3.800000000000000266 ) ) ;
#1032 = DIRECTION ( 'NONE',  ( -0.000000000000000000, -0.000000000000000000, -1.000000000000000000 ) ) ;
#1033 = ORIENTED_EDGE ( 'NONE', *, *, #1593, .T. ) ;
#1034 = DIRECTION ( 'NONE',  ( 0.000000000000000000, 0.000000000000000000, -1.000000000000000000 ) ) ;
#1035 = DIRECTION ( 'NONE',  ( -0.000000000000000000, -0.000000000000000000, -1.000000000000000000 ) ) ;
#1036 = VERTEX_POINT ( 'NONE', #375 ) ;
#1037 = EDGE_CURVE ( 'NONE', #1241, #914, #187, .T. ) ;
#1038 = SURFACE_STYLE_FILL_AREA ( #453 ) ;
#1039 = ORIENTED_EDGE ( 'NONE', *, *, #217, .F. ) ;
#1040 = DIRECTION ( 'NONE',  ( 0.000000000000000000, -1.000000000000000000, 0.000000000000000000 ) ) ;
#1041 = ORIENTED_EDGE ( 'NONE', *, *, #1405, .T. ) ;
#1042 = DIRECTION ( 'NONE',  ( 1.000000000000000000, 0.000000000000000000, 0.000000000000000000 ) ) ;
#1043 = DIRECTION ( 'NONE',  ( -1.000000000000000000, 0.000000000000000000, 0.000000000000000000 ) ) ;
#1044 = CARTESIAN_POINT ( 'NONE',  ( 0.000000000000000000, 0.000000000000000000, 1.449999999999999956 ) ) ;
#1045 = CIRCLE ( 'NONE', #745, 3.024999999999999911 ) ;
#1046 = CARTESIAN_POINT ( 'NONE',  ( 0.1516797644092788278, 1.013715072921748117, -4.799999999999999822 ) ) ;
#1047 = AXIS2_PLACEMENT_3D ( 'NONE', #1843, #1119, #393 ) ;
#1048 = CARTESIAN_POINT ( 'NONE',  ( 2.994195268721043135, -2.602631388379898603, 4.800000000000005151 ) ) ;
#1049 = EDGE_LOOP ( 'NONE', ( #1825, #713, #845, #1182 ) ) ;
#1050 = EDGE_CURVE ( 'NONE', #611, #1003, #1103, .T. ) ;
#1051 = VECTOR ( 'NONE', #51, 999.9999999999998863 ) ;
#1052 = ORIENTED_EDGE ( 'NONE', *, *, #568, .T. ) ;
#1053 = CARTESIAN_POINT ( 'NONE',  ( 35.33658179266027588, 2.981058989159656392, -3.799999999999999378 ) ) ;
#1054 = CIRCLE ( 'NONE', #1207, 4.025000000000000355 ) ;
#1055 = ORIENTED_EDGE ( 'NONE', *, *, #832, .F. ) ;
#1056 = CARTESIAN_POINT ( 'NONE',  ( 3.024999999999999911, 3.704556567420743261E-16, -3.399999999999999467 ) ) ;
#1057 = CARTESIAN_POINT ( 'NONE',  ( -0.5179309028609507815, -3.461466102659628952, 1.449999999999999956 ) ) ;
#1058 = ORIENTED_EDGE ( 'NONE', *, *, #1176, .F. ) ;
#1059 = EDGE_CURVE ( 'NONE', #1293, #1749, #1797, .T. ) ;
#1060 = DIRECTION ( 'NONE',  ( 0.9936863297198856859, -0.1121939308867587193, 0.000000000000000000 ) ) ;
#1061 = ADVANCED_FACE ( 'NONE', ( #1209 ), #1804, .T. ) ;
#1062 = DIRECTION ( 'NONE',  ( -0.9998979539769781155, 0.01428571428571427139, -1.160262203307737325E-18 ) ) ;
#1063 = ORIENTED_EDGE ( 'NONE', *, *, #65, .T. ) ;
#1064 = VERTEX_POINT ( 'NONE', #512 ) ;
#1065 = DIRECTION ( 'NONE',  ( 0.000000000000000000, -1.000000000000000000, 0.000000000000000000 ) ) ;
#1066 = EDGE_CURVE ( 'NONE', #940, #364, #154, .T. ) ;
#1067 = ORIENTED_EDGE ( 'NONE', *, *, #1195, .F. ) ;
#1068 = CARTESIAN_POINT ( 'NONE',  ( 0.7103052382093048012, 4.747153512218919680, 1.449999999999999956 ) ) ;
#1069 = CARTESIAN_POINT ( 'NONE',  ( -4.556173373952495886, 4.189102077927014278, -4.799999999999999822 ) ) ;
#1070 = DIRECTION ( 'NONE',  ( 1.000000000000000000, 0.000000000000000000, 0.000000000000000000 ) ) ;
#1071 = VERTEX_POINT ( 'NONE', #957 ) ;
#1072 = DIRECTION ( 'NONE',  ( 1.000000000000000000, 0.000000000000000000, 0.000000000000000000 ) ) ;
#1073 = CARTESIAN_POINT ( 'NONE',  ( 1.841711498501978461, -3.022244843805033998, 4.672127626855430371 ) ) ;
#1074 = VERTEX_POINT ( 'NONE', #1536 ) ;
#1075 = EDGE_LOOP ( 'NONE', ( #1164, #1803, #1305, #1553, #74, #21, #1579 ) ) ;
#1076 = DIRECTION ( 'NONE',  ( -0.000000000000000000, -0.000000000000000000, -1.000000000000000000 ) ) ;
#1077 = ORIENTED_EDGE ( 'NONE', *, *, #506, .F. ) ;
#1078 = CARTESIAN_POINT ( 'NONE',  ( -2.850059895954885736, 5.279882440875898197, -4.799921871948003904 ) ) ;
#1079 = DIRECTION ( 'NONE',  ( 0.9936863297198856859, -0.1121939308867588581, 0.000000000000000000 ) ) ;
#1080 = ORIENTED_EDGE ( 'NONE', *, *, #8, .F. ) ;
#1081 = EDGE_CURVE ( 'NONE', #391, #985, #493, .T. ) ;
#1082 = CARTESIAN_POINT ( 'NONE',  ( -2.850059895954885736, 5.279882440875898197, -3.799999999999999378 ) ) ;
#1083 = FACE_OUTER_BOUND ( 'NONE', #627, .T. ) ;
#1084 = VECTOR ( 'NONE', #508, 1000.000000000000000 ) ;
#1085 = VERTEX_POINT ( 'NONE', #202 ) ;
#1086 = CIRCLE ( 'NONE', #1746, 3.600000000000000089 ) ;
#1087 = EDGE_CURVE ( 'NONE', #60, #446, #1819, .T. ) ;
#1088 = VECTOR ( 'NONE', #1717, 1000.000000000000000 ) ;
#1089 = CIRCLE ( 'NONE', #970, 3.024999999999999911 ) ;
#1090 = ORIENTED_EDGE ( 'NONE', *, *, #387, .F. ) ;
#1091 = DIRECTION ( 'NONE',  ( -0.9998979539769781155, 0.01428571428571426966, -0.000000000000000000 ) ) ;
#1092 = DIRECTION ( 'NONE',  ( 1.000000000000000000, 0.000000000000000000, 0.000000000000000000 ) ) ;
#1093 = VERTEX_POINT ( 'NONE', #1248 ) ;
#1094 = FACE_OUTER_BOUND ( 'NONE', #1454, .T. ) ;
#1095 = DIRECTION ( 'NONE',  ( -0.9165037613454378729, -0.4000260684501258379, 0.000000000000000000 ) ) ;
#1096 = EDGE_LOOP ( 'NONE', ( #793, #1247 ) ) ;
#1097 = DIRECTION ( 'NONE',  ( 0.000000000000000000, 0.000000000000000000, 1.000000000000000000 ) ) ;
#1098 = CYLINDRICAL_SURFACE ( 'NONE', #1362, 1.000000000000000222 ) ;
#1099 = ORIENTED_EDGE ( 'NONE', *, *, #1882, .F. ) ;
#1100 = CARTESIAN_POINT ( 'NONE',  ( -3.548554122343165584, 1.094072891658883329, -4.750861003767181678 ) ) ;
#1101 = CYLINDRICAL_SURFACE ( 'NONE', #1047, 1.824999999999999734 ) ;
#1102 = ADVANCED_FACE ( 'NONE', ( #1829 ), #520, .T. ) ;
#1103 = LINE ( 'NONE', #1239, #1748 ) ;
#1104 = CARTESIAN_POINT ( 'NONE',  ( -4.675059895954885469, 5.279882440875898197, 1.249999999999999778 ) ) ;
#1105 = ORIENTED_EDGE ( 'NONE', *, *, #96, .T. ) ;
#1106 = CARTESIAN_POINT ( 'NONE',  ( -4.675059895954885469, 5.279882440875898197, -1.249999999999999778 ) ) ;
#1107 = DIRECTION ( 'NONE',  ( -0.4000260684501258379, 0.9165037613454378729, 1.987350738283721727E-16 ) ) ;
#1108 = CIRCLE ( 'NONE', #1386, 1.024999999999999911 ) ;
#1109 = EDGE_CURVE ( 'NONE', #725, #1653, #657, .T. ) ;
#1110 = AXIS2_PLACEMENT_3D ( 'NONE', #1540, #664, #526 ) ;
#1111 = DIRECTION ( 'NONE',  ( 0.4000260684501258379, -0.9165037613454378729, 0.000000000000000000 ) ) ;
#1112 = CIRCLE ( 'NONE', #285, 3.500000000000000000 ) ;
#1113 = CYLINDRICAL_SURFACE ( 'NONE', #156, 3.024999999999999911 ) ;
#1114 = EDGE_CURVE ( 'NONE', #1411, #852, #265, .T. ) ;
#1115 = ORIENTED_EDGE ( 'NONE', *, *, #688, .F. ) ;
#1116 = ORIENTED_EDGE ( 'NONE', *, *, #1807, .T. ) ;
#1117 = AXIS2_PLACEMENT_3D ( 'NONE', #1322, #189, #1 ) ;
#1118 = FACE_OUTER_BOUND ( 'NONE', #1250, .T. ) ;
#1119 = DIRECTION ( 'NONE',  ( -0.000000000000000000, -0.000000000000000000, -1.000000000000000000 ) ) ;
#1120 = EDGE_CURVE ( 'NONE', #949, #1411, #1542, .T. ) ;
#1121 = DIRECTION ( 'NONE',  ( -0.01428571428571426966, -0.9998979539769781155, 0.000000000000000000 ) ) ;
#1122 = DIRECTION ( 'NONE',  ( -1.000000000000000000, 0.000000000000000000, 0.000000000000000000 ) ) ;
#1123 = ORIENTED_EDGE ( 'NONE', *, *, #1120, .T. ) ;
#1124 = ORIENTED_EDGE ( 'NONE', *, *, #96, .F. ) ;
#1125 = FACE_OUTER_BOUND ( 'NONE', #1129, .T. ) ;
#1126 = DIRECTION ( 'NONE',  ( 1.000000000000000000, 0.000000000000000000, 0.000000000000000000 ) ) ;
#1127 =( NAMED_UNIT ( * ) PLANE_ANGLE_UNIT ( ) SI_UNIT ( $, .RADIAN. ) );
#1128 = CIRCLE ( 'NONE', #1710, 0.9999999999999997780 ) ;
#1129 = EDGE_LOOP ( 'NONE', ( #752, #454, #81, #1878, #953 ) ) ;
#1130 = ORIENTED_EDGE ( 'NONE', *, *, #457, .T. ) ;
#1131 = CARTESIAN_POINT ( 'NONE',  ( -1.825059895954885825, 5.279882440875898197, 3.800000000000000266 ) ) ;
#1132 = ADVANCED_FACE ( 'NONE', ( #1874 ), #503, .T. ) ;
#1133 = LINE ( 'NONE', #76, #435 ) ;
#1134 = CIRCLE ( 'NONE', #559, 1.024999999999999467 ) ;
#1135 = DIRECTION ( 'NONE',  ( 1.000000000000000000, 0.000000000000000000, 0.000000000000000000 ) ) ;
#1136 = LINE ( 'NONE', #1291, #1025 ) ;
#1137 = CIRCLE ( 'NONE', #867, 2.024999999999999911 ) ;
#1138 = ORIENTED_EDGE ( 'NONE', *, *, #824, .T. ) ;
#1139 = EDGE_LOOP ( 'NONE', ( #814, #107, #48, #221 ) ) ;
#1140 = AXIS2_PLACEMENT_3D ( 'NONE', #848, #1439, #118 ) ;
#1141 = CARTESIAN_POINT ( 'NONE',  ( -2.225990487716879240, 3.353444698902006582, 4.799999999999999822 ) ) ;
#1142 = AXIS2_PLACEMENT_3D ( 'NONE', #336, #1065, #767 ) ;
#1143 = DIRECTION ( 'NONE',  ( 0.1121939308867587470, 0.9936863297198856859, 0.000000000000000000 ) ) ;
#1144 =( GEOMETRIC_REPRESENTATION_CONTEXT ( 3 ) GLOBAL_UNCERTAINTY_ASSIGNED_CONTEXT ( ( #374 ) ) GLOBAL_UNIT_ASSIGNED_CONTEXT ( ( #1275, #1127, #586 ) ) REPRESENTATION_CONTEXT ( 'NONE', 'WORKASPACE' ) );
#1145 = CARTESIAN_POINT ( 'NONE',  ( -2.513478103294610744, 8.260941430035552813, -4.799999999999999822 ) ) ;
#1146 = DIRECTION ( 'NONE',  ( -0.000000000000000000, -0.000000000000000000, 1.000000000000000000 ) ) ;
#1147 = ORIENTED_EDGE ( 'NONE', *, *, #329, .T. ) ;
#1148 = EDGE_CURVE ( 'NONE', #725, #611, #690, .T. ) ;
#1149 = EDGE_LOOP ( 'NONE', ( #87, #798, #1375, #755, #1538, #730, #100, #1445 ) ) ;
#1150 = CARTESIAN_POINT ( 'NONE',  ( -0.03571428571428568455, -2.499744884942446177, 4.799999999999999822 ) ) ;
#1151 = DIRECTION ( 'NONE',  ( 0.000000000000000000, 0.000000000000000000, 1.000000000000000000 ) ) ;
#1152 = CARTESIAN_POINT ( 'NONE',  ( -2.850059895954885736, 5.279882440875898197, -1.449999999999999956 ) ) ;
#1153 = DIRECTION ( 'NONE',  ( 0.000000000000000000, -1.000000000000000000, 0.000000000000000000 ) ) ;
#1154 = CARTESIAN_POINT ( 'NONE',  ( 38.00000000000000711, 0.000000000000000000, 4.799999999999999822 ) ) ;
#1155 = VERTEX_POINT ( 'NONE', #834 ) ;
#1156 = CARTESIAN_POINT ( 'NONE',  ( -3.561219742578574543, 1.570116333413621890, -4.792697944105291263 ) ) ;
#1157 = ORIENTED_EDGE ( 'NONE', *, *, #1534, .F. ) ;
#1158 = ADVANCED_FACE ( 'NONE', ( #710, #257 ), #1850, .T. ) ;
#1159 = CARTESIAN_POINT ( 'NONE',  ( 35.00000000000000000, 0.000000000000000000, -3.799999999999999378 ) ) ;
#1160 = ADVANCED_FACE ( 'NONE', ( #555 ), #105, .F. ) ;
#1161 = DIRECTION ( 'NONE',  ( -0.000000000000000000, -0.000000000000000000, -1.000000000000000000 ) ) ;
#1162 = ORIENTED_EDGE ( 'NONE', *, *, #1821, .F. ) ;
#1163 = AXIS2_PLACEMENT_3D ( 'NONE', #1607, #1459, #1315 ) ;
#1164 = ORIENTED_EDGE ( 'NONE', *, *, #38, .F. ) ;
#1165 = AXIS2_PLACEMENT_3D ( 'NONE', #498, #932, #180 ) ;
#1166 = CARTESIAN_POINT ( 'NONE',  ( 39.00000000000000000, 0.000000000000000000, -4.799999999999999822 ) ) ;
#1167 = DIRECTION ( 'NONE',  ( 1.000000000000000000, 0.000000000000000000, 0.000000000000000000 ) ) ;
#1168 = CIRCLE ( 'NONE', #1416, 1.024999999999999911 ) ;
#1169 = AXIS2_PLACEMENT_3D ( 'NONE', #1178, #1466, #341 ) ;
#1170 = CARTESIAN_POINT ( 'NONE',  ( -3.311370342163471037, -0.4468365892465925859, -4.510544510389152606 ) ) ;
#1171 =( GEOMETRIC_REPRESENTATION_CONTEXT ( 3 ) GLOBAL_UNCERTAINTY_ASSIGNED_CONTEXT ( ( #198 ) ) GLOBAL_UNIT_ASSIGNED_CONTEXT ( ( #24, #1775, #1505 ) ) REPRESENTATION_CONTEXT ( 'NONE', 'WORKASPACE' ) );
#1172 = EDGE_CURVE ( 'NONE', #1257, #1348, #898, .T. ) ;
#1173 = CARTESIAN_POINT ( 'NONE',  ( 0.000000000000000000, 0.000000000000000000, 3.399999999999999467 ) ) ;
#1174 = B_SPLINE_CURVE_WITH_KNOTS ( 'NONE', 3,
 ( #1615, #153, #1183, #889, #429, #163, #1902, #871 ),
 .UNSPECIFIED., .F., .F.,
 ( 4, 2, 2, 4 ),
 ( 0.001479232263037829178, 0.002433477146753449533, 0.002910599588611259385, 0.003387722030469069237 ),
 .UNSPECIFIED. ) ;
#1175 = ORIENTED_EDGE ( 'NONE', *, *, #1884, .F. ) ;
#1176 = EDGE_CURVE ( 'NONE', #1609, #327, #541, .T. ) ;
#1177 = PLANE ( 'NONE',  #1738 ) ;
#1178 = CARTESIAN_POINT ( 'NONE',  ( -2.850059895954885736, 5.279882440875898197, 1.249999999999999778 ) ) ;
#1179 = EDGE_LOOP ( 'NONE', ( #80, #888, #995, #1510 ) ) ;
#1180 = CARTESIAN_POINT ( 'NONE',  ( 0.000000000000000000, 0.000000000000000000, 4.799999999999999822 ) ) ;
#1181 = ADVANCED_FACE ( 'NONE', ( #703 ), #1279, .T. ) ;
#1182 = ORIENTED_EDGE ( 'NONE', *, *, #1582, .F. ) ;
#1183 = CARTESIAN_POINT ( 'NONE',  ( -3.512493427065947138, 0.6222880313995706736, 4.689545760847333433 ) ) ;
#1184 = VERTEX_POINT ( 'NONE', #1863 ) ;
#1185 = DIRECTION ( 'NONE',  ( -1.000000000000000000, 0.000000000000000000, 0.000000000000000000 ) ) ;
#1186 = DIRECTION ( 'NONE',  ( 1.000000000000000000, 0.000000000000000000, 0.000000000000000000 ) ) ;
#1187 = CIRCLE ( 'NONE', #369, 1.000000000000000000 ) ;
#1188 = ORIENTED_EDGE ( 'NONE', *, *, #1682, .T. ) ;
#1189 = EDGE_CURVE ( 'NONE', #1816, #60, #1694, .T. ) ;
#1190 = CLOSED_SHELL ( 'NONE', ( #989, #89, #104, #1132, #548, #485, #428, #1684, #883, #1261, #1773, #621, #878, #1007, #236, #604, #151, #1224, #1227, #540, #566, #903, #773, #1061, #1181, #605, #1203, #1160, #138, #1891, #1378, #1289, #402, #1856, #744, #1622, #1102, #1158, #205, #385, #1767, #42, #807, #880, #177, #948, #1556, #561, #547, #1576, #1544, #488, #1771, #930, #33, #977, #659, #590 ) ) ;
#1191 = DIRECTION ( 'NONE',  ( -0.000000000000000000, -0.000000000000000000, -1.000000000000000000 ) ) ;
#1192 = CARTESIAN_POINT ( 'NONE',  ( -0.8250598959548857136, 5.279882440875898197, 3.800000000000000266 ) ) ;
#1193 = SURFACE_SIDE_STYLE ('',( #925 ) ) ;
#1194 = VERTEX_POINT ( 'NONE', #85 ) ;
#1195 = EDGE_CURVE ( 'NONE', #557, #391, #1112, .T. ) ;
#1196 = DIRECTION ( 'NONE',  ( -1.000000000000000000, 0.000000000000000000, 0.000000000000000000 ) ) ;
#1197 = DIRECTION ( 'NONE',  ( 0.9165037613454379839, 0.4000260684501258379, 0.000000000000000000 ) ) ;
#1198 = ORIENTED_EDGE ( 'NONE', *, *, #84, .T. ) ;
#1199 = DIRECTION ( 'NONE',  ( 0.000000000000000000, -1.000000000000000000, 0.000000000000000000 ) ) ;
#1200 = CIRCLE ( 'NONE', #1844, 1.000000000000000000 ) ;
#1201 = CARTESIAN_POINT ( 'NONE',  ( 0.2303581762410996936, -3.266124126066920041, 4.446988214730376754 ) ) ;
#1202 = ORIENTED_EDGE ( 'NONE', *, *, #1501, .F. ) ;
#1203 = ADVANCED_FACE ( 'NONE', ( #388 ), #1730, .T. ) ;
#1204 = VECTOR ( 'NONE', #72, 1000.000000000000114 ) ;
#1205 = ORIENTED_EDGE ( 'NONE', *, *, #1512, .F. ) ;
#1206 = DIRECTION ( 'NONE',  ( 1.000000000000000000, 0.000000000000000000, 0.000000000000000000 ) ) ;
#1207 = AXIS2_PLACEMENT_3D ( 'NONE', #1230, #685, #73 ) ;
#1208 = EDGE_LOOP ( 'NONE', ( #1664, #614, #171, #5, #676, #1363, #505 ) ) ;
#1209 = FACE_OUTER_BOUND ( 'NONE', #860, .T. ) ;
#1210 = CYLINDRICAL_SURFACE ( 'NONE', #1509, 1.024999999999999911 ) ;
#1211 = CARTESIAN_POINT ( 'NONE',  ( -1.024999999999999911, 1.255262969126036846E-16, -1.449999999999999956 ) ) ;
#1212 = VERTEX_POINT ( 'NONE', #237 ) ;
#1213 = DIRECTION ( 'NONE',  ( 0.000000000000000000, 0.000000000000000000, 1.000000000000000000 ) ) ;
#1214 =( NAMED_UNIT ( * ) PLANE_ANGLE_UNIT ( ) SI_UNIT ( $, .RADIAN. ) );
#1215 = ORIENTED_EDGE ( 'NONE', *, *, #1644, .F. ) ;
#1216 = ORIENTED_EDGE ( 'NONE', *, *, #1087, .F. ) ;
#1217 = EDGE_CURVE ( 'NONE', #699, #1369, #255, .T. ) ;
#1218 = CARTESIAN_POINT ( 'NONE',  ( 0.7103052382093048012, 4.747153512218919680, 1.449999999999999956 ) ) ;
#1219 = ORIENTED_EDGE ( 'NONE', *, *, #808, .T. ) ;
#1220 = CARTESIAN_POINT ( 'NONE',  ( 2.994374840676270466, -2.602547806635637784, -4.800000000000003375 ) ) ;
#1221 = FACE_OUTER_BOUND ( 'NONE', #443, .T. ) ;
#1222 = VERTEX_POINT ( 'NONE', #1721 ) ;
#1223 = DIRECTION ( 'NONE',  ( -0.000000000000000000, -0.000000000000000000, -1.000000000000000000 ) ) ;
#1224 = ADVANCED_FACE ( 'NONE', ( #826, #1000 ), #1008, .F. ) ;
#1225 = DIRECTION ( 'NONE',  ( -0.000000000000000000, -0.000000000000000000, -1.000000000000000000 ) ) ;
#1226 = ORIENTED_EDGE ( 'NONE', *, *, #792, .F. ) ;
#1227 = ADVANCED_FACE ( 'NONE', ( #1266 ), #1471, .T. ) ;
#1228 = AXIS2_PLACEMENT_3D ( 'NONE', #761, #1342, #700 ) ;
#1229 = ORIENTED_EDGE ( 'NONE', *, *, #784, .T. ) ;
#1230 = CARTESIAN_POINT ( 'NONE',  ( 0.000000000000000000, 0.000000000000000000, 4.799999999999999822 ) ) ;
#1231 = EDGE_LOOP ( 'NONE', ( #712, #1865 ) ) ;
#1232 = CARTESIAN_POINT ( 'NONE',  ( 3.024999999999999911, 3.704556567420743261E-16, -3.799999999999999378 ) ) ;
#1233 = TOROIDAL_SURFACE ( 'NONE', #63, 2.024999999999999911, 1.000000000000000000 ) ;
#1234 = CIRCLE ( 'NONE', #563, 3.000000000000002665 ) ;
#1235 = AXIS2_PLACEMENT_3D ( 'NONE', #951, #339, #1792 ) ;
#1236 = VECTOR ( 'NONE', #1552, 1000.000000000000000 ) ;
#1237 = VERTEX_POINT ( 'NONE', #1452 ) ;
#1238 = AXIS2_PLACEMENT_3D ( 'NONE', #1443, #711, #1598 ) ;
#1239 = CARTESIAN_POINT ( 'NONE',  ( -3.875059895954885647, 5.279882440875898197, -4.799999999999999822 ) ) ;
#1240 = CARTESIAN_POINT ( 'NONE',  ( -2.310460383042984844, 7.231665565525059236, 4.799999999999999822 ) ) ;
#1241 = VERTEX_POINT ( 'NONE', #1338 ) ;
#1242 = EDGE_CURVE ( 'NONE', #1303, #155, #1356, .T. ) ;
#1243 = LINE ( 'NONE', #461, #1900 ) ;
#1244 = EDGE_CURVE ( 'NONE', #1064, #116, #534, .T. ) ;
#1245 = FACE_OUTER_BOUND ( 'NONE', #624, .T. ) ;
#1246 = B_SPLINE_CURVE_WITH_KNOTS ( 'NONE', 3,
 ( #1899, #593, #1170, #1762 ),
 .UNSPECIFIED., .F., .F.,
 ( 4, 4 ),
 ( 0.0001031185468962304212, 0.001479273778136467070 ),
 .UNSPECIFIED. ) ;
#1247 = ORIENTED_EDGE ( 'NONE', *, *, #1582, .T. ) ;
#1248 = CARTESIAN_POINT ( 'NONE',  ( -2.310460383042984844, 7.231665565525059236, 4.799999999999999822 ) ) ;
#1249 = CARTESIAN_POINT ( 'NONE',  ( 0.7103052382093048012, 4.747153512218919680, 1.449999999999999956 ) ) ;
#1250 = EDGE_LOOP ( 'NONE', ( #1648, #1831 ) ) ;
#1251 = FACE_OUTER_BOUND ( 'NONE', #1075, .T. ) ;
#1252 = DIRECTION ( 'NONE',  ( 0.4000260684501257269, -0.9165037613454378729, 0.000000000000000000 ) ) ;
#1253 = PRODUCT_RELATED_PRODUCT_CATEGORY ( 'part', '', ( #1596 ) ) ;
#1254 = EDGE_CURVE ( 'NONE', #364, #1653, #1845, .T. ) ;
#1255 = AXIS2_PLACEMENT_3D ( 'NONE', #823, #524, #75 ) ;
#1256 = DIRECTION ( 'NONE',  ( 0.000000000000000000, 0.000000000000000000, 1.000000000000000000 ) ) ;
#1257 = VERTEX_POINT ( 'NONE', #295 ) ;
#1258 = ORIENTED_EDGE ( 'NONE', *, *, #709, .F. ) ;
#1259 = EDGE_CURVE ( 'NONE', #173, #276, #1567, .T. ) ;
#1260 = LINE ( 'NONE', #92, #525 ) ;
#1261 = ADVANCED_FACE ( 'NONE', ( #13 ), #1460, .T. ) ;
#1262 = DIRECTION ( 'NONE',  ( 1.000000000000000000, 0.000000000000000000, 0.000000000000000000 ) ) ;
#1263 = TOROIDAL_SURFACE ( 'NONE', #348, 2.999999999999999112, 1.000000000000000000 ) ;
#1264 = EDGE_CURVE ( 'NONE', #1470, #1750, #1174, .T. ) ;
#1265 = VECTOR ( 'NONE', #679, 1000.000000000000114 ) ;
#1266 = FACE_OUTER_BOUND ( 'NONE', #731, .T. ) ;
#1267 = AXIS2_PLACEMENT_3D ( 'NONE', #40, #1076, #349 ) ;
#1268 = CARTESIAN_POINT ( 'NONE',  ( -2.624269610045288914, 7.279676179437131189, 4.799921871948003904 ) ) ;
#1269 = ORIENTED_EDGE ( 'NONE', *, *, #1512, .T. ) ;
#1270 = B_SPLINE_CURVE_WITH_KNOTS ( 'NONE', 3,
 ( #1691, #1832, #1412, #262 ),
 .UNSPECIFIED., .F., .F.,
 ( 4, 4 ),
 ( -1.218607408446129976E-05, 0.0007196547628205719185 ),
 .UNSPECIFIED. ) ;
#1271 = ORIENTED_EDGE ( 'NONE', *, *, #1778, .F. ) ;
#1272 = CARTESIAN_POINT ( 'NONE',  ( -2.850059895954885736, 5.279882440875898197, -3.799999999999999378 ) ) ;
#1273 = CARTESIAN_POINT ( 'NONE',  ( 0.000000000000000000, 0.000000000000000000, -4.799999999999999822 ) ) ;
#1274 = CARTESIAN_POINT ( 'NONE',  ( -3.207763164709032111, -1.400091239575441016, -4.799999999999999822 ) ) ;
#1275 =( LENGTH_UNIT ( ) NAMED_UNIT ( * ) SI_UNIT ( .MILLI., .METRE. ) );
#1276 = ORIENTED_EDGE ( 'NONE', *, *, #1423, .T. ) ;
#1277 = ORIENTED_EDGE ( 'NONE', *, *, #1657, .F. ) ;
#1278 = DIRECTION ( 'NONE',  ( -0.000000000000000000, -0.000000000000000000, -1.000000000000000000 ) ) ;
#1279 = PLANE ( 'NONE',  #67 ) ;
#1280 = CARTESIAN_POINT ( 'NONE',  ( 0.7103052382093048012, 4.747153512218919680, 1.449999999999999956 ) ) ;
#1281 = CIRCLE ( 'NONE', #1228, 1.000000000000000222 ) ;
#1282 = ORIENTED_EDGE ( 'NONE', *, *, #1398, .T. ) ;
#1283 = ORIENTED_EDGE ( 'NONE', *, *, #843, .F. ) ;
#1284 = EDGE_CURVE ( 'NONE', #199, #944, #1168, .T. ) ;
#1285 = CARTESIAN_POINT ( 'NONE',  ( -3.404637200095695704, -2.274639878055404464E-15, -4.584314985509578833 ) ) ;
#1286 = CARTESIAN_POINT ( 'NONE',  ( -1.024999999999999911, 1.255262969126036846E-16, -3.399999999999999467 ) ) ;
#1287 = CARTESIAN_POINT ( 'NONE',  ( -3.875059895954885647, 5.279882440875898197, -3.799999999999999378 ) ) ;
#1288 = CIRCLE ( 'NONE', #861, 1.000000000000000000 ) ;
#1289 = ADVANCED_FACE ( 'NONE', ( #1301, #1328 ), #1774, .T. ) ;
#1290 = CARTESIAN_POINT ( 'NONE',  ( -2.850059895954885736, 5.279882440875898197, -1.249999999999999778 ) ) ;
#1291 = CARTESIAN_POINT ( 'NONE',  ( -2.513478103294610744, 8.260941430035552813, -3.799999999999999378 ) ) ;
#1292 = AXIS2_PLACEMENT_3D ( 'NONE', #399, #243, #1702 ) ;
#1293 = VERTEX_POINT ( 'NONE', #1764 ) ;
#1294 = ORIENTED_EDGE ( 'NONE', *, *, #277, .F. ) ;
#1295 = CIRCLE ( 'NONE', #437, 1.000000000000000000 ) ;
#1296 = DIRECTION ( 'NONE',  ( -1.000000000000000000, 0.000000000000000000, 0.000000000000000000 ) ) ;
#1297 = VECTOR ( 'NONE', #301, 1000.000000000000000 ) ;
#1298 = CARTESIAN_POINT ( 'NONE',  ( 1.024999999999999911, 0.000000000000000000, 3.399999999999999467 ) ) ;
#1299 = CIRCLE ( 'NONE', #1238, 2.999999999999998668 ) ;
#1300 = DIRECTION ( 'NONE',  ( -1.000000000000000000, 0.000000000000000000, 0.000000000000000000 ) ) ;
#1301 = FACE_BOUND ( 'NONE', #650, .T. ) ;
#1302 = DIRECTION ( 'NONE',  ( 1.000000000000000000, 0.000000000000000000, 0.000000000000000000 ) ) ;
#1303 = VERTEX_POINT ( 'NONE', #756 ) ;
#1304 = DIRECTION ( 'NONE',  ( 0.000000000000000000, 0.000000000000000000, 1.000000000000000000 ) ) ;
#1305 = ORIENTED_EDGE ( 'NONE', *, *, #215, .T. ) ;
#1306 = DIRECTION ( 'NONE',  ( 1.000000000000000000, 0.000000000000000000, 0.000000000000000000 ) ) ;
#1307 = PRODUCT_DEFINITION_SHAPE ( 'NONE', 'NONE',  #1414 ) ;
#1308 = DIRECTION ( 'NONE',  ( 1.000000000000000000, 0.000000000000000000, 0.000000000000000000 ) ) ;
#1309 = CARTESIAN_POINT ( 'NONE',  ( -5.599571179991198022, 4.079804235525519296, 1.449999999999999956 ) ) ;
#1310 = EDGE_LOOP ( 'NONE', ( #1219, #558, #182, #1124 ) ) ;
#1311 = ORIENTED_EDGE ( 'NONE', *, *, #1195, .T. ) ;
#1312 = CARTESIAN_POINT ( 'NONE',  ( 38.00000000000000711, 0.000000000000000000, -3.799999999999999378 ) ) ;
#1313 = EDGE_LOOP ( 'NONE', ( #821, #573, #1337, #7, #1216 ) ) ;
#1314 = B_SPLINE_CURVE_WITH_KNOTS ( 'NONE', 3,
 ( #1240, #1523, #1537, #1268 ),
 .UNSPECIFIED., .F., .F.,
 ( 4, 4 ),
 ( -1.597963580465979646E-05, 0.0003014926968690193510 ),
 .UNSPECIFIED. ) ;
#1315 = DIRECTION ( 'NONE',  ( 1.000000000000000000, 0.000000000000000000, 0.000000000000000000 ) ) ;
#1316 = EDGE_CURVE ( 'NONE', #396, #201, #1695, .T. ) ;
#1317 = DIRECTION ( 'NONE',  ( -1.000000000000000000, 0.000000000000000000, 0.000000000000000000 ) ) ;
#1318 = AXIS2_PLACEMENT_3D ( 'NONE', #1784, #1213, #179 ) ;
#1319 = ORIENTED_EDGE ( 'NONE', *, *, #1398, .F. ) ;
#1320 = AXIS2_PLACEMENT_3D ( 'NONE', #1685, #1107, #373 ) ;
#1321 = DIRECTION ( 'NONE',  ( -0.000000000000000000, -0.000000000000000000, 1.000000000000000000 ) ) ;
#1322 = CARTESIAN_POINT ( 'NONE',  ( -2.850059895954885736, 5.279882440875898197, 4.799921871948003904 ) ) ;
#1323 = VERTEX_POINT ( 'NONE', #879 ) ;
#1324 = AXIS2_PLACEMENT_3D ( 'NONE', #737, #1747, #1317 ) ;
#1325 = AXIS2_PLACEMENT_3D ( 'NONE', #893, #1476, #616 ) ;
#1326 = DIRECTION ( 'NONE',  ( 0.000000000000000000, 0.000000000000000000, 1.000000000000000000 ) ) ;
#1327 = ORIENTED_EDGE ( 'NONE', *, *, #1735, .T. ) ;
#1328 = FACE_OUTER_BOUND ( 'NONE', #1486, .T. ) ;
#1329 = ORIENTED_EDGE ( 'NONE', *, *, #527, .F. ) ;
#1330 = EDGE_CURVE ( 'NONE', #1580, #1155, #1089, .T. ) ;
#1331 = DIRECTION ( 'NONE',  ( -0.000000000000000000, -0.000000000000000000, -1.000000000000000000 ) ) ;
#1332 = LINE ( 'NONE', #332, #1297 ) ;
#1333 = CARTESIAN_POINT ( 'NONE',  ( 0.000000000000000000, 0.000000000000000000, -3.799999999999999378 ) ) ;
#1334 = LINE ( 'NONE', #1772, #94 ) ;
#1335 = EDGE_CURVE ( 'NONE', #511, #940, #661, .T. ) ;
#1336 = EDGE_CURVE ( 'NONE', #1345, #1588, #1670, .T. ) ;
#1337 = ORIENTED_EDGE ( 'NONE', *, *, #1120, .F. ) ;
#1338 = CARTESIAN_POINT ( 'NONE',  ( 34.94285714285714306, -3.999591815907911130, 3.800000000000000266 ) ) ;
#1339 = ORIENTED_EDGE ( 'NONE', *, *, #263, .T. ) ;
#1340 = CARTESIAN_POINT ( 'NONE',  ( -1.582006206600620635, 3.701064895712734337, -4.799999999999999822 ) ) ;
#1341 = CARTESIAN_POINT ( 'NONE',  ( -0.8250598959548857136, 5.279882440875898197, -4.799999999999999822 ) ) ;
#1342 = DIRECTION ( 'NONE',  ( -0.9936863297198855749, 0.1121939308867600377, 0.000000000000000000 ) ) ;
#1343 = FACE_OUTER_BOUND ( 'NONE', #479, .T. ) ;
#1344 = CARTESIAN_POINT ( 'NONE',  ( -2.850059895954885736, 5.279882440875898197, -1.449999999999999956 ) ) ;
#1345 = VERTEX_POINT ( 'NONE', #465 ) ;
#1346 = LINE ( 'NONE', #1361, #1051 ) ;
#1347 = FILL_AREA_STYLE ('',( #757 ) ) ;
#1348 = VERTEX_POINT ( 'NONE', #721 ) ;
#1349 = DIRECTION ( 'NONE',  ( -0.000000000000000000, -0.000000000000000000, 1.000000000000000000 ) ) ;
#1350 = FACE_OUTER_BOUND ( 'NONE', #644, .T. ) ;
#1351 = DIRECTION ( 'NONE',  ( 0.000000000000000000, 0.000000000000000000, 1.000000000000000000 ) ) ;
#1352 = CIRCLE ( 'NONE', #528, 3.999999999999996447 ) ;
#1353 = ORIENTED_EDGE ( 'NONE', *, *, #233, .T. ) ;
#1354 = AXIS2_PLACEMENT_3D ( 'NONE', #855, #264, #1143 ) ;
#1355 = CARTESIAN_POINT ( 'NONE',  ( -3.311432357819936723, -0.4465394755108835212, 4.510593562373707677 ) ) ;
#1356 = CIRCLE ( 'NONE', #1478, 1.000000000000000000 ) ;
#1357 = FACE_OUTER_BOUND ( 'NONE', #1860, .T. ) ;
#1358 = ORIENTED_EDGE ( 'NONE', *, *, #1480, .F. ) ;
#1359 = AXIS2_PLACEMENT_3D ( 'NONE', #975, #98, #1135 ) ;
#1360 = AXIS2_PLACEMENT_3D ( 'NONE', #1504, #23, #172 ) ;
#1361 = CARTESIAN_POINT ( 'NONE',  ( -2.513478103294610744, 8.260941430035552813, -1.449999999999999956 ) ) ;
#1362 = AXIS2_PLACEMENT_3D ( 'NONE', #371, #1830, #521 ) ;
#1363 = ORIENTED_EDGE ( 'NONE', *, *, #197, .F. ) ;
#1364 = CARTESIAN_POINT ( 'NONE',  ( 2.866969657485973322, -2.658429616354530456, -4.794600022894059954 ) ) ;
#1365 = EDGE_LOOP ( 'NONE', ( #108, #1461, #1742, #655 ) ) ;
#1366 = EDGE_CURVE ( 'NONE', #1656, #144, #1635, .T. ) ;
#1367 = CARTESIAN_POINT ( 'NONE',  ( -3.175431778711830688, -0.8804546970636158987, 4.446988214730703604 ) ) ;
#1368 = CARTESIAN_POINT ( 'NONE',  ( 35.00000000000000000, 0.000000000000000000, 4.799999999999999822 ) ) ;
#1369 = VERTEX_POINT ( 'NONE', #1442 ) ;
#1370 = ORIENTED_EDGE ( 'NONE', *, *, #215, .F. ) ;
#1371 = DIRECTION ( 'NONE',  ( 1.000000000000000000, 0.000000000000000000, 0.000000000000000000 ) ) ;
#1372 = EDGE_LOOP ( 'NONE', ( #1612, #882, #249, #550, #476 ) ) ;
#1373 = DIRECTION ( 'NONE',  ( 1.000000000000000000, 0.000000000000000000, 0.000000000000000000 ) ) ;
#1374 = CARTESIAN_POINT ( 'NONE',  ( -3.553126085964935843, 1.891010316533333180, 4.799999999999999822 ) ) ;
#1375 = ORIENTED_EDGE ( 'NONE', *, *, #1678, .F. ) ;
#1376 = DIRECTION ( 'NONE',  ( -0.9165037613454378729, -0.4000260684501258379, 0.000000000000000000 ) ) ;
#1377 = CARTESIAN_POINT ( 'NONE',  ( -2.513478103294610744, 8.260941430035552813, 3.800000000000000266 ) ) ;
#1378 = ADVANCED_FACE ( 'NONE', ( #122 ), #132, .F. ) ;
#1379 = ORIENTED_EDGE ( 'NONE', *, *, #1081, .T. ) ;
#1380 = DIRECTION ( 'NONE',  ( 0.1479802579602717272, 0.9889903150456081926, -0.000000000000000000 ) ) ;
#1381 = DIRECTION ( 'NONE',  ( 0.000000000000000000, 0.000000000000000000, -1.000000000000000000 ) ) ;
#1382 = ORIENTED_EDGE ( 'NONE', *, *, #1676, .F. ) ;
#1383 = EDGE_CURVE ( 'NONE', #1222, #1241, #384, .T. ) ;
#1384 = DIRECTION ( 'NONE',  ( -0.000000000000000000, -0.000000000000000000, -1.000000000000000000 ) ) ;
#1385 = CARTESIAN_POINT ( 'NONE',  ( 0.7771435271340738637, 6.883054128149500350, 3.799999999999999378 ) ) ;
#1386 = AXIS2_PLACEMENT_3D ( 'NONE', #718, #727, #735 ) ;
#1387 = AXIS2_PLACEMENT_3D ( 'NONE', #333, #474, #161 ) ;
#1388 = CIRCLE ( 'NONE', #564, 1.824999999999999512 ) ;
#1389 = CIRCLE ( 'NONE', #1875, 3.499999999999999556 ) ;
#1390 = ORIENTED_EDGE ( 'NONE', *, *, #12, .T. ) ;
#1391 = VECTOR ( 'NONE', #697, 999.9999999999998863 ) ;
#1392 = DIRECTION ( 'NONE',  ( 1.000000000000000000, 0.000000000000000000, 0.000000000000000000 ) ) ;
#1393 = CARTESIAN_POINT ( 'NONE',  ( -1.024999999999999911, 1.255262969126036846E-16, -4.799999999999999822 ) ) ;
#1394 = EDGE_CURVE ( 'NONE', #1609, #1212, #870, .T. ) ;
#1395 = ORIENTED_EDGE ( 'NONE', *, *, #517, .F. ) ;
#1396 = CYLINDRICAL_SURFACE ( 'NONE', #1255, 1.024999999999999911 ) ;
#1397 = CARTESIAN_POINT ( 'NONE',  ( -0.03571428571428574006, -2.499744884942444845, -4.799999999999999822 ) ) ;
#1398 = EDGE_CURVE ( 'NONE', #1744, #1502, #625, .T. ) ;
#1399 = DIRECTION ( 'NONE',  ( 1.000000000000000000, 0.000000000000000000, -0.000000000000000000 ) ) ;
#1400 = CARTESIAN_POINT ( 'NONE',  ( -5.599571179991197134, 4.079804235525520184, 1.449999999999999956 ) ) ;
#1401 = ORIENTED_EDGE ( 'NONE', *, *, #233, .F. ) ;
#1402 = ORIENTED_EDGE ( 'NONE', *, *, #324, .F. ) ;
#1403 = B_SPLINE_CURVE_WITH_KNOTS ( 'NONE', 3,
 ( #1428, #109, #102, #1100, #1683, #1156, #300, #733 ),
 .UNSPECIFIED., .F., .F.,
 ( 4, 2, 2, 4 ),
 ( 0.001479273778136467070, 0.002434275501419042639, 0.002911776363060330532, 0.003389277224701617991 ),
 .UNSPECIFIED. ) ;
#1404 = CARTESIAN_POINT ( 'NONE',  ( -2.850059895954885736, 5.279882440875898197, -4.799999999999999822 ) ) ;
#1405 = EDGE_CURVE ( 'NONE', #1749, #940, #256, .T. ) ;
#1406 = DIRECTION ( 'NONE',  ( 1.000000000000000000, 0.000000000000000000, 0.000000000000000000 ) ) ;
#1407 = B_SPLINE_CURVE_WITH_KNOTS ( 'NONE', 3,
 ( #943, #376, #967, #79 ),
 .UNSPECIFIED., .F., .F.,
 ( 4, 4 ),
 ( -1.597963580467205133E-05, 0.0003014926968690344756 ),
 .UNSPECIFIED. ) ;
#1408 = DIRECTION ( 'NONE',  ( 1.000000000000000000, 0.000000000000000000, -0.000000000000000000 ) ) ;
#1409 = DIRECTION ( 'NONE',  ( -1.000000000000000000, 1.224646799147353454E-16, 0.000000000000000000 ) ) ;
#1410 = ORIENTED_EDGE ( 'NONE', *, *, #1383, .F. ) ;
#1411 = VERTEX_POINT ( 'NONE', #477 ) ;
#1412 = CARTESIAN_POINT ( 'NONE',  ( -1.791296313757631653, 3.575734276799135802, -4.799999999999999822 ) ) ;
#1413 = FACE_OUTER_BOUND ( 'NONE', #1436, .T. ) ;
#1414 = PRODUCT_DEFINITION ( 'Î´Öª', '', #193, #235 ) ;
#1415 = CIRCLE ( 'NONE', #810, 1.824999999999999734 ) ;
#1416 = AXIS2_PLACEMENT_3D ( 'NONE', #1173, #1032, #142 ) ;
#1417 = CARTESIAN_POINT ( 'NONE',  ( -2.850059895954885736, 5.279882440875898197, -4.799921871948003904 ) ) ;
#1418 = AXIS2_PLACEMENT_3D ( 'NONE', #1529, #1256, #203 ) ;
#1419 = DIRECTION ( 'NONE',  ( -0.000000000000000000, -0.000000000000000000, 1.000000000000000000 ) ) ;
#1420 = VERTEX_POINT ( 'NONE', #1801 ) ;
#1421 = ORIENTED_EDGE ( 'NONE', *, *, #195, .F. ) ;
#1422 = CARTESIAN_POINT ( 'NONE',  ( -1.024999999999999911, 1.255262969126036846E-16, 1.449999999999999956 ) ) ;
#1423 = EDGE_CURVE ( 'NONE', #1222, #1791, #1722, .T. ) ;
#1424 = CYLINDRICAL_SURFACE ( 'NONE', #1779, 1.000000000000000000 ) ;
#1425 = DIRECTION ( 'NONE',  ( 1.000000000000000000, 0.000000000000000000, 0.000000000000000000 ) ) ;
#1426 = ORIENTED_EDGE ( 'NONE', *, *, #59, .T. ) ;
#1427 = ORIENTED_EDGE ( 'NONE', *, *, #492, .T. ) ;
#1428 = CARTESIAN_POINT ( 'NONE',  ( -3.404637200095695704, -2.274639878055404464E-15, -4.584314985509578833 ) ) ;
#1429 = CYLINDRICAL_SURFACE ( 'NONE', #1354, 1.000000000000000000 ) ;
#1430 = FACE_OUTER_BOUND ( 'NONE', #1179, .T. ) ;
#1431 = EDGE_CURVE ( 'NONE', #914, #327, #1389, .T. ) ;
#1432 = DIRECTION ( 'NONE',  ( 0.000000000000000000, 0.000000000000000000, 1.000000000000000000 ) ) ;
#1433 = CARTESIAN_POINT ( 'NONE',  ( -2.850059895954885736, 5.279882440875898197, -4.799999999999999822 ) ) ;
#1434 = VECTOR ( 'NONE', #1490, 1000.000000000000114 ) ;
#1435 = ORIENTED_EDGE ( 'NONE', *, *, #681, .T. ) ;
#1436 = EDGE_LOOP ( 'NONE', ( #1327, #1700, #1058, #330, #1033, #1067, #1782, #660 ) ) ;
#1437 = AXIS2_PLACEMENT_3D ( 'NONE', #252, #398, #830 ) ;
#1438 = LINE ( 'NONE', #1603, #1870 ) ;
#1439 = DIRECTION ( 'NONE',  ( 0.000000000000000000, 0.000000000000000000, -1.000000000000000000 ) ) ;
#1440 = DIRECTION ( 'NONE',  ( 0.000000000000000000, 0.000000000000000000, 1.000000000000000000 ) ) ;
#1441 = AXIS2_PLACEMENT_3D ( 'NONE', #206, #1675, #651 ) ;
#1442 = CARTESIAN_POINT ( 'NONE',  ( 3.024999999999999911, 3.704556567420743261E-16, -3.399999999999999467 ) ) ;
#1443 = CARTESIAN_POINT ( 'NONE',  ( -2.850059895954885736, 5.279882440875898197, 3.800000000000000266 ) ) ;
#1444 = CIRCLE ( 'NONE', #623, 1.824999999999999512 ) ;
#1445 = ORIENTED_EDGE ( 'NONE', *, *, #457, .F. ) ;
#1446 = ORIENTED_EDGE ( 'NONE', *, *, #681, .F. ) ;
#1447 = AXIS2_PLACEMENT_3D ( 'NONE', #812, #43, #1651 ) ;
#1448 = CARTESIAN_POINT ( 'NONE',  ( -5.599571179991197134, 4.079804235525520184, -1.449999999999999956 ) ) ;
#1449 = AXIS2_PLACEMENT_3D ( 'NONE', #1495, #1790, #1206 ) ;
#1450 = DIRECTION ( 'NONE',  ( 1.000000000000000000, 0.000000000000000000, 0.000000000000000000 ) ) ;
#1451 = CARTESIAN_POINT ( 'NONE',  ( -0.5360672743028616072, 8.037678326531686679, 1.449999999999999956 ) ) ;
#1452 = CARTESIAN_POINT ( 'NONE',  ( -1.825059895954886047, 5.279882440875898197, 1.249999999999999778 ) ) ;
#1453 = DIRECTION ( 'NONE',  ( 1.000000000000000000, 0.000000000000000000, 0.000000000000000000 ) ) ;
#1454 = EDGE_LOOP ( 'NONE', ( #1535, #669, #791, #1226 ) ) ;
#1455 = ORIENTED_EDGE ( 'NONE', *, *, #726, .F. ) ;
#1456 = DIRECTION ( 'NONE',  ( 0.000000000000000000, 0.000000000000000000, 1.000000000000000000 ) ) ;
#1457 = ORIENTED_EDGE ( 'NONE', *, *, #1657, .T. ) ;
#1458 = EDGE_CURVE ( 'NONE', #852, #557, #1659, .T. ) ;
#1459 = DIRECTION ( 'NONE',  ( -0.000000000000000000, -0.000000000000000000, 1.000000000000000000 ) ) ;
#1460 = CYLINDRICAL_SURFACE ( 'NONE', #353, 1.824999999999999512 ) ;
#1461 = ORIENTED_EDGE ( 'NONE', *, *, #342, .T. ) ;
#1462 = EDGE_CURVE ( 'NONE', #739, #1724, #1346, .T. ) ;
#1463 = ORIENTED_EDGE ( 'NONE', *, *, #1728, .T. ) ;
#1464 = AXIS2_PLACEMENT_3D ( 'NONE', #1021, #293, #1770 ) ;
#1465 = CARTESIAN_POINT ( 'NONE',  ( -4.605796786846195090, 4.282535092820113576, 4.799999999999999822 ) ) ;
#1466 = DIRECTION ( 'NONE',  ( -0.000000000000000000, -0.000000000000000000, 1.000000000000000000 ) ) ;
#1467 = DIRECTION ( 'NONE',  ( 0.000000000000000000, 0.000000000000000000, 1.000000000000000000 ) ) ;
#1468 = B_SPLINE_CURVE_WITH_KNOTS ( 'NONE', 3,
 ( #954, #1513, #1646, #618 ),
 .UNSPECIFIED., .F., .F.,
 ( 4, 4 ),
 ( 0.0001995651749157048495, 0.0005169449193728034488 ),
 .UNSPECIFIED. ) ;
#1469 = CARTESIAN_POINT ( 'NONE',  ( -4.683067418645759261, 4.479830303975645300, -3.799999999999999378 ) ) ;
#1470 = VERTEX_POINT ( 'NONE', #1519 ) ;
#1471 = PLANE ( 'NONE',  #748 ) ;
#1472 = CIRCLE ( 'NONE', #1626, 2.024999999999999911 ) ;
#1473 = ORIENTED_EDGE ( 'NONE', *, *, #732, .T. ) ;
#1474 = PRESENTATION_LAYER_ASSIGNMENT (  '', '', ( #896 ) ) ;
#1475 = DIRECTION ( 'NONE',  ( 0.9998979539769781155, -0.01428571428571426966, 0.000000000000000000 ) ) ;
#1476 = DIRECTION ( 'NONE',  ( -0.000000000000000000, -0.000000000000000000, -1.000000000000000000 ) ) ;
#1477 = DIRECTION ( 'NONE',  ( -0.000000000000000000, -0.000000000000000000, -1.000000000000000000 ) ) ;
#1478 = AXIS2_PLACEMENT_3D ( 'NONE', #1192, #1153, #585 ) ;
#1479 = VECTOR ( 'NONE', #1649, 1000.000000000000000 ) ;
#1480 = EDGE_CURVE ( 'NONE', #1623, #275, #318, .T. ) ;
#1481 = CARTESIAN_POINT ( 'NONE',  ( 3.118424940794918498, -2.544808615324189116, 4.799999999999999822 ) ) ;
#1482 = VECTOR ( 'NONE', #1586, 1000.000000000000000 ) ;
#1483 = ORIENTED_EDGE ( 'NONE', *, *, #1284, .T. ) ;
#1484 = DIRECTION ( 'NONE',  ( -0.1479802579602717272, -0.9889903150456081926, 0.000000000000000000 ) ) ;
#1485 = DIRECTION ( 'NONE',  ( 1.000000000000000000, 0.000000000000000000, 0.000000000000000000 ) ) ;
#1486 = EDGE_LOOP ( 'NONE', ( #307, #740, #347, #1620, #346, #231, #1311, #1379, #321 ) ) ;
#1487 = EDGE_CURVE ( 'NONE', #611, #60, #565, .T. ) ;
#1488 = CARTESIAN_POINT ( 'NONE',  ( -2.990093521389490583, -1.305085048318536334, 4.446988214730376754 ) ) ;
#1489 = FACE_OUTER_BOUND ( 'NONE', #164, .T. ) ;
#1490 = DIRECTION ( 'NONE',  ( 0.1479802579602717272, 0.9889903150456081926, -0.000000000000000000 ) ) ;
#1491 = DIRECTION ( 'NONE',  ( 1.000000000000000000, 0.000000000000000000, 0.000000000000000000 ) ) ;
#1492 = CARTESIAN_POINT ( 'NONE',  ( -2.850059895954885736, 5.279882440875898197, 4.799999999999999822 ) ) ;
#1493 = VERTEX_POINT ( 'NONE', #610 ) ;
#1494 = ORIENTED_EDGE ( 'NONE', *, *, #843, .T. ) ;
#1495 = CARTESIAN_POINT ( 'NONE',  ( 0.000000000000000000, 0.000000000000000000, -4.799999999999999822 ) ) ;
#1496 = ORIENTED_EDGE ( 'NONE', *, *, #568, .F. ) ;
#1497 = DIRECTION ( 'NONE',  ( -0.000000000000000000, -0.000000000000000000, 1.000000000000000000 ) ) ;
#1498 = CARTESIAN_POINT ( 'NONE',  ( -2.850059895954885736, 5.279882440875898197, -3.799999999999999378 ) ) ;
#1499 = EDGE_LOOP ( 'NONE', ( #148, #666, #1904, #1473, #1671, #772, #984 ) ) ;
#1500 = CYLINDRICAL_SURFACE ( 'NONE', #150, 2.999999999999998668 ) ;
#1501 = EDGE_CURVE ( 'NONE', #396, #1064, #35, .T. ) ;
#1502 = VERTEX_POINT ( 'NONE', #786 ) ;
#1503 = EDGE_LOOP ( 'NONE', ( #190, #901, #608, #923, #483, #1732, #1494, #1130, #1099 ) ) ;
#1504 = CARTESIAN_POINT ( 'NONE',  ( 0.000000000000000000, 0.000000000000000000, 1.449999999999999956 ) ) ;
#1505 =( NAMED_UNIT ( * ) SI_UNIT ( $, .STERADIAN. ) SOLID_ANGLE_UNIT ( ) );
#1506 = ORIENTED_EDGE ( 'NONE', *, *, #77, .F. ) ;
#1507 = DIRECTION ( 'NONE',  ( 0.000000000000000000, 0.000000000000000000, 1.000000000000000000 ) ) ;
#1508 = CARTESIAN_POINT ( 'NONE',  ( 1.024999999999999911, 0.000000000000000000, -4.799999999999999822 ) ) ;
#1509 = AXIS2_PLACEMENT_3D ( 'NONE', #481, #458, #1793 ) ;
#1510 = ORIENTED_EDGE ( 'NONE', *, *, #8, .T. ) ;
#1511 = CIRCLE ( 'NONE', #1872, 2.999999999999998668 ) ;
#1512 = EDGE_CURVE ( 'NONE', #1369, #699, #1752, .T. ) ;
#1513 = CARTESIAN_POINT ( 'NONE',  ( -4.652200285436178362, 4.377862340121256857, -4.799921871948003016 ) ) ;
#1514 = VECTOR ( 'NONE', #1111, 1000.000000000000000 ) ;
#1515 = DIRECTION ( 'NONE',  ( 1.000000000000000000, -8.566535683836084989E-16, 0.000000000000000000 ) ) ;
#1516 = VERTEX_POINT ( 'NONE', #754 ) ;
#1517 = MECHANICAL_DESIGN_GEOMETRIC_PRESENTATION_REPRESENTATION (  '', ( #1638 ), #1171 ) ;
#1518 = ORIENTED_EDGE ( 'NONE', *, *, #971, .F. ) ;
#1519 = CARTESIAN_POINT ( 'NONE',  ( -3.404637200094561056, -5.433777068933875243E-12, 4.584314985508681772 ) ) ;
#1520 = ORIENTED_EDGE ( 'NONE', *, *, #1316, .F. ) ;
#1521 = CIRCLE ( 'NONE', #570, 3.024999999999999911 ) ;
#1522 = DIRECTION ( 'NONE',  ( -0.000000000000000000, -0.000000000000000000, -1.000000000000000000 ) ) ;
#1523 = CARTESIAN_POINT ( 'NONE',  ( -2.414397818175468835, 7.251559083278799278, 4.800000000000042455 ) ) ;
#1524 = ORIENTED_EDGE ( 'NONE', *, *, #1857, .T. ) ;
#1525 = CARTESIAN_POINT ( 'NONE',  ( 1.024999999999999911, 0.000000000000000000, -3.399999999999999467 ) ) ;
#1526 = EDGE_CURVE ( 'NONE', #446, #949, #595, .T. ) ;
#1527 = ORIENTED_EDGE ( 'NONE', *, *, #478, .F. ) ;
#1528 = DIRECTION ( 'NONE',  ( 0.000000000000000000, 0.000000000000000000, 1.000000000000000000 ) ) ;
#1529 = CARTESIAN_POINT ( 'NONE',  ( 35.00000000000000000, 0.000000000000000000, 4.799999999999999822 ) ) ;
#1530 = ORIENTED_EDGE ( 'NONE', *, *, #1633, .F. ) ;
#1531 = EDGE_CURVE ( 'NONE', #327, #1071, #1332, .T. ) ;
#1532 = DIRECTION ( 'NONE',  ( 0.4000260684501258379, -0.9165037613454378729, 0.000000000000000000 ) ) ;
#1533 = CARTESIAN_POINT ( 'NONE',  ( -2.850059895954885736, 5.279882440875898197, -1.449999999999999956 ) ) ;
#1534 = EDGE_CURVE ( 'NONE', #1516, #1003, #719, .T. ) ;
#1535 = ORIENTED_EDGE ( 'NONE', *, *, #263, .F. ) ;
#1536 = CARTESIAN_POINT ( 'NONE',  ( -1.025059895954886002, 5.279882440875898197, -1.449999999999999956 ) ) ;
#1537 = CARTESIAN_POINT ( 'NONE',  ( -2.519040798284359894, 7.267795132390127755, 4.799921871948048313 ) ) ;
#1538 = ORIENTED_EDGE ( 'NONE', *, *, #1026, .T. ) ;
#1539 = PLANE ( 'NONE',  #1437 ) ;
#1540 = CARTESIAN_POINT ( 'NONE',  ( 35.00000000000000000, 0.000000000000000000, 3.800000000000000266 ) ) ;
#1541 = VECTOR ( 'NONE', #1820, 999.9999999999998863 ) ;
#1542 = CIRCLE ( 'NONE', #1903, 2.999999999999998668 ) ;
#1543 = AXIS2_PLACEMENT_3D ( 'NONE', #175, #1079, #482 ) ;
#1544 = ADVANCED_FACE ( 'NONE', ( #1760 ), #468, .T. ) ;
#1545 = FACE_OUTER_BOUND ( 'NONE', #431, .T. ) ;
#1546 = FACE_OUTER_BOUND ( 'NONE', #1002, .T. ) ;
#1547 = ORIENTED_EDGE ( 'NONE', *, *, #1898, .T. ) ;
#1548 = EDGE_LOOP ( 'NONE', ( #743, #239, #361, #1446 ) ) ;
#1549 = DIRECTION ( 'NONE',  ( -0.000000000000000000, -0.000000000000000000, 1.000000000000000000 ) ) ;
#1550 = CARTESIAN_POINT ( 'NONE',  ( -2.850059895954885736, 5.279882440875898197, -1.249999999999999778 ) ) ;
#1551 = CARTESIAN_POINT ( 'NONE',  ( 0.000000000000000000, 0.000000000000000000, -4.799999999999999822 ) ) ;
#1552 = DIRECTION ( 'NONE',  ( -0.000000000000000000, -0.000000000000000000, 1.000000000000000000 ) ) ;
#1553 = ORIENTED_EDGE ( 'NONE', *, *, #1172, .F. ) ;
#1554 = ORIENTED_EDGE ( 'NONE', *, *, #746, .T. ) ;
#1555 = PLANE ( 'NONE',  #19 ) ;
#1556 = ADVANCED_FACE ( 'NONE', ( #1489 ), #1785, .T. ) ;
#1557 = LINE ( 'NONE', #694, #963 ) ;
#1558 = DIRECTION ( 'NONE',  ( -1.000000000000000000, 0.000000000000000000, 0.000000000000000000 ) ) ;
#1559 = EDGE_CURVE ( 'NONE', #994, #1627, #783, .T. ) ;
#1560 = DIRECTION ( 'NONE',  ( 0.000000000000000000, 0.000000000000000000, 1.000000000000000000 ) ) ;
#1561 = ORIENTED_EDGE ( 'NONE', *, *, #1242, .F. ) ;
#1562 = EDGE_LOOP ( 'NONE', ( #1039, #587, #1758, #343 ) ) ;
#1563 = CARTESIAN_POINT ( 'NONE',  ( 3.118424940794918498, -2.544808615324189116, 4.799999999999999822 ) ) ;
#1564 = CARTESIAN_POINT ( 'NONE',  ( 0.7103052382093048012, 4.747153512218919680, -1.449999999999999956 ) ) ;
#1565 = AXIS2_PLACEMENT_3D ( 'NONE', #271, #311, #583 ) ;
#1566 = AXIS2_PLACEMENT_3D ( 'NONE', #825, #553, #1406 ) ;
#1567 = CIRCLE ( 'NONE', #188, 3.000000000000002665 ) ;
#1568 = CARTESIAN_POINT ( 'NONE',  ( -0.05000000000000000278, -3.499642838919422516, -4.799999999999999822 ) ) ;
#1569 = CIRCLE ( 'NONE', #749, 3.000000000000002665 ) ;
#1570 = FACE_OUTER_BOUND ( 'NONE', #196, .T. ) ;
#1571 = EDGE_LOOP ( 'NONE', ( #1277, #1402, #532, #1658, #1294, #268, #1894, #723 ) ) ;
#1572 = EDGE_LOOP ( 'NONE', ( #1527, #1229, #1105, #14 ) ) ;
#1573 = VECTOR ( 'NONE', #354, 1000.000000000000000 ) ;
#1574 = CARTESIAN_POINT ( 'NONE',  ( -0.1516797644092781616, -1.013715072921748117, -4.799999999999999822 ) ) ;
#1575 = FACE_OUTER_BOUND ( 'NONE', #1372, .T. ) ;
#1576 = ADVANCED_FACE ( 'NONE', ( #600 ), #31, .T. ) ;
#1577 = DIRECTION ( 'NONE',  ( 0.000000000000000000, -1.000000000000000000, 0.000000000000000000 ) ) ;
#1578 = DIRECTION ( 'NONE',  ( -0.4000260684501258379, 0.9165037613454378729, 0.000000000000000000 ) ) ;
#1579 = ORIENTED_EDGE ( 'NONE', *, *, #1335, .F. ) ;
#1580 = VERTEX_POINT ( 'NONE', #10 ) ;
#1581 = CARTESIAN_POINT ( 'NONE',  ( -5.599571179991198022, 4.079804235525519296, -4.799999999999999822 ) ) ;
#1582 = EDGE_CURVE ( 'NONE', #1003, #1516, #1023, .T. ) ;
#1583 = CARTESIAN_POINT ( 'NONE',  ( -2.850059895954885736, 5.279882440875898197, -1.449999999999999956 ) ) ;
#1584 = CYLINDRICAL_SURFACE ( 'NONE', #1163, 1.024999999999999911 ) ;
#1585 = CARTESIAN_POINT ( 'NONE',  ( 0.000000000000000000, 0.000000000000000000, 1.449999999999999956 ) ) ;
#1586 = DIRECTION ( 'NONE',  ( -0.000000000000000000, -0.000000000000000000, 1.000000000000000000 ) ) ;
#1587 = AXIS2_PLACEMENT_3D ( 'NONE', #1897, #591, #1167 ) ;
#1588 = VERTEX_POINT ( 'NONE', #1211 ) ;
#1589 = ORIENTED_EDGE ( 'NONE', *, *, #403, .F. ) ;
#1590 = DIRECTION ( 'NONE',  ( 0.000000000000000000, -1.000000000000000000, 0.000000000000000000 ) ) ;
#1591 = DIRECTION ( 'NONE',  ( -0.01428571428571667745, -0.9998979539769781155, 0.000000000000000000 ) ) ;
#1592 = CARTESIAN_POINT ( 'NONE',  ( 35.44877572354703688, 3.974745318879542744, 3.800000000000000266 ) ) ;
#1593 = EDGE_CURVE ( 'NONE', #1212, #391, #320, .T. ) ;
#1594 = CIRCLE ( 'NONE', #592, 1.024999999999999911 ) ;
#1595 = CIRCLE ( 'NONE', #254, 1.824999999999999734 ) ;
#1596 = PRODUCT ( 'Fingertip', 'Fingertip', '', ( #297 ) ) ;
#1597 = DIRECTION ( 'NONE',  ( 1.000000000000000000, 0.000000000000000000, -0.000000000000000000 ) ) ;
#1598 = DIRECTION ( 'NONE',  ( 1.000000000000000000, 0.000000000000000000, 0.000000000000000000 ) ) ;
#1599 = AXIS2_PLACEMENT_3D ( 'NONE', #409, #575, #866 ) ;
#1600 = ORIENTED_EDGE ( 'NONE', *, *, #715, .F. ) ;
#1601 = EDGE_CURVE ( 'NONE', #852, #1493, #191, .T. ) ;
#1602 = AXIS2_PLACEMENT_3D ( 'NONE', #459, #1619, #1070 ) ;
#1603 = CARTESIAN_POINT ( 'NONE',  ( -1.024999999999999911, 1.255262969126036846E-16, -4.799999999999999822 ) ) ;
#1604 = DIRECTION ( 'NONE',  ( 1.000000000000000000, 0.000000000000000000, 0.000000000000000000 ) ) ;
#1605 = AXIS2_PLACEMENT_3D ( 'NONE', #448, #455, #613 ) ;
#1606 = AXIS2_PLACEMENT_3D ( 'NONE', #1433, #1001, #1453 ) ;
#1607 = CARTESIAN_POINT ( 'NONE',  ( -2.850059895954885736, 5.279882440875898197, -4.799999999999999822 ) ) ;
#1608 = DIRECTION ( 'NONE',  ( 0.000000000000000000, 0.000000000000000000, 1.000000000000000000 ) ) ;
#1609 = VERTEX_POINT ( 'NONE', #1794 ) ;
#1610 = ORIENTED_EDGE ( 'NONE', *, *, #849, .T. ) ;
#1611 = DIRECTION ( 'NONE',  ( 1.000000000000000000, 0.000000000000000000, 0.000000000000000000 ) ) ;
#1612 = ORIENTED_EDGE ( 'NONE', *, *, #1526, .T. ) ;
#1613 = DIRECTION ( 'NONE',  ( 1.000000000000000000, 0.000000000000000000, -0.000000000000000000 ) ) ;
#1614 = ORIENTED_EDGE ( 'NONE', *, *, #751, .F. ) ;
#1615 = CARTESIAN_POINT ( 'NONE',  ( -3.404637200094561056, -5.433777068933875243E-12, 4.584314985508681772 ) ) ;
#1616 = EDGE_LOOP ( 'NONE', ( #216, #572, #423 ) ) ;
#1617 = CIRCLE ( 'NONE', #1464, 3.024999999999999911 ) ;
#1618 = CARTESIAN_POINT ( 'NONE',  ( -2.513478103294610744, 8.260941430035552813, 1.449999999999999956 ) ) ;
#1619 = DIRECTION ( 'NONE',  ( 0.000000000000000000, 0.000000000000000000, 1.000000000000000000 ) ) ;
#1620 = ORIENTED_EDGE ( 'NONE', *, *, #1462, .F. ) ;
#1621 = SURFACE_SIDE_STYLE ('',( #1038 ) ) ;
#1622 = ADVANCED_FACE ( 'NONE', ( #1221 ), #1805, .T. ) ;
#1623 = VERTEX_POINT ( 'NONE', #928 ) ;
#1624 = CARTESIAN_POINT ( 'NONE',  ( 0.7103052382093048012, 4.747153512218919680, 1.449999999999999956 ) ) ;
#1625 = APPLICATION_PROTOCOL_DEFINITION ( 'draft international standard', 'automotive_design', 1998, #244 ) ;
#1626 = AXIS2_PLACEMENT_3D ( 'NONE', #1890, #1326, #576 ) ;
#1627 = VERTEX_POINT ( 'NONE', #906 ) ;
#1628 = CIRCLE ( 'NONE', #1320, 1.000000000000000000 ) ;
#1629 = DIRECTION ( 'NONE',  ( -0.000000000000000000, -0.000000000000000000, -1.000000000000000000 ) ) ;
#1630 = DIRECTION ( 'NONE',  ( 0.000000000000000000, 0.000000000000000000, 1.000000000000000000 ) ) ;
#1631 = DIRECTION ( 'NONE',  ( -0.9998979539769780045, 0.01428571428571667051, 0.000000000000000000 ) ) ;
#1632 = TOROIDAL_SURFACE ( 'NONE', #1235, 2.999999999999999112, 1.000000000000000000 ) ;
#1633 = EDGE_CURVE ( 'NONE', #769, #944, #309, .T. ) ;
#1634 = CARTESIAN_POINT ( 'NONE',  ( -5.599571179991198022, 4.079804235525519296, -4.799999999999999822 ) ) ;
#1635 = CIRCLE ( 'NONE', #692, 0.9999999999999997780 ) ;
#1636 = CARTESIAN_POINT ( 'NONE',  ( 2.101329934646586572, -2.945828419357011896, 4.714963153022848630 ) ) ;
#1637 = EDGE_LOOP ( 'NONE', ( #632, #1800, #698, #1561, #1455, #372 ) ) ;
#1638 = STYLED_ITEM ( 'NONE', ( #890 ), #519 ) ;
#1639 = ORIENTED_EDGE ( 'NONE', *, *, #1217, .T. ) ;
#1640 = DIRECTION ( 'NONE',  ( 1.000000000000000000, 0.000000000000000000, 0.000000000000000000 ) ) ;
#1641 = ORIENTED_EDGE ( 'NONE', *, *, #646, .T. ) ;
#1642 = DIRECTION ( 'NONE',  ( 0.000000000000000000, 0.000000000000000000, -1.000000000000000000 ) ) ;
#1643 = CARTESIAN_POINT ( 'NONE',  ( -2.850059895954885736, 5.279882440875898197, -1.249999999999999778 ) ) ;
#1644 = EDGE_CURVE ( 'NONE', #1714, #1071, #742, .T. ) ;
#1645 = CARTESIAN_POINT ( 'NONE',  ( -0.1516797644092781616, -1.013715072921748117, 1.449999999999999956 ) ) ;
#1646 = CARTESIAN_POINT ( 'NONE',  ( -4.605796786848270763, 4.282535092819014899, -4.799999999999999822 ) ) ;
#1647 = DIRECTION ( 'NONE',  ( 1.000000000000000000, 0.000000000000000000, 0.000000000000000000 ) ) ;
#1648 = ORIENTED_EDGE ( 'NONE', *, *, #296, .T. ) ;
#1649 = DIRECTION ( 'NONE',  ( 0.000000000000000000, 0.000000000000000000, -1.000000000000000000 ) ) ;
#1650 = ORIENTED_EDGE ( 'NONE', *, *, #1316, .T. ) ;
#1651 = DIRECTION ( 'NONE',  ( 1.000000000000000000, 0.000000000000000000, 0.000000000000000000 ) ) ;
#1652 = DIRECTION ( 'NONE',  ( 0.4000260684501258379, -0.9165037613454378729, 0.000000000000000000 ) ) ;
#1653 = VERTEX_POINT ( 'NONE', #1341 ) ;
#1654 = CARTESIAN_POINT ( 'NONE',  ( -1.025059895954886002, 5.279882440875898197, -1.249999999999999778 ) ) ;
#1655 = CARTESIAN_POINT ( 'NONE',  ( 2.485920270837151058, -2.810675776195259878, 4.762753641445052644 ) ) ;
#1656 = VERTEX_POINT ( 'NONE', #958 ) ;
#1657 = EDGE_CURVE ( 'NONE', #926, #1588, #976, .T. ) ;
#1658 = ORIENTED_EDGE ( 'NONE', *, *, #1284, .F. ) ;
#1659 = LINE ( 'NONE', #780, #69 ) ;
#1660 = ORIENTED_EDGE ( 'NONE', *, *, #242, .T. ) ;
#1661 = CARTESIAN_POINT ( 'NONE',  ( -2.850059895954885736, 5.279882440875898197, -1.249999999999999778 ) ) ;
#1662 = FACE_OUTER_BOUND ( 'NONE', #1548, .T. ) ;
#1663 = CIRCLE ( 'NONE', #864, 1.024999999999999911 ) ;
#1664 = ORIENTED_EDGE ( 'NONE', *, *, #702, .F. ) ;
#1665 = EDGE_CURVE ( 'NONE', #1093, #396, #1314, .T. ) ;
#1666 = CIRCLE ( 'NONE', #686, 1.824999999999999512 ) ;
#1667 = CARTESIAN_POINT ( 'NONE',  ( -3.404637200094561056, -5.433777068933875243E-12, 4.584314985508681772 ) ) ;
#1668 = VECTOR ( 'NONE', #1380, 1000.000000000000114 ) ;
#1669 = DIRECTION ( 'NONE',  ( 0.000000000000000000, 0.000000000000000000, 1.000000000000000000 ) ) ;
#1670 = CIRCLE ( 'NONE', #1605, 1.024999999999999911 ) ;
#1671 = ORIENTED_EDGE ( 'NONE', *, *, #1728, .F. ) ;
#1672 = CARTESIAN_POINT ( 'NONE',  ( -0.04660714285714287475, -3.262167074849890991, -4.446988214730375866 ) ) ;
#1673 = FACE_OUTER_BOUND ( 'NONE', #258, .T. ) ;
#1674 = EDGE_LOOP ( 'NONE', ( #805, #338, #1641 ) ) ;
#1675 = DIRECTION ( 'NONE',  ( 0.000000000000000000, 0.000000000000000000, 1.000000000000000000 ) ) ;
#1676 = EDGE_CURVE ( 'NONE', #1791, #501, #900, .T. ) ;
#1677 = VERTEX_POINT ( 'NONE', #54 ) ;
#1678 = EDGE_CURVE ( 'NONE', #144, #639, #658, .T. ) ;
#1679 = DIRECTION ( 'NONE',  ( 1.000000000000000000, 0.000000000000000000, 0.000000000000000000 ) ) ;
#1680 = CARTESIAN_POINT ( 'NONE',  ( -0.05000000000000000278, -3.499642838919422516, -4.799999999999999822 ) ) ;
#1681 = EDGE_LOOP ( 'NONE', ( #1777, #1123, #1339, #1763 ) ) ;
#1682 = EDGE_CURVE ( 'NONE', #1656, #173, #1569, .T. ) ;
#1683 = CARTESIAN_POINT ( 'NONE',  ( -3.555810916952652612, 1.252139234678323110, -4.768147287566956827 ) ) ;
#1684 = ADVANCED_FACE ( 'NONE', ( #1662 ), #1113, .F. ) ;
#1685 = CARTESIAN_POINT ( 'NONE',  ( -2.291259403363593794, -1.000065171125315011, 3.800000000000000266 ) ) ;
#1686 = TOROIDAL_SURFACE ( 'NONE', #856, 4.025000000000000355, 1.000000000000000000 ) ;
#1687 = CARTESIAN_POINT ( 'NONE',  ( 0.000000000000000000, 0.000000000000000000, -4.799999999999999822 ) ) ;
#1688 = CARTESIAN_POINT ( 'NONE',  ( 0.000000000000000000, 0.000000000000000000, 3.399999999999999467 ) ) ;
#1689 = ORIENTED_EDGE ( 'NONE', *, *, #824, .F. ) ;
#1690 = VERTEX_POINT ( 'NONE', #1104 ) ;
#1691 = CARTESIAN_POINT ( 'NONE',  ( -2.225990487716879240, 3.353444698902006582, -4.799999999999999822 ) ) ;
#1692 = DIRECTION ( 'NONE',  ( -1.000000000000000000, 0.000000000000000000, 0.000000000000000000 ) ) ;
#1693 = CIRCLE ( 'NONE', #683, 1.024999999999999467 ) ;
#1694 = CIRCLE ( 'NONE', #411, 2.012499999999999734 ) ;
#1695 = CIRCLE ( 'NONE', #438, 1.000000000000000000 ) ;
#1696 = AXIS2_PLACEMENT_3D ( 'NONE', #114, #1731, #571 ) ;
#1697 = DIRECTION ( 'NONE',  ( 1.000000000000000000, 0.000000000000000000, 0.000000000000000000 ) ) ;
#1698 = DIRECTION ( 'NONE',  ( 1.000000000000000000, 0.000000000000000000, 0.000000000000000000 ) ) ;
#1699 = ORIENTED_EDGE ( 'NONE', *, *, #1847, .F. ) ;
#1700 = ORIENTED_EDGE ( 'NONE', *, *, #1431, .T. ) ;
#1701 = FACE_BOUND ( 'NONE', #390, .T. ) ;
#1702 = DIRECTION ( 'NONE',  ( 1.000000000000000000, 0.000000000000000000, 0.000000000000000000 ) ) ;
#1703 = EDGE_CURVE ( 'NONE', #699, #929, #389, .T. ) ;
#1704 = CARTESIAN_POINT ( 'NONE',  ( -2.850059895954885736, 5.279882440875898197, -3.799999999999999378 ) ) ;
#1705 = LINE ( 'NONE', #395, #1391 ) ;
#1706 = ORIENTED_EDGE ( 'NONE', *, *, #1050, .T. ) ;
#1707 = ORIENTED_EDGE ( 'NONE', *, *, #1778, .T. ) ;
#1708 = DIRECTION ( 'NONE',  ( 0.000000000000000000, 0.000000000000000000, 1.000000000000000000 ) ) ;
#1709 = DIRECTION ( 'NONE',  ( 1.000000000000000000, 0.000000000000000000, 0.000000000000000000 ) ) ;
#1710 = AXIS2_PLACEMENT_3D ( 'NONE', #11, #1631, #168 ) ;
#1711 = DIRECTION ( 'NONE',  ( 0.000000000000000000, 0.000000000000000000, 1.000000000000000000 ) ) ;
#1712 = AXIS2_PLACEMENT_3D ( 'NONE', #670, #515, #980 ) ;
#1713 = ORIENTED_EDGE ( 'NONE', *, *, #506, .T. ) ;
#1714 = VERTEX_POINT ( 'NONE', #1400 ) ;
#1715 = DIRECTION ( 'NONE',  ( 0.9998979539769782265, -0.01428571428571426966, 0.000000000000000000 ) ) ;
#1716 = EDGE_CURVE ( 'NONE', #1470, #994, #413, .T. ) ;
#1717 = DIRECTION ( 'NONE',  ( -0.000000000000000000, -0.000000000000000000, 1.000000000000000000 ) ) ;
#1718 = VECTOR ( 'NONE', #1475, 1000.000000000000114 ) ;
#1719 = COLOUR_RGB ( '',0.7921568627450980005, 0.8196078431372548767, 0.9333333333333333481 ) ;
#1720 = VECTOR ( 'NONE', #247, 1000.000000000000000 ) ;
#1721 = CARTESIAN_POINT ( 'NONE',  ( 39.00000000000000000, 0.000000000000000000, 3.800000000000000266 ) ) ;
#1722 = CIRCLE ( 'NONE', #1142, 1.000000000000000000 ) ;
#1723 = CARTESIAN_POINT ( 'NONE',  ( -2.291259403363594682, -1.000065171125314567, 4.799999999999999822 ) ) ;
#1724 = VERTEX_POINT ( 'NONE', #649 ) ;
#1725 = VERTEX_POINT ( 'NONE', #813 ) ;
#1726 = DIRECTION ( 'NONE',  ( 0.000000000000000000, 0.000000000000000000, 1.000000000000000000 ) ) ;
#1727 = CARTESIAN_POINT ( 'NONE',  ( 4.025000000000000355, 0.000000000000000000, -4.799999999999999822 ) ) ;
#1728 = EDGE_CURVE ( 'NONE', #39, #211, #1054, .T. ) ;
#1729 = DIRECTION ( 'NONE',  ( 0.000000000000000000, 0.000000000000000000, 1.000000000000000000 ) ) ;
#1730 = PLANE ( 'NONE',  #95 ) ;
#1731 = DIRECTION ( 'NONE',  ( 0.000000000000000000, 0.000000000000000000, 1.000000000000000000 ) ) ;
#1732 = ORIENTED_EDGE ( 'NONE', *, *, #1835, .T. ) ;
#1733 = ORIENTED_EDGE ( 'NONE', *, *, #582, .T. ) ;
#1734 = CARTESIAN_POINT ( 'NONE',  ( -4.694523715662561436, 4.474829978120026475, 4.799921871948003904 ) ) ;
#1735 = EDGE_CURVE ( 'NONE', #1085, #914, #1851, .T. ) ;
#1736 = DIRECTION ( 'NONE',  ( 1.000000000000000000, 0.000000000000000000, 0.000000000000000000 ) ) ;
#1737 = CYLINDRICAL_SURFACE ( 'NONE', #1565, 1.000000000000000000 ) ;
#1738 = AXIS2_PLACEMENT_3D ( 'NONE', #1020, #1881, #854 ) ;
#1739 = EDGE_CURVE ( 'NONE', #828, #446, #1407, .T. ) ;
#1740 = DIRECTION ( 'NONE',  ( -0.000000000000000000, -0.000000000000000000, 1.000000000000000000 ) ) ;
#1741 = CARTESIAN_POINT ( 'NONE',  ( -2.850059895954885736, 5.279882440875898197, 3.800000000000000266 ) ) ;
#1742 = ORIENTED_EDGE ( 'NONE', *, *, #801, .F. ) ;
#1743 = DIRECTION ( 'NONE',  ( 0.000000000000000000, 0.000000000000000000, 1.000000000000000000 ) ) ;
#1744 = VERTEX_POINT ( 'NONE', #1249 ) ;
#1745 = FACE_OUTER_BOUND ( 'NONE', #620, .T. ) ;
#1746 = AXIS2_PLACEMENT_3D ( 'NONE', #1152, #1729, #283 ) ;
#1747 = DIRECTION ( 'NONE',  ( 1.224646799147353207E-16, 1.000000000000000000, -0.000000000000000000 ) ) ;
#1748 = VECTOR ( 'NONE', #1349, 1000.000000000000000 ) ;
#1749 = VERTEX_POINT ( 'NONE', #797 ) ;
#1750 = VERTEX_POINT ( 'NONE', #1374 ) ;
#1751 = EDGE_CURVE ( 'NONE', #511, #929, #160, .T. ) ;
#1752 = CIRCLE ( 'NONE', #538, 3.024999999999999911 ) ;
#1753 = CARTESIAN_POINT ( 'NONE',  ( -1.791296313761210568, 3.575734276805123013, 4.799999999999999822 ) ) ;
#1754 = CARTESIAN_POINT ( 'NONE',  ( -4.862559895954905009, 5.279882440875898197, -4.799921871948003904 ) ) ;
#1755 = CARTESIAN_POINT ( 'NONE',  ( -4.675059895954885469, 5.279882440875898197, -1.249999999999999778 ) ) ;
#1756 = CARTESIAN_POINT ( 'NONE',  ( 4.025000000000000355, 0.000000000000000000, -3.799999999999999378 ) ) ;
#1757 = SURFACE_STYLE_USAGE ( .BOTH. , #1193 ) ;
#1758 = ORIENTED_EDGE ( 'NONE', *, *, #1366, .T. ) ;
#1759 = DIRECTION ( 'NONE',  ( 1.000000000000000000, 0.000000000000000000, 0.000000000000000000 ) ) ;
#1760 = FACE_OUTER_BOUND ( 'NONE', #1313, .T. ) ;
#1761 = DIRECTION ( 'NONE',  ( 1.000000000000000000, 0.000000000000000000, 0.000000000000000000 ) ) ;
#1762 = CARTESIAN_POINT ( 'NONE',  ( -3.404637200095695704, -2.274639878055404464E-15, -4.584314985509578833 ) ) ;
#1763 = ORIENTED_EDGE ( 'NONE', *, *, #876, .T. ) ;
#1764 = CARTESIAN_POINT ( 'NONE',  ( -0.04660714285714287475, -3.262167074849890991, -4.446988214730375866 ) ) ;
#1765 = APPLICATION_PROTOCOL_DEFINITION ( 'draft international standard', 'automotive_design', 1998, #463 ) ;
#1766 = ORIENTED_EDGE ( 'NONE', *, *, #523, .T. ) ;
#1767 = ADVANCED_FACE ( 'NONE', ( #1673, #363 ), #804, .T. ) ;
#1768 = CARTESIAN_POINT ( 'NONE',  ( -0.5179309028609507815, -3.461466102659628952, -1.449999999999999956 ) ) ;
#1769 = CARTESIAN_POINT ( 'NONE',  ( -2.850059895954885736, 5.279882440875898197, 3.800000000000000266 ) ) ;
#1770 = DIRECTION ( 'NONE',  ( 1.000000000000000000, 0.000000000000000000, 0.000000000000000000 ) ) ;
#1771 = ADVANCED_FACE ( 'NONE', ( #513 ), #1098, .T. ) ;
#1772 = CARTESIAN_POINT ( 'NONE',  ( -0.5360672743028619402, 8.037678326531686679, 1.449999999999999956 ) ) ;
#1773 = ADVANCED_FACE ( 'NONE', ( #1546 ), #229, .F. ) ;
#1774 = PLANE ( 'NONE',  #594 ) ;
#1775 =( NAMED_UNIT ( * ) PLANE_ANGLE_UNIT ( ) SI_UNIT ( $, .RADIAN. ) );
#1776 = VECTOR ( 'NONE', #1331, 1000.000000000000000 ) ;
#1777 = ORIENTED_EDGE ( 'NONE', *, *, #1026, .F. ) ;
#1778 = EDGE_CURVE ( 'NONE', #1725, #1071, #440, .T. ) ;
#1779 = AXIS2_PLACEMENT_3D ( 'NONE', #1385, #842, #68 ) ;
#1780 = CARTESIAN_POINT ( 'NONE',  ( 0.000000000000000000, 0.000000000000000000, -3.399999999999999467 ) ) ;
#1781 = DIRECTION ( 'NONE',  ( 0.000000000000000000, 0.000000000000000000, -1.000000000000000000 ) ) ;
#1782 = ORIENTED_EDGE ( 'NONE', *, *, #1458, .F. ) ;
#1783 = AXIS2_PLACEMENT_3D ( 'NONE', #370, #1097, #1679 ) ;
#1784 = CARTESIAN_POINT ( 'NONE',  ( 0.000000000000000000, 0.000000000000000000, 3.799999999999999378 ) ) ;
#1785 = TOROIDAL_SURFACE ( 'NONE', #841, 2.024999999999999911, 1.000000000000000000 ) ;
#1786 = CARTESIAN_POINT ( 'NONE',  ( 1.044225503034212021, -3.192329940098724173, 4.537481807203642248 ) ) ;
#1787 = ORIENTED_EDGE ( 'NONE', *, *, #50, .F. ) ;
#1788 = AXIS2_PLACEMENT_3D ( 'NONE', #1814, #504, #1092 ) ;
#1789 = ORIENTED_EDGE ( 'NONE', *, *, #849, .F. ) ;
#1790 = DIRECTION ( 'NONE',  ( 0.000000000000000000, 0.000000000000000000, 1.000000000000000000 ) ) ;
#1791 = VERTEX_POINT ( 'NONE', #1154 ) ;
#1792 = DIRECTION ( 'NONE',  ( 1.000000000000000000, 0.000000000000000000, 0.000000000000000000 ) ) ;
#1793 = DIRECTION ( 'NONE',  ( 1.000000000000000000, 0.000000000000000000, 0.000000000000000000 ) ) ;
#1794 = CARTESIAN_POINT ( 'NONE',  ( -3.207763164709032111, -1.400091239575441016, 1.449999999999999956 ) ) ;
#1795 = ORIENTED_EDGE ( 'NONE', *, *, #1808, .T. ) ;
#1796 = CARTESIAN_POINT ( 'NONE',  ( -2.850059895954885736, 5.279882440875898197, -4.799999999999999822 ) ) ;
#1797 = B_SPLINE_CURVE_WITH_KNOTS ( 'NONE', 3,
 ( #1672, #1813, #942, #502, #648, #785, #352, #1364, #1220, #1823 ),
 .UNSPECIFIED., .F., .F.,
 ( 4, 2, 2, 2, 4 ),
 ( 3.746300342538134218E-06, 0.001645696833433259350, 0.002466672099978620050, 0.002877159733251300183, 0.003287647366523979448 ),
 .UNSPECIFIED. ) ;
#1798 = CARTESIAN_POINT ( 'NONE',  ( 0.5034832805203169892, -3.252435923396183259, 4.468904154711465182 ) ) ;
#1799 = EDGE_LOOP ( 'NONE', ( #475, #1080, #1506, #1382 ) ) ;
#1800 = ORIENTED_EDGE ( 'NONE', *, *, #1244, .T. ) ;
#1801 = CARTESIAN_POINT ( 'NONE',  ( -1.025059895954886002, 5.279882440875898197, 1.249999999999999778 ) ) ;
#1802 = EDGE_CURVE ( 'NONE', #606, #1750, #274, .T. ) ;
#1803 = ORIENTED_EDGE ( 'NONE', *, *, #702, .T. ) ;
#1804 = CYLINDRICAL_SURFACE ( 'NONE', #839, 2.999999999999998668 ) ;
#1805 = CYLINDRICAL_SURFACE ( 'NONE', #1169, 1.824999999999999512 ) ;
#1806 = VERTEX_POINT ( 'NONE', #704 ) ;
#1807 = EDGE_CURVE ( 'NONE', #1677, #1323, #539, .T. ) ;
#1808 = EDGE_CURVE ( 'NONE', #116, #155, #1848, .T. ) ;
#1809 = DIRECTION ( 'NONE',  ( -1.000000000000000000, 1.224646799147353454E-16, 0.000000000000000000 ) ) ;
#1810 = ORIENTED_EDGE ( 'NONE', *, *, #1081, .F. ) ;
#1811 = ORIENTED_EDGE ( 'NONE', *, *, #280, .T. ) ;
#1812 = ORIENTED_EDGE ( 'NONE', *, *, #907, .F. ) ;
#1813 = CARTESIAN_POINT ( 'NONE',  ( 0.5080208857495980279, -3.270091141020854408, -4.446988214730376754 ) ) ;
#1814 = CARTESIAN_POINT ( 'NONE',  ( 0.000000000000000000, 0.000000000000000000, -3.799999999999999378 ) ) ;
#1815 = CIRCLE ( 'NONE', #990, 3.262499999999999734 ) ;
#1816 = VERTEX_POINT ( 'NONE', #404 ) ;
#1817 = VECTOR ( 'NONE', #1869, 1000.000000000000114 ) ;
#1818 = CARTESIAN_POINT ( 'NONE',  ( 35.33658179266027588, 2.981058989159655948, 4.799999999999999822 ) ) ;
#1819 = CIRCLE ( 'NONE', #1873, 2.012499999999999734 ) ;
#1820 = DIRECTION ( 'NONE',  ( 0.9936863297198856859, -0.1121939308867587193, -0.000000000000000000 ) ) ;
#1821 = EDGE_CURVE ( 'NONE', #1071, #201, #1299, .T. ) ;
#1822 = ORIENTED_EDGE ( 'NONE', *, *, #1676, .T. ) ;
#1823 = CARTESIAN_POINT ( 'NONE',  ( 3.118424940794919387, -2.544808615324187784, -4.799999999999999822 ) ) ;
#1824 = DIRECTION ( 'NONE',  ( 1.000000000000000000, 0.000000000000000000, 0.000000000000000000 ) ) ;
#1825 = ORIENTED_EDGE ( 'NONE', *, *, #1050, .F. ) ;
#1826 = DIRECTION ( 'NONE',  ( 0.000000000000000000, 0.000000000000000000, 1.000000000000000000 ) ) ;
#1827 = FACE_OUTER_BOUND ( 'NONE', #1310, .T. ) ;
#1828 = ORIENTED_EDGE ( 'NONE', *, *, #444, .T. ) ;
#1829 = FACE_OUTER_BOUND ( 'NONE', #1572, .T. ) ;
#1830 = DIRECTION ( 'NONE',  ( -0.4000260684501258379, 0.9165037613454378729, 0.000000000000000000 ) ) ;
#1831 = ORIENTED_EDGE ( 'NONE', *, *, #1330, .T. ) ;
#1832 = CARTESIAN_POINT ( 'NONE',  ( -2.006370244561676675, 3.459638209944391640, -4.799999999999999822 ) ) ;
#1833 = CARTESIAN_POINT ( 'NONE',  ( -3.207763164709032111, -1.400091239575441016, -3.799999999999999378 ) ) ;
#1834 = TOROIDAL_SURFACE ( 'NONE', #554, 4.025000000000000355, 1.000000000000000000 ) ;
#1835 = EDGE_CURVE ( 'NONE', #1609, #1714, #133, .T. ) ;
#1836 = EDGE_CURVE ( 'NONE', #144, #949, #1136, .T. ) ;
#1837 = DIRECTION ( 'NONE',  ( 1.000000000000000000, 0.000000000000000000, 0.000000000000000000 ) ) ;
#1838 = CARTESIAN_POINT ( 'NONE',  ( 35.00000000000000000, 0.000000000000000000, -4.799999999999999822 ) ) ;
#1839 = ORIENTED_EDGE ( 'NONE', *, *, #1264, .T. ) ;
#1840 = ORIENTED_EDGE ( 'NONE', *, *, #1876, .T. ) ;
#1841 = AXIS2_PLACEMENT_3D ( 'NONE', #1180, #1440, #1613 ) ;
#1842 = CARTESIAN_POINT ( 'NONE',  ( -3.875059895954885647, 5.279882440875898197, 3.800000000000000266 ) ) ;
#1843 = CARTESIAN_POINT ( 'NONE',  ( -2.850059895954885736, 5.279882440875898197, -1.249999999999999778 ) ) ;
#1844 = AXIS2_PLACEMENT_3D ( 'NONE', #4, #1062, #359 ) ;
#1845 = CIRCLE ( 'NONE', #1022, 2.024999999999999911 ) ;
#1846 = AXIS2_PLACEMENT_3D ( 'NONE', #641, #1652, #1197 ) ;
#1847 = EDGE_CURVE ( 'NONE', #299, #201, #1877, .T. ) ;
#1848 = CIRCLE ( 'NONE', #70, 1.024999999999999911 ) ;
#1849 = AXIS2_PLACEMENT_3D ( 'NONE', #337, #768, #1485 ) ;
#1850 = PLANE ( 'NONE',  #996 ) ;
#1851 = LINE ( 'NONE', #1680, #1573 ) ;
#1852 = ORIENTED_EDGE ( 'NONE', *, *, #1802, .F. ) ;
#1853 = ORIENTED_EDGE ( 'NONE', *, *, #1066, .T. ) ;
#1854 = LINE ( 'NONE', #1106, #340 ) ;
#1855 = DIRECTION ( 'NONE',  ( 0.000000000000000000, 0.000000000000000000, 1.000000000000000000 ) ) ;
#1856 = ADVANCED_FACE ( 'NONE', ( #992 ), #983, .F. ) ;
#1857 = EDGE_CURVE ( 'NONE', #1085, #1293, #290, .T. ) ;
#1858 = DIRECTION ( 'NONE',  ( 0.1121939308867587193, 0.9936863297198856859, -0.000000000000000000 ) ) ;
#1859 = ORIENTED_EDGE ( 'NONE', *, *, #387, .T. ) ;
#1860 = EDGE_LOOP ( 'NONE', ( #289, #1052 ) ) ;
#1861 = DIRECTION ( 'NONE',  ( 1.000000000000000000, 0.000000000000000000, 0.000000000000000000 ) ) ;
#1862 = CARTESIAN_POINT ( 'NONE',  ( -2.850059895954885736, 5.279882440875898197, 4.799921871948003904 ) ) ;
#1863 = CARTESIAN_POINT ( 'NONE',  ( -3.875059895954885203, 5.279882440875898197, 1.249999999999999778 ) ) ;
#1864 = DIRECTION ( 'NONE',  ( 0.4000260684501258379, -0.9165037613454378729, 0.000000000000000000 ) ) ;
#1865 = ORIENTED_EDGE ( 'NONE', *, *, #1868, .T. ) ;
#1866 = EDGE_LOOP ( 'NONE', ( #1639, #1828, #1879, #405 ) ) ;
#1867 = DIRECTION ( 'NONE',  ( -0.000000000000000000, -0.000000000000000000, 1.000000000000000000 ) ) ;
#1868 = EDGE_CURVE ( 'NONE', #926, #769, #127, .T. ) ;
#1869 = DIRECTION ( 'NONE',  ( 0.1479802579602717272, 0.9889903150456081926, -0.000000000000000000 ) ) ;
#1870 = VECTOR ( 'NONE', #450, 1000.000000000000000 ) ;
#1871 = PRESENTATION_STYLE_ASSIGNMENT (( #708 ) ) ;
#1872 = AXIS2_PLACEMENT_3D ( 'NONE', #1533, #672, #1262 ) ;
#1873 = AXIS2_PLACEMENT_3D ( 'NONE', #1078, #667, #1373 ) ;
#1874 = FACE_OUTER_BOUND ( 'NONE', #533, .T. ) ;
#1875 = AXIS2_PLACEMENT_3D ( 'NONE', #184, #490, #1371 ) ;
#1876 = EDGE_CURVE ( 'NONE', #1420, #275, #851, .T. ) ;
#1877 = LINE ( 'NONE', #288, #720 ) ;
#1878 = ORIENTED_EDGE ( 'NONE', *, *, #682, .F. ) ;
#1879 = ORIENTED_EDGE ( 'NONE', *, *, #1751, .T. ) ;
#1880 = AXIS2_PLACEMENT_3D ( 'NONE', #210, #1381, #1824 ) ;
#1881 = DIRECTION ( 'NONE',  ( 0.000000000000000000, 0.000000000000000000, 1.000000000000000000 ) ) ;
#1882 = EDGE_CURVE ( 'NONE', #1744, #617, #941, .T. ) ;
#1883 = FACE_OUTER_BOUND ( 'NONE', #766, .T. ) ;
#1884 = EDGE_CURVE ( 'NONE', #1184, #116, #422, .T. ) ;
#1885 = CARTESIAN_POINT ( 'NONE',  ( -2.625672034181369074, 7.267255100315669125, 3.799999999999999378 ) ) ;
#1886 = DIRECTION ( 'NONE',  ( 0.9165037613454376508, 0.4000260684501262265, 0.000000000000000000 ) ) ;
#1887 = ORIENTED_EDGE ( 'NONE', *, *, #964, .F. ) ;
#1888 = CARTESIAN_POINT ( 'NONE',  ( 0.000000000000000000, 0.000000000000000000, 3.399999999999999467 ) ) ;
#1889 = EDGE_LOOP ( 'NONE', ( #204, #489, #416, #862 ) ) ;
#1890 = CARTESIAN_POINT ( 'NONE',  ( -2.850059895954885736, 5.279882440875898197, -4.799999999999999822 ) ) ;
#1891 = ADVANCED_FACE ( 'NONE', ( #1570 ), #124, .T. ) ;
#1892 = DIRECTION ( 'NONE',  ( 1.000000000000000000, 0.000000000000000000, 0.000000000000000000 ) ) ;
#1893 = DIRECTION ( 'NONE',  ( -0.9936863297198856859, 0.1121939308867587193, 0.000000000000000000 ) ) ;
#1894 = ORIENTED_EDGE ( 'NONE', *, *, #517, .T. ) ;
#1895 = ORIENTED_EDGE ( 'NONE', *, *, #915, .F. ) ;
#1896 = CARTESIAN_POINT ( 'NONE',  ( 0.000000000000000000, 0.000000000000000000, 3.799999999999999378 ) ) ;
#1897 = CARTESIAN_POINT ( 'NONE',  ( 0.000000000000000000, 0.000000000000000000, 4.799999999999999822 ) ) ;
#1898 = EDGE_CURVE ( 'NONE', #501, #1093, #1705, .T. ) ;
#1899 = CARTESIAN_POINT ( 'NONE',  ( -2.990093521389490583, -1.305085048318536334, -4.446988214730375866 ) ) ;
#1900 = VECTOR ( 'NONE', #1060, 999.9999999999998863 ) ;
#1901 =( GEOMETRIC_REPRESENTATION_CONTEXT ( 3 ) GLOBAL_UNCERTAINTY_ASSIGNED_CONTEXT ( ( #360 ) ) GLOBAL_UNIT_ASSIGNED_CONTEXT ( ( #420, #1214, #207 ) ) REPRESENTATION_CONTEXT ( 'NONE', 'WORKASPACE' ) );
#1902 = CARTESIAN_POINT ( 'NONE',  ( -3.559226836668862415, 1.732086520681603181, 4.800000000000000711 ) ) ;
#1903 = AXIS2_PLACEMENT_3D ( 'NONE', #1704, #850, #696 ) ;
#1904 = ORIENTED_EDGE ( 'NONE', *, *, #342, .F. ) ;
#1905 = VECTOR ( 'NONE', #238, 1000.000000000000000 ) ;
#1906 = LINE ( 'NONE', #1150, #1718 ) ;
ENDSEC;
END-ISO-10303-21;
