ISO-10303-21;
HEADER;
FILE_DESCRIPTION (( 'STEP AP214' ),
    '1' );
FILE_NAME ('Mounting base.step',
    '2026-04-16T06:29:13',
    ( '' ),
    ( '' ),
    'SwSTEP 2.0',
    'SolidWorks 2020',
    '' );
FILE_SCHEMA (( 'AUTOMOTIVE_DESIGN' ));
ENDSEC;

DATA;
#1 = ORIENTED_EDGE ( 'NONE', *, *, #35, .T. ) ;
#2 = ORIENTED_EDGE ( 'NONE', *, *, #1851, .F. ) ;
#3 = DIRECTION ( 'NONE',  ( -1.000000000000000000, 0.000000000000000000, 0.000000000000000000 ) ) ;
#4 = EDGE_CURVE ( 'NONE', #1774, #173, #18, .T. ) ;
#5 = PLANE ( 'NONE',  #808 ) ;
#6 = DIRECTION ( 'NONE',  ( 0.000000000000000000, 0.000000000000000000, 1.000000000000000000 ) ) ;
#7 = B_SPLINE_CURVE_WITH_KNOTS ( 'NONE', 3,
 ( #721, #580, #1331, #444, #1028, #1731, #856, #1596, #1312, #878, #572, #146, #12, #1756 ),
 .UNSPECIFIED., .F., .F.,
 ( 4, 2, 2, 2, 2, 2, 4 ),
 ( 0.003711494887854335702, 0.004515067334939687309, 0.004916853558482361594, 0.005318639782025036747, 0.005720426005567711900, 0.006122212229110385318, 0.006925784676195730419 ),
 .UNSPECIFIED. ) ;
#8 = PLANE ( 'NONE',  #969 ) ;
#9 = ADVANCED_FACE ( 'NONE', ( #430 ), #8, .F. ) ;
#10 = ORIENTED_EDGE ( 'NONE', *, *, #1144, .T. ) ;
#11 = ORIENTED_EDGE ( 'NONE', *, *, #534, .F. ) ;
#12 = CARTESIAN_POINT ( 'NONE',  ( 9.735741707452563176, 5.612076934474730550, -4.074317091863552065 ) ) ;
#13 = AXIS2_PLACEMENT_3D ( 'NONE', #1419, #1130, #1003 ) ;
#14 = CARTESIAN_POINT ( 'NONE',  ( -1.094319468523194283, 2.902126368012259761, -5.559134955381849430 ) ) ;
#15 = AXIS2_PLACEMENT_3D ( 'NONE', #556, #820, #252 ) ;
#16 = CARTESIAN_POINT ( 'NONE',  ( -3.099999999999999645, 15.00000000000000000, -0.7999999999999999334 ) ) ;
#17 = AXIS2_PLACEMENT_3D ( 'NONE', #30, #1643, #1211 ) ;
#18 = CIRCLE ( 'NONE', #1268, 5.999999999999984013 ) ;
#19 = CARTESIAN_POINT ( 'NONE',  ( -4.894304365578388882, 12.27864284279326768, -4.000000000000000000 ) ) ;
#20 = ORIENTED_EDGE ( 'NONE', *, *, #1768, .T. ) ;
#21 = VECTOR ( 'NONE', #1670, 999.9999999999998863 ) ;
#22 = VERTEX_POINT ( 'NONE', #1438 ) ;
#23 = CARTESIAN_POINT ( 'NONE',  ( 7.777730077207141157, 5.730862238260375108, -6.000000000000000000 ) ) ;
#24 = PLANE ( 'NONE',  #599 ) ;
#25 = DIRECTION ( 'NONE',  ( -1.000000000000000000, 0.000000000000000000, 0.000000000000000000 ) ) ;
#26 = CARTESIAN_POINT ( 'NONE',  ( 1.111919665919088862, 2.926704440041631550, -5.643437243566842731 ) ) ;
#27 = VERTEX_POINT ( 'NONE', #1021 ) ;
#28 = ADVANCED_FACE ( 'NONE', ( #1719 ), #1569, .F. ) ;
#29 = VERTEX_POINT ( 'NONE', #273 ) ;
#30 = CARTESIAN_POINT ( 'NONE',  ( 0.000000000000000000, 15.00000000000000000, -4.000000000000000000 ) ) ;
#31 = EDGE_CURVE ( 'NONE', #263, #1570, #874, .T. ) ;
#32 = CARTESIAN_POINT ( 'NONE',  ( -0.3539181630768935549, 2.378767016911690124, -4.645414611475354505 ) ) ;
#33 = CARTESIAN_POINT ( 'NONE',  ( -5.050000000000004263, 7.999999999999998224, -4.000000000000000000 ) ) ;
#34 = CARTESIAN_POINT ( 'NONE',  ( 6.799999999999998934, 2.549999999999998490, -4.000000000000000000 ) ) ;
#35 = EDGE_CURVE ( 'NONE', #161, #188, #1470, .T. ) ;
#36 = ORIENTED_EDGE ( 'NONE', *, *, #1495, .T. ) ;
#37 = ADVANCED_FACE ( 'NONE', ( #725 ), #1302, .F. ) ;
#38 = EDGE_LOOP ( 'NONE', ( #1320, #1015 ) ) ;
#39 = CARTESIAN_POINT ( 'NONE',  ( 7.777730077207136716, 5.730862238260373331, -6.000000000000000000 ) ) ;
#40 = CARTESIAN_POINT ( 'NONE',  ( -5.977379212143872245, 5.646875508460807325, -6.699999999999999289 ) ) ;
#41 = FACE_OUTER_BOUND ( 'NONE', #1479, .T. ) ;
#42 = AXIS2_PLACEMENT_3D ( 'NONE', #1751, #6, #595 ) ;
#43 = CIRCLE ( 'NONE', #80, 0.9500000000000011768 ) ;
#44 = CARTESIAN_POINT ( 'NONE',  ( 6.000000000000005329, 7.999999999999998224, 4.000000000000000000 ) ) ;
#45 =( LENGTH_UNIT ( ) NAMED_UNIT ( * ) SI_UNIT ( .MILLI., .METRE. ) );
#46 = DIRECTION ( 'NONE',  ( -0.000000000000000000, -0.000000000000000000, -1.000000000000000000 ) ) ;
#47 = AXIS2_PLACEMENT_3D ( 'NONE', #763, #374, #504 ) ;
#48 = AXIS2_PLACEMENT_3D ( 'NONE', #1602, #923, #1629 ) ;
#49 = EDGE_LOOP ( 'NONE', ( #124, #1329, #1160 ) ) ;
#50 = ORIENTED_EDGE ( 'NONE', *, *, #931, .T. ) ;
#51 = LINE ( 'NONE', #950, #1409 ) ;
#52 = ORIENTED_EDGE ( 'NONE', *, *, #893, .T. ) ;
#53 = DIRECTION ( 'NONE',  ( 0.000000000000000000, -1.000000000000000000, 0.000000000000000000 ) ) ;
#54 = B_SPLINE_CURVE_WITH_KNOTS ( 'NONE', 3,
 ( #960, #837, #1247, #280, #1437, #1011, #262, #1277, #140, #1382, #382, #862 ),
 .UNSPECIFIED., .F., .F.,
 ( 4, 2, 2, 2, 2, 4 ),
 ( 0.000000000000000000, 0.0003124039826546468859, 0.0006248079653092937719, 0.001249615930618587110, 0.001874423895927880557, 0.002499231861237173787 ),
 .UNSPECIFIED. ) ;
#55 = PLANE ( 'NONE',  #1049 ) ;
#56 = CARTESIAN_POINT ( 'NONE',  ( 9.999999999999994671, 11.17898364348855900, 4.000000000000000000 ) ) ;
#57 = CARTESIAN_POINT ( 'NONE',  ( 0.9689357670560393432, 2.756378867790707066, -5.154874736263409751 ) ) ;
#58 = B_SPLINE_CURVE_WITH_KNOTS ( 'NONE', 3,
 ( #403, #1704, #984, #1123, #113, #1417 ),
 .UNSPECIFIED., .F., .F.,
 ( 4, 2, 4 ),
 ( 0.0005678394139292291046, 0.0008033268453328760040, 0.001038814276736522687 ),
 .UNSPECIFIED. ) ;
#59 = EDGE_CURVE ( 'NONE', #1738, #798, #666, .T. ) ;
#60 = EDGE_LOOP ( 'NONE', ( #660, #1503, #1641, #1351 ) ) ;
#61 = VERTEX_POINT ( 'NONE', #637 ) ;
#62 = LINE ( 'NONE', #1515, #1116 ) ;
#63 = VERTEX_POINT ( 'NONE', #19 ) ;
#64 = CARTESIAN_POINT ( 'NONE',  ( -6.000000000000005329, 11.17898364348855900, 4.000000000000000000 ) ) ;
#65 = CARTESIAN_POINT ( 'NONE',  ( -1.099925585197703892, 3.954631571893608033, -5.491165516041951022 ) ) ;
#66 = DIRECTION ( 'NONE',  ( 1.000000000000000000, 0.000000000000000000, 0.000000000000000000 ) ) ;
#67 = CARTESIAN_POINT ( 'NONE',  ( -7.777730077207141157, 5.730862238260378660, -7.200000000000000178 ) ) ;
#68 = B_SPLINE_CURVE_WITH_KNOTS ( 'NONE', 3,
 ( #1822, #521, #76, #1373, #1075, #364, #65, #1095, #1214, #1646, #351, #1689 ),
 .UNSPECIFIED., .F., .F.,
 ( 4, 2, 2, 2, 2, 4 ),
 ( 0.000000000000000000, 0.0003124039826546468859, 0.0006248079653092937719, 0.001249615930618587110, 0.001874423895927880557, 0.002499231861237173787 ),
 .UNSPECIFIED. ) ;
#69 = VERTEX_POINT ( 'NONE', #1744 ) ;
#70 = LINE ( 'NONE', #1834, #1740 ) ;
#71 = EDGE_LOOP ( 'NONE', ( #1089, #875, #1560, #576 ) ) ;
#72 = CYLINDRICAL_SURFACE ( 'NONE', #1563, 3.999999999999989786 ) ;
#73 = EDGE_LOOP ( 'NONE', ( #143, #249, #1229, #501 ) ) ;
#74 = ADVANCED_FACE ( 'NONE', ( #449 ), #633, .T. ) ;
#75 = DIRECTION ( 'NONE',  ( -1.000000000000000000, 0.000000000000000000, 0.000000000000000000 ) ) ;
#76 = CARTESIAN_POINT ( 'NONE',  ( -0.6416445027753138186, 3.918277387636909914, -4.800412961365539743 ) ) ;
#77 = DIRECTION ( 'NONE',  ( -1.000000000000000000, 0.000000000000000000, -0.000000000000000000 ) ) ;
#78 = CIRCLE ( 'NONE', #412, 11.59999999999999964 ) ;
#79 = FACE_OUTER_BOUND ( 'NONE', #362, .T. ) ;
#80 = AXIS2_PLACEMENT_3D ( 'NONE', #44, #531, #486 ) ;
#81 = ORIENTED_EDGE ( 'NONE', *, *, #182, .F. ) ;
#82 = DIRECTION ( 'NONE',  ( 0.000000000000000000, 0.000000000000000000, -1.000000000000000000 ) ) ;
#83 = AXIS2_PLACEMENT_3D ( 'NONE', #435, #175, #582 ) ;
#84 = ORIENTED_EDGE ( 'NONE', *, *, #159, .T. ) ;
#85 = DIRECTION ( 'NONE',  ( -1.000000000000000000, 0.000000000000000000, -0.000000000000000000 ) ) ;
#86 = CIRCLE ( 'NONE', #48, 12.09999999999999964 ) ;
#87 = ADVANCED_FACE ( 'NONE', ( #1031 ), #1048, .F. ) ;
#88 = ORIENTED_EDGE ( 'NONE', *, *, #1440, .F. ) ;
#89 = CARTESIAN_POINT ( 'NONE',  ( -7.777730077207137604, 5.730862238260377772, -6.781287344330815259 ) ) ;
#90 = DIRECTION ( 'NONE',  ( 0.000000000000000000, 0.000000000000000000, -1.000000000000000000 ) ) ;
#91 = CARTESIAN_POINT ( 'NONE',  ( 3.908095854603219177, 10.98469661644383599, -4.754935933573409379 ) ) ;
#92 = DIRECTION ( 'NONE',  ( 0.000000000000000000, 0.000000000000000000, -1.000000000000000000 ) ) ;
#93 = LINE ( 'NONE', #668, #507 ) ;
#94 = ORIENTED_EDGE ( 'NONE', *, *, #398, .F. ) ;
#95 = ORIENTED_EDGE ( 'NONE', *, *, #1600, .F. ) ;
#96 = LINE ( 'NONE', #1408, #1346 ) ;
#97 = EDGE_CURVE ( 'NONE', #1392, #289, #86, .T. ) ;
#98 = FACE_BOUND ( 'NONE', #1053, .T. ) ;
#99 = DIRECTION ( 'NONE',  ( 0.000000000000000000, 0.000000000000000000, 1.000000000000000000 ) ) ;
#100 = LINE ( 'NONE', #981, #1703 ) ;
#101 = DIRECTION ( 'NONE',  ( 0.000000000000000000, 0.000000000000000000, -1.000000000000000000 ) ) ;
#102 = ORIENTED_EDGE ( 'NONE', *, *, #975, .T. ) ;
#103 = EDGE_CURVE ( 'NONE', #1093, #1559, #1068, .T. ) ;
#104 = CARTESIAN_POINT ( 'NONE',  ( 9.999999999999994671, 6.193911727778760756, -4.000000000000000000 ) ) ;
#105 = FACE_OUTER_BOUND ( 'NONE', #793, .T. ) ;
#106 = CARTESIAN_POINT ( 'NONE',  ( 0.4582575694955842716, 5.000000000000000000, -6.699999999999999289 ) ) ;
#107 = CYLINDRICAL_SURFACE ( 'NONE', #602, 5.000000000000000888 ) ;
#108 = CARTESIAN_POINT ( 'NONE',  ( 9.999999999999994671, 5.604662425962323447, -4.036192668931685823 ) ) ;
#109 = TOROIDAL_SURFACE ( 'NONE', #1378, 14.09999999999999964, 2.000000000000000000 ) ;
#110 = AXIS2_PLACEMENT_3D ( 'NONE', #1781, #1341, #341 ) ;
#111 = ORIENTED_EDGE ( 'NONE', *, *, #31, .F. ) ;
#112 = VECTOR ( 'NONE', #384, 1000.000000000000000 ) ;
#113 = CARTESIAN_POINT ( 'NONE',  ( -0.3862349889125056834, 2.905951164462578618, -6.733004892726802026 ) ) ;
#114 = AXIS2_PLACEMENT_3D ( 'NONE', #707, #1848, #85 ) ;
#115 = CARTESIAN_POINT ( 'NONE',  ( -0.4582575694955839385, 5.000000000000000000, -4.699999999999999289 ) ) ;
#116 = DIRECTION ( 'NONE',  ( 1.000000000000000000, 0.000000000000000000, 0.000000000000000000 ) ) ;
#117 = ORIENTED_EDGE ( 'NONE', *, *, #1815, .F. ) ;
#118 = ADVANCED_FACE ( 'NONE', ( #1782 ), #904, .F. ) ;
#119 = ORIENTED_EDGE ( 'NONE', *, *, #208, .F. ) ;
#120 = FACE_OUTER_BOUND ( 'NONE', #988, .T. ) ;
#121 = CARTESIAN_POINT ( 'NONE',  ( 6.049999999999999822, 2.549999999999998490, 4.000000000000000000 ) ) ;
#122 = DIRECTION ( 'NONE',  ( 0.000000000000000000, -1.000000000000000000, 0.000000000000000000 ) ) ;
#123 = CARTESIAN_POINT ( 'NONE',  ( -8.142337133296100760, 5.700789637675258703, -5.006827341582578583 ) ) ;
#124 = ORIENTED_EDGE ( 'NONE', *, *, #258, .T. ) ;
#125 = ORIENTED_EDGE ( 'NONE', *, *, #972, .F. ) ;
#126 = CARTESIAN_POINT ( 'NONE',  ( -3.649534481466528035, 10.75246216463454196, -5.475679010596261165 ) ) ;
#127 = CARTESIAN_POINT ( 'NONE',  ( 6.377817201462586461, 3.249587257793860040, -4.129611226963624482 ) ) ;
#128 = CYLINDRICAL_SURFACE ( 'NONE', #998, 3.099999999999999645 ) ;
#129 = DIRECTION ( 'NONE',  ( 0.000000000000000000, 0.000000000000000000, 1.000000000000000000 ) ) ;
#130 = ORIENTED_EDGE ( 'NONE', *, *, #1222, .F. ) ;
#131 = CIRCLE ( 'NONE', #1587, 6.099999999999997868 ) ;
#132 = VECTOR ( 'NONE', #195, 1000.000000000000000 ) ;
#133 = VERTEX_POINT ( 'NONE', #914 ) ;
#134 = CARTESIAN_POINT ( 'NONE',  ( 7.066384239949875301, 5.800749281958450077, -7.200000000000000178 ) ) ;
#135 = VECTOR ( 'NONE', #1658, 1000.000000000000114 ) ;
#136 = EDGE_CURVE ( 'NONE', #545, #1818, #617, .T. ) ;
#137 = AXIS2_PLACEMENT_3D ( 'NONE', #1668, #193, #662 ) ;
#138 = PLANE ( 'NONE',  #1742 ) ;
#139 = DIRECTION ( 'NONE',  ( 0.000000000000000000, -0.000000000000000000, 1.000000000000000000 ) ) ;
#140 = CARTESIAN_POINT ( 'NONE',  ( 1.039450516680669123, 3.948189937220587975, -5.283196280647476151 ) ) ;
#141 = CARTESIAN_POINT ( 'NONE',  ( 3.599610614244626028, 10.71015111853372659, -6.699999999999999289 ) ) ;
#142 = CIRCLE ( 'NONE', #395, 11.09999999999999787 ) ;
#143 = ORIENTED_EDGE ( 'NONE', *, *, #1695, .F. ) ;
#144 = EDGE_CURVE ( 'NONE', #571, #1774, #1055, .T. ) ;
#145 = EDGE_LOOP ( 'NONE', ( #368, #1471, #868, #936 ) ) ;
#146 = CARTESIAN_POINT ( 'NONE',  ( 9.472770593038289277, 5.622082176689502830, -4.143133163991283396 ) ) ;
#147 = ADVANCED_FACE ( 'NONE', ( #1317 ), #1486, .F. ) ;
#148 = FACE_OUTER_BOUND ( 'NONE', #1857, .T. ) ;
#149 = DIRECTION ( 'NONE',  ( 1.000000000000000000, 0.000000000000000000, 0.000000000000000000 ) ) ;
#150 = CARTESIAN_POINT ( 'NONE',  ( -9.999999999999994671, 11.17898364348855900, -4.000000000000000000 ) ) ;
#151 = ORIENTED_EDGE ( 'NONE', *, *, #1851, .T. ) ;
#152 = ORIENTED_EDGE ( 'NONE', *, *, #816, .T. ) ;
#153 = B_SPLINE_CURVE_WITH_KNOTS ( 'NONE', 3,
 ( #196, #455, #26, #1357, #57, #1039, #1611, #892, #168, #751 ),
 .UNSPECIFIED., .F., .F.,
 ( 4, 2, 2, 2, 4 ),
 ( 0.0001864843791455280417, 0.0007204568511920144032, 0.001254429323238500900, 0.001788401795284987397, 0.002322374267331473677 ),
 .UNSPECIFIED. ) ;
#154 = EDGE_LOOP ( 'NONE', ( #1371, #426 ) ) ;
#155 = CARTESIAN_POINT ( 'NONE',  ( -6.000000000000005329, 7.999999999999998224, -2.000000000000000000 ) ) ;
#156 = CARTESIAN_POINT ( 'NONE',  ( 6.950000000000006395, 7.999999999999998224, 4.000000000000000000 ) ) ;
#157 = FACE_OUTER_BOUND ( 'NONE', #1159, .T. ) ;
#158 = CARTESIAN_POINT ( 'NONE',  ( -3.599610614244627360, 10.71015111853373014, -6.699999999999999289 ) ) ;
#159 = EDGE_CURVE ( 'NONE', #854, #1512, #1415, .T. ) ;
#160 = VERTEX_POINT ( 'NONE', #34 ) ;
#161 = VERTEX_POINT ( 'NONE', #1207 ) ;
#162 = CYLINDRICAL_SURFACE ( 'NONE', #510, 0.7499999999999988898 ) ;
#163 = CYLINDRICAL_SURFACE ( 'NONE', #930, 5.000000000000000888 ) ;
#164 = VECTOR ( 'NONE', #909, 1000.000000000000000 ) ;
#165 = DIRECTION ( 'NONE',  ( 0.000000000000000000, 0.000000000000000000, 1.000000000000000000 ) ) ;
#166 =( GEOMETRIC_REPRESENTATION_CONTEXT ( 3 ) GLOBAL_UNCERTAINTY_ASSIGNED_CONTEXT ( ( #1647 ) ) GLOBAL_UNIT_ASSIGNED_CONTEXT ( ( #883, #1327, #1047 ) ) REPRESENTATION_CONTEXT ( 'NONE', 'WORKASPACE' ) );
#167 = AXIS2_PLACEMENT_3D ( 'NONE', #1141, #300, #1133 ) ;
#168 = CARTESIAN_POINT ( 'NONE',  ( 0.1809392144060447960, 2.328285685708569197, -4.599999999999998757 ) ) ;
#169 = VECTOR ( 'NONE', #1185, 1000.000000000000000 ) ;
#170 = VERTEX_POINT ( 'NONE', #488 ) ;
#171 = EDGE_CURVE ( 'NONE', #798, #1738, #516, .T. ) ;
#172 = AXIS2_PLACEMENT_3D ( 'NONE', #615, #186, #1753 ) ;
#173 = VERTEX_POINT ( 'NONE', #343 ) ;
#174 = DIRECTION ( 'NONE',  ( 0.6427876096865404731, -0.7660444431189770143, 0.000000000000000000 ) ) ;
#175 = DIRECTION ( 'NONE',  ( 0.000000000000000000, 0.000000000000000000, 1.000000000000000000 ) ) ;
#176 = CYLINDRICAL_SURFACE ( 'NONE', #539, 0.7499999999999988898 ) ;
#177 = LINE ( 'NONE', #476, #296 ) ;
#178 = CARTESIAN_POINT ( 'NONE',  ( -3.589027234532541133, 10.59340794011246345, -6.985364425755254736 ) ) ;
#179 = EDGE_LOOP ( 'NONE', ( #451, #151 ) ) ;
#180 = ORIENTED_EDGE ( 'NONE', *, *, #762, .T. ) ;
#181 = CARTESIAN_POINT ( 'NONE',  ( 3.221829655369093715, 10.41962734356861908, -6.699999999999999289 ) ) ;
#182 = EDGE_CURVE ( 'NONE', #686, #579, #153, .T. ) ;
#183 = CARTESIAN_POINT ( 'NONE',  ( -7.225367145803874180, 5.783390566172404768, -7.200000000000001066 ) ) ;
#184 = CYLINDRICAL_SURFACE ( 'NONE', #475, 0.9500000000000011768 ) ;
#185 = ADVANCED_FACE ( 'NONE', ( #1186 ), #788, .T. ) ;
#186 = DIRECTION ( 'NONE',  ( 0.000000000000000000, 0.000000000000000000, 1.000000000000000000 ) ) ;
#187 = ORIENTED_EDGE ( 'NONE', *, *, #1715, .T. ) ;
#188 = VERTEX_POINT ( 'NONE', #207 ) ;
#189 = DIRECTION ( 'NONE',  ( 0.000000000000000000, 0.000000000000000000, 1.000000000000000000 ) ) ;
#190 = VERTEX_POINT ( 'NONE', #1253 ) ;
#191 = CARTESIAN_POINT ( 'NONE',  ( -6.000000000000005329, 11.17898364348855900, -4.000000000000000000 ) ) ;
#192 = EDGE_CURVE ( 'NONE', #1429, #1843, #1628, .T. ) ;
#193 = DIRECTION ( 'NONE',  ( -0.000000000000000000, -0.000000000000000000, 1.000000000000000000 ) ) ;
#194 = AXIS2_PLACEMENT_3D ( 'NONE', #828, #1706, #1403 ) ;
#195 = DIRECTION ( 'NONE',  ( -0.000000000000000000, -0.000000000000000000, 1.000000000000000000 ) ) ;
#196 = CARTESIAN_POINT ( 'NONE',  ( 1.058300524425836331, 2.946369841412919133, -6.000000000000000000 ) ) ;
#197 = CIRCLE ( 'NONE', #1771, 5.600000000000000533 ) ;
#198 = CIRCLE ( 'NONE', #777, 1.100000000000000311 ) ;
#199 = ORIENTED_EDGE ( 'NONE', *, *, #1250, .T. ) ;
#200 = ORIENTED_EDGE ( 'NONE', *, *, #1612, .T. ) ;
#201 = DIRECTION ( 'NONE',  ( 1.000000000000000000, 0.000000000000000000, 0.000000000000000000 ) ) ;
#202 = EDGE_LOOP ( 'NONE', ( #701, #649 ) ) ;
#203 = CARTESIAN_POINT ( 'NONE',  ( 0.4582575694955842716, 5.000000000000000000, -6.699999999999999289 ) ) ;
#204 = CARTESIAN_POINT ( 'NONE',  ( 0.000000000000000000, 15.00000000000000000, -4.699999999999999289 ) ) ;
#205 = EDGE_CURVE ( 'NONE', #1392, #855, #1649, .T. ) ;
#206 = CARTESIAN_POINT ( 'NONE',  ( 4.761102538596078126, 12.04893575574485176, -4.011616504843188658 ) ) ;
#207 = CARTESIAN_POINT ( 'NONE',  ( 5.300000000000000711, 2.549999999999998490, 4.000000000000000000 ) ) ;
#208 = EDGE_CURVE ( 'NONE', #767, #432, #142, .T. ) ;
#209 = ORIENTED_EDGE ( 'NONE', *, *, #1682, .F. ) ;
#210 = CARTESIAN_POINT ( 'NONE',  ( -7.777730077207141157, 5.730862238260378660, -6.000000000000000000 ) ) ;
#211 = ORIENTED_EDGE ( 'NONE', *, *, #823, .F. ) ;
#212 = CARTESIAN_POINT ( 'NONE',  ( -5.562767728905835263, 3.128115348694313624, -4.261576816562397063 ) ) ;
#213 = ORIENTED_EDGE ( 'NONE', *, *, #885, .T. ) ;
#214 = CARTESIAN_POINT ( 'NONE',  ( -7.655819330869644723, 5.741716177508799035, -6.990398041186800526 ) ) ;
#215 = CARTESIAN_POINT ( 'NONE',  ( -9.999999999999994671, 0.000000000000000000, 4.000000000000000000 ) ) ;
#216 = FACE_OUTER_BOUND ( 'NONE', #996, .T. ) ;
#217 = CARTESIAN_POINT ( 'NONE',  ( 5.318305525949336143, 2.358640068601063344, -4.035029693712925969 ) ) ;
#218 =( BOUNDED_CURVE ( )  B_SPLINE_CURVE ( 3, ( #1286, #1263, #1839, #104 ),
 .UNSPECIFIED., .F., .F. ) 
 B_SPLINE_CURVE_WITH_KNOTS ( ( 4, 4 ),
 ( 4.521857203794711566, 4.712388980384689674 ),
 .UNSPECIFIED. ) 
 CURVE ( )  GEOMETRIC_REPRESENTATION_ITEM ( )  RATIONAL_B_SPLINE_CURVE ( ( 1.000000000000000000, 0.9969770907705355345, 0.9969770907705355345, 1.000000000000000000 ) ) 
 REPRESENTATION_ITEM ( '' )  );
#219 = ORIENTED_EDGE ( 'NONE', *, *, #1109, .T. ) ;
#220 = CARTESIAN_POINT ( 'NONE',  ( 0.000000000000000000, 15.00000000000000000, -4.699999999999999289 ) ) ;
#221 = EDGE_CURVE ( 'NONE', #1296, #887, #956, .T. ) ;
#222 = ORIENTED_EDGE ( 'NONE', *, *, #192, .F. ) ;
#223 = LINE ( 'NONE', #1072, #1265 ) ;
#224 = EDGE_CURVE ( 'NONE', #1570, #61, #1168, .T. ) ;
#225 = VERTEX_POINT ( 'NONE', #230 ) ;
#226 = DIRECTION ( 'NONE',  ( 1.000000000000000000, 0.000000000000000000, 0.000000000000000000 ) ) ;
#227 = CARTESIAN_POINT ( 'NONE',  ( 0.000000000000000000, 15.00000000000000000, 4.000000000000000000 ) ) ;
#228 = CARTESIAN_POINT ( 'NONE',  ( 4.544439392673001343, 11.72534874826324902, -4.095301382615009089 ) ) ;
#229 = VECTOR ( 'NONE', #902, 1000.000000000000000 ) ;
#230 = CARTESIAN_POINT ( 'NONE',  ( -6.799999999999998934, 2.549999999999998490, 4.000000000000000000 ) ) ;
#231 = VECTOR ( 'NONE', #1274, 1000.000000000000000 ) ;
#232 = DIRECTION ( 'NONE',  ( -0.6427876096865405842, -0.7660444431189771253, 0.000000000000000000 ) ) ;
#233 = CIRCLE ( 'NONE', #1804, 3.999999999999988898 ) ;
#234 = CIRCLE ( 'NONE', #1322, 3.999999999999988898 ) ;
#235 = PRESENTATION_LAYER_ASSIGNMENT (  '', '', ( #441 ) ) ;
#236 = EDGE_CURVE ( 'NONE', #1218, #686, #1442, .T. ) ;
#237 = EDGE_LOOP ( 'NONE', ( #905, #753, #866, #1033, #1102, #824, #1393, #1553, #1621, #281 ) ) ;
#238 = AXIS2_PLACEMENT_3D ( 'NONE', #608, #46, #884 ) ;
#239 = ORIENTED_EDGE ( 'NONE', *, *, #1473, .T. ) ;
#240 = CARTESIAN_POINT ( 'NONE',  ( -5.300000000000000711, 2.549999999999998490, -4.082598153012568787 ) ) ;
#241 = CARTESIAN_POINT ( 'NONE',  ( 9.999999999999994671, 11.17898364348855900, -4.000000000000000000 ) ) ;
#242 = ADVANCED_FACE ( 'NONE', ( #377 ), #1799, .F. ) ;
#243 = FACE_BOUND ( 'NONE', #1061, .T. ) ;
#244 = DIRECTION ( 'NONE',  ( 1.000000000000000000, 0.000000000000000000, 0.000000000000000000 ) ) ;
#245 = EDGE_CURVE ( 'NONE', #1296, #360, #1118, .T. ) ;
#246 = EDGE_CURVE ( 'NONE', #173, #29, #558, .T. ) ;
#247 = CYLINDRICAL_SURFACE ( 'NONE', #506, 1.100000000000000311 ) ;
#248 = ORIENTED_EDGE ( 'NONE', *, *, #1131, .F. ) ;
#249 = ORIENTED_EDGE ( 'NONE', *, *, #1581, .F. ) ;
#250 = CARTESIAN_POINT ( 'NONE',  ( -3.911186397001049642, 10.99148749660674440, -4.767271063685279309 ) ) ;
#251 = CARTESIAN_POINT ( 'NONE',  ( -5.131699500482581833, 11.99572633790681131, -6.000000000000000000 ) ) ;
#252 = DIRECTION ( 'NONE',  ( -1.000000000000000000, 0.000000000000000000, 0.000000000000000000 ) ) ;
#253 = CARTESIAN_POINT ( 'NONE',  ( 1.058300524425836331, 2.946369841412919133, -6.000000000000000000 ) ) ;
#254 = CARTESIAN_POINT ( 'NONE',  ( 9.999999999999994671, 5.242140715164426368, -4.000000000000000000 ) ) ;
#255 = ADVANCED_FACE ( 'NONE', ( #810 ), #1375, .F. ) ;
#256 = AXIS2_PLACEMENT_3D ( 'NONE', #1691, #829, #1077 ) ;
#257 = EDGE_LOOP ( 'NONE', ( #95, #1801, #458, #1071, #1 ) ) ;
#258 = EDGE_CURVE ( 'NONE', #1040, #170, #499, .T. ) ;
#259 = DIRECTION ( 'NONE',  ( 0.000000000000000000, 0.000000000000000000, 1.000000000000000000 ) ) ;
#260 = CARTESIAN_POINT ( 'NONE',  ( -9.999999999999994671, 5.996002351376557904, -4.000000000000000000 ) ) ;
#261 = CARTESIAN_POINT ( 'NONE',  ( 5.000000000000000888, 15.00000000000000000, 0.7999999999999999334 ) ) ;
#262 = CARTESIAN_POINT ( 'NONE',  ( 1.099925585197704336, 3.954631571893608033, -5.908834483958046668 ) ) ;
#263 = VERTEX_POINT ( 'NONE', #1404 ) ;
#264 = CIRCLE ( 'NONE', #1197, 1.100000000000000311 ) ;
#265 = AXIS2_PLACEMENT_3D ( 'NONE', #655, #813, #82 ) ;
#266 = ORIENTED_EDGE ( 'NONE', *, *, #945, .T. ) ;
#267 = VECTOR ( 'NONE', #361, 1000.000000000000000 ) ;
#268 = CARTESIAN_POINT ( 'NONE',  ( -3.803153476422107548, 10.88884746613257448, -4.986413512215542632 ) ) ;
#269 = EDGE_CURVE ( 'NONE', #597, #1212, #1220, .T. ) ;
#270 = CARTESIAN_POINT ( 'NONE',  ( 5.299999999994586375, 2.735661983095548422, -4.133277165939058584 ) ) ;
#271 = CARTESIAN_POINT ( 'NONE',  ( -9.999999999999994671, 11.17898364348855900, -4.000000000000000000 ) ) ;
#272 = CARTESIAN_POINT ( 'NONE',  ( -6.950000000000006395, 7.999999999999998224, 4.000000000000000000 ) ) ;
#273 = CARTESIAN_POINT ( 'NONE',  ( -8.502851330525956541, 14.29919761328042682, 4.000000000000000000 ) ) ;
#274 = ADVANCED_FACE ( 'NONE', ( #79 ), #107, .F. ) ;
#275 = VERTEX_POINT ( 'NONE', #1396 ) ;
#276 = EDGE_CURVE ( 'NONE', #1012, #579, #100, .T. ) ;
#277 = CARTESIAN_POINT ( 'NONE',  ( -6.049999999999999822, 2.549999999999998490, 4.000000000000000000 ) ) ;
#278 = LINE ( 'NONE', #1117, #1380 ) ;
#279 = CARTESIAN_POINT ( 'NONE',  ( 3.221829655369093715, 10.41962734356861908, -6.699999999999999289 ) ) ;
#280 = CARTESIAN_POINT ( 'NONE',  ( 0.7998498368963949945, 3.928571728827485732, -6.462367855065855871 ) ) ;
#281 = ORIENTED_EDGE ( 'NONE', *, *, #972, .T. ) ;
#282 = ORIENTED_EDGE ( 'NONE', *, *, #1509, .T. ) ;
#283 = EDGE_CURVE ( 'NONE', #160, #450, #1432, .T. ) ;
#284 = CARTESIAN_POINT ( 'NONE',  ( 6.049999999999999822, 2.549999999999998490, -4.000000000000000000 ) ) ;
#285 = CARTESIAN_POINT ( 'NONE',  ( 6.793988405988368839, 2.644769466363825039, -4.000000000000000000 ) ) ;
#286 = SURFACE_STYLE_USAGE ( .BOTH. , #1018 ) ;
#287 = DIRECTION ( 'NONE',  ( 0.5000000000000011102, -0.8660254037844380415, 0.000000000000000000 ) ) ;
#288 = CARTESIAN_POINT ( 'NONE',  ( 0.000000000000000000, 15.00000000000000000, 4.000000000000000000 ) ) ;
#289 = VERTEX_POINT ( 'NONE', #1282 ) ;
#290 = AXIS2_PLACEMENT_3D ( 'NONE', #1463, #165, #749 ) ;
#291 = ADVANCED_FACE ( 'NONE', ( #1580 ), #1565, .F. ) ;
#292 = CIRCLE ( 'NONE', #992, 12.09999999999999964 ) ;
#293 = ORIENTED_EDGE ( 'NONE', *, *, #634, .T. ) ;
#294 = LINE ( 'NONE', #319, #631 ) ;
#295 = CIRCLE ( 'NONE', #47, 0.9500000000000011768 ) ;
#296 = VECTOR ( 'NONE', #733, 999.9999999999998863 ) ;
#297 = CARTESIAN_POINT ( 'NONE',  ( 5.000000000000000888, 15.00000000000000000, 4.000000000000000000 ) ) ;
#298 = CARTESIAN_POINT ( 'NONE',  ( -0.7325834460144799998, 2.921757724713267113, -6.535631584676049322 ) ) ;
#299 = CARTESIAN_POINT ( 'NONE',  ( 3.221829655369093715, 10.41962734356861908, -6.699999999999999289 ) ) ;
#300 = DIRECTION ( 'NONE',  ( 0.000000000000000000, 0.000000000000000000, 1.000000000000000000 ) ) ;
#301 = EDGE_LOOP ( 'NONE', ( #359, #1664, #1584, #1816 ) ) ;
#302 = ORIENTED_EDGE ( 'NONE', *, *, #1480, .T. ) ;
#303 = CARTESIAN_POINT ( 'NONE',  ( -3.099999999999999645, 15.00000000000000000, 0.7999999999999999334 ) ) ;
#304 = CARTESIAN_POINT ( 'NONE',  ( -5.515751031917739411, 2.023617971333519616, -4.000000000000000000 ) ) ;
#305 = CARTESIAN_POINT ( 'NONE',  ( -6.049999999999999822, 2.549999999999998490, -4.000000000000000000 ) ) ;
#306 = CYLINDRICAL_SURFACE ( 'NONE', #1656, 12.09999999999999964 ) ;
#307 = CARTESIAN_POINT ( 'NONE',  ( 0.000000000000000000, 15.00000000000000000, -6.699999999999999289 ) ) ;
#308 = VERTEX_POINT ( 'NONE', #261 ) ;
#309 = ORIENTED_EDGE ( 'NONE', *, *, #598, .F. ) ;
#310 = CARTESIAN_POINT ( 'NONE',  ( 5.300000000000000711, 2.549999999999998490, -4.000000000000000000 ) ) ;
#311 = CARTESIAN_POINT ( 'NONE',  ( -1.031668772538562262, 2.822353430144170172, -5.309600055263844709 ) ) ;
#312 = DIRECTION ( 'NONE',  ( 0.000000000000000000, 0.000000000000000000, 1.000000000000000000 ) ) ;
#313 = EDGE_CURVE ( 'NONE', #1218, #263, #834, .T. ) ;
#314 = DIRECTION ( 'NONE',  ( 1.000000000000000000, 0.000000000000000000, 0.000000000000000000 ) ) ;
#315 = DIRECTION ( 'NONE',  ( 0.000000000000000000, -0.000000000000000000, 1.000000000000000000 ) ) ;
#316 = ORIENTED_EDGE ( 'NONE', *, *, #1241, .F. ) ;
#317 = VECTOR ( 'NONE', #1617, 1000.000000000000000 ) ;
#318 = ORIENTED_EDGE ( 'NONE', *, *, #378, .F. ) ;
#319 = CARTESIAN_POINT ( 'NONE',  ( 5.050000000000004263, 7.999999999999998224, -4.000000000000000000 ) ) ;
#320 = AXIS2_PLACEMENT_3D ( 'NONE', #376, #522, #934 ) ;
#321 = DIRECTION ( 'NONE',  ( 1.000000000000000000, 0.000000000000000000, 0.000000000000000000 ) ) ;
#322 = AXIS2_PLACEMENT_3D ( 'NONE', #1821, #1493, #363 ) ;
#323 = FACE_OUTER_BOUND ( 'NONE', #1722, .T. ) ;
#324 = AXIS2_PLACEMENT_3D ( 'NONE', #750, #757, #448 ) ;
#325 = DIRECTION ( 'NONE',  ( -1.000000000000000000, 0.000000000000000000, 0.000000000000000000 ) ) ;
#326 = DIRECTION ( 'NONE',  ( -0.000000000000000000, -0.000000000000000000, -1.000000000000000000 ) ) ;
#327 = ORIENTED_EDGE ( 'NONE', *, *, #59, .F. ) ;
#328 = VERTEX_POINT ( 'NONE', #1717 ) ;
#329 = CARTESIAN_POINT ( 'NONE',  ( -5.641798307384089384, 3.186491527519582423, -4.273057077462273590 ) ) ;
#330 = B_SPLINE_CURVE_WITH_KNOTS ( 'NONE', 3,
 ( #1551, #254, #830, #108 ),
 .UNSPECIFIED., .F., .F.,
 ( 4, 4 ),
 ( 0.000000000000000000, 0.0005461848163199836291 ),
 .UNSPECIFIED. ) ;
#331 = LINE ( 'NONE', #1085, #164 ) ;
#332 = CARTESIAN_POINT ( 'NONE',  ( 0.000000000000000000, 15.00000000000000000, -0.7999999999999999334 ) ) ;
#333 = DIRECTION ( 'NONE',  ( 0.000000000000000000, -1.000000000000000000, 0.000000000000000000 ) ) ;
#334 = ORIENTED_EDGE ( 'NONE', *, *, #171, .F. ) ;
#335 = ADVANCED_FACE ( 'NONE', ( #1147 ), #1557, .T. ) ;
#336 = ORIENTED_EDGE ( 'NONE', *, *, #1041, .F. ) ;
#337 = CARTESIAN_POINT ( 'NONE',  ( -6.656969968548200889, 3.000815009190028082, -4.033654507968049252 ) ) ;
#338 = VERTEX_POINT ( 'NONE', #1573 ) ;
#339 = CARTESIAN_POINT ( 'NONE',  ( -5.000000000000000888, 15.00000000000000000, -0.7999999999999999334 ) ) ;
#340 = CARTESIAN_POINT ( 'NONE',  ( 3.589027234532540245, 10.59340794011246167, -6.985364425755256512 ) ) ;
#341 = DIRECTION ( 'NONE',  ( 1.000000000000000000, 0.000000000000000000, 0.000000000000000000 ) ) ;
#342 = SHAPE_DEFINITION_REPRESENTATION ( #593, #973 ) ;
#343 = CARTESIAN_POINT ( 'NONE',  ( -5.111012519999514225, 18.14285714285712103, 4.000000000000000000 ) ) ;
#344 = ORIENTED_EDGE ( 'NONE', *, *, #283, .T. ) ;
#345 = EDGE_CURVE ( 'NONE', #61, #1166, #1138, .T. ) ;
#346 = EDGE_LOOP ( 'NONE', ( #535, #111, #1762, #443 ) ) ;
#347 = LINE ( 'NONE', #1794, #897 ) ;
#348 = EDGE_CURVE ( 'NONE', #1218, #898, #687, .T. ) ;
#349 = ORIENTED_EDGE ( 'NONE', *, *, #1745, .F. ) ;
#350 = CARTESIAN_POINT ( 'NONE',  ( 0.000000000000000000, 15.00000000000000000, 0.7999999999999999334 ) ) ;
#351 = CARTESIAN_POINT ( 'NONE',  ( -0.6501872818137142129, 3.917393970482307086, -6.612046756519105450 ) ) ;
#352 = AXIS2_PLACEMENT_3D ( 'NONE', #251, #232, #1405 ) ;
#353 = VECTOR ( 'NONE', #498, 1000.000000000000000 ) ;
#354 = DIRECTION ( 'NONE',  ( 0.000000000000000000, 0.000000000000000000, -1.000000000000000000 ) ) ;
#355 = DIRECTION ( 'NONE',  ( -1.000000000000000000, 0.000000000000000000, 0.000000000000000000 ) ) ;
#356 = AXIS2_PLACEMENT_3D ( 'NONE', #532, #92, #355 ) ;
#357 = AXIS2_PLACEMENT_3D ( 'NONE', #393, #1713, #1547 ) ;
#358 = CIRCLE ( 'NONE', #604, 14.99999999999998046 ) ;
#359 = ORIENTED_EDGE ( 'NONE', *, *, #1399, .T. ) ;
#360 = VERTEX_POINT ( 'NONE', #1009 ) ;
#361 = DIRECTION ( 'NONE',  ( 0.000000000000000000, 0.000000000000000000, 1.000000000000000000 ) ) ;
#362 = EDGE_LOOP ( 'NONE', ( #1369, #500, #1311, #1837 ) ) ;
#363 = DIRECTION ( 'NONE',  ( 1.000000000000000000, 0.000000000000000000, 0.000000000000000000 ) ) ;
#364 = CARTESIAN_POINT ( 'NONE',  ( -1.038062852715180950, 3.948067102446641830, -5.280609867987156036 ) ) ;
#365 = UNCERTAINTY_MEASURE_WITH_UNIT (LENGTH_MEASURE( 1.000000000000000082E-05 ), #45, 'distance_accuracy_value', 'NONE');
#366 = PLANE ( 'NONE',  #663 ) ;
#367 = CARTESIAN_POINT ( 'NONE',  ( 0.000000000000000000, 5.000000000000000888, -4.699999999999999289 ) ) ;
#368 = ORIENTED_EDGE ( 'NONE', *, *, #1276, .F. ) ;
#369 = DIRECTION ( 'NONE',  ( -1.000000000000000000, 0.000000000000000000, 0.000000000000000000 ) ) ;
#370 = VERTEX_POINT ( 'NONE', #993 ) ;
#371 = CARTESIAN_POINT ( 'NONE',  ( 0.000000000000000000, 15.00000000000000000, -4.000000000000000000 ) ) ;
#372 = MANIFOLD_SOLID_BREP ( '切除-拉伸4', #776 ) ;
#373 = EDGE_LOOP ( 'NONE', ( #638, #804, #974, #1142 ) ) ;
#374 = DIRECTION ( 'NONE',  ( -0.000000000000000000, -0.000000000000000000, 1.000000000000000000 ) ) ;
#375 = DIRECTION ( 'NONE',  ( -0.000000000000000000, 0.000000000000000000, -1.000000000000000000 ) ) ;
#376 = CARTESIAN_POINT ( 'NONE',  ( 1.836970198721033385E-16, 5.000000000000000000, -5.699999999999999289 ) ) ;
#377 = FACE_OUTER_BOUND ( 'NONE', #73, .T. ) ;
#378 = EDGE_CURVE ( 'NONE', #1522, #439, #1435, .T. ) ;
#379 = ORIENTED_EDGE ( 'NONE', *, *, #1208, .F. ) ;
#380 = DIRECTION ( 'NONE',  ( -1.000000000000000000, 0.000000000000000000, 0.000000000000000000 ) ) ;
#381 = ORIENTED_EDGE ( 'NONE', *, *, #1620, .F. ) ;
#382 = CARTESIAN_POINT ( 'NONE',  ( 0.6501872818137145460, 3.917393970482307086, -4.787953243480892240 ) ) ;
#383 = VERTEX_POINT ( 'NONE', #1864 ) ;
#384 = DIRECTION ( 'NONE',  ( 1.000000000000000000, -0.000000000000000000, 0.000000000000000000 ) ) ;
#385 = FACE_OUTER_BOUND ( 'NONE', #1376, .T. ) ;
#386 = EDGE_CURVE ( 'NONE', #1772, #289, #1624, .T. ) ;
#387 = CARTESIAN_POINT ( 'NONE',  ( 9.999999999999994671, 0.000000000000000000, -4.000000000000000000 ) ) ;
#388 = AXIS2_PLACEMENT_3D ( 'NONE', #405, #843, #1707 ) ;
#389 = CARTESIAN_POINT ( 'NONE',  ( 1.014681302960558806, 2.942540103454774680, -6.153874149839165142 ) ) ;
#390 = DIRECTION ( 'NONE',  ( 1.000000000000000000, 0.000000000000000000, 0.000000000000000000 ) ) ;
#391 = AXIS2_PLACEMENT_3D ( 'NONE', #191, #1064, #1483 ) ;
#392 = ORIENTED_EDGE ( 'NONE', *, *, #563, .T. ) ;
#393 = CARTESIAN_POINT ( 'NONE',  ( -17.88854381999829712, 25.99999999999997513, -4.000000000000000000 ) ) ;
#394 = CARTESIAN_POINT ( 'NONE',  ( 6.031327667784382933E-16, 2.328285685708569197, -4.599999999999998757 ) ) ;
#395 = AXIS2_PLACEMENT_3D ( 'NONE', #1098, #1240, #1260 ) ;
#396 = CARTESIAN_POINT ( 'NONE',  ( -0.3830222215594887847, 14.67860619515673015, -6.699999999999999289 ) ) ;
#397 = CARTESIAN_POINT ( 'NONE',  ( -6.049999999999999822, 2.549999999999998490, -4.000000000000000000 ) ) ;
#398 = EDGE_CURVE ( 'NONE', #1721, #1730, #925, .T. ) ;
#399 = CARTESIAN_POINT ( 'NONE',  ( 0.000000000000000000, 15.00000000000000000, -4.000000000000000000 ) ) ;
#400 = EDGE_LOOP ( 'NONE', ( #1013, #647, #654, #309, #1869, #1104 ) ) ;
#401 = EDGE_CURVE ( 'NONE', #887, #1450, #411, .T. ) ;
#402 = EDGE_LOOP ( 'NONE', ( #1347, #697, #1808, #1073, #1763, #940, #1246 ) ) ;
#403 = CARTESIAN_POINT ( 'NONE',  ( 7.956554105462877877E-14, 2.910102051443364424, -6.799999999999999822 ) ) ;
#404 = PLANE ( 'NONE',  #1500 ) ;
#405 = CARTESIAN_POINT ( 'NONE',  ( 0.000000000000000000, 15.00000000000000000, -4.000000000000000000 ) ) ;
#406 = EDGE_LOOP ( 'NONE', ( #924, #728, #248, #1084 ) ) ;
#407 = EDGE_CURVE ( 'NONE', #1309, #1526, #78, .T. ) ;
#408 = ORIENTED_EDGE ( 'NONE', *, *, #1473, .F. ) ;
#409 = CARTESIAN_POINT ( 'NONE',  ( -3.599610614244627360, 10.71015111853373014, -6.000000000000000000 ) ) ;
#410 = DIRECTION ( 'NONE',  ( 0.000000000000000000, 0.000000000000000000, 1.000000000000000000 ) ) ;
#411 = LINE ( 'NONE', #1453, #229 ) ;
#412 = AXIS2_PLACEMENT_3D ( 'NONE', #1205, #1780, #25 ) ;
#413 = CARTESIAN_POINT ( 'NONE',  ( -7.777730077207142934, 5.730862238260380437, -5.863913802012815424 ) ) ;
#414 = DIRECTION ( 'NONE',  ( -1.000000000000000000, 0.000000000000000000, -0.000000000000000000 ) ) ;
#415 = CIRCLE ( 'NONE', #320, 1.100000000000000311 ) ;
#416 = CIRCLE ( 'NONE', #1536, 0.7499999999999988898 ) ;
#417 = VERTEX_POINT ( 'NONE', #1065 ) ;
#418 = AXIS2_PLACEMENT_3D ( 'NONE', #955, #1097, #1356 ) ;
#419 = CARTESIAN_POINT ( 'NONE',  ( -4.829267835893432448, 12.16167599398542265, -4.000000000000000000 ) ) ;
#420 = CARTESIAN_POINT ( 'NONE',  ( -6.049999999999999822, 2.549999999999998490, -4.000000000000000000 ) ) ;
#421 = DIRECTION ( 'NONE',  ( -0.000000000000000000, -0.000000000000000000, 1.000000000000000000 ) ) ;
#422 = EDGE_CURVE ( 'NONE', #1429, #160, #1295, .T. ) ;
#423 = CARTESIAN_POINT ( 'NONE',  ( -17.88854381999829712, 25.99999999999997513, -4.000000000000000000 ) ) ;
#424 = VERTEX_POINT ( 'NONE', #16 ) ;
#425 = VERTEX_POINT ( 'NONE', #1184 ) ;
#426 = ORIENTED_EDGE ( 'NONE', *, *, #1036, .F. ) ;
#427 = CARTESIAN_POINT ( 'NONE',  ( 7.748997961724793271, 5.733355922952191541, -6.859300176586611286 ) ) ;
#428 = CARTESIAN_POINT ( 'NONE',  ( 6.781654881770289300, 2.741593890677886947, -4.000000000000001776 ) ) ;
#429 = CYLINDRICAL_SURFACE ( 'NONE', #933, 3.999999999999988898 ) ;
#430 = FACE_OUTER_BOUND ( 'NONE', #38, .T. ) ;
#431 = ADVANCED_FACE ( 'NONE', ( #621 ), #1030, .F. ) ;
#432 = VERTEX_POINT ( 'NONE', #1163 ) ;
#433 = ORIENTED_EDGE ( 'NONE', *, *, #906, .T. ) ;
#434 = CARTESIAN_POINT ( 'NONE',  ( 7.777730077207138493, 5.730862238260375996, -6.781287344330818811 ) ) ;
#435 = CARTESIAN_POINT ( 'NONE',  ( 6.000000000000005329, 7.999999999999998224, 4.000000000000000000 ) ) ;
#436 = CARTESIAN_POINT ( 'NONE',  ( 0.1571860006516012653, 2.910102051443363091, -6.799999999999988276 ) ) ;
#437 = EDGE_CURVE ( 'NONE', #1489, #696, #1872, .T. ) ;
#438 = CARTESIAN_POINT ( 'NONE',  ( 5.000000000000000888, 15.00000000000000000, -4.000000000000000000 ) ) ;
#439 = VERTEX_POINT ( 'NONE', #484 ) ;
#440 = EDGE_LOOP ( 'NONE', ( #1255, #336, #187, #1736, #1755 ) ) ;
#441 = STYLED_ITEM ( 'NONE', ( #1125 ), #372 ) ;
#442 = AXIS2_PLACEMENT_3D ( 'NONE', #1669, #354, #77 ) ;
#443 = ORIENTED_EDGE ( 'NONE', *, *, #1245, .F. ) ;
#444 = CARTESIAN_POINT ( 'NONE',  ( 8.061077448597025352, 5.707182531581785234, -5.115505856590632838 ) ) ;
#445 = AXIS2_PLACEMENT_3D ( 'NONE', #1504, #1054, #1370 ) ;
#446 = DIRECTION ( 'NONE',  ( 1.000000000000000000, 0.000000000000000000, 0.000000000000000000 ) ) ;
#447 = DIRECTION ( 'NONE',  ( 0.000000000000000000, 0.000000000000000000, 1.000000000000000000 ) ) ;
#448 = DIRECTION ( 'NONE',  ( -1.000000000000000000, 0.000000000000000000, 0.000000000000000000 ) ) ;
#449 = FACE_OUTER_BOUND ( 'NONE', #400, .T. ) ;
#450 = VERTEX_POINT ( 'NONE', #910 ) ;
#451 = ORIENTED_EDGE ( 'NONE', *, *, #581, .T. ) ;
#452 = DIRECTION ( 'NONE',  ( -1.000000000000000000, 0.000000000000000000, 0.000000000000000000 ) ) ;
#453 = DIRECTION ( 'NONE',  ( 0.8660254037844379305, -0.5000000000000014433, 0.000000000000000000 ) ) ;
#454 = FACE_OUTER_BOUND ( 'NONE', #1673, .T. ) ;
#455 = CARTESIAN_POINT ( 'NONE',  ( 1.106847395449239269, 2.950632223648590902, -5.828742736455663653 ) ) ;
#456 = ORIENTED_EDGE ( 'NONE', *, *, #1436, .F. ) ;
#457 = EDGE_CURVE ( 'NONE', #1570, #425, #1543, .T. ) ;
#458 = ORIENTED_EDGE ( 'NONE', *, *, #283, .F. ) ;
#459 = FACE_OUTER_BOUND ( 'NONE', #1199, .T. ) ;
#460 =( BOUNDED_CURVE ( )  B_SPLINE_CURVE ( 3, ( #1008, #260, #833, #538 ),
 .UNSPECIFIED., .F., .T. ) 
 B_SPLINE_CURVE_WITH_KNOTS ( ( 4, 4 ),
 ( 4.712388980384689674, 4.902920756974699756 ),
 .UNSPECIFIED. ) 
 CURVE ( )  GEOMETRIC_REPRESENTATION_ITEM ( )  RATIONAL_B_SPLINE_CURVE ( ( 1.000000000000000000, 0.9969770907705345353, 0.9969770907705345353, 1.000000000000000000 ) ) 
 REPRESENTATION_ITEM ( '' )  );
#461 = DIRECTION ( 'NONE',  ( 1.000000000000000000, 0.000000000000000000, -0.000000000000000000 ) ) ;
#462 = CARTESIAN_POINT ( 'NONE',  ( 3.583302963787174722, 10.53346747847771603, -7.037932358672272848 ) ) ;
#463 = ADVANCED_FACE ( 'NONE', ( #454 ), #184, .F. ) ;
#464 = CARTESIAN_POINT ( 'NONE',  ( -0.4582575694955839385, 5.000000000000000000, -6.699999999999999289 ) ) ;
#465 = ORIENTED_EDGE ( 'NONE', *, *, #398, .T. ) ;
#466 = VECTOR ( 'NONE', #1540, 1000.000000000000000 ) ;
#467 = ORIENTED_EDGE ( 'NONE', *, *, #656, .F. ) ;
#468 = CARTESIAN_POINT ( 'NONE',  ( 8.502851330525960094, 14.29919761328043215, -4.000000000000000000 ) ) ;
#469 = AXIS2_PLACEMENT_3D ( 'NONE', #613, #1183, #321 ) ;
#470 = EDGE_CURVE ( 'NONE', #1416, #798, #1045, .T. ) ;
#471 = CARTESIAN_POINT ( 'NONE',  ( 0.000000000000000000, 15.00000000000000000, -4.699999999999999289 ) ) ;
#472 = AXIS2_PLACEMENT_3D ( 'NONE', #1787, #1796, #75 ) ;
#473 = LINE ( 'NONE', #1333, #317 ) ;
#474 = UNCERTAINTY_MEASURE_WITH_UNIT (LENGTH_MEASURE( 1.000000000000000082E-05 ), #1411, 'distance_accuracy_value', 'NONE');
#475 = AXIS2_PLACEMENT_3D ( 'NONE', #1636, #447, #149 ) ;
#476 = CARTESIAN_POINT ( 'NONE',  ( -3.221829655369094603, 10.41962734356861908, -4.699999999999999289 ) ) ;
#477 = DIRECTION ( 'NONE',  ( -1.000000000000000000, 0.000000000000000000, 0.000000000000000000 ) ) ;
#478 = ORIENTED_EDGE ( 'NONE', *, *, #1182, .F. ) ;
#479 = AXIS2_PLACEMENT_3D ( 'NONE', #758, #740, #1497 ) ;
#480 = EDGE_LOOP ( 'NONE', ( #618, #639, #919, #492 ) ) ;
#481 = LINE ( 'NONE', #1348, #267 ) ;
#482 = VERTEX_POINT ( 'NONE', #1307 ) ;
#483 = DIRECTION ( 'NONE',  ( 1.000000000000000000, 0.000000000000000000, 0.000000000000000000 ) ) ;
#484 = CARTESIAN_POINT ( 'NONE',  ( -9.999999999999994671, 6.193911727778766085, -4.000000000000000000 ) ) ;
#485 = EDGE_CURVE ( 'NONE', #424, #1512, #473, .T. ) ;
#486 = DIRECTION ( 'NONE',  ( -1.000000000000000000, 0.000000000000000000, 0.000000000000000000 ) ) ;
#487 = DIRECTION ( 'NONE',  ( -0.000000000000000000, -0.000000000000000000, 1.000000000000000000 ) ) ;
#488 = CARTESIAN_POINT ( 'NONE',  ( 0.4582575694955842716, 5.000000000000000000, -4.699999999999999289 ) ) ;
#489 = VERTEX_POINT ( 'NONE', #1599 ) ;
#490 = ADVANCED_FACE ( 'NONE', ( #323 ), #176, .F. ) ;
#491 = B_SPLINE_CURVE_WITH_KNOTS ( 'NONE', 3,
 ( #1385, #183, #941, #1517, #214, #794, #89, #1249 ),
 .UNSPECIFIED., .F., .F.,
 ( 4, 2, 2, 4 ),
 ( -4.474225839614084173E-06, 0.0004753079634166774980, 0.0007151990580448222253, 0.0009550901526729670609 ),
 .UNSPECIFIED. ) ;
#492 = ORIENTED_EDGE ( 'NONE', *, *, #1811, .T. ) ;
#493 = CYLINDRICAL_SURFACE ( 'NONE', #445, 5.599999999999997868 ) ;
#494 = VECTOR ( 'NONE', #1550, 1000.000000000000000 ) ;
#495 = ORIENTED_EDGE ( 'NONE', *, *, #846, .F. ) ;
#496 = CARTESIAN_POINT ( 'NONE',  ( 8.502851330525960094, 14.29919761328043215, -4.000000000000000000 ) ) ;
#497 = DIRECTION ( 'NONE',  ( -1.000000000000000000, 0.000000000000000000, 0.000000000000000000 ) ) ;
#498 = DIRECTION ( 'NONE',  ( -0.000000000000000000, -0.000000000000000000, 1.000000000000000000 ) ) ;
#499 = LINE ( 'NONE', #367, #589 ) ;
#500 = ORIENTED_EDGE ( 'NONE', *, *, #1250, .F. ) ;
#501 = ORIENTED_EDGE ( 'NONE', *, *, #171, .T. ) ;
#502 = DIRECTION ( 'NONE',  ( 0.000000000000000000, 0.000000000000000000, -1.000000000000000000 ) ) ;
#503 = ORIENTED_EDGE ( 'NONE', *, *, #581, .F. ) ;
#504 = DIRECTION ( 'NONE',  ( -1.000000000000000000, 0.000000000000000000, 0.000000000000000000 ) ) ;
#505 = CARTESIAN_POINT ( 'NONE',  ( -7.777730077207142934, 5.730862238260378660, -6.699999999999999289 ) ) ;
#506 = AXIS2_PLACEMENT_3D ( 'NONE', #822, #1397, #101 ) ;
#507 = VECTOR ( 'NONE', #1544, 1000.000000000000000 ) ;
#508 = DIRECTION ( 'NONE',  ( 0.000000000000000000, 1.000000000000000000, 0.000000000000000000 ) ) ;
#509 = CARTESIAN_POINT ( 'NONE',  ( -3.221829655369094603, 10.41962734356861908, -6.699999999999999289 ) ) ;
#510 = AXIS2_PLACEMENT_3D ( 'NONE', #284, #1739, #1586 ) ;
#511 = VECTOR ( 'NONE', #845, 1000.000000000000114 ) ;
#512 = STYLED_ITEM ( 'NONE', ( #1177 ), #973 ) ;
#513 = VERTEX_POINT ( 'NONE', #881 ) ;
#514 = CARTESIAN_POINT ( 'NONE',  ( -9.999999999999994671, 5.059678073623564920, -4.000000000000000000 ) ) ;
#515 = ORIENTED_EDGE ( 'NONE', *, *, #689, .T. ) ;
#516 = CIRCLE ( 'NONE', #172, 0.9500000000000011768 ) ;
#517 = FACE_OUTER_BOUND ( 'NONE', #625, .T. ) ;
#518 = ORIENTED_EDGE ( 'NONE', *, *, #990, .F. ) ;
#519 = LINE ( 'NONE', #1527, #1838 ) ;
#520 = ADVANCED_FACE ( 'NONE', ( #157 ), #109, .F. ) ;
#521 = CARTESIAN_POINT ( 'NONE',  ( -0.5542234983397383852, 3.913428776359464401, -4.743977113306508286 ) ) ;
#522 = DIRECTION ( 'NONE',  ( 0.000000000000000000, 1.000000000000000000, 0.000000000000000000 ) ) ;
#523 = CARTESIAN_POINT ( 'NONE',  ( 5.515751031917739411, 2.023617971333519616, -4.000000000000000000 ) ) ;
#524 = ORIENTED_EDGE ( 'NONE', *, *, #1402, .F. ) ;
#525 = DIRECTION ( 'NONE',  ( 0.000000000000000000, 0.000000000000000000, 1.000000000000000000 ) ) ;
#526 = ORIENTED_EDGE ( 'NONE', *, *, #31, .T. ) ;
#527 = PLANE ( 'NONE',  #114 ) ;
#528 = ORIENTED_EDGE ( 'NONE', *, *, #1844, .T. ) ;
#529 = DIRECTION ( 'NONE',  ( 0.000000000000000000, 0.000000000000000000, 1.000000000000000000 ) ) ;
#530 = LINE ( 'NONE', #241, #713 ) ;
#531 = DIRECTION ( 'NONE',  ( 0.000000000000000000, 0.000000000000000000, 1.000000000000000000 ) ) ;
#532 = CARTESIAN_POINT ( 'NONE',  ( 0.000000000000000000, 15.00000000000000000, -6.699999999999999289 ) ) ;
#533 = DIRECTION ( 'NONE',  ( 0.000000000000000000, 1.000000000000000000, 0.000000000000000000 ) ) ;
#534 = EDGE_CURVE ( 'NONE', #1666, #22, #1539, .T. ) ;
#535 = ORIENTED_EDGE ( 'NONE', *, *, #457, .F. ) ;
#536 = DIRECTION ( 'NONE',  ( 0.000000000000000000, 0.000000000000000000, 1.000000000000000000 ) ) ;
#537 = FACE_OUTER_BOUND ( 'NONE', #1783, .T. ) ;
#538 = CARTESIAN_POINT ( 'NONE',  ( -9.999999999999994671, 5.604662425962229300, -4.036192668931699146 ) ) ;
#539 = AXIS2_PLACEMENT_3D ( 'NONE', #305, #312, #1037 ) ;
#540 = CARTESIAN_POINT ( 'NONE',  ( 0.5309338035258553967, 2.911435208510752215, -6.666695565633196097 ) ) ;
#541 = CIRCLE ( 'NONE', #771, 0.7499999999999988898 ) ;
#542 = CYLINDRICAL_SURFACE ( 'NONE', #265, 1.100000000000000311 ) ;
#543 = CIRCLE ( 'NONE', #746, 5.000000000000000888 ) ;
#544 = AXIS2_PLACEMENT_3D ( 'NONE', #1760, #1601, #325 ) ;
#545 = VERTEX_POINT ( 'NONE', #764 ) ;
#546 = ORIENTED_EDGE ( 'NONE', *, *, #1811, .F. ) ;
#547 = LINE ( 'NONE', #1860, #112 ) ;
#548 = DIRECTION ( 'NONE',  ( -0.7660444431189774583, -0.6427876096865400291, 0.000000000000000000 ) ) ;
#549 = CARTESIAN_POINT ( 'NONE',  ( 1.836970198721033385E-16, 5.000000000000000000, -5.699999999999999289 ) ) ;
#550 = ADVANCED_FACE ( 'NONE', ( #41 ), #890, .F. ) ;
#551 = CARTESIAN_POINT ( 'NONE',  ( 3.099999999999999645, 15.00000000000000000, 0.7999999999999999334 ) ) ;
#552 = ADVANCED_FACE ( 'NONE', ( #537 ), #1810, .T. ) ;
#553 = ORIENTED_EDGE ( 'NONE', *, *, #1620, .T. ) ;
#554 = LINE ( 'NONE', #963, #1467 ) ;
#555 = EDGE_CURVE ( 'NONE', #1210, #370, #1767, .T. ) ;
#556 = CARTESIAN_POINT ( 'NONE',  ( 0.000000000000000000, 15.00000000000000000, -4.000000000000000000 ) ) ;
#557 = CARTESIAN_POINT ( 'NONE',  ( -0.8867581390589116541, 2.932427180899743746, -6.355667343615229115 ) ) ;
#558 = CIRCLE ( 'NONE', #683, 14.99999999999998046 ) ;
#559 = CARTESIAN_POINT ( 'NONE',  ( -6.000000000000005329, 11.17898364348855900, -4.000000000000000000 ) ) ;
#560 = ORIENTED_EDGE ( 'NONE', *, *, #348, .F. ) ;
#561 = ORIENTED_EDGE ( 'NONE', *, *, #1271, .F. ) ;
#562 = CARTESIAN_POINT ( 'NONE',  ( -3.599610614244627804, 10.71015111853373192, -5.866136686794878763 ) ) ;
#563 = EDGE_CURVE ( 'NONE', #1818, #425, #131, .T. ) ;
#564 = CARTESIAN_POINT ( 'NONE',  ( 5.560375903012189980, 3.125828727164326803, -4.260981311787032766 ) ) ;
#565 = CARTESIAN_POINT ( 'NONE',  ( 7.956554105462877877E-14, 2.910102051443364424, -6.799999999999999822 ) ) ;
#566 = AXIS2_PLACEMENT_3D ( 'NONE', #953, #644, #1258 ) ;
#567 = CARTESIAN_POINT ( 'NONE',  ( 1.836970198721033385E-16, 5.000000000000000000, -5.699999999999999289 ) ) ;
#568 = ORIENTED_EDGE ( 'NONE', *, *, #1291, .F. ) ;
#569 = CIRCLE ( 'NONE', #1289, 5.000000000000000888 ) ;
#570 = VECTOR ( 'NONE', #888, 1000.000000000000114 ) ;
#571 = VERTEX_POINT ( 'NONE', #819 ) ;
#572 = CARTESIAN_POINT ( 'NONE',  ( 9.100718878471834472, 5.639744178406277619, -4.291628238848071319 ) ) ;
#573 = EDGE_CURVE ( 'NONE', #1173, #275, #768, .T. ) ;
#574 = CARTESIAN_POINT ( 'NONE',  ( 6.750108984934258594, 2.835258878925664305, -4.006540501265528853 ) ) ;
#575 = CARTESIAN_POINT ( 'NONE',  ( 6.000000000000005329, 11.17898364348855900, -4.000000000000000000 ) ) ;
#576 = ORIENTED_EDGE ( 'NONE', *, *, #1833, .T. ) ;
#577 = EDGE_CURVE ( 'NONE', #1050, #1559, #68, .T. ) ;
#578 = ORIENTED_EDGE ( 'NONE', *, *, #1241, .T. ) ;
#579 = VERTEX_POINT ( 'NONE', #394 ) ;
#580 = CARTESIAN_POINT ( 'NONE',  ( 7.777730077207138493, 5.730862238260377772, -5.727965471041468248 ) ) ;
#581 = EDGE_CURVE ( 'NONE', #741, #383, #1835, .T. ) ;
#582 = DIRECTION ( 'NONE',  ( -1.000000000000000000, 0.000000000000000000, 0.000000000000000000 ) ) ;
#583 = CARTESIAN_POINT ( 'NONE',  ( -1.058300524425835887, 2.946369841412919133, -6.000000000000000000 ) ) ;
#584 = B_SPLINE_CURVE_WITH_KNOTS ( 'NONE', 3,
 ( #1846, #270, #1853, #564, #1136, #1572, #849, #1425, #127, #712, #1288, #574, #428, #285 ),
 .UNSPECIFIED., .F., .F.,
 ( 4, 2, 2, 2, 2, 2, 4 ),
 ( 0.0005881609167586407958, 0.001164633696897646566, 0.001452870086967148529, 0.001741106477036650710, 0.002317579257175654637, 0.002605815647245156817, 0.002894052037314658998 ),
 .UNSPECIFIED. ) ;
#585 = CARTESIAN_POINT ( 'NONE',  ( 5.111012519999520443, 18.14285714285712103, 4.000000000000000000 ) ) ;
#586 = DIRECTION ( 'NONE',  ( 0.000000000000000000, 0.000000000000000000, 1.000000000000000000 ) ) ;
#587 = EDGE_CURVE ( 'NONE', #545, #1392, #775, .T. ) ;
#588 = EDGE_LOOP ( 'NONE', ( #1209, #1236, #976, #515 ) ) ;
#589 = VECTOR ( 'NONE', #797, 1000.000000000000000 ) ;
#590 = ORIENTED_EDGE ( 'NONE', *, *, #1046, .F. ) ;
#591 = DIRECTION ( 'NONE',  ( -0.000000000000000000, -0.000000000000000000, 1.000000000000000000 ) ) ;
#592 = ADVANCED_FACE ( 'NONE', ( #651 ), #55, .F. ) ;
#593 = PRODUCT_DEFINITION_SHAPE ( 'NONE', 'NONE',  #1001 ) ;
#594 = CARTESIAN_POINT ( 'NONE',  ( -0.1811989615423460764, 2.328285685708568753, -4.599999999999999645 ) ) ;
#595 = DIRECTION ( 'NONE',  ( -1.000000000000000000, 0.000000000000000000, 0.000000000000000000 ) ) ;
#596 = VERTEX_POINT ( 'NONE', #964 ) ;
#597 = VERTEX_POINT ( 'NONE', #1387 ) ;
#598 = EDGE_CURVE ( 'NONE', #887, #545, #1202, .T. ) ;
#599 = AXIS2_PLACEMENT_3D ( 'NONE', #1757, #1873, #461 ) ;
#600 = ORIENTED_EDGE ( 'NONE', *, *, #1747, .F. ) ;
#601 = CARTESIAN_POINT ( 'NONE',  ( 7.593227102399163542, 5.747438351197406092, -7.042956111195015190 ) ) ;
#602 = AXIS2_PLACEMENT_3D ( 'NONE', #665, #1390, #1542 ) ;
#603 = CIRCLE ( 'NONE', #17, 14.09999999999999964 ) ;
#604 = AXIS2_PLACEMENT_3D ( 'NONE', #423, #1734, #913 ) ;
#605 = FACE_BOUND ( 'NONE', #759, .T. ) ;
#606 = CARTESIAN_POINT ( 'NONE',  ( -9.999999999999994671, 5.059678073623564920, -4.000000000000000000 ) ) ;
#607 = FILL_AREA_STYLE ('',( #1165 ) ) ;
#608 = CARTESIAN_POINT ( 'NONE',  ( 0.000000000000000000, 15.00000000000000000, -0.7999999999999999334 ) ) ;
#609 = ORIENTED_EDGE ( 'NONE', *, *, #689, .F. ) ;
#610 = ORIENTED_EDGE ( 'NONE', *, *, #386, .F. ) ;
#611 = DIRECTION ( 'NONE',  ( -0.000000000000000000, -0.000000000000000000, 1.000000000000000000 ) ) ;
#612 = EDGE_CURVE ( 'NONE', #1492, #1381, #1508, .T. ) ;
#613 = CARTESIAN_POINT ( 'NONE',  ( -6.000000000000005329, 11.17898364348855900, -4.000000000000000000 ) ) ;
#614 = CARTESIAN_POINT ( 'NONE',  ( 3.524788121422265164, 10.02145917973142630, -7.200000000000000178 ) ) ;
#615 = CARTESIAN_POINT ( 'NONE',  ( -6.000000000000005329, 7.999999999999998224, 4.000000000000000000 ) ) ;
#616 = ORIENTED_EDGE ( 'NONE', *, *, #727, .T. ) ;
#617 = B_SPLINE_CURVE_WITH_KNOTS ( 'NONE', 3,
 ( #158, #1477, #624, #178, #1457, #1328, #1194, #1639 ),
 .UNSPECIFIED., .F., .F.,
 ( 4, 2, 2, 4 ),
 ( 0.000000000000000000, 0.0002344504345644780505, 0.0004689008691289561011, 0.0009378017382579078654 ),
 .UNSPECIFIED. ) ;
#618 = ORIENTED_EDGE ( 'NONE', *, *, #1745, .T. ) ;
#619 = PLANE ( 'NONE',  #1501 ) ;
#620 = CARTESIAN_POINT ( 'NONE',  ( -3.216588392685139741, 10.38875731369046029, -7.200000000000000178 ) ) ;
#621 = FACE_OUTER_BOUND ( 'NONE', #1032, .T. ) ;
#622 = CARTESIAN_POINT ( 'NONE',  ( -6.049999999999999822, 2.549999999999998490, -4.000000000000000000 ) ) ;
#623 = EDGE_CURVE ( 'NONE', #1450, #1166, #1533, .T. ) ;
#624 = CARTESIAN_POINT ( 'NONE',  ( -3.597241013273757559, 10.68262350112554770, -6.855971506161086637 ) ) ;
#625 = EDGE_LOOP ( 'NONE', ( #1025, #1675, #1367, #408 ) ) ;
#626 = AXIS2_PLACEMENT_3D ( 'NONE', #549, #1446, #139 ) ;
#627 = ORIENTED_EDGE ( 'NONE', *, *, #1014, .F. ) ;
#628 = FACE_OUTER_BOUND ( 'NONE', #60, .T. ) ;
#629 = AXIS2_PLACEMENT_3D ( 'NONE', #220, #1663, #369 ) ;
#630 = DIRECTION ( 'NONE',  ( 0.000000000000000000, 0.000000000000000000, -1.000000000000000000 ) ) ;
#631 = VECTOR ( 'NONE', #1749, 1000.000000000000000 ) ;
#632 = DIRECTION ( 'NONE',  ( 0.000000000000000000, 0.000000000000000000, 1.000000000000000000 ) ) ;
#633 = TOROIDAL_SURFACE ( 'NONE', #1119, 6.099999999999997868, 0.5000000000000000000 ) ;
#634 = EDGE_CURVE ( 'NONE', #1221, #328, #530, .T. ) ;
#635 = CARTESIAN_POINT ( 'NONE',  ( 0.000000000000000000, 15.00000000000000000, -6.000000000000000000 ) ) ;
#636 = CYLINDRICAL_SURFACE ( 'NONE', #1120, 0.7499999999999988898 ) ;
#637 = CARTESIAN_POINT ( 'NONE',  ( 3.221829655369093715, 10.41962734356861908, -6.699999999999999289 ) ) ;
#638 = ORIENTED_EDGE ( 'NONE', *, *, #1235, .T. ) ;
#639 = ORIENTED_EDGE ( 'NONE', *, *, #246, .F. ) ;
#640 = CARTESIAN_POINT ( 'NONE',  ( -5.000000000000000888, 15.00000000000000000, -4.000000000000000000 ) ) ;
#641 = VERTEX_POINT ( 'NONE', #1797 ) ;
#642 = PRODUCT ( 'Mounting base', 'Mounting base', '', ( #1813 ) ) ;
#643 = DIRECTION ( 'NONE',  ( 0.000000000000000000, 0.000000000000000000, 1.000000000000000000 ) ) ;
#644 = DIRECTION ( 'NONE',  ( 0.000000000000000000, 0.000000000000000000, 1.000000000000000000 ) ) ;
#645 = DIRECTION ( 'NONE',  ( 1.000000000000000000, 0.000000000000000000, 0.000000000000000000 ) ) ;
#646 = ORIENTED_EDGE ( 'NONE', *, *, #1682, .T. ) ;
#647 = ORIENTED_EDGE ( 'NONE', *, *, #563, .F. ) ;
#648 = DIRECTION ( 'NONE',  ( -0.000000000000000000, -0.000000000000000000, -1.000000000000000000 ) ) ;
#649 = ORIENTED_EDGE ( 'NONE', *, *, #1060, .F. ) ;
#650 = CARTESIAN_POINT ( 'NONE',  ( -5.300000000000000711, 2.549999999999998490, -4.082598153012568787 ) ) ;
#651 = FACE_OUTER_BOUND ( 'NONE', #588, .T. ) ;
#652 = LINE ( 'NONE', #943, #1465 ) ;
#653 = CARTESIAN_POINT ( 'NONE',  ( -6.000000000000005329, 7.999999999999998224, -4.000000000000000000 ) ) ;
#654 = ORIENTED_EDGE ( 'NONE', *, *, #136, .F. ) ;
#655 = CARTESIAN_POINT ( 'NONE',  ( 1.836970198721033385E-16, 5.000000000000000000, -5.699999999999999289 ) ) ;
#656 = EDGE_CURVE ( 'NONE', #1512, #854, #1498, .T. ) ;
#657 = ORIENTED_EDGE ( 'NONE', *, *, #534, .T. ) ;
#658 = CARTESIAN_POINT ( 'NONE',  ( -6.750680500247900007, 2.834066104635462935, -4.006385569753104114 ) ) ;
#659 = AXIS2_PLACEMENT_3D ( 'NONE', #227, #795, #1518 ) ;
#660 = ORIENTED_EDGE ( 'NONE', *, *, #345, .F. ) ;
#661 = FACE_OUTER_BOUND ( 'NONE', #1657, .T. ) ;
#662 = DIRECTION ( 'NONE',  ( -1.000000000000000000, 0.000000000000000000, 0.000000000000000000 ) ) ;
#663 = AXIS2_PLACEMENT_3D ( 'NONE', #796, #1519, #1206 ) ;
#664 = CARTESIAN_POINT ( 'NONE',  ( 0.000000000000000000, 15.00000000000000000, -4.000000000000000000 ) ) ;
#665 = CARTESIAN_POINT ( 'NONE',  ( 0.000000000000000000, 15.00000000000000000, 0.7999999999999999334 ) ) ;
#666 = CIRCLE ( 'NONE', #867, 0.9500000000000011768 ) ;
#667 = ORIENTED_EDGE ( 'NONE', *, *, #245, .F. ) ;
#668 = CARTESIAN_POINT ( 'NONE',  ( -6.799999999999998934, 2.549999999999998490, -4.000000000000000000 ) ) ;
#669 = ORIENTED_EDGE ( 'NONE', *, *, #1715, .F. ) ;
#670 = CARTESIAN_POINT ( 'NONE',  ( -9.100668493514801227, 5.639747694664067446, -4.291665260247095048 ) ) ;
#671 = ORIENTED_EDGE ( 'NONE', *, *, #1546, .F. ) ;
#672 = LINE ( 'NONE', #496, #1861 ) ;
#673 = DIRECTION ( 'NONE',  ( -0.000000000000000000, -0.000000000000000000, 1.000000000000000000 ) ) ;
#674 = ADVANCED_FACE ( 'NONE', ( #1659, #1677, #942, #385, #1395, #98 ), #1830, .T. ) ;
#675 = CARTESIAN_POINT ( 'NONE',  ( 3.795243238005813868, 10.88093864441837688, -4.979729450512272670 ) ) ;
#676 = CARTESIAN_POINT ( 'NONE',  ( 0.4582575694955842716, 2.908680799846528942, -6.699999999999999289 ) ) ;
#677 = FACE_OUTER_BOUND ( 'NONE', #1459, .T. ) ;
#678 = ORIENTED_EDGE ( 'NONE', *, *, #1792, .T. ) ;
#679 = CARTESIAN_POINT ( 'NONE',  ( -4.320858757131340155, 11.42919835588100241, -4.240491152347425796 ) ) ;
#680 = DIRECTION ( 'NONE',  ( -0.000000000000000000, 1.000000000000000000, -0.000000000000000000 ) ) ;
#681 = ADVANCED_FACE ( 'NONE', ( #105 ), #978, .F. ) ;
#682 = CARTESIAN_POINT ( 'NONE',  ( 3.184081677783121642E-16, 5.000000000000000000, -4.599999999999998757 ) ) ;
#683 = AXIS2_PLACEMENT_3D ( 'NONE', #1228, #1088, #1832 ) ;
#684 = CARTESIAN_POINT ( 'NONE',  ( 5.300000000002722977, 2.455286835749412866, -4.056744881409001025 ) ) ;
#685 = DIRECTION ( 'NONE',  ( 0.000000000000000000, -1.000000000000000000, 0.000000000000000000 ) ) ;
#686 = VERTEX_POINT ( 'NONE', #790 ) ;
#687 = B_SPLINE_CURVE_WITH_KNOTS ( 'NONE', 3,
 ( #1275, #1733, #436, #565 ),
 .UNSPECIFIED., .F., .F.,
 ( 4, 4 ),
 ( 9.670522598191138252E-05, 0.0005678394139292291046 ),
 .UNSPECIFIED. ) ;
#688 = ORIENTED_EDGE ( 'NONE', *, *, #885, .F. ) ;
#689 = EDGE_CURVE ( 'NONE', #855, #1481, #70, .T. ) ;
#690 = DIRECTION ( 'NONE',  ( 0.000000000000000000, 0.000000000000000000, 1.000000000000000000 ) ) ;
#691 = SURFACE_STYLE_FILL_AREA ( #723 ) ;
#692 = EDGE_CURVE ( 'NONE', #696, #641, #1694, .T. ) ;
#693 = CIRCLE ( 'NONE', #469, 3.999999999999988898 ) ;
#694 = DIRECTION ( 'NONE',  ( 0.000000000000000000, 0.000000000000000000, 1.000000000000000000 ) ) ;
#695 = VECTOR ( 'NONE', #1571, 1000.000000000000000 ) ;
#696 = VERTEX_POINT ( 'NONE', #514 ) ;
#697 = ORIENTED_EDGE ( 'NONE', *, *, #348, .T. ) ;
#698 = DIRECTION ( 'NONE',  ( -0.6427876096865405842, 0.7660444431189771253, 0.000000000000000000 ) ) ;
#699 = CYLINDRICAL_SURFACE ( 'NONE', #1051, 0.4999999999999997780 ) ;
#700 = CARTESIAN_POINT ( 'NONE',  ( -9.999999999999994671, 5.604662425962229300, -4.036192668931699146 ) ) ;
#701 = ORIENTED_EDGE ( 'NONE', *, *, #35, .F. ) ;
#702 = ORIENTED_EDGE ( 'NONE', *, *, #882, .T. ) ;
#703 = ADVANCED_FACE ( 'NONE', ( #982 ), #542, .F. ) ;
#704 = CARTESIAN_POINT ( 'NONE',  ( 5.131699500482579168, 11.99572633790680953, -6.000000000000000000 ) ) ;
#705 = FACE_OUTER_BOUND ( 'NONE', #1196, .T. ) ;
#706 = DIRECTION ( 'NONE',  ( -1.000000000000000000, 0.000000000000000000, 0.000000000000000000 ) ) ;
#707 = CARTESIAN_POINT ( 'NONE',  ( 0.000000000000000000, 15.00000000000000000, -4.699999999999999289 ) ) ;
#708 = DIRECTION ( 'NONE',  ( 0.000000000000000000, 0.000000000000000000, 1.000000000000000000 ) ) ;
#709 = ORIENTED_EDGE ( 'NONE', *, *, #710, .T. ) ;
#710 = EDGE_CURVE ( 'NONE', #1345, #596, #264, .T. ) ;
#711 = CARTESIAN_POINT ( 'NONE',  ( -9.999999999999994671, 5.604662425962229300, -4.036192668931699146 ) ) ;
#712 = CARTESIAN_POINT ( 'NONE',  ( 6.593998875044044361, 3.074558706115326334, -4.054676323735185051 ) ) ;
#713 = VECTOR ( 'NONE', #680, 1000.000000000000000 ) ;
#714 = CARTESIAN_POINT ( 'NONE',  ( -9.471819719578402186, 5.622125072454894124, -4.143478929942020272 ) ) ;
#715 = ORIENTED_EDGE ( 'NONE', *, *, #1321, .F. ) ;
#716 = VECTOR ( 'NONE', #858, 1000.000000000000114 ) ;
#717 = AXIS2_PLACEMENT_3D ( 'NONE', #1444, #1305, #3 ) ;
#718 = ORIENTED_EDGE ( 'NONE', *, *, #1354, .T. ) ;
#719 = AXIS2_PLACEMENT_3D ( 'NONE', #332, #1484, #1176 ) ;
#720 = ORIENTED_EDGE ( 'NONE', *, *, #1350, .F. ) ;
#721 = CARTESIAN_POINT ( 'NONE',  ( 7.777730077207136716, 5.730862238260373331, -6.000000000000000000 ) ) ;
#722 = DIRECTION ( 'NONE',  ( 0.000000000000000000, -0.000000000000000000, -1.000000000000000000 ) ) ;
#723 = FILL_AREA_STYLE ('',( #1426 ) ) ;
#724 = CARTESIAN_POINT ( 'NONE',  ( -7.925653215740520174, 5.718176346112516129, -5.347821789503078627 ) ) ;
#725 = FACE_OUTER_BOUND ( 'NONE', #736, .T. ) ;
#726 = ORIENTED_EDGE ( 'NONE', *, *, #573, .T. ) ;
#727 = EDGE_CURVE ( 'NONE', #275, #173, #1368, .T. ) ;
#728 = ORIENTED_EDGE ( 'NONE', *, *, #1729, .T. ) ;
#729 = CARTESIAN_POINT ( 'NONE',  ( -7.066384239949880630, 5.800749281958450965, -7.200000000000000178 ) ) ;
#730 = DIRECTION ( 'NONE',  ( 1.000000000000000000, 0.000000000000000000, 0.000000000000000000 ) ) ;
#731 = DIRECTION ( 'NONE',  ( 1.000000000000000000, 0.000000000000000000, 0.000000000000000000 ) ) ;
#732 = ADVANCED_FACE ( 'NONE', ( #1391 ), #1254, .F. ) ;
#733 = DIRECTION ( 'NONE',  ( 0.5000000000000014433, 0.8660254037844379305, -0.000000000000000000 ) ) ;
#734 = ORIENTED_EDGE ( 'NONE', *, *, #1041, .T. ) ;
#735 = ORIENTED_EDGE ( 'NONE', *, *, #422, .T. ) ;
#736 = EDGE_LOOP ( 'NONE', ( #814, #50, #734, #1603, #831, #735, #344, #646, #720, #1735 ) ) ;
#737 = CARTESIAN_POINT ( 'NONE',  ( -3.599610614244627360, 10.71015111853373014, -7.200000000000000178 ) ) ;
#738 = CARTESIAN_POINT ( 'NONE',  ( -0.9622130178295086322, 2.754827144802157068, -5.160649759988330310 ) ) ;
#739 = SURFACE_STYLE_FILL_AREA ( #607 ) ;
#740 = DIRECTION ( 'NONE',  ( -0.000000000000000000, -0.000000000000000000, -1.000000000000000000 ) ) ;
#741 = VERTEX_POINT ( 'NONE', #971 ) ;
#742 = VECTOR ( 'NONE', #1789, 1000.000000000000000 ) ;
#743 = CIRCLE ( 'NONE', #83, 0.9500000000000011768 ) ;
#744 = ORIENTED_EDGE ( 'NONE', *, *, #1631, .T. ) ;
#745 = CARTESIAN_POINT ( 'NONE',  ( -8.502851330525956541, 14.29919761328042682, -4.000000000000000000 ) ) ;
#746 = AXIS2_PLACEMENT_3D ( 'NONE', #1175, #1588, #446 ) ;
#747 = AXIS2_PLACEMENT_3D ( 'NONE', #1876, #586, #1856 ) ;
#748 = CARTESIAN_POINT ( 'NONE',  ( -1.082884316395486657, 2.948528281616536795, -5.913276533553811554 ) ) ;
#749 = DIRECTION ( 'NONE',  ( 1.000000000000000000, 0.000000000000000000, 0.000000000000000000 ) ) ;
#750 = CARTESIAN_POINT ( 'NONE',  ( 6.000000000000005329, 7.999999999999998224, -2.000000000000000000 ) ) ;
#751 = CARTESIAN_POINT ( 'NONE',  ( 6.031327667784382933E-16, 2.328285685708569197, -4.599999999999998757 ) ) ;
#752 = ORIENTED_EDGE ( 'NONE', *, *, #103, .F. ) ;
#753 = ORIENTED_EDGE ( 'NONE', *, *, #224, .T. ) ;
#754 = CARTESIAN_POINT ( 'NONE',  ( -9.999999999999994671, 11.17898364348855900, -4.000000000000000000 ) ) ;
#755 = DIRECTION ( 'NONE',  ( -0.000000000000000000, -0.000000000000000000, 1.000000000000000000 ) ) ;
#756 = CARTESIAN_POINT ( 'NONE',  ( 6.000000000000005329, 7.999999999999998224, -4.000000000000000000 ) ) ;
#757 = DIRECTION ( 'NONE',  ( -0.000000000000000000, -0.000000000000000000, 1.000000000000000000 ) ) ;
#758 = CARTESIAN_POINT ( 'NONE',  ( 17.88854381999829712, 25.99999999999997513, 4.000000000000000000 ) ) ;
#759 = EDGE_LOOP ( 'NONE', ( #1850, #467 ) ) ;
#760 = ORIENTED_EDGE ( 'NONE', *, *, #401, .T. ) ;
#761 = CARTESIAN_POINT ( 'NONE',  ( -5.300000000000000711, 2.549999999999998490, -4.082598153012568787 ) ) ;
#762 = EDGE_CURVE ( 'NONE', #1166, #1585, #1817, .T. ) ;
#763 = CARTESIAN_POINT ( 'NONE',  ( -6.000000000000005329, 7.999999999999998224, -2.000000000000000000 ) ) ;
#764 = CARTESIAN_POINT ( 'NONE',  ( -3.599610614244627360, 10.71015111853373014, -6.699999999999999289 ) ) ;
#765 = EDGE_CURVE ( 'NONE', #1050, #360, #1434, .T. ) ;
#766 = DIRECTION ( 'NONE',  ( 0.000000000000000000, 1.000000000000000000, 0.000000000000000000 ) ) ;
#767 = VERTEX_POINT ( 'NONE', #1701 ) ;
#768 = CIRCLE ( 'NONE', #566, 5.999999999999984013 ) ;
#769 = ORIENTED_EDGE ( 'NONE', *, *, #1350, .T. ) ;
#770 = DIRECTION ( 'NONE',  ( 0.5000000000000012212, -0.8660254037844380415, 0.000000000000000000 ) ) ;
#771 = AXIS2_PLACEMENT_3D ( 'NONE', #420, #410, #1725 ) ;
#772 = VERTEX_POINT ( 'NONE', #1121 ) ;
#773 = CARTESIAN_POINT ( 'NONE',  ( 5.111012519999520443, 18.14285714285712103, -4.000000000000000000 ) ) ;
#774 = AXIS2_PLACEMENT_3D ( 'NONE', #704, #698, #1424 ) ;
#775 = LINE ( 'NONE', #505, #1858 ) ;
#776 = CLOSED_SHELL ( 'NONE', ( #703, #1724, #87, #1219, #550, #490, #431, #28, #335, #1867, #255, #732, #915, #1758, #520, #1705, #1299, #242, #463, #37, #1752, #1455, #185, #1158, #1692, #552, #1148, #1070, #1847, #1521, #674, #274, #1172, #118, #912, #1737, #1650, #1605, #592, #1256, #1678, #1215, #1022, #9, #1423, #681, #1026, #74, #785, #291, #826, #147 ) ) ;
#777 = AXIS2_PLACEMENT_3D ( 'NONE', #567, #1156, #1718 ) ;
#778 = CARTESIAN_POINT ( 'NONE',  ( 5.000000000000000888, 15.00000000000000000, 0.7999999999999999334 ) ) ;
#779 = CARTESIAN_POINT ( 'NONE',  ( 1.836970198721033385E-16, 5.000000000000000000, -5.699999999999999289 ) ) ;
#780 = ORIENTED_EDGE ( 'NONE', *, *, #851, .F. ) ;
#781 = ORIENTED_EDGE ( 'NONE', *, *, #1430, .T. ) ;
#782 = DIRECTION ( 'NONE',  ( 0.000000000000000000, 0.000000000000000000, 1.000000000000000000 ) ) ;
#783 = ORIENTED_EDGE ( 'NONE', *, *, #765, .F. ) ;
#784 = LINE ( 'NONE', #1779, #135 ) ;
#785 = ADVANCED_FACE ( 'NONE', ( #947 ), #1126, .T. ) ;
#786 = CARTESIAN_POINT ( 'NONE',  ( 0.000000000000000000, 15.00000000000000000, -7.200000000000000178 ) ) ;
#787 = CARTESIAN_POINT ( 'NONE',  ( 4.395565666545724781, 11.52807363481544733, -4.191837959090451093 ) ) ;
#788 = CYLINDRICAL_SURFACE ( 'NONE', #1720, 5.999999999999984013 ) ;
#789 = ORIENTED_EDGE ( 'NONE', *, *, #577, .F. ) ;
#790 = CARTESIAN_POINT ( 'NONE',  ( 1.058300524425836331, 2.946369841412919133, -6.000000000000000000 ) ) ;
#791 = ORIENTED_EDGE ( 'NONE', *, *, #879, .T. ) ;
#792 = CARTESIAN_POINT ( 'NONE',  ( -5.300000000000000711, 2.735422863168607943, -4.133211894840565392 ) ) ;
#793 = EDGE_LOOP ( 'NONE', ( #590, #88, #1362, #609, #20 ) ) ;
#794 = CARTESIAN_POINT ( 'NONE',  ( -7.748997961724793271, 5.733355922952190653, -6.859300176586608622 ) ) ;
#795 = DIRECTION ( 'NONE',  ( 0.000000000000000000, 0.000000000000000000, 1.000000000000000000 ) ) ;
#796 = CARTESIAN_POINT ( 'NONE',  ( 0.000000000000000000, 15.00000000000000000, -0.7999999999999999334 ) ) ;
#797 = DIRECTION ( 'NONE',  ( 1.000000000000000000, -0.000000000000000000, 0.000000000000000000 ) ) ;
#798 = VERTEX_POINT ( 'NONE', #799 ) ;
#799 = CARTESIAN_POINT ( 'NONE',  ( -5.050000000000004263, 7.999999999999998224, 4.000000000000000000 ) ) ;
#800 = ORIENTED_EDGE ( 'NONE', *, *, #182, .T. ) ;
#801 = EDGE_CURVE ( 'NONE', #597, #225, #93, .T. ) ;
#802 = DIRECTION ( 'NONE',  ( -0.8660254037844380415, -0.5000000000000012212, 0.000000000000000000 ) ) ;
#803 =( GEOMETRIC_REPRESENTATION_CONTEXT ( 3 ) GLOBAL_UNCERTAINTY_ASSIGNED_CONTEXT ( ( #474 ) ) GLOBAL_UNIT_ASSIGNED_CONTEXT ( ( #1411, #859, #1874 ) ) REPRESENTATION_CONTEXT ( 'NONE', 'WORKASPACE' ) );
#804 = ORIENTED_EDGE ( 'NONE', *, *, #945, .F. ) ;
#805 = CARTESIAN_POINT ( 'NONE',  ( -7.777730077207141157, 5.730862238260378660, -6.699999999999999289 ) ) ;
#806 = DIRECTION ( 'NONE',  ( 0.6427876096865404731, 0.7660444431189770143, 0.000000000000000000 ) ) ;
#807 = CIRCLE ( 'NONE', #1836, 0.7499999999999988898 ) ;
#808 = AXIS2_PLACEMENT_3D ( 'NONE', #1029, #453, #1044 ) ;
#809 = CARTESIAN_POINT ( 'NONE',  ( 4.321535609811418155, 11.43674797221463990, -4.251581677032580053 ) ) ;
#810 = FACE_OUTER_BOUND ( 'NONE', #406, .T. ) ;
#811 = AXIS2_PLACEMENT_3D ( 'NONE', #1866, #1283, #1004 ) ;
#812 = VECTOR ( 'NONE', #333, 1000.000000000000000 ) ;
#813 = DIRECTION ( 'NONE',  ( 0.000000000000000000, -1.000000000000000000, 0.000000000000000000 ) ) ;
#814 = ORIENTED_EDGE ( 'NONE', *, *, #692, .F. ) ;
#815 = APPLICATION_CONTEXT ( 'automotive_design' ) ;
#816 = EDGE_CURVE ( 'NONE', #1559, #1296, #896, .T. ) ;
#817 = EDGE_LOOP ( 'NONE', ( #1868, #561, #349, #219 ) ) ;
#818 = CARTESIAN_POINT ( 'NONE',  ( -5.300000000000002487, 2.455497422461233814, -4.056802363971829806 ) ) ;
#819 = CARTESIAN_POINT ( 'NONE',  ( 8.502851330525960094, 14.29919761328043215, 4.000000000000000000 ) ) ;
#820 = DIRECTION ( 'NONE',  ( -0.000000000000000000, -0.000000000000000000, 1.000000000000000000 ) ) ;
#821 = DIRECTION ( 'NONE',  ( 0.000000000000000000, 0.000000000000000000, 1.000000000000000000 ) ) ;
#822 = CARTESIAN_POINT ( 'NONE',  ( 1.836970198721033385E-16, 5.000000000000000000, -5.699999999999999289 ) ) ;
#823 = EDGE_CURVE ( 'NONE', #263, #1671, #1513, .T. ) ;
#824 = ORIENTED_EDGE ( 'NONE', *, *, #598, .T. ) ;
#825 = CYLINDRICAL_SURFACE ( 'NONE', #357, 14.99999999999998046 ) ;
#826 = ADVANCED_FACE ( 'NONE', ( #677 ), #247, .F. ) ;
#827 = CARTESIAN_POINT ( 'NONE',  ( -6.000000000000005329, 11.17898364348855900, 4.000000000000000000 ) ) ;
#828 = CARTESIAN_POINT ( 'NONE',  ( 6.000000000000005329, 7.999999999999998224, -2.000000000000000000 ) ) ;
#829 = DIRECTION ( 'NONE',  ( 0.000000000000000000, 0.000000000000000000, 1.000000000000000000 ) ) ;
#830 = CARTESIAN_POINT ( 'NONE',  ( 9.999999999999994671, 5.423786156155183669, -4.012305296229171425 ) ) ;
#831 = ORIENTED_EDGE ( 'NONE', *, *, #851, .T. ) ;
#832 = CYLINDRICAL_SURFACE ( 'NONE', #774, 2.000000000000000444 ) ;
#833 = CARTESIAN_POINT ( 'NONE',  ( -9.999999999999994671, 5.798990368095136461, -4.012100802605112371 ) ) ;
#834 = CIRCLE ( 'NONE', #13, 12.09999999999999964 ) ;
#835 = DIRECTION ( 'NONE',  ( 0.000000000000000000, 0.000000000000000000, 1.000000000000000000 ) ) ;
#836 = CIRCLE ( 'NONE', #1137, 1.100000000000000311 ) ;
#837 = CARTESIAN_POINT ( 'NONE',  ( 0.5542234983397387182, 3.913428776359464401, -6.656022886693490292 ) ) ;
#838 = EDGE_LOOP ( 'NONE', ( #1524, #1323, #1583, #1488, #1593, #528, #1170, #180 ) ) ;
#839 = AXIS2_PLACEMENT_3D ( 'NONE', #350, #1213, #226 ) ;
#840 = EDGE_LOOP ( 'NONE', ( #1622, #119, #1702, #1150, #1606, #1059, #752, #1754 ) ) ;
#841 = CARTESIAN_POINT ( 'NONE',  ( -4.169527711219846999, 11.25689743184584302, -4.387404293235581676 ) ) ;
#842 = CARTESIAN_POINT ( 'NONE',  ( 0.000000000000000000, 15.00000000000000000, 4.000000000000000000 ) ) ;
#843 = DIRECTION ( 'NONE',  ( -0.000000000000000000, -0.000000000000000000, 1.000000000000000000 ) ) ;
#844 = CARTESIAN_POINT ( 'NONE',  ( -8.060679326812181245, 5.707214082747907646, -5.116070748507465460 ) ) ;
#845 = DIRECTION ( 'NONE',  ( -0.6427876096865404731, 0.7660444431189770143, -0.000000000000000000 ) ) ;
#846 = EDGE_CURVE ( 'NONE', #27, #133, #330, .T. ) ;
#847 = ORIENTED_EDGE ( 'NONE', *, *, #1082, .F. ) ;
#848 = LINE ( 'NONE', #1845, #1234 ) ;
#849 = CARTESIAN_POINT ( 'NONE',  ( 5.908042069798933760, 3.292557899431852064, -4.259739129467678076 ) ) ;
#850 = CARTESIAN_POINT ( 'NONE',  ( 6.049999999999999822, 2.549999999999998490, -4.000000000000000000 ) ) ;
#851 = EDGE_CURVE ( 'NONE', #1212, #1429, #1562, .T. ) ;
#852 = CARTESIAN_POINT ( 'NONE',  ( -9.734802203515943830, 5.612103294896078509, -4.074452633666540535 ) ) ;
#853 = ORIENTED_EDGE ( 'NONE', *, *, #192, .T. ) ;
#854 = VERTEX_POINT ( 'NONE', #551 ) ;
#855 = VERTEX_POINT ( 'NONE', #210 ) ;
#856 = CARTESIAN_POINT ( 'NONE',  ( 8.421791352914944184, 5.680365456167926652, -4.717843299108204214 ) ) ;
#857 = EDGE_CURVE ( 'NONE', #596, #898, #1087, .T. ) ;
#858 = DIRECTION ( 'NONE',  ( 0.6427876096865404731, 0.7660444431189770143, 0.000000000000000000 ) ) ;
#859 =( NAMED_UNIT ( * ) PLANE_ANGLE_UNIT ( ) SI_UNIT ( $, .RADIAN. ) );
#860 = EDGE_CURVE ( 'NONE', #987, #225, #927, .T. ) ;
#861 = MECHANICAL_DESIGN_GEOMETRIC_PRESENTATION_REPRESENTATION (  '', ( #441 ), #803 ) ;
#862 = CARTESIAN_POINT ( 'NONE',  ( 0.4582575694955842716, 3.909463493590583649, -4.699999999999999289 ) ) ;
#863 = DIRECTION ( 'NONE',  ( 0.000000000000000000, 0.000000000000000000, -1.000000000000000000 ) ) ;
#864 = AXIS2_PLACEMENT_3D ( 'NONE', #1261, #1101, #380 ) ;
#865 = VECTOR ( 'NONE', #782, 1000.000000000000000 ) ;
#866 = ORIENTED_EDGE ( 'NONE', *, *, #345, .T. ) ;
#867 = AXIS2_PLACEMENT_3D ( 'NONE', #1157, #1343, #1466 ) ;
#868 = ORIENTED_EDGE ( 'NONE', *, *, #59, .T. ) ;
#869 = CARTESIAN_POINT ( 'NONE',  ( 3.599610614244624696, 10.71015111853372836, -6.699999999999999289 ) ) ;
#870 = B_SPLINE_CURVE_WITH_KNOTS ( 'NONE', 3,
 ( #134, #1451, #1145, #601, #1723, #427, #434, #1007 ),
 .UNSPECIFIED., .F., .F.,
 ( 4, 2, 2, 4 ),
 ( -4.474225839614476349E-06, 0.0004753079634166774438, 0.0007151990580448234179, 0.0009550901526729693378 ),
 .UNSPECIFIED. ) ;
#871 = CARTESIAN_POINT ( 'NONE',  ( 5.111012519999520443, 18.14285714285712103, -4.000000000000000000 ) ) ;
#872 = DIRECTION ( 'NONE',  ( 0.000000000000000000, -1.000000000000000000, 0.000000000000000000 ) ) ;
#873 = CARTESIAN_POINT ( 'NONE',  ( -3.524788121422268272, 10.02145917973142986, -7.200000000000000178 ) ) ;
#874 = LINE ( 'NONE', #141, #511 ) ;
#875 = ORIENTED_EDGE ( 'NONE', *, *, #313, .T. ) ;
#876 = EDGE_CURVE ( 'NONE', #338, #370, #1227, .T. ) ;
#877 = ORIENTED_EDGE ( 'NONE', *, *, #4, .T. ) ;
#878 = CARTESIAN_POINT ( 'NONE',  ( 8.980320700399433420, 5.646058098431872452, -4.348590284098145631 ) ) ;
#879 = EDGE_CURVE ( 'NONE', #1203, #1152, #43, .T. ) ;
#880 = CARTESIAN_POINT ( 'NONE',  ( -0.7719055342486975668, 2.600180153228688784, -4.899812849800063930 ) ) ;
#881 = CARTESIAN_POINT ( 'NONE',  ( 3.599610614244624696, 10.71015111853372836, -6.000000000000000000 ) ) ;
#882 = EDGE_CURVE ( 'NONE', #1221, #489, #652, .T. ) ;
#883 =( LENGTH_UNIT ( ) NAMED_UNIT ( * ) SI_UNIT ( .MILLI., .METRE. ) );
#884 = DIRECTION ( 'NONE',  ( -1.000000000000000000, 0.000000000000000000, 0.000000000000000000 ) ) ;
#885 = EDGE_CURVE ( 'NONE', #1772, #855, #292, .T. ) ;
#886 = ORIENTED_EDGE ( 'NONE', *, *, #1823, .F. ) ;
#887 = VERTEX_POINT ( 'NONE', #1076 ) ;
#888 = DIRECTION ( 'NONE',  ( 0.6427876096865404731, -0.7660444431189770143, 0.000000000000000000 ) ) ;
#889 = CARTESIAN_POINT ( 'NONE',  ( -1.102343053149451135, 2.920912937301343604, -5.647391295645324938 ) ) ;
#890 = CYLINDRICAL_SURFACE ( 'NONE', #290, 0.7499999999999988898 ) ;
#891 =( NAMED_UNIT ( * ) SI_UNIT ( $, .STERADIAN. ) SOLID_ANGLE_UNIT ( ) );
#892 = CARTESIAN_POINT ( 'NONE',  ( 0.3534832740368540893, 2.378617259245360938, -4.645270715679021833 ) ) ;
#893 = EDGE_CURVE ( 'NONE', #1040, #1012, #836, .T. ) ;
#894 = VECTOR ( 'NONE', #986, 1000.000000000000000 ) ;
#895 = ORIENTED_EDGE ( 'NONE', *, *, #1640, .F. ) ;
#896 = CIRCLE ( 'NONE', #864, 11.09999999999999787 ) ;
#897 = VECTOR ( 'NONE', #1092, 1000.000000000000000 ) ;
#898 = VERTEX_POINT ( 'NONE', #1648 ) ;
#899 = CARTESIAN_POINT ( 'NONE',  ( 3.599610614244624696, 10.71015111853372836, -7.200000000000000178 ) ) ;
#900 = MECHANICAL_DESIGN_GEOMETRIC_PRESENTATION_REPRESENTATION (  '', ( #512 ), #997 ) ;
#901 = DIRECTION ( 'NONE',  ( 0.000000000000000000, -1.000000000000000000, 0.000000000000000000 ) ) ;
#902 = DIRECTION ( 'NONE',  ( 0.000000000000000000, 0.000000000000000000, 1.000000000000000000 ) ) ;
#903 = DIRECTION ( 'NONE',  ( -0.000000000000000000, -0.000000000000000000, -1.000000000000000000 ) ) ;
#904 = CYLINDRICAL_SURFACE ( 'NONE', #238, 5.000000000000000888 ) ;
#905 = ORIENTED_EDGE ( 'NONE', *, *, #1430, .F. ) ;
#906 = EDGE_CURVE ( 'NONE', #69, #1381, #1496, .T. ) ;
#907 = ORIENTED_EDGE ( 'NONE', *, *, #1412, .F. ) ;
#908 = FACE_OUTER_BOUND ( 'NONE', #402, .T. ) ;
#909 = DIRECTION ( 'NONE',  ( -0.000000000000000000, 1.000000000000000000, -0.000000000000000000 ) ) ;
#910 = CARTESIAN_POINT ( 'NONE',  ( 6.793988405988368839, 2.644769466363825039, -4.000000000000000000 ) ) ;
#911 = PRODUCT_DEFINITION_CONTEXT ( 'detailed design', #1010, 'design' ) ;
#912 = ADVANCED_FACE ( 'NONE', ( #243, #216 ), #366, .T. ) ;
#913 = DIRECTION ( 'NONE',  ( 1.000000000000000000, 0.000000000000000000, 0.000000000000000000 ) ) ;
#914 = CARTESIAN_POINT ( 'NONE',  ( 9.999999999999994671, 5.604662425962323447, -4.036192668931685823 ) ) ;
#915 = ADVANCED_FACE ( 'NONE', ( #1216 ), #1374, .F. ) ;
#916 = ORIENTED_EDGE ( 'NONE', *, *, #1109, .F. ) ;
#917 = ORIENTED_EDGE ( 'NONE', *, *, #144, .F. ) ;
#918 = CARTESIAN_POINT ( 'NONE',  ( -5.815608378886794938, 3.268895440527082918, -4.271915343282734590 ) ) ;
#919 = ORIENTED_EDGE ( 'NONE', *, *, #727, .F. ) ;
#920 = LINE ( 'NONE', #339, #1139 ) ;
#921 = DIRECTION ( 'NONE',  ( 0.000000000000000000, 0.000000000000000000, 1.000000000000000000 ) ) ;
#922 = CARTESIAN_POINT ( 'NONE',  ( -5.000000000000000888, 15.00000000000000000, 0.7999999999999999334 ) ) ;
#923 = DIRECTION ( 'NONE',  ( -0.000000000000000000, -0.000000000000000000, 1.000000000000000000 ) ) ;
#924 = ORIENTED_EDGE ( 'NONE', *, *, #208, .T. ) ;
#925 = CIRCLE ( 'NONE', #388, 5.000000000000000888 ) ;
#926 = EDGE_LOOP ( 'NONE', ( #610, #213, #1337, #1614 ) ) ;
#927 = CIRCLE ( 'NONE', #110, 0.7499999999999988898 ) ;
#928 = ORIENTED_EDGE ( 'NONE', *, *, #1653, .T. ) ;
#929 = FACE_BOUND ( 'NONE', #1443, .T. ) ;
#930 = AXIS2_PLACEMENT_3D ( 'NONE', #1191, #755, #730 ) ;
#931 = EDGE_CURVE ( 'NONE', #696, #190, #1083, .T. ) ;
#932 = CARTESIAN_POINT ( 'NONE',  ( 0.000000000000000000, 15.00000000000000000, -6.699999999999999289 ) ) ;
#933 = AXIS2_PLACEMENT_3D ( 'NONE', #559, #1558, #1674 ) ;
#934 = DIRECTION ( 'NONE',  ( 0.000000000000000000, 0.000000000000000000, 1.000000000000000000 ) ) ;
#935 = DIRECTION ( 'NONE',  ( 1.000000000000000000, 0.000000000000000000, 0.000000000000000000 ) ) ;
#936 = ORIENTED_EDGE ( 'NONE', *, *, #470, .F. ) ;
#937 = CARTESIAN_POINT ( 'NONE',  ( 0.000000000000000000, 15.00000000000000000, -6.699999999999999289 ) ) ;
#938 = ORIENTED_EDGE ( 'NONE', *, *, #407, .T. ) ;
#939 = CARTESIAN_POINT ( 'NONE',  ( -6.191622720144587255, 3.309969431374499838, -4.198377005357950331 ) ) ;
#940 = ORIENTED_EDGE ( 'NONE', *, *, #407, .F. ) ;
#941 = CARTESIAN_POINT ( 'NONE',  ( -7.386365682596187199, 5.767105031610169519, -7.164873686270504471 ) ) ;
#942 = FACE_BOUND ( 'NONE', #1642, .T. ) ;
#943 = CARTESIAN_POINT ( 'NONE',  ( 5.131699500482579168, 11.99572633790680953, -4.000000000000000000 ) ) ;
#944 = CARTESIAN_POINT ( 'NONE',  ( 0.9377500662292734823, 2.935951897068158178, -6.296308672169726783 ) ) ;
#945 = EDGE_CURVE ( 'NONE', #959, #571, #1800, .T. ) ;
#946 = ORIENTED_EDGE ( 'NONE', *, *, #1480, .F. ) ;
#947 = FACE_OUTER_BOUND ( 'NONE', #301, .T. ) ;
#948 = EDGE_CURVE ( 'NONE', #308, #1210, #954, .T. ) ;
#949 = ORIENTED_EDGE ( 'NONE', *, *, #1379, .F. ) ;
#950 = CARTESIAN_POINT ( 'NONE',  ( 5.000000000000000888, 15.00000000000000000, -0.7999999999999999334 ) ) ;
#951 = ORIENTED_EDGE ( 'NONE', *, *, #4, .F. ) ;
#952 = LINE ( 'NONE', #773, #1383 ) ;
#953 = CARTESIAN_POINT ( 'NONE',  ( 0.000000000000000000, 15.00000000000000000, -4.000000000000000000 ) ) ;
#954 = LINE ( 'NONE', #778, #353 ) ;
#955 = CARTESIAN_POINT ( 'NONE',  ( 0.000000000000000000, 0.000000000000000000, 0.000000000000000000 ) ) ;
#956 = LINE ( 'NONE', #509, #21 ) ;
#957 = DIRECTION ( 'NONE',  ( -0.6427876096865405842, -0.7660444431189771253, 0.000000000000000000 ) ) ;
#958 = EDGE_CURVE ( 'NONE', #1012, #170, #415, .T. ) ;
#959 = VERTEX_POINT ( 'NONE', #56 ) ;
#960 = CARTESIAN_POINT ( 'NONE',  ( 0.4582575694955842716, 3.909463493590583649, -6.699999999999999289 ) ) ;
#961 = AXIS2_PLACEMENT_3D ( 'NONE', #1114, #1106, #1251 ) ;
#962 = EDGE_LOOP ( 'NONE', ( #52, #1188, #983, #1042, #907, #1303, #678, #1134, #789, #627 ) ) ;
#963 = CARTESIAN_POINT ( 'NONE',  ( -9.309818963445096074, 7.016437457633458941, -4.000000000000000000 ) ) ;
#964 = CARTESIAN_POINT ( 'NONE',  ( 1.836970198721033385E-16, 5.000000000000000000, -6.799999999999999822 ) ) ;
#965 = AXIS2_PLACEMENT_3D ( 'NONE', #399, #694, #1842 ) ;
#966 = CIRCLE ( 'NONE', #839, 5.000000000000000888 ) ;
#967 = CARTESIAN_POINT ( 'NONE',  ( 4.829291719068538491, 12.16171894738014991, -4.000000000000000000 ) ) ;
#968 = CARTESIAN_POINT ( 'NONE',  ( 0.7246750571770973481, 2.921555263618221598, -6.531303689456234629 ) ) ;
#969 = AXIS2_PLACEMENT_3D ( 'NONE', #1278, #863, #414 ) ;
#970 = AXIS2_PLACEMENT_3D ( 'NONE', #1316, #903, #1476 ) ;
#971 = CARTESIAN_POINT ( 'NONE',  ( 6.950000000000006395, 7.999999999999998224, -2.000000000000000000 ) ) ;
#972 = EDGE_CURVE ( 'NONE', #489, #513, #1143, .T. ) ;
#973 = ADVANCED_BREP_SHAPE_REPRESENTATION ( 'Mounting base', ( #372, #418 ), #166 ) ;
#974 = ORIENTED_EDGE ( 'NONE', *, *, #1631, .F. ) ;
#975 = EDGE_CURVE ( 'NONE', #432, #1345, #985, .T. ) ;
#976 = ORIENTED_EDGE ( 'NONE', *, *, #205, .T. ) ;
#977 = CARTESIAN_POINT ( 'NONE',  ( -5.050000000000004263, 7.999999999999998224, -2.000000000000000000 ) ) ;
#978 = CYLINDRICAL_SURFACE ( 'NONE', #352, 2.000000000000000444 ) ;
#979 = EDGE_CURVE ( 'NONE', #63, #489, #1769, .T. ) ;
#980 = DIRECTION ( 'NONE',  ( -1.000000000000000000, 0.000000000000000000, 0.000000000000000000 ) ) ;
#981 = CARTESIAN_POINT ( 'NONE',  ( 3.184081677783122135E-16, 5.000000000000000000, -4.599999999999998757 ) ) ;
#982 = FACE_OUTER_BOUND ( 'NONE', #962, .T. ) ;
#983 = ORIENTED_EDGE ( 'NONE', *, *, #1222, .T. ) ;
#984 = CARTESIAN_POINT ( 'NONE',  ( -0.1582938338526465039, 2.908921329656732002, -6.791383074114749618 ) ) ;
#985 = LINE ( 'NONE', #106, #1023 ) ;
#986 = DIRECTION ( 'NONE',  ( 0.000000000000000000, 0.000000000000000000, 1.000000000000000000 ) ) ;
#987 = VERTEX_POINT ( 'NONE', #1259 ) ;
#988 = EDGE_LOOP ( 'NONE', ( #1460, #946, #671, #1232, #125 ) ) ;
#989 = CARTESIAN_POINT ( 'NONE',  ( -3.609831027420705496, 10.71866848425107221, -5.734536375925345375 ) ) ;
#990 = EDGE_CURVE ( 'NONE', #1294, #987, #278, .T. ) ;
#991 = CARTESIAN_POINT ( 'NONE',  ( -0.4582575694955839385, 3.909463493590583649, -4.699999999999999289 ) ) ;
#992 = AXIS2_PLACEMENT_3D ( 'NONE', #635, #1541, #645 ) ;
#993 = CARTESIAN_POINT ( 'NONE',  ( -5.000000000000000888, 15.00000000000000000, 4.000000000000000000 ) ) ;
#994 = VECTOR ( 'NONE', #1809, 1000.000000000000000 ) ;
#995 = CARTESIAN_POINT ( 'NONE',  ( 0.000000000000000000, 15.00000000000000000, -4.000000000000000000 ) ) ;
#996 = EDGE_LOOP ( 'NONE', ( #379, #11 ) ) ;
#997 =( GEOMETRIC_REPRESENTATION_CONTEXT ( 3 ) GLOBAL_UNCERTAINTY_ASSIGNED_CONTEXT ( ( #365 ) ) GLOBAL_UNIT_ASSIGNED_CONTEXT ( ( #45, #1038, #891 ) ) REPRESENTATION_CONTEXT ( 'NONE', 'WORKASPACE' ) );
#998 = AXIS2_PLACEMENT_3D ( 'NONE', #995, #1568, #116 ) ;
#999 = ORIENTED_EDGE ( 'NONE', *, *, #577, .T. ) ;
#1000 = LINE ( 'NONE', #1394, #695 ) ;
#1001 = PRODUCT_DEFINITION ( '未知', '', #1439, #911 ) ;
#1002 = CARTESIAN_POINT ( 'NONE',  ( -0.4582575694955839385, 5.000000000000000000, -6.699999999999999289 ) ) ;
#1003 = DIRECTION ( 'NONE',  ( -1.000000000000000000, 0.000000000000000000, 0.000000000000000000 ) ) ;
#1004 = DIRECTION ( 'NONE',  ( 1.000000000000000000, 0.000000000000000000, 0.000000000000000000 ) ) ;
#1005 = DIRECTION ( 'NONE',  ( 1.000000000000000000, 0.000000000000000000, 0.000000000000000000 ) ) ;
#1006 = ORIENTED_EDGE ( 'NONE', *, *, #1495, .F. ) ;
#1007 = CARTESIAN_POINT ( 'NONE',  ( 7.777730077207136716, 5.730862238260373331, -6.699999999999999289 ) ) ;
#1008 = CARTESIAN_POINT ( 'NONE',  ( -9.999999999999994671, 6.193911727778766085, -4.000000000000000000 ) ) ;
#1009 = CARTESIAN_POINT ( 'NONE',  ( -5.977379212143872245, 5.646875508460807325, -4.699999999999999289 ) ) ;
#1010 = APPLICATION_CONTEXT ( 'automotive_design' ) ;
#1011 = CARTESIAN_POINT ( 'NONE',  ( 1.038062852715180950, 3.948067102446640053, -6.119390132012840766 ) ) ;
#1012 = VERTEX_POINT ( 'NONE', #682 ) ;
#1013 = ORIENTED_EDGE ( 'NONE', *, *, #457, .T. ) ;
#1014 = EDGE_CURVE ( 'NONE', #1040, #1050, #1831, .T. ) ;
#1015 = ORIENTED_EDGE ( 'NONE', *, *, #1276, .T. ) ;
#1016 = FACE_OUTER_BOUND ( 'NONE', #257, .T. ) ;
#1017 = CARTESIAN_POINT ( 'NONE',  ( 5.050000000000004263, 7.999999999999998224, 4.000000000000000000 ) ) ;
#1018 = SURFACE_SIDE_STYLE ('',( #691 ) ) ;
#1019 = AXIS2_PLACEMENT_3D ( 'NONE', #204, #673, #1226 ) ;
#1020 = CARTESIAN_POINT ( 'NONE',  ( -8.502851330525956541, 14.29919761328042682, -4.000000000000000000 ) ) ;
#1021 = CARTESIAN_POINT ( 'NONE',  ( 9.999999999999994671, 5.059678073623564920, -4.000000000000000000 ) ) ;
#1022 = ADVANCED_FACE ( 'NONE', ( #1579 ), #1863, .F. ) ;
#1023 = VECTOR ( 'NONE', #1549, 1000.000000000000000 ) ;
#1024 = CIRCLE ( 'NONE', #1591, 0.9500000000000011768 ) ;
#1025 = ORIENTED_EDGE ( 'NONE', *, *, #1576, .T. ) ;
#1026 = ADVANCED_FACE ( 'NONE', ( #1699 ), #699, .T. ) ;
#1027 = EDGE_LOOP ( 'NONE', ( #1793, #456 ) ) ;
#1028 = CARTESIAN_POINT ( 'NONE',  ( 8.142924445848841231, 5.700744996333261483, -5.006126441293867302 ) ) ;
#1029 = CARTESIAN_POINT ( 'NONE',  ( -3.221829655369094603, 10.41962734356861908, -6.699999999999999289 ) ) ;
#1030 = CYLINDRICAL_SURFACE ( 'NONE', #1112, 0.9500000000000011768 ) ;
#1031 = FACE_OUTER_BOUND ( 'NONE', #1630, .T. ) ;
#1032 = EDGE_LOOP ( 'NONE', ( #2, #1111, #791, #381 ) ) ;
#1033 = ORIENTED_EDGE ( 'NONE', *, *, #623, .F. ) ;
#1034 = DIRECTION ( 'NONE',  ( -0.000000000000000000, -0.000000000000000000, 1.000000000000000000 ) ) ;
#1035 = DIRECTION ( 'NONE',  ( 0.000000000000000000, 0.000000000000000000, 1.000000000000000000 ) ) ;
#1036 = EDGE_CURVE ( 'NONE', #370, #1210, #569, .T. ) ;
#1037 = DIRECTION ( 'NONE',  ( 1.000000000000000000, 0.000000000000000000, 0.000000000000000000 ) ) ;
#1038 =( NAMED_UNIT ( * ) PLANE_ANGLE_UNIT ( ) SI_UNIT ( $, .RADIAN. ) );
#1039 = CARTESIAN_POINT ( 'NONE',  ( 0.7717257987960912669, 2.600076356831787283, -4.899726693362264740 ) ) ;
#1040 = VERTEX_POINT ( 'NONE', #115 ) ;
#1041 = EDGE_CURVE ( 'NONE', #190, #597, #541, .T. ) ;
#1042 = ORIENTED_EDGE ( 'NONE', *, *, #386, .T. ) ;
#1043 = PLANE ( 'NONE',  #1686 ) ;
#1044 = DIRECTION ( 'NONE',  ( 0.5000000000000014433, 0.8660254037844379305, 0.000000000000000000 ) ) ;
#1045 = LINE ( 'NONE', #33, #1464 ) ;
#1046 = EDGE_CURVE ( 'NONE', #439, #1489, #460, .T. ) ;
#1047 =( NAMED_UNIT ( * ) SI_UNIT ( $, .STERADIAN. ) SOLID_ANGLE_UNIT ( ) );
#1048 = CYLINDRICAL_SURFACE ( 'NONE', #1388, 5.000000000000000888 ) ;
#1049 = AXIS2_PLACEMENT_3D ( 'NONE', #1528, #1364, #806 ) ;
#1050 = VERTEX_POINT ( 'NONE', #991 ) ;
#1051 = AXIS2_PLACEMENT_3D ( 'NONE', #396, #1556, #548 ) ;
#1052 = AXIS2_PLACEMENT_3D ( 'NONE', #1626, #630, #1094 ) ;
#1053 = EDGE_LOOP ( 'NONE', ( #478, #1336 ) ) ;
#1054 = DIRECTION ( 'NONE',  ( -0.000000000000000000, -0.000000000000000000, 1.000000000000000000 ) ) ;
#1055 = CIRCLE ( 'NONE', #479, 14.99999999999998046 ) ;
#1056 = LINE ( 'NONE', #620, #716 ) ;
#1057 = DIRECTION ( 'NONE',  ( 1.000000000000000000, 0.000000000000000000, 0.000000000000000000 ) ) ;
#1058 = CARTESIAN_POINT ( 'NONE',  ( 0.000000000000000000, 15.00000000000000000, -0.7999999999999999334 ) ) ;
#1059 = ORIENTED_EDGE ( 'NONE', *, *, #816, .F. ) ;
#1060 = EDGE_CURVE ( 'NONE', #188, #161, #807, .T. ) ;
#1061 = EDGE_LOOP ( 'NONE', ( #1224, #568 ) ) ;
#1062 = CARTESIAN_POINT ( 'NONE',  ( -6.781668850919185587, 2.741484225769767580, -3.999999999999999112 ) ) ;
#1063 = ORIENTED_EDGE ( 'NONE', *, *, #1245, .T. ) ;
#1064 = DIRECTION ( 'NONE',  ( 0.000000000000000000, 0.000000000000000000, 1.000000000000000000 ) ) ;
#1065 = CARTESIAN_POINT ( 'NONE',  ( 0.4582575694955842716, 3.909463493590583649, -4.699999999999999289 ) ) ;
#1066 = DIRECTION ( 'NONE',  ( -1.000000000000000000, 0.000000000000000000, 0.000000000000000000 ) ) ;
#1067 = FACE_OUTER_BOUND ( 'NONE', #926, .T. ) ;
#1068 = LINE ( 'NONE', #464, #812 ) ;
#1069 = ORIENTED_EDGE ( 'NONE', *, *, #1440, .T. ) ;
#1070 = ADVANCED_FACE ( 'NONE', ( #705 ), #404, .T. ) ;
#1071 = ORIENTED_EDGE ( 'NONE', *, *, #1402, .T. ) ;
#1072 = CARTESIAN_POINT ( 'NONE',  ( 9.999999999999994671, 11.17898364348855900, 4.000000000000000000 ) ) ;
#1073 = ORIENTED_EDGE ( 'NONE', *, *, #97, .F. ) ;
#1074 = CARTESIAN_POINT ( 'NONE',  ( 7.066384239949875301, 5.800749281958450077, -7.200000000000000178 ) ) ;
#1075 = CARTESIAN_POINT ( 'NONE',  ( -0.8689792702441685446, 3.933922382233250747, -5.017548045544490520 ) ) ;
#1076 = CARTESIAN_POINT ( 'NONE',  ( -3.221829655369094603, 10.41962734356861908, -6.699999999999999289 ) ) ;
#1077 = DIRECTION ( 'NONE',  ( 1.000000000000000000, 0.000000000000000000, 0.000000000000000000 ) ) ;
#1078 = ORIENTED_EDGE ( 'NONE', *, *, #612, .T. ) ;
#1079 = VECTOR ( 'NONE', #122, 1000.000000000000000 ) ;
#1080 = ORIENTED_EDGE ( 'NONE', *, *, #846, .T. ) ;
#1081 = CARTESIAN_POINT ( 'NONE',  ( -6.594427657184521507, 3.074157267755206480, -4.054529076161387913 ) ) ;
#1082 = EDGE_CURVE ( 'NONE', #417, #170, #1281, .T. ) ;
#1083 = CIRCLE ( 'NONE', #1115, 14.09999999999999964 ) ;
#1084 = ORIENTED_EDGE ( 'NONE', *, *, #1359, .F. ) ;
#1085 = CARTESIAN_POINT ( 'NONE',  ( 9.999999999999994671, 11.17898364348855900, -4.000000000000000000 ) ) ;
#1086 = DIRECTION ( 'NONE',  ( 1.000000000000000000, 0.000000000000000000, -0.000000000000000000 ) ) ;
#1087 = LINE ( 'NONE', #1096, #1264 ) ;
#1088 = DIRECTION ( 'NONE',  ( -0.000000000000000000, -0.000000000000000000, -1.000000000000000000 ) ) ;
#1089 = ORIENTED_EDGE ( 'NONE', *, *, #236, .F. ) ;
#1090 = CARTESIAN_POINT ( 'NONE',  ( 3.221829655369093715, 10.41962734356861908, -4.699999999999999289 ) ) ;
#1091 = ORIENTED_EDGE ( 'NONE', *, *, #246, .T. ) ;
#1092 = DIRECTION ( 'NONE',  ( 0.000000000000000000, 0.000000000000000000, 1.000000000000000000 ) ) ;
#1093 = VERTEX_POINT ( 'NONE', #1002 ) ;
#1094 = DIRECTION ( 'NONE',  ( -1.000000000000000000, 0.000000000000000000, -0.000000000000000000 ) ) ;
#1095 = CARTESIAN_POINT ( 'NONE',  ( -1.100074274868320545, 3.954646379795939470, -5.908049812389901234 ) ) ;
#1096 = CARTESIAN_POINT ( 'NONE',  ( 1.836970198721033385E-16, 5.000000000000000000, -6.799999999999999822 ) ) ;
#1097 = DIRECTION ( 'NONE',  ( 0.000000000000000000, 0.000000000000000000, 1.000000000000000000 ) ) ;
#1098 = CARTESIAN_POINT ( 'NONE',  ( 0.000000000000000000, 15.00000000000000000, -6.699999999999999289 ) ) ;
#1099 = EDGE_CURVE ( 'NONE', #1843, #450, #584, .T. ) ;
#1100 = ORIENTED_EDGE ( 'NONE', *, *, #857, .T. ) ;
#1101 = DIRECTION ( 'NONE',  ( 0.000000000000000000, 0.000000000000000000, -1.000000000000000000 ) ) ;
#1102 = ORIENTED_EDGE ( 'NONE', *, *, #401, .F. ) ;
#1103 = CARTESIAN_POINT ( 'NONE',  ( -8.632918162187936062, 5.666412008036407322, -4.554071840386098913 ) ) ;
#1104 = ORIENTED_EDGE ( 'NONE', *, *, #224, .F. ) ;
#1105 = FACE_OUTER_BOUND ( 'NONE', #480, .T. ) ;
#1106 = DIRECTION ( 'NONE',  ( 0.000000000000000000, 0.000000000000000000, 1.000000000000000000 ) ) ;
#1107 = CARTESIAN_POINT ( 'NONE',  ( 1.836970198721033385E-16, 5.000000000000000000, -5.699999999999999289 ) ) ;
#1108 = CARTESIAN_POINT ( 'NONE',  ( 0.7834526240564835264, 2.925280129957439357, -6.476171237977483841 ) ) ;
#1109 = EDGE_CURVE ( 'NONE', #1537, #1522, #693, .T. ) ;
#1110 = DIRECTION ( 'NONE',  ( 0.5000000000000011102, -0.8660254037844380415, 0.000000000000000000 ) ) ;
#1111 = ORIENTED_EDGE ( 'NONE', *, *, #1555, .T. ) ;
#1112 = AXIS2_PLACEMENT_3D ( 'NONE', #756, #1759, #731 ) ;
#1113 = CARTESIAN_POINT ( 'NONE',  ( -3.756493323742884360, 10.84651870392236006, -5.102360349744994750 ) ) ;
#1114 = CARTESIAN_POINT ( 'NONE',  ( 0.000000000000000000, 15.00000000000000000, 0.7999999999999999334 ) ) ;
#1115 = AXIS2_PLACEMENT_3D ( 'NONE', #664, #1355, #66 ) ;
#1116 = VECTOR ( 'NONE', #1764, 1000.000000000000000 ) ;
#1117 = CARTESIAN_POINT ( 'NONE',  ( -5.300000000000000711, 2.549999999999998490, -4.000000000000000000 ) ) ;
#1118 = LINE ( 'NONE', #1661, #494 ) ;
#1119 = AXIS2_PLACEMENT_3D ( 'NONE', #307, #1619, #477 ) ;
#1120 = AXIS2_PLACEMENT_3D ( 'NONE', #622, #1193, #1638 ) ;
#1121 = CARTESIAN_POINT ( 'NONE',  ( 3.099999999999999645, 15.00000000000000000, -0.7999999999999999334 ) ) ;
#1122 = ORIENTED_EDGE ( 'NONE', *, *, #634, .F. ) ;
#1123 = CARTESIAN_POINT ( 'NONE',  ( -0.3118131070520673842, 2.906838154864747281, -6.757802693591991705 ) ) ;
#1124 = DIRECTION ( 'NONE',  ( -1.000000000000000000, 0.000000000000000000, 0.000000000000000000 ) ) ;
#1125 = PRESENTATION_STYLE_ASSIGNMENT (( #286 ) ) ;
#1126 = CYLINDRICAL_SURFACE ( 'NONE', #1859, 0.4999999999999997780 ) ;
#1127 = ORIENTED_EDGE ( 'NONE', *, *, #245, .T. ) ;
#1128 = CARTESIAN_POINT ( 'NONE',  ( -3.221829655369093270, 10.41962734356862086, -4.699999999999999289 ) ) ;
#1129 = CARTESIAN_POINT ( 'NONE',  ( 3.599610614244624696, 10.71015111853372836, -6.000000000000000000 ) ) ;
#1130 = DIRECTION ( 'NONE',  ( -0.000000000000000000, -0.000000000000000000, 1.000000000000000000 ) ) ;
#1131 = EDGE_CURVE ( 'NONE', #1585, #417, #1534, .T. ) ;
#1132 = FACE_OUTER_BOUND ( 'NONE', #1697, .T. ) ;
#1133 = DIRECTION ( 'NONE',  ( 1.000000000000000000, 0.000000000000000000, 0.000000000000000000 ) ) ;
#1134 = ORIENTED_EDGE ( 'NONE', *, *, #103, .T. ) ;
#1135 = CARTESIAN_POINT ( 'NONE',  ( -4.760800568907908037, 12.04840190868864269, -4.011620911428907199 ) ) ;
#1136 = CARTESIAN_POINT ( 'NONE',  ( 5.639121320017084216, 3.184789041481810301, -4.272834279539437397 ) ) ;
#1137 = AXIS2_PLACEMENT_3D ( 'NONE', #1107, #508, #1660 ) ;
#1138 = LINE ( 'NONE', #279, #894 ) ;
#1139 = VECTOR ( 'NONE', #1507, 1000.000000000000000 ) ;
#1140 = CARTESIAN_POINT ( 'NONE',  ( -1.058300524425835887, 2.946369841412919133, -6.000000000000000000 ) ) ;
#1141 = CARTESIAN_POINT ( 'NONE',  ( -6.000000000000005329, 7.999999999999998224, -4.000000000000000000 ) ) ;
#1142 = ORIENTED_EDGE ( 'NONE', *, *, #1773, .T. ) ;
#1143 = B_SPLINE_CURVE_WITH_KNOTS ( 'NONE', 3,
 ( #1510, #967, #206, #1529, #228, #787, #809, #1365, #1389, #91, #675, #1252, #1824, #1679, #1266, #1129 ),
 .UNSPECIFIED., .F., .F.,
 ( 4, 2, 2, 2, 2, 2, 2, 4 ),
 ( 8.673617379884035472E-19, 0.0003959803220080575746, 0.0007919606440161142819, 0.001187940966024170989, 0.001583921288032227696, 0.002375881932048342846, 0.002771862254056400420, 0.003167842576064458862 ),
 .UNSPECIFIED. ) ;
#1144 = EDGE_CURVE ( 'NONE', #1526, #1818, #1056, .T. ) ;
#1145 = CARTESIAN_POINT ( 'NONE',  ( 7.386365682596181870, 5.767105031610165078, -7.164873686270502695 ) ) ;
#1146 = DIRECTION ( 'NONE',  ( 0.000000000000000000, 0.000000000000000000, 1.000000000000000000 ) ) ;
#1147 = FACE_OUTER_BOUND ( 'NONE', #71, .T. ) ;
#1148 = ADVANCED_FACE ( 'NONE', ( #1433 ), #138, .T. ) ;
#1149 = LINE ( 'NONE', #1020, #1201 ) ;
#1150 = ORIENTED_EDGE ( 'NONE', *, *, #1604, .F. ) ;
#1151 = ORIENTED_EDGE ( 'NONE', *, *, #269, .F. ) ;
#1152 = VERTEX_POINT ( 'NONE', #156 ) ;
#1153 = CARTESIAN_POINT ( 'NONE',  ( -5.391026696651964656, 2.179015093553875460, -4.006805495089392544 ) ) ;
#1154 = CARTESIAN_POINT ( 'NONE',  ( -9.999999999999994671, 0.000000000000000000, -4.000000000000000000 ) ) ;
#1155 = CARTESIAN_POINT ( 'NONE',  ( -1.036490800757476238, 2.944454962518168184, -6.076937473319357963 ) ) ;
#1156 = DIRECTION ( 'NONE',  ( 0.000000000000000000, 1.000000000000000000, 0.000000000000000000 ) ) ;
#1157 = CARTESIAN_POINT ( 'NONE',  ( -6.000000000000005329, 7.999999999999998224, 4.000000000000000000 ) ) ;
#1158 = ADVANCED_FACE ( 'NONE', ( #1732 ), #1300, .F. ) ;
#1159 = EDGE_LOOP ( 'NONE', ( #81, #1709, #1805, #495, #209, #1422, #222, #780, #1006, #669, #1499, #1262, #1506, #688, #130 ) ) ;
#1160 = ORIENTED_EDGE ( 'NONE', *, *, #893, .F. ) ;
#1161 = LINE ( 'NONE', #737, #1169 ) ;
#1162 = FACE_OUTER_BOUND ( 'NONE', #1685, .T. ) ;
#1163 = CARTESIAN_POINT ( 'NONE',  ( 0.4582575694955842716, 3.909463493590583649, -6.699999999999999289 ) ) ;
#1164 = AXIS2_PLACEMENT_3D ( 'NONE', #1494, #1086, #375 ) ;
#1165 = FILL_AREA_STYLE_COLOUR ( '', #1567 ) ;
#1166 = VERTEX_POINT ( 'NONE', #1608 ) ;
#1167 = AXIS2_PLACEMENT_3D ( 'NONE', #937, #525, #390 ) ;
#1168 = CIRCLE ( 'NONE', #356, 5.599999999999997868 ) ;
#1169 = VECTOR ( 'NONE', #1034, 1000.000000000000000 ) ;
#1170 = ORIENTED_EDGE ( 'NONE', *, *, #623, .T. ) ;
#1171 = VECTOR ( 'NONE', #287, 1000.000000000000114 ) ;
#1172 = ADVANCED_FACE ( 'NONE', ( #605, #1162 ), #24, .T. ) ;
#1173 = VERTEX_POINT ( 'NONE', #871 ) ;
#1174 = CARTESIAN_POINT ( 'NONE',  ( -5.515751031917739411, 2.023617971333519616, -4.000000000000000000 ) ) ;
#1175 = CARTESIAN_POINT ( 'NONE',  ( 0.000000000000000000, 15.00000000000000000, -0.7999999999999999334 ) ) ;
#1176 = DIRECTION ( 'NONE',  ( 1.000000000000000000, 0.000000000000000000, 0.000000000000000000 ) ) ;
#1177 = PRESENTATION_STYLE_ASSIGNMENT (( #1342 ) ) ;
#1178 = DIRECTION ( 'NONE',  ( 1.000000000000000000, 0.000000000000000000, 0.000000000000000000 ) ) ;
#1179 = ORIENTED_EDGE ( 'NONE', *, *, #1354, .F. ) ;
#1180 = ORIENTED_EDGE ( 'NONE', *, *, #1036, .T. ) ;
#1181 = DIRECTION ( 'NONE',  ( -1.000000000000000000, 0.000000000000000000, 0.000000000000000000 ) ) ;
#1182 = EDGE_CURVE ( 'NONE', #1152, #1203, #743, .T. ) ;
#1183 = DIRECTION ( 'NONE',  ( 0.000000000000000000, 0.000000000000000000, 1.000000000000000000 ) ) ;
#1184 = CARTESIAN_POINT ( 'NONE',  ( 3.524788121422265164, 10.02145917973142630, -7.200000000000000178 ) ) ;
#1185 = DIRECTION ( 'NONE',  ( 0.000000000000000000, 0.000000000000000000, 1.000000000000000000 ) ) ;
#1186 = FACE_OUTER_BOUND ( 'NONE', #1449, .T. ) ;
#1187 = B_SPLINE_CURVE_WITH_KNOTS ( 'NONE', 3,
 ( #1633, #1062, #658, #337, #1081, #1233, #939, #1482, #918, #329, #212, #1806, #792, #761 ),
 .UNSPECIFIED., .F., .F.,
 ( 4, 2, 2, 2, 2, 2, 4 ),
 ( 0.000000000000000000, 0.0002882912704570882926, 0.0005765825409141765853, 0.001153165081828351002, 0.001441456352285438482, 0.001729747622742525527, 0.002306330163656698535 ),
 .UNSPECIFIED. ) ;
#1188 = ORIENTED_EDGE ( 'NONE', *, *, #276, .T. ) ;
#1189 = ORIENTED_EDGE ( 'NONE', *, *, #1313, .F. ) ;
#1190 = DIRECTION ( 'NONE',  ( -0.000000000000000000, -0.000000000000000000, 1.000000000000000000 ) ) ;
#1191 = CARTESIAN_POINT ( 'NONE',  ( 0.000000000000000000, 15.00000000000000000, 0.7999999999999999334 ) ) ;
#1192 = CARTESIAN_POINT ( 'NONE',  ( 3.544766646206110039, 10.17647783191516098, -7.199999999999997513 ) ) ;
#1193 = DIRECTION ( 'NONE',  ( 0.000000000000000000, 0.000000000000000000, 1.000000000000000000 ) ) ;
#1194 = CARTESIAN_POINT ( 'NONE',  ( -3.544766646206170435, 10.17647783191515565, -7.199999999999997513 ) ) ;
#1195 = AXIS2_PLACEMENT_3D ( 'NONE', #827, #1401, #1548 ) ;
#1196 = EDGE_LOOP ( 'NONE', ( #1406, #1179, #117, #1820, #1746, #1786, #1279 ) ) ;
#1197 = AXIS2_PLACEMENT_3D ( 'NONE', #1681, #533, #1230 ) ;
#1198 = VECTOR ( 'NONE', #53, 1000.000000000000000 ) ;
#1199 = EDGE_LOOP ( 'NONE', ( #211, #526, #781, #282 ) ) ;
#1200 = LINE ( 'NONE', #1338, #865 ) ;
#1201 = VECTOR ( 'NONE', #1574, 1000.000000000000000 ) ;
#1202 = CIRCLE ( 'NONE', #1287, 5.599999999999997868 ) ;
#1203 = VERTEX_POINT ( 'NONE', #1017 ) ;
#1204 = FACE_OUTER_BOUND ( 'NONE', #1448, .T. ) ;
#1205 = CARTESIAN_POINT ( 'NONE',  ( 0.000000000000000000, 15.00000000000000000, -7.200000000000000178 ) ) ;
#1206 = DIRECTION ( 'NONE',  ( 1.000000000000000000, 0.000000000000000000, 0.000000000000000000 ) ) ;
#1207 = CARTESIAN_POINT ( 'NONE',  ( 6.799999999999998934, 2.549999999999998490, 4.000000000000000000 ) ) ;
#1208 = EDGE_CURVE ( 'NONE', #22, #1666, #543, .T. ) ;
#1209 = ORIENTED_EDGE ( 'NONE', *, *, #1597, .F. ) ;
#1210 = VERTEX_POINT ( 'NONE', #297 ) ;
#1211 = DIRECTION ( 'NONE',  ( 1.000000000000000000, 0.000000000000000000, 0.000000000000000000 ) ) ;
#1212 = VERTEX_POINT ( 'NONE', #304 ) ;
#1213 = DIRECTION ( 'NONE',  ( 0.000000000000000000, 0.000000000000000000, 1.000000000000000000 ) ) ;
#1214 = CARTESIAN_POINT ( 'NONE',  ( -1.039450516680668679, 3.948189937220589751, -6.116803719352524205 ) ) ;
#1215 = ADVANCED_FACE ( 'NONE', ( #1750 ), #5, .T. ) ;
#1216 = FACE_OUTER_BOUND ( 'NONE', #840, .T. ) ;
#1217 = CARTESIAN_POINT ( 'NONE',  ( 5.391498341971056263, 2.178017482837681928, -4.006669218333883009 ) ) ;
#1218 = VERTEX_POINT ( 'NONE', #1445 ) ;
#1219 = ADVANCED_FACE ( 'NONE', ( #148 ), #163, .F. ) ;
#1220 = CIRCLE ( 'NONE', #1454, 0.7499999999999988898 ) ;
#1221 = VERTEX_POINT ( 'NONE', #1306 ) ;
#1222 = EDGE_CURVE ( 'NONE', #579, #1772, #1478, .T. ) ;
#1223 = DIRECTION ( 'NONE',  ( -0.000000000000000000, 1.000000000000000000, -0.000000000000000000 ) ) ;
#1224 = ORIENTED_EDGE ( 'NONE', *, *, #1576, .F. ) ;
#1225 = LINE ( 'NONE', #1372, #994 ) ;
#1226 = DIRECTION ( 'NONE',  ( -1.000000000000000000, 0.000000000000000000, 0.000000000000000000 ) ) ;
#1227 = LINE ( 'NONE', #922, #132 ) ;
#1228 = CARTESIAN_POINT ( 'NONE',  ( -17.88854381999829712, 25.99999999999997513, 4.000000000000000000 ) ) ;
#1229 = ORIENTED_EDGE ( 'NONE', *, *, #470, .T. ) ;
#1230 = DIRECTION ( 'NONE',  ( 0.000000000000000000, 0.000000000000000000, 1.000000000000000000 ) ) ;
#1231 = AXIS2_PLACEMENT_3D ( 'NONE', #1239, #1812, #1066 ) ;
#1232 = ORIENTED_EDGE ( 'NONE', *, *, #1509, .F. ) ;
#1233 = CARTESIAN_POINT ( 'NONE',  ( -6.377751606941147067, 3.249748629966207503, -4.129631209733112485 ) ) ;
#1234 = VECTOR ( 'NONE', #1829, 1000.000000000000000 ) ;
#1235 = EDGE_CURVE ( 'NONE', #1651, #571, #672, .T. ) ;
#1236 = ORIENTED_EDGE ( 'NONE', *, *, #587, .T. ) ;
#1237 = PLANE ( 'NONE',  #391 ) ;
#1238 = DIRECTION ( 'NONE',  ( -1.000000000000000000, 0.000000000000000000, 0.000000000000000000 ) ) ;
#1239 = CARTESIAN_POINT ( 'NONE',  ( 6.000000000000005329, 11.17898364348855900, 4.000000000000000000 ) ) ;
#1240 = DIRECTION ( 'NONE',  ( 0.000000000000000000, 0.000000000000000000, -1.000000000000000000 ) ) ;
#1241 = EDGE_CURVE ( 'NONE', #22, #1721, #920, .T. ) ;
#1242 = VECTOR ( 'NONE', #1826, 1000.000000000000000 ) ;
#1243 = ORIENTED_EDGE ( 'NONE', *, *, #1436, .T. ) ;
#1244 = CARTESIAN_POINT ( 'NONE',  ( -5.111012519999514225, 18.14285714285712103, -4.000000000000000000 ) ) ;
#1245 = EDGE_CURVE ( 'NONE', #425, #1309, #784, .T. ) ;
#1246 = ORIENTED_EDGE ( 'NONE', *, *, #1552, .T. ) ;
#1247 = CARTESIAN_POINT ( 'NONE',  ( 0.6416445027753143737, 3.918277387636909914, -6.599587038634460612 ) ) ;
#1248 = ORIENTED_EDGE ( 'NONE', *, *, #422, .F. ) ;
#1249 = CARTESIAN_POINT ( 'NONE',  ( -7.777730077207141157, 5.730862238260378660, -6.699999999999999289 ) ) ;
#1250 = EDGE_CURVE ( 'NONE', #308, #338, #1803, .T. ) ;
#1251 = DIRECTION ( 'NONE',  ( 1.000000000000000000, 0.000000000000000000, 0.000000000000000000 ) ) ;
#1252 = CARTESIAN_POINT ( 'NONE',  ( 3.680109623108126726, 10.77869361647657165, -5.344891576953138213 ) ) ;
#1253 = CARTESIAN_POINT ( 'NONE',  ( -6.793988405988368839, 2.644769466363825039, -4.000000000000000000 ) ) ;
#1254 = CYLINDRICAL_SURFACE ( 'NONE', #1167, 11.09999999999999787 ) ;
#1255 = ORIENTED_EDGE ( 'NONE', *, *, #801, .F. ) ;
#1256 = ADVANCED_FACE ( 'NONE', ( #661 ), #1667, .T. ) ;
#1257 = CARTESIAN_POINT ( 'NONE',  ( -5.318413185329502468, 2.358541524249943677, -4.035034686209119315 ) ) ;
#1258 = DIRECTION ( 'NONE',  ( 1.000000000000000000, 0.000000000000000000, 0.000000000000000000 ) ) ;
#1259 = CARTESIAN_POINT ( 'NONE',  ( -5.300000000000000711, 2.549999999999998490, 4.000000000000000000 ) ) ;
#1260 = DIRECTION ( 'NONE',  ( -1.000000000000000000, 0.000000000000000000, 0.000000000000000000 ) ) ;
#1261 = CARTESIAN_POINT ( 'NONE',  ( 0.000000000000000000, 15.00000000000000000, -6.699999999999999289 ) ) ;
#1262 = ORIENTED_EDGE ( 'NONE', *, *, #437, .F. ) ;
#1263 = CARTESIAN_POINT ( 'NONE',  ( 9.999999999999994671, 5.798990368095195080, -4.012100802605108818 ) ) ;
#1264 = VECTOR ( 'NONE', #1637, 1000.000000000000000 ) ;
#1265 = VECTOR ( 'NONE', #1223, 1000.000000000000000 ) ;
#1266 = CARTESIAN_POINT ( 'NONE',  ( 3.599610614244624252, 10.71015111853372659, -5.866143978394243064 ) ) ;
#1267 = DIRECTION ( 'NONE',  ( 1.000000000000000000, 0.000000000000000000, 0.000000000000000000 ) ) ;
#1268 = AXIS2_PLACEMENT_3D ( 'NONE', #288, #129, #1005 ) ;
#1269 = CIRCLE ( 'NONE', #544, 14.99999999999998046 ) ;
#1270 = CARTESIAN_POINT ( 'NONE',  ( 7.777730077207136716, 5.730862238260373331, -7.200000000000000178 ) ) ;
#1271 = EDGE_CURVE ( 'NONE', #29, #482, #233, .T. ) ;
#1272 = ORIENTED_EDGE ( 'NONE', *, *, #1844, .F. ) ;
#1273 = DIRECTION ( 'NONE',  ( 1.000000000000000000, 0.000000000000000000, 0.000000000000000000 ) ) ;
#1274 = DIRECTION ( 'NONE',  ( -0.000000000000000000, 1.000000000000000000, -0.000000000000000000 ) ) ;
#1275 = CARTESIAN_POINT ( 'NONE',  ( 0.4582575694955842716, 2.908680799846528942, -6.699999999999999289 ) ) ;
#1276 = EDGE_CURVE ( 'NONE', #1545, #1416, #295, .T. ) ;
#1277 = CARTESIAN_POINT ( 'NONE',  ( 1.100074274868320989, 3.954646379795941247, -5.491950187610093792 ) ) ;
#1278 = CARTESIAN_POINT ( 'NONE',  ( -6.000000000000005329, 7.999999999999998224, -2.000000000000000000 ) ) ;
#1279 = ORIENTED_EDGE ( 'NONE', *, *, #692, .T. ) ;
#1280 = CARTESIAN_POINT ( 'NONE',  ( -4.543089899024917777, 11.72350105073141435, -4.096072606679785011 ) ) ;
#1281 = LINE ( 'NONE', #1410, #231 ) ;
#1282 = CARTESIAN_POINT ( 'NONE',  ( -0.4582575694955839385, 2.908680799846528053, -6.699999999999999289 ) ) ;
#1283 = DIRECTION ( 'NONE',  ( -0.000000000000000000, -0.000000000000000000, 1.000000000000000000 ) ) ;
#1284 = DIRECTION ( 'NONE',  ( -1.000000000000000000, 0.000000000000000000, 0.000000000000000000 ) ) ;
#1285 = ORIENTED_EDGE ( 'NONE', *, *, #1379, .T. ) ;
#1286 = CARTESIAN_POINT ( 'NONE',  ( 9.999999999999994671, 5.604662425962323447, -4.036192668931685823 ) ) ;
#1287 = AXIS2_PLACEMENT_3D ( 'NONE', #932, #90, #1238 ) ;
#1288 = CARTESIAN_POINT ( 'NONE',  ( 6.656872230449709882, 3.000811839574559770, -4.033694405296642138 ) ) ;
#1289 = AXIS2_PLACEMENT_3D ( 'NONE', #842, #690, #1418 ) ;
#1290 = CARTESIAN_POINT ( 'NONE',  ( 0.000000000000000000, 15.00000000000000000, -7.200000000000000178 ) ) ;
#1291 = EDGE_CURVE ( 'NONE', #424, #772, #1292, .T. ) ;
#1292 = CIRCLE ( 'NONE', #472, 3.099999999999999645 ) ;
#1293 = DIRECTION ( 'NONE',  ( -1.000000000000000000, 0.000000000000000000, 0.000000000000000000 ) ) ;
#1294 = VERTEX_POINT ( 'NONE', #650 ) ;
#1295 = CIRCLE ( 'NONE', #42, 0.7499999999999988898 ) ;
#1296 = VERTEX_POINT ( 'NONE', #40 ) ;
#1297 = ORIENTED_EDGE ( 'NONE', *, *, #1823, .T. ) ;
#1298 = CARTESIAN_POINT ( 'NONE',  ( -5.445909644507940683, 2.094503159506917900, -4.000000000000000000 ) ) ;
#1299 = ADVANCED_FACE ( 'NONE', ( #929, #1204 ), #1237, .F. ) ;
#1300 = CYLINDRICAL_SURFACE ( 'NONE', #1652, 14.99999999999997868 ) ;
#1301 = DIRECTION ( 'NONE',  ( 0.000000000000000000, 0.000000000000000000, 1.000000000000000000 ) ) ;
#1302 = PLANE ( 'NONE',  #747 ) ;
#1303 = ORIENTED_EDGE ( 'NONE', *, *, #857, .F. ) ;
#1304 = EDGE_LOOP ( 'NONE', ( #1795, #917, #1310, #1297 ) ) ;
#1305 = DIRECTION ( 'NONE',  ( 0.000000000000000000, 0.000000000000000000, -1.000000000000000000 ) ) ;
#1306 = CARTESIAN_POINT ( 'NONE',  ( 9.999999999999994671, 6.193911727778760756, -4.000000000000000000 ) ) ;
#1307 = CARTESIAN_POINT ( 'NONE',  ( -9.999999999999994671, 11.17898364348855900, 4.000000000000000000 ) ) ;
#1308 = FACE_OUTER_BOUND ( 'NONE', #440, .T. ) ;
#1309 = VERTEX_POINT ( 'NONE', #1074 ) ;
#1310 = ORIENTED_EDGE ( 'NONE', *, *, #1235, .F. ) ;
#1311 = ORIENTED_EDGE ( 'NONE', *, *, #948, .T. ) ;
#1312 = CARTESIAN_POINT ( 'NONE',  ( 8.747507236772037231, 5.659319982173927066, -4.479010846666872325 ) ) ;
#1313 = EDGE_CURVE ( 'NONE', #641, #1492, #1225, .T. ) ;
#1314 = CARTESIAN_POINT ( 'NONE',  ( -1.059188859601295718, 2.853084490396582407, -5.390974079273811448 ) ) ;
#1315 = CARTESIAN_POINT ( 'NONE',  ( 3.562742033571791200, 10.33328771134522839, -7.161988833154714129 ) ) ;
#1316 = CARTESIAN_POINT ( 'NONE',  ( 0.000000000000000000, 15.00000000000000000, -6.000000000000000000 ) ) ;
#1317 = FACE_OUTER_BOUND ( 'NONE', #49, .T. ) ;
#1318 = AXIS2_PLACEMENT_3D ( 'NONE', #471, #1616, #1598 ) ;
#1319 = VECTOR ( 'NONE', #1461, 1000.000000000000000 ) ;
#1320 = ORIENTED_EDGE ( 'NONE', *, *, #1581, .T. ) ;
#1321 = EDGE_CURVE ( 'NONE', #1173, #1774, #952, .T. ) ;
#1322 = AXIS2_PLACEMENT_3D ( 'NONE', #575, #1301, #1293 ) ;
#1323 = ORIENTED_EDGE ( 'NONE', *, *, #1082, .T. ) ;
#1324 = CARTESIAN_POINT ( 'NONE',  ( 0.000000000000000000, 15.00000000000000000, -6.699999999999999289 ) ) ;
#1325 = CARTESIAN_POINT ( 'NONE',  ( -1.058300524425835887, 2.946369841412919133, -6.000000000000000000 ) ) ;
#1326 = CARTESIAN_POINT ( 'NONE',  ( -9.999999999999994671, 5.242140715164196330, -3.999999999999985345 ) ) ;
#1327 =( NAMED_UNIT ( * ) PLANE_ANGLE_UNIT ( ) SI_UNIT ( $, .RADIAN. ) );
#1328 = CARTESIAN_POINT ( 'NONE',  ( -3.562742033571792533, 10.33328771134523549, -7.161988833154715017 ) ) ;
#1329 = ORIENTED_EDGE ( 'NONE', *, *, #958, .F. ) ;
#1330 = ORIENTED_EDGE ( 'NONE', *, *, #1747, .T. ) ;
#1331 = CARTESIAN_POINT ( 'NONE',  ( 7.858523343032660868, 5.723624833636028697, -5.462803826046848776 ) ) ;
#1332 = CARTESIAN_POINT ( 'NONE',  ( 6.031327667784382933E-16, 2.328285685708569197, -4.599999999999998757 ) ) ;
#1333 = CARTESIAN_POINT ( 'NONE',  ( -3.099999999999999645, 15.00000000000000000, -4.000000000000000000 ) ) ;
#1334 = APPLICATION_PROTOCOL_DEFINITION ( 'draft international standard', 'automotive_design', 1998, #815 ) ;
#1335 = DIRECTION ( 'NONE',  ( 0.000000000000000000, 0.000000000000000000, 1.000000000000000000 ) ) ;
#1336 = ORIENTED_EDGE ( 'NONE', *, *, #879, .F. ) ;
#1337 = ORIENTED_EDGE ( 'NONE', *, *, #205, .F. ) ;
#1338 = CARTESIAN_POINT ( 'NONE',  ( 6.950000000000006395, 7.999999999999998224, -4.000000000000000000 ) ) ;
#1339 = DIRECTION ( 'NONE',  ( 0.000000000000000000, 0.000000000000000000, 1.000000000000000000 ) ) ;
#1340 = CARTESIAN_POINT ( 'NONE',  ( 3.597241013273755339, 10.68262350112554593, -6.855971506161085749 ) ) ;
#1341 = DIRECTION ( 'NONE',  ( 0.000000000000000000, 0.000000000000000000, 1.000000000000000000 ) ) ;
#1342 = SURFACE_STYLE_USAGE ( .BOTH. , #1456 ) ;
#1343 = DIRECTION ( 'NONE',  ( 0.000000000000000000, 0.000000000000000000, 1.000000000000000000 ) ) ;
#1344 = AXIS2_PLACEMENT_3D ( 'NONE', #850, #835, #706 ) ;
#1345 = VERTEX_POINT ( 'NONE', #203 ) ;
#1346 = VECTOR ( 'NONE', #259, 1000.000000000000000 ) ;
#1347 = ORIENTED_EDGE ( 'NONE', *, *, #313, .F. ) ;
#1348 = CARTESIAN_POINT ( 'NONE',  ( -6.950000000000006395, 7.999999999999998224, -4.000000000000000000 ) ) ;
#1349 = PRESENTATION_LAYER_ASSIGNMENT (  '', '', ( #512 ) ) ;
#1350 = EDGE_CURVE ( 'NONE', #69, #27, #331, .T. ) ;
#1351 = ORIENTED_EDGE ( 'NONE', *, *, #762, .F. ) ;
#1352 = LINE ( 'NONE', #1363, #1198 ) ;
#1353 = DIRECTION ( 'NONE',  ( -0.6427876096865404731, -0.7660444431189770143, 0.000000000000000000 ) ) ;
#1354 = EDGE_CURVE ( 'NONE', #482, #1492, #1352, .T. ) ;
#1355 = DIRECTION ( 'NONE',  ( 0.000000000000000000, 0.000000000000000000, 1.000000000000000000 ) ) ;
#1356 = DIRECTION ( 'NONE',  ( 1.000000000000000000, 0.000000000000000000, 0.000000000000000000 ) ) ;
#1357 = CARTESIAN_POINT ( 'NONE',  ( 1.041617987397478462, 2.828547359469964384, -5.306812185841217833 ) ) ;
#1358 = ORIENTED_EDGE ( 'NONE', *, *, #144, .T. ) ;
#1359 = EDGE_CURVE ( 'NONE', #767, #1585, #519, .T. ) ;
#1360 = ORIENTED_EDGE ( 'NONE', *, *, #1271, .T. ) ;
#1361 = CARTESIAN_POINT ( 'NONE',  ( 0.000000000000000000, 15.00000000000000000, -6.699999999999999289 ) ) ;
#1362 = ORIENTED_EDGE ( 'NONE', *, *, #1458, .F. ) ;
#1363 = CARTESIAN_POINT ( 'NONE',  ( -9.999999999999994671, 11.17898364348855900, 4.000000000000000000 ) ) ;
#1364 = DIRECTION ( 'NONE',  ( 0.7660444431189771253, -0.6427876096865405842, 0.000000000000000000 ) ) ;
#1365 = CARTESIAN_POINT ( 'NONE',  ( 4.176256309380925735, 11.26753187840262527, -4.394617100811426980 ) ) ;
#1366 = CARTESIAN_POINT ( 'NONE',  ( 5.445949923976474594, 2.094462278049482595, -3.999999999999999112 ) ) ;
#1367 = ORIENTED_EDGE ( 'NONE', *, *, #656, .T. ) ;
#1368 = LINE ( 'NONE', #1244, #1712 ) ;
#1369 = ORIENTED_EDGE ( 'NONE', *, *, #876, .F. ) ;
#1370 = DIRECTION ( 'NONE',  ( 1.000000000000000000, 0.000000000000000000, 0.000000000000000000 ) ) ;
#1371 = ORIENTED_EDGE ( 'NONE', *, *, #555, .F. ) ;
#1372 = CARTESIAN_POINT ( 'NONE',  ( -9.999999999999994671, 0.000000000000000000, -4.000000000000000000 ) ) ;
#1373 = CARTESIAN_POINT ( 'NONE',  ( -0.7998498368963943284, 3.928571728827485732, -4.937632144934146261 ) ) ;
#1374 = PLANE ( 'NONE',  #442 ) ;
#1375 = CYLINDRICAL_SURFACE ( 'NONE', #256, 11.09999999999999787 ) ;
#1376 = EDGE_LOOP ( 'NONE', ( #1360, #718, #1078, #928, #266, #1358, #877, #1091 ) ) ;
#1377 = DIRECTION ( 'NONE',  ( 0.6427876096865404731, 0.7660444431189770143, -0.000000000000000000 ) ) ;
#1378 = AXIS2_PLACEMENT_3D ( 'NONE', #1766, #632, #1057 ) ;
#1379 = EDGE_CURVE ( 'NONE', #338, #308, #966, .T. ) ;
#1380 = VECTOR ( 'NONE', #1146, 1000.000000000000000 ) ;
#1381 = VERTEX_POINT ( 'NONE', #1645 ) ;
#1382 = CARTESIAN_POINT ( 'NONE',  ( 0.8125335620750471222, 3.929193694636254897, -4.929304257443027026 ) ) ;
#1383 = VECTOR ( 'NONE', #1635, 1000.000000000000000 ) ;
#1384 = ORIENTED_EDGE ( 'NONE', *, *, #1653, .F. ) ;
#1385 = CARTESIAN_POINT ( 'NONE',  ( -7.066384239949880630, 5.800749281958450965, -7.200000000000000178 ) ) ;
#1386 = AXIS2_PLACEMENT_3D ( 'NONE', #1361, #502, #1623 ) ;
#1387 = CARTESIAN_POINT ( 'NONE',  ( -6.799999999999998934, 2.549999999999998490, -4.000000000000000000 ) ) ;
#1388 = AXIS2_PLACEMENT_3D ( 'NONE', #1058, #326, #1761 ) ;
#1389 = CARTESIAN_POINT ( 'NONE',  ( 4.104875648455859505, 11.18962409618090525, -4.478488712803978977 ) ) ;
#1390 = DIRECTION ( 'NONE',  ( -0.000000000000000000, -0.000000000000000000, 1.000000000000000000 ) ) ;
#1391 = FACE_OUTER_BOUND ( 'NONE', #1634, .T. ) ;
#1392 = VERTEX_POINT ( 'NONE', #805 ) ;
#1393 = ORIENTED_EDGE ( 'NONE', *, *, #1597, .T. ) ;
#1394 = CARTESIAN_POINT ( 'NONE',  ( 3.099999999999999645, 15.00000000000000000, -4.000000000000000000 ) ) ;
#1395 = FACE_BOUND ( 'NONE', #1027, .T. ) ;
#1396 = CARTESIAN_POINT ( 'NONE',  ( -5.111012519999514225, 18.14285714285712103, -4.000000000000000000 ) ) ;
#1397 = DIRECTION ( 'NONE',  ( 0.000000000000000000, -1.000000000000000000, 0.000000000000000000 ) ) ;
#1398 = ORIENTED_EDGE ( 'NONE', *, *, #979, .F. ) ;
#1399 = EDGE_CURVE ( 'NONE', #1526, #1392, #491, .T. ) ;
#1400 = CARTESIAN_POINT ( 'NONE',  ( -4.894304365578388882, 12.27864284279326768, -4.000000000000000000 ) ) ;
#1401 = DIRECTION ( 'NONE',  ( 0.000000000000000000, 0.000000000000000000, 1.000000000000000000 ) ) ;
#1402 = EDGE_CURVE ( 'NONE', #160, #161, #96, .T. ) ;
#1403 = DIRECTION ( 'NONE',  ( -1.000000000000000000, 0.000000000000000000, -0.000000000000000000 ) ) ;
#1404 = CARTESIAN_POINT ( 'NONE',  ( 7.777730077207136716, 5.730862238260373331, -6.699999999999999289 ) ) ;
#1405 = DIRECTION ( 'NONE',  ( 0.7660444431189770143, -0.6427876096865404731, 0.000000000000000000 ) ) ;
#1406 = ORIENTED_EDGE ( 'NONE', *, *, #1313, .T. ) ;
#1407 = VECTOR ( 'NONE', #685, 1000.000000000000000 ) ;
#1408 = CARTESIAN_POINT ( 'NONE',  ( 6.799999999999998934, 2.549999999999998490, -4.000000000000000000 ) ) ;
#1409 = VECTOR ( 'NONE', #648, 1000.000000000000000 ) ;
#1410 = CARTESIAN_POINT ( 'NONE',  ( 0.4582575694955842716, 5.000000000000000000, -4.699999999999999289 ) ) ;
#1411 =( LENGTH_UNIT ( ) NAMED_UNIT ( * ) SI_UNIT ( .MILLI., .METRE. ) );
#1412 = EDGE_CURVE ( 'NONE', #898, #289, #58, .T. ) ;
#1413 = CARTESIAN_POINT ( 'NONE',  ( -8.322825606334122384, 5.687373747132091317, -4.808054249968392924 ) ) ;
#1414 = ORIENTED_EDGE ( 'NONE', *, *, #1729, .F. ) ;
#1415 = CIRCLE ( 'NONE', #1625, 3.099999999999999645 ) ;
#1416 = VERTEX_POINT ( 'NONE', #977 ) ;
#1417 = CARTESIAN_POINT ( 'NONE',  ( -0.4582575694955839385, 2.908680799846528053, -6.699999999999999289 ) ) ;
#1418 = DIRECTION ( 'NONE',  ( 1.000000000000000000, 0.000000000000000000, 0.000000000000000000 ) ) ;
#1419 = CARTESIAN_POINT ( 'NONE',  ( 0.000000000000000000, 15.00000000000000000, -6.699999999999999289 ) ) ;
#1420 = LINE ( 'NONE', #299, #1171 ) ;
#1421 = CARTESIAN_POINT ( 'NONE',  ( 6.049999999999999822, 2.549999999999998490, 4.000000000000000000 ) ) ;
#1422 = ORIENTED_EDGE ( 'NONE', *, *, #1099, .F. ) ;
#1423 = ADVANCED_FACE ( 'NONE', ( #120 ), #832, .F. ) ;
#1424 = DIRECTION ( 'NONE',  ( -0.7660444431189770143, -0.6427876096865404731, 0.000000000000000000 ) ) ;
#1425 = CARTESIAN_POINT ( 'NONE',  ( 6.192784646629942991, 3.310453612332296291, -4.198297635489724122 ) ) ;
#1426 = FILL_AREA_STYLE_COLOUR ( '', #1711 ) ;
#1427 = CARTESIAN_POINT ( 'NONE',  ( -7.777730077207141157, 5.730862238260378660, -6.000000000000000000 ) ) ;
#1428 = ORIENTED_EDGE ( 'NONE', *, *, #948, .F. ) ;
#1429 = VERTEX_POINT ( 'NONE', #1554 ) ;
#1430 = EDGE_CURVE ( 'NONE', #1570, #513, #848, .T. ) ;
#1431 = CARTESIAN_POINT ( 'NONE',  ( -0.4582575694955839385, 3.909463493590583649, -6.699999999999999289 ) ) ;
#1432 = CIRCLE ( 'NONE', #1344, 0.7499999999999988898 ) ;
#1433 = FACE_OUTER_BOUND ( 'NONE', #1594, .T. ) ;
#1434 = CIRCLE ( 'NONE', #629, 11.09999999999999787 ) ;
#1435 = LINE ( 'NONE', #271, #1079 ) ;
#1436 = EDGE_CURVE ( 'NONE', #225, #987, #416, .T. ) ;
#1437 = CARTESIAN_POINT ( 'NONE',  ( 0.8689792702441690997, 3.933922382233249859, -6.382451954455508059 ) ) ;
#1438 = CARTESIAN_POINT ( 'NONE',  ( -5.000000000000000888, 15.00000000000000000, -0.7999999999999999334 ) ) ;
#1439 = PRODUCT_DEFINITION_FORMATION_WITH_SPECIFIED_SOURCE ( '任何', '', #642, .NOT_KNOWN. ) ;
#1440 = EDGE_CURVE ( 'NONE', #63, #439, #554, .T. ) ;
#1441 = ORIENTED_EDGE ( 'NONE', *, *, #221, .T. ) ;
#1442 = B_SPLINE_CURVE_WITH_KNOTS ( 'NONE', 3,
 ( #676, #540, #1790, #968, #1108, #944, #389, #253 ),
 .UNSPECIFIED., .F., .F.,
 ( 4, 2, 2, 4 ),
 ( 5.421010862427522170E-20, 0.0002365621765162097463, 0.0004731243530324194383, 0.0009462487060648387682 ),
 .UNSPECIFIED. ) ;
#1443 = EDGE_LOOP ( 'NONE', ( #465, #1330 ) ) ;
#1444 = CARTESIAN_POINT ( 'NONE',  ( 0.000000000000000000, 15.00000000000000000, -0.7999999999999999334 ) ) ;
#1445 = CARTESIAN_POINT ( 'NONE',  ( 0.4582575694955842716, 2.908680799846528942, -6.699999999999999289 ) ) ;
#1446 = DIRECTION ( 'NONE',  ( 0.000000000000000000, 1.000000000000000000, 0.000000000000000000 ) ) ;
#1447 = CARTESIAN_POINT ( 'NONE',  ( 0.000000000000000000, 15.00000000000000000, -7.200000000000000178 ) ) ;
#1448 = EDGE_LOOP ( 'NONE', ( #1398, #1069, #318, #916, #546, #1748, #886, #1696, #1122, #702 ) ) ;
#1449 = EDGE_LOOP ( 'NONE', ( #616, #951, #715, #726 ) ) ;
#1450 = VERTEX_POINT ( 'NONE', #1128 ) ;
#1451 = CARTESIAN_POINT ( 'NONE',  ( 7.225367145803885727, 5.783390566172561087, -7.199999999999999289 ) ) ;
#1452 = CARTESIAN_POINT ( 'NONE',  ( -0.9201029888181636585, 2.717694958516330583, -5.091769042833975689 ) ) ;
#1453 = CARTESIAN_POINT ( 'NONE',  ( -3.221829655369094603, 10.41962734356861908, -6.699999999999999289 ) ) ;
#1454 = AXIS2_PLACEMENT_3D ( 'NONE', #397, #821, #935 ) ;
#1455 = ADVANCED_FACE ( 'NONE', ( #1105 ), #825, .F. ) ;
#1456 = SURFACE_SIDE_STYLE ('',( #739 ) ) ;
#1457 = CARTESIAN_POINT ( 'NONE',  ( -3.583302963787176498, 10.53346747847771780, -7.037932358672273736 ) ) ;
#1458 = EDGE_CURVE ( 'NONE', #1481, #63, #1531, .T. ) ;
#1459 = EDGE_LOOP ( 'NONE', ( #1613, #1784, #847, #1414, #102, #709, #1100, #560, #1595, #800 ) ) ;
#1460 = ORIENTED_EDGE ( 'NONE', *, *, #882, .F. ) ;
#1461 = DIRECTION ( 'NONE',  ( 0.000000000000000000, 0.000000000000000000, 1.000000000000000000 ) ) ;
#1462 = CARTESIAN_POINT ( 'NONE',  ( -1.096453349678916833, 2.944140272708702266, -5.825371187194721578 ) ) ;
#1463 = CARTESIAN_POINT ( 'NONE',  ( 6.049999999999999822, 2.549999999999998490, -4.000000000000000000 ) ) ;
#1464 = VECTOR ( 'NONE', #921, 1000.000000000000000 ) ;
#1465 = VECTOR ( 'NONE', #1798, 1000.000000000000114 ) ;
#1466 = DIRECTION ( 'NONE',  ( 1.000000000000000000, 0.000000000000000000, 0.000000000000000000 ) ) ;
#1467 = VECTOR ( 'NONE', #1698, 1000.000000000000114 ) ;
#1468 = CIRCLE ( 'NONE', #324, 0.9500000000000011768 ) ;
#1469 = ORIENTED_EDGE ( 'NONE', *, *, #1640, .T. ) ;
#1470 = CIRCLE ( 'NONE', #1566, 0.7499999999999988898 ) ;
#1471 = ORIENTED_EDGE ( 'NONE', *, *, #1695, .T. ) ;
#1472 = DIRECTION ( 'NONE',  ( -0.7660444431189771253, -0.6427876096865405842, 0.000000000000000000 ) ) ;
#1473 = EDGE_CURVE ( 'NONE', #772, #854, #1000, .T. ) ;
#1474 = DIRECTION ( 'NONE',  ( 1.000000000000000000, 0.000000000000000000, 0.000000000000000000 ) ) ;
#1475 = CARTESIAN_POINT ( 'NONE',  ( 3.599610614244625584, 10.71015111853373014, -6.779531687304618970 ) ) ;
#1476 = DIRECTION ( 'NONE',  ( 1.000000000000000000, 0.000000000000000000, 0.000000000000000000 ) ) ;
#1477 = CARTESIAN_POINT ( 'NONE',  ( -3.599610614244627804, 10.71015111853373014, -6.779531687304618970 ) ) ;
#1478 = B_SPLINE_CURVE_WITH_KNOTS ( 'NONE', 3,
 ( #1332, #594, #32, #1765, #880, #1452, #738, #311, #1314, #14, #889, #1462, #748, #1325 ),
 .UNSPECIFIED., .F., .F.,
 ( 4, 2, 2, 2, 2, 2, 4 ),
 ( 0.002322374267331473677, 0.002857113283108866746, 0.003391852298886260247, 0.003659221806774957866, 0.003926591314663656351, 0.004193960822552353536, 0.004461330330441051588 ),
 .UNSPECIFIED. ) ;
#1479 = EDGE_LOOP ( 'NONE', ( #853, #1575, #1514, #524, #1248 ) ) ;
#1480 = EDGE_CURVE ( 'NONE', #133, #1221, #218, .T. ) ;
#1481 = VERTEX_POINT ( 'NONE', #1676 ) ;
#1482 = CARTESIAN_POINT ( 'NONE',  ( -5.911071343239536979, 3.292951183592797371, -4.259170033060953209 ) ) ;
#1483 = DIRECTION ( 'NONE',  ( 1.000000000000000000, 0.000000000000000000, -0.000000000000000000 ) ) ;
#1484 = DIRECTION ( 'NONE',  ( -0.000000000000000000, -0.000000000000000000, 1.000000000000000000 ) ) ;
#1485 = CARTESIAN_POINT ( 'NONE',  ( 5.300000000000000711, 2.549999999978180387, -4.082598153006612662 ) ) ;
#1486 = PLANE ( 'NONE',  #1693 ) ;
#1487 = AXIS2_PLACEMENT_3D ( 'NONE', #653, #1680, #1530 ) ;
#1488 = ORIENTED_EDGE ( 'NONE', *, *, #1014, .T. ) ;
#1489 = VERTEX_POINT ( 'NONE', #711 ) ;
#1490 = FACE_OUTER_BOUND ( 'NONE', #373, .T. ) ;
#1491 = EDGE_CURVE ( 'NONE', #1093, #1345, #547, .T. ) ;
#1492 = VERTEX_POINT ( 'NONE', #1538 ) ;
#1493 = DIRECTION ( 'NONE',  ( 0.000000000000000000, 0.000000000000000000, 1.000000000000000000 ) ) ;
#1494 = CARTESIAN_POINT ( 'NONE',  ( 9.999999999999994671, 11.17898364348855900, -4.000000000000000000 ) ) ;
#1495 = EDGE_CURVE ( 'NONE', #1294, #1212, #1865, .T. ) ;
#1496 = LINE ( 'NONE', #387, #742 ) ;
#1497 = DIRECTION ( 'NONE',  ( -1.000000000000000000, 0.000000000000000000, 0.000000000000000000 ) ) ;
#1498 = CIRCLE ( 'NONE', #961, 3.099999999999999645 ) ;
#1499 = ORIENTED_EDGE ( 'NONE', *, *, #931, .F. ) ;
#1500 = AXIS2_PLACEMENT_3D ( 'NONE', #1690, #980, #99 ) ;
#1501 = AXIS2_PLACEMENT_3D ( 'NONE', #181, #802, #770 ) ;
#1502 = B_SPLINE_CURVE_WITH_KNOTS ( 'NONE', 3,
 ( #1427, #413, #1819, #1592, #724, #844, #123, #1413, #1582, #1103, #1855, #1708, #670, #714, #852, #700 ),
 .UNSPECIFIED., .F., .F.,
 ( 4, 2, 2, 2, 2, 2, 2, 4 ),
 ( 0.003700002888689226787, 0.004100849373349889360, 0.004501695858010553233, 0.004902542342671215372, 0.005303388827331879246, 0.005704235311992541385, 0.006105081796653205259, 0.006906774765974525200 ),
 .UNSPECIFIED. ) ;
#1503 = ORIENTED_EDGE ( 'NONE', *, *, #1776, .T. ) ;
#1504 = CARTESIAN_POINT ( 'NONE',  ( 0.000000000000000000, 15.00000000000000000, -7.200000000000000178 ) ) ;
#1505 = TOROIDAL_SURFACE ( 'NONE', #1386, 11.59999999999999964, 0.5000000000000000000 ) ;
#1506 = ORIENTED_EDGE ( 'NONE', *, *, #1768, .F. ) ;
#1507 = DIRECTION ( 'NONE',  ( -0.000000000000000000, -0.000000000000000000, -1.000000000000000000 ) ) ;
#1508 = LINE ( 'NONE', #215, #466 ) ;
#1509 = EDGE_CURVE ( 'NONE', #513, #1671, #1578, .T. ) ;
#1510 = CARTESIAN_POINT ( 'NONE',  ( 4.894304365578387106, 12.27864284279326590, -4.000000000000000000 ) ) ;
#1511 = CARTESIAN_POINT ( 'NONE',  ( 0.000000000000000000, 15.00000000000000000, -4.000000000000000000 ) ) ;
#1512 = VERTEX_POINT ( 'NONE', #303 ) ;
#1513 = LINE ( 'NONE', #1270, #1684 ) ;
#1514 = ORIENTED_EDGE ( 'NONE', *, *, #1060, .T. ) ;
#1515 = CARTESIAN_POINT ( 'NONE',  ( -9.999999999999994671, 0.000000000000000000, -4.000000000000000000 ) ) ;
#1516 = ORIENTED_EDGE ( 'NONE', *, *, #1555, .F. ) ;
#1517 = CARTESIAN_POINT ( 'NONE',  ( -7.593227102399168871, 5.747438351197407869, -7.042956111195011637 ) ) ;
#1518 = DIRECTION ( 'NONE',  ( 1.000000000000000000, 0.000000000000000000, 0.000000000000000000 ) ) ;
#1519 = DIRECTION ( 'NONE',  ( 0.000000000000000000, 0.000000000000000000, -1.000000000000000000 ) ) ;
#1520 = CARTESIAN_POINT ( 'NONE',  ( 5.300000000000000711, 2.549999999978180387, -4.082598153006612662 ) ) ;
#1521 = ADVANCED_FACE ( 'NONE', ( #1016 ), #162, .F. ) ;
#1522 = VERTEX_POINT ( 'NONE', #754 ) ;
#1523 = DIRECTION ( 'NONE',  ( 0.7660444431189774583, -0.6427876096865400291, 0.000000000000000000 ) ) ;
#1524 = ORIENTED_EDGE ( 'NONE', *, *, #1131, .T. ) ;
#1525 = DIRECTION ( 'NONE',  ( 1.000000000000000000, 0.000000000000000000, 0.000000000000000000 ) ) ;
#1526 = VERTEX_POINT ( 'NONE', #729 ) ;
#1527 = CARTESIAN_POINT ( 'NONE',  ( 5.977379212143876686, 5.646875508460809101, -6.699999999999999289 ) ) ;
#1528 = CARTESIAN_POINT ( 'NONE',  ( -3.599610614244627360, 10.71015111853373014, -7.200000000000000178 ) ) ;
#1529 = CARTESIAN_POINT ( 'NONE',  ( 4.619131525328818988, 11.83132496010387591, -4.058946963597988677 ) ) ;
#1530 = DIRECTION ( 'NONE',  ( 1.000000000000000000, 0.000000000000000000, 0.000000000000000000 ) ) ;
#1531 = B_SPLINE_CURVE_WITH_KNOTS ( 'NONE', 3,
 ( #409, #562, #989, #126, #1561, #1113, #268, #250, #1687, #841, #679, #1280, #1852, #1135, #419, #1400 ),
 .UNSPECIFIED., .F., .F.,
 ( 4, 2, 2, 2, 2, 2, 2, 4 ),
 ( 0.000000000000000000, 0.0003959024713599852826, 0.0007918049427199705653, 0.001187707414079955739, 0.001583609885439941131, 0.002375414828159909744, 0.002771317299519893401, 0.003167219770879877491 ),
 .UNSPECIFIED. ) ;
#1532 = DIRECTION ( 'NONE',  ( -0.000000000000000000, -0.000000000000000000, 1.000000000000000000 ) ) ;
#1533 = CIRCLE ( 'NONE', #1019, 5.600000000000000533 ) ;
#1534 = CIRCLE ( 'NONE', #1318, 11.09999999999999787 ) ;
#1535 = EDGE_LOOP ( 'NONE', ( #667, #1441, #760, #1272 ) ) ;
#1536 = AXIS2_PLACEMENT_3D ( 'NONE', #277, #536, #1273 ) ;
#1537 = VERTEX_POINT ( 'NONE', #745 ) ;
#1538 = CARTESIAN_POINT ( 'NONE',  ( -9.999999999999994671, 0.000000000000000000, 4.000000000000000000 ) ) ;
#1539 = CIRCLE ( 'NONE', #719, 5.000000000000000888 ) ;
#1540 = DIRECTION ( 'NONE',  ( 1.000000000000000000, 0.000000000000000000, 0.000000000000000000 ) ) ;
#1541 = DIRECTION ( 'NONE',  ( -0.000000000000000000, -0.000000000000000000, -1.000000000000000000 ) ) ;
#1542 = DIRECTION ( 'NONE',  ( 1.000000000000000000, 0.000000000000000000, 0.000000000000000000 ) ) ;
#1543 = B_SPLINE_CURVE_WITH_KNOTS ( 'NONE', 3,
 ( #1609, #1475, #1340, #340, #462, #1315, #1192, #614 ),
 .UNSPECIFIED., .F., .F.,
 ( 4, 2, 2, 4 ),
 ( 0.000000000000000000, 0.0002344504345644758550, 0.0004689008691289517101, 0.0009378017382579079738 ),
 .UNSPECIFIED. ) ;
#1544 = DIRECTION ( 'NONE',  ( 0.000000000000000000, 0.000000000000000000, 1.000000000000000000 ) ) ;
#1545 = VERTEX_POINT ( 'NONE', #1871 ) ;
#1546 = EDGE_CURVE ( 'NONE', #1671, #133, #7, .T. ) ;
#1547 = DIRECTION ( 'NONE',  ( 1.000000000000000000, 0.000000000000000000, 0.000000000000000000 ) ) ;
#1548 = DIRECTION ( 'NONE',  ( 1.000000000000000000, 0.000000000000000000, -0.000000000000000000 ) ) ;
#1549 = DIRECTION ( 'NONE',  ( -0.000000000000000000, 1.000000000000000000, -0.000000000000000000 ) ) ;
#1550 = DIRECTION ( 'NONE',  ( 0.000000000000000000, 0.000000000000000000, 1.000000000000000000 ) ) ;
#1551 = CARTESIAN_POINT ( 'NONE',  ( 9.999999999999994671, 5.059678073623564920, -4.000000000000000000 ) ) ;
#1552 = EDGE_CURVE ( 'NONE', #1309, #263, #870, .T. ) ;
#1553 = ORIENTED_EDGE ( 'NONE', *, *, #1458, .T. ) ;
#1554 = CARTESIAN_POINT ( 'NONE',  ( 5.515751031917739411, 2.023617971333519616, -4.000000000000000000 ) ) ;
#1555 = EDGE_CURVE ( 'NONE', #383, #1203, #294, .T. ) ;
#1556 = DIRECTION ( 'NONE',  ( -0.6427876096865405842, 0.7660444431189771253, 0.000000000000000000 ) ) ;
#1557 = CYLINDRICAL_SURFACE ( 'NONE', #1683, 12.09999999999999964 ) ;
#1558 = DIRECTION ( 'NONE',  ( 0.000000000000000000, 0.000000000000000000, 1.000000000000000000 ) ) ;
#1559 = VERTEX_POINT ( 'NONE', #1431 ) ;
#1560 = ORIENTED_EDGE ( 'NONE', *, *, #823, .T. ) ;
#1561 = CARTESIAN_POINT ( 'NONE',  ( -3.679518096946654104, 10.77817627766936681, -5.347040872925282073 ) ) ;
#1562 = CIRCLE ( 'NONE', #965, 14.09999999999999964 ) ;
#1563 = AXIS2_PLACEMENT_3D ( 'NONE', #1655, #189, #201 ) ;
#1564 = DIRECTION ( 'NONE',  ( 0.000000000000000000, 0.000000000000000000, 1.000000000000000000 ) ) ;
#1565 = PLANE ( 'NONE',  #626 ) ;
#1566 = AXIS2_PLACEMENT_3D ( 'NONE', #1421, #708, #1284 ) ;
#1567 = COLOUR_RGB ( '',0.7921568627450980005, 0.8196078431372548767, 0.9333333333333333481 ) ;
#1568 = DIRECTION ( 'NONE',  ( -0.000000000000000000, -0.000000000000000000, 1.000000000000000000 ) ) ;
#1569 = CYLINDRICAL_SURFACE ( 'NONE', #167, 0.9500000000000011768 ) ;
#1570 = VERTEX_POINT ( 'NONE', #869 ) ;
#1571 = DIRECTION ( 'NONE',  ( -0.000000000000000000, -0.000000000000000000, 1.000000000000000000 ) ) ;
#1572 = CARTESIAN_POINT ( 'NONE',  ( 5.812865636454241702, 3.268015118556458987, -4.272166366442814223 ) ) ;
#1573 = CARTESIAN_POINT ( 'NONE',  ( -5.000000000000000888, 15.00000000000000000, 0.7999999999999999334 ) ) ;
#1574 = DIRECTION ( 'NONE',  ( 0.000000000000000000, 0.000000000000000000, 1.000000000000000000 ) ) ;
#1575 = ORIENTED_EDGE ( 'NONE', *, *, #1600, .T. ) ;
#1576 = EDGE_CURVE ( 'NONE', #772, #424, #1714, .T. ) ;
#1577 = ORIENTED_EDGE ( 'NONE', *, *, #1291, .T. ) ;
#1578 = LINE ( 'NONE', #23, #570 ) ;
#1579 = FACE_OUTER_BOUND ( 'NONE', #179, .T. ) ;
#1580 = FACE_OUTER_BOUND ( 'NONE', #1777, .T. ) ;
#1581 = EDGE_CURVE ( 'NONE', #1416, #1545, #1024, .T. ) ;
#1582 = CARTESIAN_POINT ( 'NONE',  ( -8.421500257064208128, 5.680387037353024304, -4.718137612166573902 ) ) ;
#1583 = ORIENTED_EDGE ( 'NONE', *, *, #258, .F. ) ;
#1584 = ORIENTED_EDGE ( 'NONE', *, *, #136, .T. ) ;
#1585 = VERTEX_POINT ( 'NONE', #1615 ) ;
#1586 = DIRECTION ( 'NONE',  ( 1.000000000000000000, 0.000000000000000000, 0.000000000000000000 ) ) ;
#1587 = AXIS2_PLACEMENT_3D ( 'NONE', #786, #1788, #497 ) ;
#1588 = DIRECTION ( 'NONE',  ( -0.000000000000000000, -0.000000000000000000, 1.000000000000000000 ) ) ;
#1589 = VECTOR ( 'NONE', #1110, 1000.000000000000114 ) ;
#1590 = CARTESIAN_POINT ( 'NONE',  ( -1.006797108298597143, 2.941900767111809589, -6.150091400000883723 ) ) ;
#1591 = AXIS2_PLACEMENT_3D ( 'NONE', #155, #591, #452 ) ;
#1592 = CARTESIAN_POINT ( 'NONE',  ( -7.870756453647595130, 5.722831073223225040, -5.473331170771412069 ) ) ;
#1593 = ORIENTED_EDGE ( 'NONE', *, *, #765, .T. ) ;
#1594 = EDGE_LOOP ( 'NONE', ( #433, #1644, #1189, #200 ) ) ;
#1595 = ORIENTED_EDGE ( 'NONE', *, *, #236, .T. ) ;
#1596 = CARTESIAN_POINT ( 'NONE',  ( 8.634231647627478523, 5.666327541813712898, -4.553121475612726066 ) ) ;
#1597 = EDGE_CURVE ( 'NONE', #545, #1481, #1161, .T. ) ;
#1598 = DIRECTION ( 'NONE',  ( -1.000000000000000000, 0.000000000000000000, 0.000000000000000000 ) ) ;
#1599 = CARTESIAN_POINT ( 'NONE',  ( 4.894304365578387106, 12.27864284279326590, -4.000000000000000000 ) ) ;
#1600 = EDGE_CURVE ( 'NONE', #1843, #188, #1607, .T. ) ;
#1601 = DIRECTION ( 'NONE',  ( -0.000000000000000000, -0.000000000000000000, -1.000000000000000000 ) ) ;
#1602 = CARTESIAN_POINT ( 'NONE',  ( 0.000000000000000000, 15.00000000000000000, -6.699999999999999289 ) ) ;
#1603 = ORIENTED_EDGE ( 'NONE', *, *, #269, .T. ) ;
#1604 = EDGE_CURVE ( 'NONE', #887, #61, #197, .T. ) ;
#1605 = ADVANCED_FACE ( 'NONE', ( #459 ), #1043, .F. ) ;
#1606 = ORIENTED_EDGE ( 'NONE', *, *, #221, .F. ) ;
#1607 = LINE ( 'NONE', #310, #1319 ) ;
#1608 = CARTESIAN_POINT ( 'NONE',  ( 3.221829655369093715, 10.41962734356861908, -4.699999999999999289 ) ) ;
#1609 = CARTESIAN_POINT ( 'NONE',  ( 3.599610614244624696, 10.71015111853372836, -6.699999999999999289 ) ) ;
#1610 = LINE ( 'NONE', #150, #169 ) ;
#1611 = CARTESIAN_POINT ( 'NONE',  ( 0.6482546920909024735, 2.515938789083849159, -4.796025364067007857 ) ) ;
#1612 = EDGE_CURVE ( 'NONE', #641, #69, #62, .T. ) ;
#1613 = ORIENTED_EDGE ( 'NONE', *, *, #276, .F. ) ;
#1614 = ORIENTED_EDGE ( 'NONE', *, *, #97, .T. ) ;
#1615 = CARTESIAN_POINT ( 'NONE',  ( 5.977379212143876686, 5.646875508460809101, -4.699999999999999289 ) ) ;
#1616 = DIRECTION ( 'NONE',  ( 0.000000000000000000, 0.000000000000000000, -1.000000000000000000 ) ) ;
#1617 = DIRECTION ( 'NONE',  ( -0.000000000000000000, -0.000000000000000000, 1.000000000000000000 ) ) ;
#1618 = VECTOR ( 'NONE', #1840, 1000.000000000000000 ) ;
#1619 = DIRECTION ( 'NONE',  ( 0.000000000000000000, 0.000000000000000000, -1.000000000000000000 ) ) ;
#1620 = EDGE_CURVE ( 'NONE', #741, #1152, #1200, .T. ) ;
#1621 = ORIENTED_EDGE ( 'NONE', *, *, #979, .T. ) ;
#1622 = ORIENTED_EDGE ( 'NONE', *, *, #975, .F. ) ;
#1623 = DIRECTION ( 'NONE',  ( -1.000000000000000000, 0.000000000000000000, 0.000000000000000000 ) ) ;
#1624 = B_SPLINE_CURVE_WITH_KNOTS ( 'NONE', 3,
 ( #583, #1155, #1590, #1854, #557, #298, #1841, #1700 ),
 .UNSPECIFIED., .F., .F.,
 ( 4, 2, 2, 4 ),
 ( 0.000000000000000000, 0.0002365591511305561859, 0.0004731183022611123719, 0.0009462366045222229006 ),
 .UNSPECIFIED. ) ;
#1625 = AXIS2_PLACEMENT_3D ( 'NONE', #1770, #1335, #1178 ) ;
#1626 = CARTESIAN_POINT ( 'NONE',  ( 0.000000000000000000, 15.00000000000000000, -7.200000000000000178 ) ) ;
#1627 = CARTESIAN_POINT ( 'NONE',  ( -9.999999999999994671, 5.604662425962229300, -4.036192668931699146 ) ) ;
#1628 = B_SPLINE_CURVE_WITH_KNOTS ( 'NONE', 3,
 ( #523, #1366, #1217, #217, #684, #1520 ),
 .UNSPECIFIED., .F., .F.,
 ( 4, 2, 4 ),
 ( 0.000000000000000000, 0.0002940804583793203979, 0.0005881609167586407958 ),
 .UNSPECIFIED. ) ;
#1629 = DIRECTION ( 'NONE',  ( -1.000000000000000000, 0.000000000000000000, 0.000000000000000000 ) ) ;
#1630 = EDGE_LOOP ( 'NONE', ( #1728, #1469, #94, #316 ) ) ;
#1631 = EDGE_CURVE ( 'NONE', #328, #959, #347, .T. ) ;
#1632 = ORIENTED_EDGE ( 'NONE', *, *, #801, .T. ) ;
#1633 = CARTESIAN_POINT ( 'NONE',  ( -6.793988405988368839, 2.644769466363825039, -4.000000000000000000 ) ) ;
#1634 = EDGE_LOOP ( 'NONE', ( #783, #999, #152, #1127 ) ) ;
#1635 = DIRECTION ( 'NONE',  ( 0.000000000000000000, 0.000000000000000000, 1.000000000000000000 ) ) ;
#1636 = CARTESIAN_POINT ( 'NONE',  ( 6.000000000000005329, 7.999999999999998224, -4.000000000000000000 ) ) ;
#1637 = DIRECTION ( 'NONE',  ( 0.000000000000000000, -1.000000000000000000, 0.000000000000000000 ) ) ;
#1638 = DIRECTION ( 'NONE',  ( 1.000000000000000000, 0.000000000000000000, 0.000000000000000000 ) ) ;
#1639 = CARTESIAN_POINT ( 'NONE',  ( -3.524788121422268272, 10.02145917973142986, -7.200000000000000178 ) ) ;
#1640 = EDGE_CURVE ( 'NONE', #1666, #1730, #51, .T. ) ;
#1641 = ORIENTED_EDGE ( 'NONE', *, *, #1359, .T. ) ;
#1642 = EDGE_LOOP ( 'NONE', ( #334, #327 ) ) ;
#1643 = DIRECTION ( 'NONE',  ( 0.000000000000000000, 0.000000000000000000, 1.000000000000000000 ) ) ;
#1644 = ORIENTED_EDGE ( 'NONE', *, *, #612, .F. ) ;
#1645 = CARTESIAN_POINT ( 'NONE',  ( 9.999999999999994671, 0.000000000000000000, 4.000000000000000000 ) ) ;
#1646 = CARTESIAN_POINT ( 'NONE',  ( -0.8125335620750464560, 3.929193694636258449, -6.470695742556970664 ) ) ;
#1647 = UNCERTAINTY_MEASURE_WITH_UNIT (LENGTH_MEASURE( 1.000000000000000082E-05 ), #883, 'distance_accuracy_value', 'NONE');
#1648 = CARTESIAN_POINT ( 'NONE',  ( 7.956554105462877877E-14, 2.910102051443364424, -6.799999999999999822 ) ) ;
#1649 = LINE ( 'NONE', #67, #1242 ) ;
#1650 = ADVANCED_FACE ( 'NONE', ( #1785 ), #493, .F. ) ;
#1651 = VERTEX_POINT ( 'NONE', #468 ) ;
#1652 = AXIS2_PLACEMENT_3D ( 'NONE', #1741, #1035, #1474 ) ;
#1653 = EDGE_CURVE ( 'NONE', #1381, #959, #223, .T. ) ;
#1654 = ORIENTED_EDGE ( 'NONE', *, *, #485, .F. ) ;
#1655 = CARTESIAN_POINT ( 'NONE',  ( 6.000000000000005329, 11.17898364348855900, -4.000000000000000000 ) ) ;
#1656 = AXIS2_PLACEMENT_3D ( 'NONE', #1447, #487, #314 ) ;
#1657 = EDGE_LOOP ( 'NONE', ( #938, #10, #392, #1063 ) ) ;
#1658 = DIRECTION ( 'NONE',  ( 0.6427876096865404731, -0.7660444431189770143, 0.000000000000000000 ) ) ;
#1659 = FACE_BOUND ( 'NONE', #154, .T. ) ;
#1660 = DIRECTION ( 'NONE',  ( 0.000000000000000000, 0.000000000000000000, 1.000000000000000000 ) ) ;
#1661 = CARTESIAN_POINT ( 'NONE',  ( -5.977379212143872245, 5.646875508460807325, -6.699999999999999289 ) ) ;
#1662 = ORIENTED_EDGE ( 'NONE', *, *, #1491, .F. ) ;
#1663 = DIRECTION ( 'NONE',  ( 0.000000000000000000, 0.000000000000000000, -1.000000000000000000 ) ) ;
#1664 = ORIENTED_EDGE ( 'NONE', *, *, #587, .F. ) ;
#1665 = CYLINDRICAL_SURFACE ( 'NONE', #1688, 3.099999999999999645 ) ;
#1666 = VERTEX_POINT ( 'NONE', #1775 ) ;
#1667 = PLANE ( 'NONE',  #1052 ) ;
#1668 = CARTESIAN_POINT ( 'NONE',  ( 6.000000000000005329, 7.999999999999998224, -2.000000000000000000 ) ) ;
#1669 = CARTESIAN_POINT ( 'NONE',  ( 0.000000000000000000, 15.00000000000000000, -6.699999999999999289 ) ) ;
#1670 = DIRECTION ( 'NONE',  ( 0.5000000000000014433, 0.8660254037844379305, -0.000000000000000000 ) ) ;
#1671 = VERTEX_POINT ( 'NONE', #39 ) ;
#1672 = CARTESIAN_POINT ( 'NONE',  ( 0.3830222215594867863, 14.67860619515673193, -6.699999999999999289 ) ) ;
#1673 = EDGE_LOOP ( 'NONE', ( #1516, #503, #553, #1727 ) ) ;
#1674 = DIRECTION ( 'NONE',  ( 1.000000000000000000, 0.000000000000000000, 0.000000000000000000 ) ) ;
#1675 = ORIENTED_EDGE ( 'NONE', *, *, #485, .T. ) ;
#1676 = CARTESIAN_POINT ( 'NONE',  ( -3.599610614244627360, 10.71015111853373014, -6.000000000000000000 ) ) ;
#1677 = FACE_BOUND ( 'NONE', #202, .T. ) ;
#1678 = ADVANCED_FACE ( 'NONE', ( #628 ), #619, .T. ) ;
#1679 = CARTESIAN_POINT ( 'NONE',  ( 3.609831882090781097, 10.71866748903604538, -5.734061651546862315 ) ) ;
#1680 = DIRECTION ( 'NONE',  ( 0.000000000000000000, 0.000000000000000000, 1.000000000000000000 ) ) ;
#1681 = CARTESIAN_POINT ( 'NONE',  ( 1.836970198721033385E-16, 5.000000000000000000, -5.699999999999999289 ) ) ;
#1682 = EDGE_CURVE ( 'NONE', #450, #27, #603, .T. ) ;
#1683 = AXIS2_PLACEMENT_3D ( 'NONE', #1290, #421, #1267 ) ;
#1684 = VECTOR ( 'NONE', #1532, 1000.000000000000000 ) ;
#1685 = EDGE_LOOP ( 'NONE', ( #199, #1285 ) ) ;
#1686 = AXIS2_PLACEMENT_3D ( 'NONE', #899, #1472, #174 ) ;
#1687 = CARTESIAN_POINT ( 'NONE',  ( -3.972970382880863571, 11.05228535994056571, -4.663926552399739300 ) ) ;
#1688 = AXIS2_PLACEMENT_3D ( 'NONE', #371, #1190, #1525 ) ;
#1689 = CARTESIAN_POINT ( 'NONE',  ( -0.4582575694955839385, 3.909463493590583649, -6.699999999999999289 ) ) ;
#1690 = CARTESIAN_POINT ( 'NONE',  ( -9.999999999999994671, 11.17898364348855900, -4.000000000000000000 ) ) ;
#1691 = CARTESIAN_POINT ( 'NONE',  ( 0.000000000000000000, 15.00000000000000000, -6.699999999999999289 ) ) ;
#1692 = ADVANCED_FACE ( 'NONE', ( #1490 ), #72, .T. ) ;
#1693 = AXIS2_PLACEMENT_3D ( 'NONE', #779, #766, #315 ) ;
#1694 = LINE ( 'NONE', #1827, #1407 ) ;
#1695 = EDGE_CURVE ( 'NONE', #1545, #1738, #481, .T. ) ;
#1696 = ORIENTED_EDGE ( 'NONE', *, *, #1773, .F. ) ;
#1697 = EDGE_LOOP ( 'NONE', ( #1654, #1577, #239, #84 ) ) ;
#1698 = DIRECTION ( 'NONE',  ( -0.6427876096865404731, -0.7660444431189770143, 0.000000000000000000 ) ) ;
#1699 = FACE_OUTER_BOUND ( 'NONE', #346, .T. ) ;
#1700 = CARTESIAN_POINT ( 'NONE',  ( -0.4582575694955839385, 2.908680799846528053, -6.699999999999999289 ) ) ;
#1701 = CARTESIAN_POINT ( 'NONE',  ( 5.977379212143876686, 5.646875508460809101, -6.699999999999999289 ) ) ;
#1702 = ORIENTED_EDGE ( 'NONE', *, *, #1776, .F. ) ;
#1703 = VECTOR ( 'NONE', #872, 1000.000000000000000 ) ;
#1704 = CARTESIAN_POINT ( 'NONE',  ( -0.07856642224856000278, 2.910102051443365312, -6.800000000000006040 ) ) ;
#1705 = ADVANCED_FACE ( 'NONE', ( #908 ), #1505, .T. ) ;
#1706 = DIRECTION ( 'NONE',  ( 0.000000000000000000, 0.000000000000000000, -1.000000000000000000 ) ) ;
#1707 = DIRECTION ( 'NONE',  ( 1.000000000000000000, 0.000000000000000000, 0.000000000000000000 ) ) ;
#1708 = CARTESIAN_POINT ( 'NONE',  ( -8.980199556512564740, 5.646063331784578310, -4.348625696570818100 ) ) ;
#1709 = ORIENTED_EDGE ( 'NONE', *, *, #1833, .F. ) ;
#1710 = ORIENTED_EDGE ( 'NONE', *, *, #876, .T. ) ;
#1711 = COLOUR_RGB ( '',0.7921568627450980005, 0.8196078431372548767, 0.9333333333333333481 ) ;
#1712 = VECTOR ( 'NONE', #1802, 1000.000000000000000 ) ;
#1713 = DIRECTION ( 'NONE',  ( 0.000000000000000000, 0.000000000000000000, 1.000000000000000000 ) ) ;
#1714 = CIRCLE ( 'NONE', #717, 3.099999999999999645 ) ;
#1715 = EDGE_CURVE ( 'NONE', #190, #1294, #1187, .T. ) ;
#1716 = CARTESIAN_POINT ( 'NONE',  ( -0.4582575694955839385, 5.000000000000000000, -4.699999999999999289 ) ) ;
#1717 = CARTESIAN_POINT ( 'NONE',  ( 9.999999999999994671, 11.17898364348855900, -4.000000000000000000 ) ) ;
#1718 = DIRECTION ( 'NONE',  ( 0.000000000000000000, 0.000000000000000000, 1.000000000000000000 ) ) ;
#1719 = FACE_OUTER_BOUND ( 'NONE', #145, .T. ) ;
#1720 = AXIS2_PLACEMENT_3D ( 'NONE', #1511, #1814, #244 ) ;
#1721 = VERTEX_POINT ( 'NONE', #640 ) ;
#1722 = EDGE_LOOP ( 'NONE', ( #1151, #1632, #1243, #518, #36 ) ) ;
#1723 = CARTESIAN_POINT ( 'NONE',  ( 7.655819330869641171, 5.741716177508799035, -6.990398041186799638 ) ) ;
#1724 = ADVANCED_FACE ( 'NONE', ( #517 ), #1665, .F. ) ;
#1725 = DIRECTION ( 'NONE',  ( 1.000000000000000000, 0.000000000000000000, 0.000000000000000000 ) ) ;
#1726 = FACE_OUTER_BOUND ( 'NONE', #817, .T. ) ;
#1727 = ORIENTED_EDGE ( 'NONE', *, *, #1182, .T. ) ;
#1728 = ORIENTED_EDGE ( 'NONE', *, *, #1208, .T. ) ;
#1729 = EDGE_CURVE ( 'NONE', #432, #417, #54, .T. ) ;
#1730 = VERTEX_POINT ( 'NONE', #438 ) ;
#1731 = CARTESIAN_POINT ( 'NONE',  ( 8.323013299458215997, 5.687360785770420257, -4.807901864944271964 ) ) ;
#1732 = FACE_OUTER_BOUND ( 'NONE', #1304, .T. ) ;
#1733 = CARTESIAN_POINT ( 'NONE',  ( 0.3152212551173411703, 2.903259764085952988, -6.765547473776578613 ) ) ;
#1734 = DIRECTION ( 'NONE',  ( -0.000000000000000000, -0.000000000000000000, -1.000000000000000000 ) ) ;
#1735 = ORIENTED_EDGE ( 'NONE', *, *, #1612, .F. ) ;
#1736 = ORIENTED_EDGE ( 'NONE', *, *, #990, .T. ) ;
#1737 = ADVANCED_FACE ( 'NONE', ( #1132 ), #128, .F. ) ;
#1738 = VERTEX_POINT ( 'NONE', #272 ) ;
#1739 = DIRECTION ( 'NONE',  ( 0.000000000000000000, 0.000000000000000000, 1.000000000000000000 ) ) ;
#1740 = VECTOR ( 'NONE', #1377, 1000.000000000000114 ) ;
#1741 = CARTESIAN_POINT ( 'NONE',  ( 17.88854381999829712, 25.99999999999997513, -4.000000000000000000 ) ) ;
#1742 = AXIS2_PLACEMENT_3D ( 'NONE', #1154, #901, #722 ) ;
#1743 = CARTESIAN_POINT ( 'NONE',  ( -10.00000000000933831, 5.423786156155063765, -4.012305296228310780 ) ) ;
#1744 = CARTESIAN_POINT ( 'NONE',  ( 9.999999999999994671, 0.000000000000000000, -4.000000000000000000 ) ) ;
#1745 = EDGE_CURVE ( 'NONE', #1537, #29, #1149, .T. ) ;
#1746 = ORIENTED_EDGE ( 'NONE', *, *, #1046, .T. ) ;
#1747 = EDGE_CURVE ( 'NONE', #1730, #1721, #1862, .T. ) ;
#1748 = ORIENTED_EDGE ( 'NONE', *, *, #573, .F. ) ;
#1749 = DIRECTION ( 'NONE',  ( 0.000000000000000000, 0.000000000000000000, 1.000000000000000000 ) ) ;
#1750 = FACE_OUTER_BOUND ( 'NONE', #1535, .T. ) ;
#1751 = CARTESIAN_POINT ( 'NONE',  ( 6.049999999999999822, 2.549999999999998490, -4.000000000000000000 ) ) ;
#1752 = ADVANCED_FACE ( 'NONE', ( #1726 ), #429, .T. ) ;
#1753 = DIRECTION ( 'NONE',  ( 1.000000000000000000, 0.000000000000000000, 0.000000000000000000 ) ) ;
#1754 = ORIENTED_EDGE ( 'NONE', *, *, #1491, .T. ) ;
#1755 = ORIENTED_EDGE ( 'NONE', *, *, #860, .T. ) ;
#1756 = CARTESIAN_POINT ( 'NONE',  ( 9.999999999999994671, 5.604662425962323447, -4.036192668931685823 ) ) ;
#1757 = CARTESIAN_POINT ( 'NONE',  ( 0.000000000000000000, 15.00000000000000000, 0.7999999999999999334 ) ) ;
#1758 = ADVANCED_FACE ( 'NONE', ( #1875 ), #527, .T. ) ;
#1759 = DIRECTION ( 'NONE',  ( 0.000000000000000000, 0.000000000000000000, 1.000000000000000000 ) ) ;
#1760 = CARTESIAN_POINT ( 'NONE',  ( 17.88854381999829712, 25.99999999999997513, -4.000000000000000000 ) ) ;
#1761 = DIRECTION ( 'NONE',  ( -1.000000000000000000, 0.000000000000000000, 0.000000000000000000 ) ) ;
#1762 = ORIENTED_EDGE ( 'NONE', *, *, #1552, .F. ) ;
#1763 = ORIENTED_EDGE ( 'NONE', *, *, #1399, .F. ) ;
#1764 = DIRECTION ( 'NONE',  ( 1.000000000000000000, 0.000000000000000000, 0.000000000000000000 ) ) ;
#1765 = CARTESIAN_POINT ( 'NONE',  ( -0.6486479581532645922, 2.516174982517283443, -4.796305231713161810 ) ) ;
#1766 = CARTESIAN_POINT ( 'NONE',  ( 0.000000000000000000, 15.00000000000000000, -6.000000000000000000 ) ) ;
#1767 = CIRCLE ( 'NONE', #659, 5.000000000000000888 ) ;
#1768 = EDGE_CURVE ( 'NONE', #855, #1489, #1502, .T. ) ;
#1769 = CIRCLE ( 'NONE', #15, 5.599999999999997868 ) ;
#1770 = CARTESIAN_POINT ( 'NONE',  ( 0.000000000000000000, 15.00000000000000000, 0.7999999999999999334 ) ) ;
#1771 = AXIS2_PLACEMENT_3D ( 'NONE', #1324, #611, #1181 ) ;
#1772 = VERTEX_POINT ( 'NONE', #1140 ) ;
#1773 = EDGE_CURVE ( 'NONE', #328, #1651, #234, .T. ) ;
#1774 = VERTEX_POINT ( 'NONE', #585 ) ;
#1775 = CARTESIAN_POINT ( 'NONE',  ( 5.000000000000000888, 15.00000000000000000, -0.7999999999999999334 ) ) ;
#1776 = EDGE_CURVE ( 'NONE', #61, #767, #1420, .T. ) ;
#1777 = EDGE_LOOP ( 'NONE', ( #1791, #1662, #1849 ) ) ;
#1778 = PRODUCT_RELATED_PRODUCT_CATEGORY ( 'part', '', ( #642 ) ) ;
#1779 = CARTESIAN_POINT ( 'NONE',  ( 7.394707855647653538, 5.409468433417103483, -7.200000000000000178 ) ) ;
#1780 = DIRECTION ( 'NONE',  ( 0.000000000000000000, 0.000000000000000000, -1.000000000000000000 ) ) ;
#1781 = CARTESIAN_POINT ( 'NONE',  ( -6.049999999999999822, 2.549999999999998490, 4.000000000000000000 ) ) ;
#1782 = FACE_OUTER_BOUND ( 'NONE', #1828, .T. ) ;
#1783 = EDGE_LOOP ( 'NONE', ( #744, #1384, #1870, #769, #1080, #302, #293 ) ) ;
#1784 = ORIENTED_EDGE ( 'NONE', *, *, #958, .T. ) ;
#1785 = FACE_OUTER_BOUND ( 'NONE', #237, .T. ) ;
#1786 = ORIENTED_EDGE ( 'NONE', *, *, #437, .T. ) ;
#1787 = CARTESIAN_POINT ( 'NONE',  ( 0.000000000000000000, 15.00000000000000000, -0.7999999999999999334 ) ) ;
#1788 = DIRECTION ( 'NONE',  ( -0.000000000000000000, -0.000000000000000000, 1.000000000000000000 ) ) ;
#1789 = DIRECTION ( 'NONE',  ( 0.000000000000000000, 0.000000000000000000, 1.000000000000000000 ) ) ;
#1790 = CARTESIAN_POINT ( 'NONE',  ( 0.5986705596952802688, 2.914654545720364975, -6.626182122237478822 ) ) ;
#1791 = ORIENTED_EDGE ( 'NONE', *, *, #710, .F. ) ;
#1792 = EDGE_CURVE ( 'NONE', #596, #1093, #198, .T. ) ;
#1793 = ORIENTED_EDGE ( 'NONE', *, *, #860, .F. ) ;
#1794 = CARTESIAN_POINT ( 'NONE',  ( 9.999999999999994671, 11.17898364348855900, -4.000000000000000000 ) ) ;
#1795 = ORIENTED_EDGE ( 'NONE', *, *, #1321, .T. ) ;
#1796 = DIRECTION ( 'NONE',  ( 0.000000000000000000, 0.000000000000000000, -1.000000000000000000 ) ) ;
#1797 = CARTESIAN_POINT ( 'NONE',  ( -9.999999999999994671, 0.000000000000000000, -4.000000000000000000 ) ) ;
#1798 = DIRECTION ( 'NONE',  ( -0.6427876096865404731, 0.7660444431189770143, -0.000000000000000000 ) ) ;
#1799 = CYLINDRICAL_SURFACE ( 'NONE', #1487, 0.9500000000000011768 ) ;
#1800 = CIRCLE ( 'NONE', #1231, 3.999999999999988898 ) ;
#1801 = ORIENTED_EDGE ( 'NONE', *, *, #1099, .T. ) ;
#1802 = DIRECTION ( 'NONE',  ( 0.000000000000000000, 0.000000000000000000, 1.000000000000000000 ) ) ;
#1803 = CIRCLE ( 'NONE', #322, 5.000000000000000888 ) ;
#1804 = AXIS2_PLACEMENT_3D ( 'NONE', #64, #1339, #483 ) ;
#1805 = ORIENTED_EDGE ( 'NONE', *, *, #1546, .T. ) ;
#1806 = CARTESIAN_POINT ( 'NONE',  ( -5.368841306727274443, 2.917387267260461048, -4.201788318332353001 ) ) ;
#1807 = CIRCLE ( 'NONE', #970, 12.09999999999999964 ) ;
#1808 = ORIENTED_EDGE ( 'NONE', *, *, #1412, .T. ) ;
#1809 = DIRECTION ( 'NONE',  ( 0.000000000000000000, 0.000000000000000000, 1.000000000000000000 ) ) ;
#1810 = PLANE ( 'NONE',  #1164 ) ;
#1811 = EDGE_CURVE ( 'NONE', #275, #1537, #358, .T. ) ;
#1812 = DIRECTION ( 'NONE',  ( 0.000000000000000000, 0.000000000000000000, 1.000000000000000000 ) ) ;
#1813 = PRODUCT_CONTEXT ( 'NONE', #815, 'mechanical' ) ;
#1814 = DIRECTION ( 'NONE',  ( 0.000000000000000000, 0.000000000000000000, 1.000000000000000000 ) ) ;
#1815 = EDGE_CURVE ( 'NONE', #1522, #482, #1610, .T. ) ;
#1816 = ORIENTED_EDGE ( 'NONE', *, *, #1144, .F. ) ;
#1817 = LINE ( 'NONE', #1090, #1589 ) ;
#1818 = VERTEX_POINT ( 'NONE', #873 ) ;
#1819 = CARTESIAN_POINT ( 'NONE',  ( -7.797089229593069604, 5.729154101628132878, -5.731506638333792480 ) ) ;
#1820 = ORIENTED_EDGE ( 'NONE', *, *, #378, .T. ) ;
#1821 = CARTESIAN_POINT ( 'NONE',  ( 0.000000000000000000, 15.00000000000000000, 0.7999999999999999334 ) ) ;
#1822 = CARTESIAN_POINT ( 'NONE',  ( -0.4582575694955839385, 3.909463493590583649, -4.699999999999999289 ) ) ;
#1823 = EDGE_CURVE ( 'NONE', #1651, #1173, #1269, .T. ) ;
#1824 = CARTESIAN_POINT ( 'NONE',  ( 3.649960505326120597, 10.75282651685200541, -5.473375611659839990 ) ) ;
#1825 = APPLICATION_PROTOCOL_DEFINITION ( 'draft international standard', 'automotive_design', 1998, #1010 ) ;
#1826 = DIRECTION ( 'NONE',  ( -0.000000000000000000, -0.000000000000000000, 1.000000000000000000 ) ) ;
#1827 = CARTESIAN_POINT ( 'NONE',  ( -9.999999999999994671, 11.17898364348855900, -4.000000000000000000 ) ) ;
#1828 = EDGE_LOOP ( 'NONE', ( #895, #657, #578, #600 ) ) ;
#1829 = DIRECTION ( 'NONE',  ( -0.000000000000000000, -0.000000000000000000, 1.000000000000000000 ) ) ;
#1830 = PLANE ( 'NONE',  #1195 ) ;
#1831 = LINE ( 'NONE', #1716, #1618 ) ;
#1832 = DIRECTION ( 'NONE',  ( 1.000000000000000000, 0.000000000000000000, 0.000000000000000000 ) ) ;
#1833 = EDGE_CURVE ( 'NONE', #1671, #686, #1807, .T. ) ;
#1834 = CARTESIAN_POINT ( 'NONE',  ( -3.599610614244626916, 10.71015111853373014, -6.000000000000000000 ) ) ;
#1835 = CIRCLE ( 'NONE', #137, 0.9500000000000011768 ) ;
#1836 = AXIS2_PLACEMENT_3D ( 'NONE', #121, #1564, #1124 ) ;
#1837 = ORIENTED_EDGE ( 'NONE', *, *, #555, .T. ) ;
#1838 = VECTOR ( 'NONE', #643, 1000.000000000000000 ) ;
#1839 = CARTESIAN_POINT ( 'NONE',  ( 9.999999999999994671, 5.996002351376584549, -4.000000000000000000 ) ) ;
#1840 = DIRECTION ( 'NONE',  ( 0.000000000000000000, -1.000000000000000000, 0.000000000000000000 ) ) ;
#1841 = CARTESIAN_POINT ( 'NONE',  ( -0.6036064774407365885, 2.914189482247611984, -6.633392762716217028 ) ) ;
#1842 = DIRECTION ( 'NONE',  ( 1.000000000000000000, 0.000000000000000000, 0.000000000000000000 ) ) ;
#1843 = VERTEX_POINT ( 'NONE', #1485 ) ;
#1844 = EDGE_CURVE ( 'NONE', #360, #1450, #177, .T. ) ;
#1845 = CARTESIAN_POINT ( 'NONE',  ( 3.599610614244624696, 10.71015111853372836, -7.200000000000000178 ) ) ;
#1846 = CARTESIAN_POINT ( 'NONE',  ( 5.300000000000000711, 2.549999999978180387, -4.082598153006612662 ) ) ;
#1847 = ADVANCED_FACE ( 'NONE', ( #1308 ), #636, .F. ) ;
#1848 = DIRECTION ( 'NONE',  ( 0.000000000000000000, 0.000000000000000000, -1.000000000000000000 ) ) ;
#1849 = ORIENTED_EDGE ( 'NONE', *, *, #1792, .F. ) ;
#1850 = ORIENTED_EDGE ( 'NONE', *, *, #159, .F. ) ;
#1851 = EDGE_CURVE ( 'NONE', #383, #741, #1468, .T. ) ;
#1852 = CARTESIAN_POINT ( 'NONE',  ( -4.617608909132132844, 11.82906302304031243, -4.059552074150283296 ) ) ;
#1853 = CARTESIAN_POINT ( 'NONE',  ( 5.370163564128835887, 2.918190627226255440, -4.201908256827090682 ) ) ;
#1854 = CARTESIAN_POINT ( 'NONE',  ( -0.9322704710468447953, 2.935909926717585883, -6.289147226461490270 ) ) ;
#1855 = CARTESIAN_POINT ( 'NONE',  ( -8.746557966410554386, 5.659375731085487971, -4.479575222181935601 ) ) ;
#1856 = DIRECTION ( 'NONE',  ( 1.000000000000000000, 0.000000000000000000, -0.000000000000000000 ) ) ;
#1857 = EDGE_LOOP ( 'NONE', ( #949, #1710, #1180, #1428 ) ) ;
#1858 = VECTOR ( 'NONE', #1353, 1000.000000000000114 ) ;
#1859 = AXIS2_PLACEMENT_3D ( 'NONE', #1672, #957, #1523 ) ;
#1860 = CARTESIAN_POINT ( 'NONE',  ( 0.000000000000000000, 5.000000000000000888, -6.699999999999999289 ) ) ;
#1861 = VECTOR ( 'NONE', #529, 1000.000000000000000 ) ;
#1862 = CIRCLE ( 'NONE', #811, 5.000000000000000888 ) ;
#1863 = PLANE ( 'NONE',  #194 ) ;
#1864 = CARTESIAN_POINT ( 'NONE',  ( 5.050000000000004263, 7.999999999999998224, -2.000000000000000000 ) ) ;
#1865 = B_SPLINE_CURVE_WITH_KNOTS ( 'NONE', 3,
 ( #240, #818, #1257, #1153, #1298, #1174 ),
 .UNSPECIFIED., .F., .F.,
 ( 4, 2, 4 ),
 ( 0.002306330163656698535, 0.002600191100485678333, 0.002894052037314658130 ),
 .UNSPECIFIED. ) ;
#1866 = CARTESIAN_POINT ( 'NONE',  ( 0.000000000000000000, 15.00000000000000000, -4.000000000000000000 ) ) ;
#1867 = ADVANCED_FACE ( 'NONE', ( #1067 ), #306, .T. ) ;
#1868 = ORIENTED_EDGE ( 'NONE', *, *, #1815, .T. ) ;
#1869 = ORIENTED_EDGE ( 'NONE', *, *, #1604, .T. ) ;
#1870 = ORIENTED_EDGE ( 'NONE', *, *, #906, .F. ) ;
#1871 = CARTESIAN_POINT ( 'NONE',  ( -6.950000000000006395, 7.999999999999998224, -2.000000000000000000 ) ) ;
#1872 = B_SPLINE_CURVE_WITH_KNOTS ( 'NONE', 3,
 ( #1627, #1743, #1326, #606 ),
 .UNSPECIFIED., .F., .F.,
 ( 4, 4 ),
 ( 2.581898575011956535E-16, 0.0005461848163196331065 ),
 .UNSPECIFIED. ) ;
#1873 = DIRECTION ( 'NONE',  ( 0.000000000000000000, 0.000000000000000000, 1.000000000000000000 ) ) ;
#1874 =( NAMED_UNIT ( * ) SI_UNIT ( $, .STERADIAN. ) SOLID_ANGLE_UNIT ( ) );
#1875 = FACE_OUTER_BOUND ( 'NONE', #838, .T. ) ;
#1876 = CARTESIAN_POINT ( 'NONE',  ( -6.000000000000005329, 11.17898364348855900, -4.000000000000000000 ) ) ;
ENDSEC;
END-ISO-10303-21;
