ISO-10303-21;
HEADER;
FILE_DESCRIPTION (( 'STEP AP214' ),
    '1' );
FILE_NAME ('Rotary joint.step',
    '2026-04-16T06:29:21',
    ( '' ),
    ( '' ),
    'SwSTEP 2.0',
    'SolidWorks 2020',
    '' );
FILE_SCHEMA (( 'AUTOMOTIVE_DESIGN' ));
ENDSEC;

DATA;
#1 = CARTESIAN_POINT ( 'NONE',  ( 0.000000000000000000, 0.000000000000000000, 0.2999999999999999334 ) ) ;
#2 = CARTESIAN_POINT ( 'NONE',  ( 4.616087517742979429, 2.990273570852248319, 10.24137931034482740 ) ) ;
#3 = DIRECTION ( 'NONE',  ( 0.000000000000000000, 0.000000000000000000, 1.000000000000000000 ) ) ;
#4 = EDGE_LOOP ( 'NONE', ( #353, #1165 ) ) ;
#5 = ORIENTED_EDGE ( 'NONE', *, *, #336, .T. ) ;
#6 = DIRECTION ( 'NONE',  ( 1.000000000000000000, -0.000000000000000000, -0.000000000000000000 ) ) ;
#7 = AXIS2_PLACEMENT_3D ( 'NONE', #1230, #1204, #545 ) ;
#8 = LINE ( 'NONE', #1862, #1392 ) ;
#9 = AXIS2_PLACEMENT_3D ( 'NONE', #1354, #1608, #63 ) ;
#10 = VECTOR ( 'NONE', #859, 1000.000000000000000 ) ;
#11 =( GEOMETRIC_REPRESENTATION_CONTEXT ( 3 ) GLOBAL_UNCERTAINTY_ASSIGNED_CONTEXT ( ( #21 ) ) GLOBAL_UNIT_ASSIGNED_CONTEXT ( ( #1509, #1555, #1014 ) ) REPRESENTATION_CONTEXT ( 'NONE', 'WORKASPACE' ) );
#12 = CARTESIAN_POINT ( 'NONE',  ( 5.122956143805612355E-13, 5.500000000000454747, 2.050000000004548184 ) ) ;
#13 = EDGE_CURVE ( 'NONE', #2116, #1809, #825, .T. ) ;
#14 = DIRECTION ( 'NONE',  ( 1.000000000000000000, -0.000000000000000000, -0.000000000000000000 ) ) ;
#15 = CARTESIAN_POINT ( 'NONE',  ( 4.616087517742979429, 2.990273570852248319, 10.24137931034482740 ) ) ;
#16 = DIRECTION ( 'NONE',  ( -1.000000000000000000, -0.000000000000000000, -0.000000000000000000 ) ) ;
#17 = VERTEX_POINT ( 'NONE', #1643 ) ;
#18 = CARTESIAN_POINT ( 'NONE',  ( -5.000000000000000000, -2.178293673445095724, 0.1382798229524749289 ) ) ;
#19 = DIRECTION ( 'NONE',  ( 0.000000000000000000, 0.000000000000000000, 1.000000000000000000 ) ) ;
#20 = EDGE_CURVE ( 'NONE', #2158, #2133, #1365, .T. ) ;
#21 = UNCERTAINTY_MEASURE_WITH_UNIT (LENGTH_MEASURE( 1.000000000000000082E-05 ), #1509, 'distance_accuracy_value', 'NONE');
#22 = DIRECTION ( 'NONE',  ( 1.000000000000000000, -0.000000000000000000, -0.000000000000000000 ) ) ;
#23 = CARTESIAN_POINT ( 'NONE',  ( 1.249999999999999778, -1.301042606982605321E-15, 10.00000000000000000 ) ) ;
#24 = FACE_BOUND ( 'NONE', #1399, .T. ) ;
#25 = CARTESIAN_POINT ( 'NONE',  ( -1.449999999999999956, -1.308934502411512435, 5.846560182149437068 ) ) ;
#26 = EDGE_LOOP ( 'NONE', ( #118, #517 ) ) ;
#27 = VECTOR ( 'NONE', #1522, 1000.000000000000114 ) ;
#28 = EDGE_LOOP ( 'NONE', ( #158, #1436, #1308, #1890 ) ) ;
#29 = FACE_BOUND ( 'NONE', #1648, .T. ) ;
#30 = CARTESIAN_POINT ( 'NONE',  ( -1.249999999999999778, -1.301042606982605321E-15, 10.00000000000000000 ) ) ;
#31 = CARTESIAN_POINT ( 'NONE',  ( 0.000000000000000000, 0.000000000000000000, 0.000000000000000000 ) ) ;
#32 = CARTESIAN_POINT ( 'NONE',  ( 4.413765022551202399, 3.281566443895900242, 2.700000000000000178 ) ) ;
#33 = EDGE_CURVE ( 'NONE', #1154, #777, #707, .T. ) ;
#34 = CARTESIAN_POINT ( 'NONE',  ( 4.924196699264665966, -2.456704211071810917, 5.994776452388431487 ) ) ;
#35 = ORIENTED_EDGE ( 'NONE', *, *, #566, .T. ) ;
#36 = ORIENTED_EDGE ( 'NONE', *, *, #99, .T. ) ;
#37 = CARTESIAN_POINT ( 'NONE',  ( 0.4916688245930176948, 5.478947163457465130, 1.786116738581944530 ) ) ;
#38 = CARTESIAN_POINT ( 'NONE',  ( 0.8737510092325113664, -5.430388752299318611, 0.9964943310881767546 ) ) ;
#39 = EDGE_CURVE ( 'NONE', #841, #334, #1655, .T. ) ;
#40 = CIRCLE ( 'NONE', #1427, 90.00000000000000000 ) ;
#41 = AXIS2_PLACEMENT_3D ( 'NONE', #1925, #1458, #933 ) ;
#42 = CIRCLE ( 'NONE', #1078, 1.024999999999999911 ) ;
#43 = DIRECTION ( 'NONE',  ( 0.000000000000000000, 0.000000000000000000, 1.000000000000000000 ) ) ;
#44 = EDGE_CURVE ( 'NONE', #1900, #645, #2180, .T. ) ;
#45 = AXIS2_PLACEMENT_3D ( 'NONE', #30, #1744, #716 ) ;
#46 = CARTESIAN_POINT ( 'NONE',  ( -1.449999999999999956, -1.301042606982605321E-15, 10.00000000000000000 ) ) ;
#47 = CARTESIAN_POINT ( 'NONE',  ( -4.593417606087757399, 3.024981767971150148, 4.122918744408742064 ) ) ;
#48 = AXIS2_PLACEMENT_3D ( 'NONE', #807, #951, #606 ) ;
#49 = ORIENTED_EDGE ( 'NONE', *, *, #1879, .F. ) ;
#50 = ORIENTED_EDGE ( 'NONE', *, *, #1768, .T. ) ;
#51 = CARTESIAN_POINT ( 'NONE',  ( 1.249999999999999778, -1.301042606982605321E-15, 10.00000000000000000 ) ) ;
#52 = CARTESIAN_POINT ( 'NONE',  ( 4.800000000000002487, 2.685144316419506350, 5.393063171575510850 ) ) ;
#53 = EDGE_CURVE ( 'NONE', #890, #508, #803, .T. ) ;
#54 = LINE ( 'NONE', #357, #1807 ) ;
#55 = CARTESIAN_POINT ( 'NONE',  ( -4.033365821337738133, 3.282066445284823164, 3.000000000000000000 ) ) ;
#56 = CARTESIAN_POINT ( 'NONE',  ( 4.799999999999987388, -2.685144316419532107, 5.393063171575461112 ) ) ;
#57 = ORIENTED_EDGE ( 'NONE', *, *, #277, .F. ) ;
#58 = ORIENTED_EDGE ( 'NONE', *, *, #1240, .F. ) ;
#59 = DIRECTION ( 'NONE',  ( 0.000000000000000000, 0.000000000000000000, 1.000000000000000000 ) ) ;
#60 = DIRECTION ( 'NONE',  ( 0.000000000000000000, 0.000000000000000000, -1.000000000000000000 ) ) ;
#61 = EDGE_CURVE ( 'NONE', #1604, #1127, #1440, .T. ) ;
#62 = ORIENTED_EDGE ( 'NONE', *, *, #1352, .F. ) ;
#63 = DIRECTION ( 'NONE',  ( 0.000000000000000000, 0.000000000000000000, 1.000000000000000000 ) ) ;
#64 = ADVANCED_FACE ( 'NONE', ( #1480 ), #1118, .T. ) ;
#65 = LINE ( 'NONE', #1413, #1564 ) ;
#66 = CARTESIAN_POINT ( 'NONE',  ( -4.407520752176963263, -3.289965098209432171, 5.219582296258760579 ) ) ;
#67 = ORIENTED_EDGE ( 'NONE', *, *, #2113, .T. ) ;
#68 = ORIENTED_EDGE ( 'NONE', *, *, #1551, .T. ) ;
#69 = DIRECTION ( 'NONE',  ( 0.000000000000000000, 0.000000000000000000, 1.000000000000000000 ) ) ;
#70 = DIRECTION ( 'NONE',  ( 0.000000000000000000, 0.000000000000000000, 1.000000000000000000 ) ) ;
#71 = ORIENTED_EDGE ( 'NONE', *, *, #1994, .T. ) ;
#72 = CIRCLE ( 'NONE', #1701, 3.000000000000000888 ) ;
#73 = CARTESIAN_POINT ( 'NONE',  ( 4.999999999999999112, -2.291287847477921691, 1.730501156642731742 ) ) ;
#74 = COLOUR_RGB ( '',0.7921568627450980005, 0.8196078431372548767, 0.9333333333333333481 ) ;
#75 = AXIS2_PLACEMENT_3D ( 'NONE', #585, #1747, #562 ) ;
#76 = CARTESIAN_POINT ( 'NONE',  ( -4.822114366604854929, -2.648873883963878573, 11.44251892163273077 ) ) ;
#77 = CARTESIAN_POINT ( 'NONE',  ( -1.249999999999999778, -1.301042606982605321E-15, 11.82500000000000107 ) ) ;
#78 = AXIS2_PLACEMENT_3D ( 'NONE', #332, #1505, #1820 ) ;
#79 = ORIENTED_EDGE ( 'NONE', *, *, #704, .F. ) ;
#80 = AXIS2_PLACEMENT_3D ( 'NONE', #1594, #1576, #1431 ) ;
#81 = VERTEX_POINT ( 'NONE', #639 ) ;
#82 = VECTOR ( 'NONE', #999, 1000.000000000000000 ) ;
#83 = DIRECTION ( 'NONE',  ( 0.000000000000000000, 0.000000000000000000, 1.000000000000000000 ) ) ;
#84 = CARTESIAN_POINT ( 'NONE',  ( 0.1306755150546264344, -5.500000000000000888, 2.500000000000000444 ) ) ;
#85 = ORIENTED_EDGE ( 'NONE', *, *, #1264, .F. ) ;
#86 = EDGE_CURVE ( 'NONE', #679, #363, #854, .T. ) ;
#87 = DIRECTION ( 'NONE',  ( 0.000000000000000000, 0.000000000000000000, -1.000000000000000000 ) ) ;
#88 = CARTESIAN_POINT ( 'NONE',  ( -4.999999999999999112, 2.291287847477920359, 0.2999999999999999334 ) ) ;
#89 = CARTESIAN_POINT ( 'NONE',  ( -5.000000000000000000, 86.71793355471518794, 3.000000000000022649 ) ) ;
#90 = FACE_OUTER_BOUND ( 'NONE', #1475, .T. ) ;
#91 = ORIENTED_EDGE ( 'NONE', *, *, #596, .T. ) ;
#92 = ORIENTED_EDGE ( 'NONE', *, *, #1076, .F. ) ;
#93 = DIRECTION ( 'NONE',  ( -0.000000000000000000, -0.000000000000000000, -1.000000000000000000 ) ) ;
#94 = CARTESIAN_POINT ( 'NONE',  ( -4.999999999999999112, -1.181639544065738512E-15, 10.97499999999999964 ) ) ;
#95 = ORIENTED_EDGE ( 'NONE', *, *, #1544, .T. ) ;
#96 = FACE_OUTER_BOUND ( 'NONE', #580, .T. ) ;
#97 = ORIENTED_EDGE ( 'NONE', *, *, #624, .F. ) ;
#98 = CARTESIAN_POINT ( 'NONE',  ( -4.799999999999817746, 2.685144316419843857, 2.606936828424431862 ) ) ;
#99 = EDGE_CURVE ( 'NONE', #1483, #1408, #1682, .T. ) ;
#100 = VERTEX_POINT ( 'NONE', #2142 ) ;
#101 = DIRECTION ( 'NONE',  ( 0.000000000000000000, 0.000000000000000000, -1.000000000000000000 ) ) ;
#102 = DIRECTION ( 'NONE',  ( 1.000000000000000000, -0.000000000000000000, -0.000000000000000000 ) ) ;
#103 = FACE_OUTER_BOUND ( 'NONE', #1086, .T. ) ;
#104 = ORIENTED_EDGE ( 'NONE', *, *, #1870, .F. ) ;
#105 = DIRECTION ( 'NONE',  ( -0.000000000000000000, 0.000000000000000000, -1.000000000000000000 ) ) ;
#106 = VERTEX_POINT ( 'NONE', #665 ) ;
#107 = EDGE_CURVE ( 'NONE', #408, #2049, #119, .T. ) ;
#108 = CARTESIAN_POINT ( 'NONE',  ( 4.631864648715344757, -2.965970124649463635, 3.393353777737145194 ) ) ;
#109 = CIRCLE ( 'NONE', #1005, 3.000000000000000888 ) ;
#110 = PLANE ( 'NONE',  #1669 ) ;
#111 = ORIENTED_EDGE ( 'NONE', *, *, #1439, .F. ) ;
#112 = AXIS2_PLACEMENT_3D ( 'NONE', #1967, #1006, #2189 ) ;
#113 = DIRECTION ( 'NONE',  ( 0.000000000000000000, 0.000000000000000000, -1.000000000000000000 ) ) ;
#114 = DIRECTION ( 'NONE',  ( 1.000000000000000000, 0.000000000000000000, 0.000000000000000000 ) ) ;
#115 = AXIS2_PLACEMENT_3D ( 'NONE', #635, #708, #2178 ) ;
#116 = CARTESIAN_POINT ( 'NONE',  ( 4.999999999999999112, 1.428285685708572617, 0.000000000000000000 ) ) ;
#117 = AXIS2_PLACEMENT_3D ( 'NONE', #129, #2159, #644 ) ;
#118 = ORIENTED_EDGE ( 'NONE', *, *, #527, .F. ) ;
#119 = B_SPLINE_CURVE_WITH_KNOTS ( 'NONE', 3,
 ( #1457, #997, #145, #2005, #629, #2166, #1302, #461, #1783, #295, #654, #1329, #711, #2014, #1674, #1184, #1008, #1027 ),
 .UNSPECIFIED., .F., .F.,
 ( 4, 2, 2, 2, 2, 2, 2, 2, 4 ),
 ( 0.003132977894361801963, 0.003524500858659154919, 0.003916023822956507874, 0.004307546787253860830, 0.004699069751551214653, 0.005090592715848567609, 0.005482115680145921432, 0.005873638644443275256, 0.006265161608740629079 ),
 .UNSPECIFIED. ) ;
#120 = CARTESIAN_POINT ( 'NONE',  ( -0.5501111358959311914, 5.472419734511915657, 1.355088822900758716 ) ) ;
#121 = VERTEX_POINT ( 'NONE', #197 ) ;
#122 = LINE ( 'NONE', #1209, #613 ) ;
#123 = CARTESIAN_POINT ( 'NONE',  ( 5.000000000000000000, -1.301042606982605321E-15, 10.00000000000000000 ) ) ;
#124 = ORIENTED_EDGE ( 'NONE', *, *, #1453, .T. ) ;
#125 = DIRECTION ( 'NONE',  ( 1.000000000000000000, -0.000000000000000000, -0.000000000000000000 ) ) ;
#126 = CARTESIAN_POINT ( 'NONE',  ( 3.599999999999998312, 0.000000000000000000, 3.024999999999999911 ) ) ;
#127 = CYLINDRICAL_SURFACE ( 'NONE', #1465, 0.9750000000000001998 ) ;
#128 = EDGE_LOOP ( 'NONE', ( #2048, #1752, #946, #2100, #486, #91 ) ) ;
#129 = CARTESIAN_POINT ( 'NONE',  ( 0.000000000000000000, 0.000000000000000000, 3.000000000000000000 ) ) ;
#130 = EDGE_LOOP ( 'NONE', ( #1550, #283, #314, #669 ) ) ;
#131 = EDGE_CURVE ( 'NONE', #363, #392, #1213, .T. ) ;
#132 = DIRECTION ( 'NONE',  ( 0.000000000000000000, 0.000000000000000000, -1.000000000000000000 ) ) ;
#133 = DIRECTION ( 'NONE',  ( 1.000000000000000000, 0.000000000000000000, 0.000000000000000000 ) ) ;
#134 = VERTEX_POINT ( 'NONE', #1710 ) ;
#135 = EDGE_CURVE ( 'NONE', #1104, #736, #174, .T. ) ;
#136 = ORIENTED_EDGE ( 'NONE', *, *, #620, .T. ) ;
#137 = CARTESIAN_POINT ( 'NONE',  ( 4.631864648715346533, 2.965970124649464967, 4.606646222262853918 ) ) ;
#138 = DIRECTION ( 'NONE',  ( -1.000000000000000000, 0.000000000000000000, 0.000000000000000000 ) ) ;
#139 = ORIENTED_EDGE ( 'NONE', *, *, #1707, .F. ) ;
#140 = CARTESIAN_POINT ( 'NONE',  ( 1.449999999999999956, -1.175516310070001636E-15, 11.02500000000000036 ) ) ;
#141 = ORIENTED_EDGE ( 'NONE', *, *, #1683, .F. ) ;
#142 = CARTESIAN_POINT ( 'NONE',  ( -4.200000000000000178, 5.143516556418883914E-16, 0.000000000000000000 ) ) ;
#143 = DIRECTION ( 'NONE',  ( 1.000000000000000000, 0.000000000000000000, -0.000000000000000000 ) ) ;
#144 = AXIS2_PLACEMENT_3D ( 'NONE', #1585, #1238, #1259 ) ;
#145 = CARTESIAN_POINT ( 'NONE',  ( -0.2624729792175938825, -5.495058484034772484, 2.473696878263968113 ) ) ;
#146 = CARTESIAN_POINT ( 'NONE',  ( 1.102182119232617714E-15, 6.000000000000000000, 1.499999999999999556 ) ) ;
#147 = DIRECTION ( 'NONE',  ( 0.000000000000000000, -1.776356839400250465E-15, 1.000000000000000000 ) ) ;
#148 = ORIENTED_EDGE ( 'NONE', *, *, #671, .F. ) ;
#149 = ORIENTED_EDGE ( 'NONE', *, *, #362, .T. ) ;
#150 = AXIS2_PLACEMENT_3D ( 'NONE', #864, #699, #519 ) ;
#151 = DIRECTION ( 'NONE',  ( 1.000000000000000000, 0.000000000000000000, 0.000000000000000000 ) ) ;
#152 = DIRECTION ( 'NONE',  ( 1.000000000000000000, 0.000000000000000000, -0.000000000000000000 ) ) ;
#153 = CARTESIAN_POINT ( 'NONE',  ( 4.999999999999999112, 0.000000000000000000, 4.000000000000000000 ) ) ;
#154 = CARTESIAN_POINT ( 'NONE',  ( 1.102182119232617714E-15, -1.000000000000000000, 0.9499999999999995115 ) ) ;
#155 = DIRECTION ( 'NONE',  ( 1.000000000000000000, 0.000000000000000000, 0.000000000000000000 ) ) ;
#156 = DIRECTION ( 'NONE',  ( -1.000000000000000000, -0.000000000000000000, -0.000000000000000000 ) ) ;
#157 = ORIENTED_EDGE ( 'NONE', *, *, #1879, .T. ) ;
#158 = ORIENTED_EDGE ( 'NONE', *, *, #2111, .F. ) ;
#159 = CARTESIAN_POINT ( 'NONE',  ( 1.449999999999999956, -86.71793355471518794, 3.000000000000000000 ) ) ;
#160 = B_SPLINE_CURVE_WITH_KNOTS ( 'NONE', 3,
 ( #1059, #1410, #1573, #550, #754, #1581, #194, #2083, #1717, #1235, #1915, #1244 ),
 .UNSPECIFIED., .F., .F.,
 ( 4, 2, 2, 2, 2, 4 ),
 ( 0.0007298252965574187311, 0.001459761954459755980, 0.001824730283410924388, 0.002189698612362092796, 0.002919635270264427009, 0.003649571928166761223 ),
 .UNSPECIFIED. ) ;
#161 = PLANE ( 'NONE',  #183 ) ;
#162 = AXIS2_PLACEMENT_3D ( 'NONE', #1959, #125, #113 ) ;
#163 = B_SPLINE_CURVE_WITH_KNOTS ( 'NONE', 3,
 ( #494, #1384, #330, #1203 ),
 .UNSPECIFIED., .F., .F.,
 ( 4, 4 ),
 ( 0.000000000000000000, 0.0009814593241183030073 ),
 .UNSPECIFIED. ) ;
#164 = CARTESIAN_POINT ( 'NONE',  ( 4.033365821337738133, 3.282066445284823164, 3.000000000000000000 ) ) ;
#165 = FACE_OUTER_BOUND ( 'NONE', #2160, .T. ) ;
#166 = DIRECTION ( 'NONE',  ( 1.000000000000000000, 0.000000000000000000, 0.000000000000000000 ) ) ;
#167 = VERTEX_POINT ( 'NONE', #1042 ) ;
#168 = ORIENTED_EDGE ( 'NONE', *, *, #861, .F. ) ;
#169 = CARTESIAN_POINT ( 'NONE',  ( -4.999999999999999112, 0.000000000000000000, 4.000000000000000000 ) ) ;
#170 = B_SPLINE_CURVE_WITH_KNOTS ( 'NONE', 3,
 ( #1498, #797, #492, #108, #1145, #1834, #1824, #1486, #1799, #1159, #2042, #315 ),
 .UNSPECIFIED., .F., .F.,
 ( 4, 2, 2, 2, 2, 4 ),
 ( 0.0007298252965574012754, 0.001459761954459760751, 0.001824730283410939784, 0.002189698612362118383, 0.002919635270264476449, 0.003649571928166834081 ),
 .UNSPECIFIED. ) ;
#171 = PRODUCT_CONTEXT ( 'NONE', #319, 'mechanical' ) ;
#172 = EDGE_CURVE ( 'NONE', #1286, #1250, #1736, .T. ) ;
#173 = DIRECTION ( 'NONE',  ( 0.000000000000000000, 0.000000000000000000, -1.000000000000000000 ) ) ;
#174 = LINE ( 'NONE', #887, #27 ) ;
#175 = DIRECTION ( 'NONE',  ( -0.000000000000000000, -0.000000000000000000, 1.000000000000000000 ) ) ;
#176 = DIRECTION ( 'NONE',  ( 0.000000000000000000, 0.000000000000000000, 1.000000000000000000 ) ) ;
#177 = EDGE_LOOP ( 'NONE', ( #793, #1525, #1066, #168 ) ) ;
#178 = AXIS2_PLACEMENT_3D ( 'NONE', #2068, #1267, #1769 ) ;
#179 = ORIENTED_EDGE ( 'NONE', *, *, #13, .T. ) ;
#180 = DIRECTION ( 'NONE',  ( -1.000000000000000000, 0.000000000000000000, 0.000000000000000000 ) ) ;
#181 = VECTOR ( 'NONE', #1375, 1000.000000000000000 ) ;
#182 = PRESENTATION_STYLE_ASSIGNMENT (( #2052 ) ) ;
#183 = AXIS2_PLACEMENT_3D ( 'NONE', #1512, #1136, #1149 ) ;
#184 = CIRCLE ( 'NONE', #254, 0.9750000000000001998 ) ;
#185 = CIRCLE ( 'NONE', #1668, 3.024999999999999911 ) ;
#186 = AXIS2_PLACEMENT_3D ( 'NONE', #1868, #1205, #523 ) ;
#187 = PRODUCT_RELATED_PRODUCT_CATEGORY ( 'part', '', ( #484 ) ) ;
#188 = CARTESIAN_POINT ( 'NONE',  ( -5.172442859629964751, -1.301042606982605321E-15, 10.00000000000000000 ) ) ;
#189 = CARTESIAN_POINT ( 'NONE',  ( 1.449999999999999956, -1.308934502411512435, 5.846560182149437068 ) ) ;
#190 = LINE ( 'NONE', #1897, #181 ) ;
#191 = CARTESIAN_POINT ( 'NONE',  ( -1.449999999999999956, -3.276082999478232338, 4.037778610088894382 ) ) ;
#192 = VERTEX_POINT ( 'NONE', #1374 ) ;
#193 = PLANE ( 'NONE',  #865 ) ;
#194 = CARTESIAN_POINT ( 'NONE',  ( -4.593417606087755622, -3.024981767971148816, 3.877081255591245057 ) ) ;
#195 = B_SPLINE_CURVE_WITH_KNOTS ( 'NONE', 3,
 ( #32, #1685, #2026, #1850, #1866, #164 ),
 .UNSPECIFIED., .F., .F.,
 ( 4, 2, 4 ),
 ( 0.000000000000000000, 0.0002668148849464763790, 0.0005336297698929527581 ),
 .UNSPECIFIED. ) ;
#196 = DIRECTION ( 'NONE',  ( 1.000000000000000000, 0.000000000000000000, 0.000000000000000000 ) ) ;
#197 = CARTESIAN_POINT ( 'NONE',  ( -1.449999999999999956, -1.301042606982605321E-15, 11.02500000000000036 ) ) ;
#198 = EDGE_CURVE ( 'NONE', #2070, #936, #1074, .T. ) ;
#199 = CYLINDRICAL_SURFACE ( 'NONE', #759, 1.024999999999999911 ) ;
#200 = VECTOR ( 'NONE', #268, 1000.000000000000000 ) ;
#201 = ORIENTED_EDGE ( 'NONE', *, *, #1199, .T. ) ;
#202 = EDGE_CURVE ( 'NONE', #1578, #1832, #571, .T. ) ;
#203 = ORIENTED_EDGE ( 'NONE', *, *, #318, .T. ) ;
#204 = DIRECTION ( 'NONE',  ( 1.000000000000000000, 0.000000000000000000, -0.000000000000000000 ) ) ;
#205 = LINE ( 'NONE', #1255, #298 ) ;
#206 = CARTESIAN_POINT ( 'NONE',  ( 1.449999999999999956, 1.308934502411512879, 5.846560182149437068 ) ) ;
#207 = DIRECTION ( 'NONE',  ( 0.000000000000000000, 0.000000000000000000, -1.000000000000000000 ) ) ;
#208 = DIRECTION ( 'NONE',  ( -1.000000000000000000, -0.000000000000000000, -0.000000000000000000 ) ) ;
#209 = ORIENTED_EDGE ( 'NONE', *, *, #370, .F. ) ;
#210 = EDGE_LOOP ( 'NONE', ( #643, #678 ) ) ;
#211 = EDGE_CURVE ( 'NONE', #1433, #1121, #195, .T. ) ;
#212 = DIRECTION ( 'NONE',  ( 0.000000000000000000, 0.000000000000000000, 1.000000000000000000 ) ) ;
#213 = CARTESIAN_POINT ( 'NONE',  ( 0.9735617858892424703, -5.413385287995851947, 1.237062300501955647 ) ) ;
#214 = ADVANCED_FACE ( 'NONE', ( #504 ), #856, .T. ) ;
#215 = CIRCLE ( 'NONE', #1462, 1.825000000000000178 ) ;
#216 = EDGE_CURVE ( 'NONE', #1859, #813, #1574, .T. ) ;
#217 = CIRCLE ( 'NONE', #762, 3.024999999999999911 ) ;
#218 = CIRCLE ( 'NONE', #939, 90.00000000000000000 ) ;
#219 = DIRECTION ( 'NONE',  ( -1.000000000000000000, 0.000000000000000000, 0.000000000000000000 ) ) ;
#220 = CARTESIAN_POINT ( 'NONE',  ( -4.799999999999993605, 2.685144316419521004, 5.393063171575482428 ) ) ;
#221 = CIRCLE ( 'NONE', #2135, 3.024999999999999911 ) ;
#222 = EDGE_CURVE ( 'NONE', #829, #987, #757, .T. ) ;
#223 = ORIENTED_EDGE ( 'NONE', *, *, #107, .F. ) ;
#224 = VERTEX_POINT ( 'NONE', #350 ) ;
#225 = CARTESIAN_POINT ( 'NONE',  ( -1.249999999999999778, -1.301042606982605321E-15, 10.00000000000000000 ) ) ;
#226 = CARTESIAN_POINT ( 'NONE',  ( 0.8735895391711738789, -5.430417905357991515, 2.004049155779536573 ) ) ;
#227 = EDGE_LOOP ( 'NONE', ( #1803, #1175, #607, #448 ) ) ;
#228 = CARTESIAN_POINT ( 'NONE',  ( 3.599999999999999201, 0.000000000000000000, 4.000000000000000000 ) ) ;
#229 = CARTESIAN_POINT ( 'NONE',  ( -4.924196699264668631, -2.456704211071805144, 2.005223547611553858 ) ) ;
#230 = CARTESIAN_POINT ( 'NONE',  ( 4.800000000000002487, 0.000000000000000000, 0.9750000000000001998 ) ) ;
#231 = VERTEX_POINT ( 'NONE', #154 ) ;
#232 = VERTEX_POINT ( 'NONE', #879 ) ;
#233 = CARTESIAN_POINT ( 'NONE',  ( 0.2875829155828774630, 5.493416968477216500, 1.009726071540250070 ) ) ;
#234 = DIRECTION ( 'NONE',  ( 1.000000000000000000, 0.000000000000000000, 0.000000000000000000 ) ) ;
#235 = EDGE_LOOP ( 'NONE', ( #97, #2029 ) ) ;
#236 = EDGE_CURVE ( 'NONE', #1268, #121, #1702, .T. ) ;
#237 = EDGE_CURVE ( 'NONE', #192, #1106, #1366, .T. ) ;
#238 = DIRECTION ( 'NONE',  ( 0.000000000000000000, 1.000000000000000000, 0.000000000000000000 ) ) ;
#239 = EDGE_CURVE ( 'NONE', #232, #2136, #163, .T. ) ;
#240 = CARTESIAN_POINT ( 'NONE',  ( -5.000000000000000000, -2.291287847477919026, 11.93649167310371340 ) ) ;
#241 = DIRECTION ( 'NONE',  ( 0.000000000000000000, 0.000000000000000000, -1.000000000000000000 ) ) ;
#242 = ORIENTED_EDGE ( 'NONE', *, *, #1443, .T. ) ;
#243 = B_SPLINE_CURVE_WITH_KNOTS ( 'NONE', 3,
 ( #558, #1753, #233, #2041, #922, #364, #37, #912, #2050, #1050 ),
 .UNSPECIFIED., .F., .F.,
 ( 4, 2, 2, 2, 4 ),
 ( 2.658501967270254196E-20, 0.0004301563442912330077, 0.0008603126885824657986, 0.001290469032873698806, 0.001720625377164931597 ),
 .UNSPECIFIED. ) ;
#244 = ORIENTED_EDGE ( 'NONE', *, *, #236, .F. ) ;
#245 = DIRECTION ( 'NONE',  ( 0.000000000000000000, 0.000000000000000000, -1.000000000000000000 ) ) ;
#246 = CARTESIAN_POINT ( 'NONE',  ( -1.249999999999999778, -1.301042606982605321E-15, 11.02500000000000036 ) ) ;
#247 = VERTEX_POINT ( 'NONE', #1547 ) ;
#248 = DIRECTION ( 'NONE',  ( 1.000000000000000000, 0.000000000000000000, 0.000000000000000000 ) ) ;
#249 = VECTOR ( 'NONE', #544, 1000.000000000000000 ) ;
#250 = CARTESIAN_POINT ( 'NONE',  ( -4.999999999999997335, 2.212651872608806691, 0.1608013106320974328 ) ) ;
#251 = AXIS2_PLACEMENT_3D ( 'NONE', #2112, #1956, #940 ) ;
#252 = DIRECTION ( 'NONE',  ( 1.000000000000000000, -0.000000000000000000, -0.000000000000000000 ) ) ;
#253 = FACE_OUTER_BOUND ( 'NONE', #210, .T. ) ;
#254 = AXIS2_PLACEMENT_3D ( 'NONE', #2077, #1412, #1779 ) ;
#255 = ORIENTED_EDGE ( 'NONE', *, *, #2132, .T. ) ;
#256 = ORIENTED_EDGE ( 'NONE', *, *, #947, .T. ) ;
#257 = STYLED_ITEM ( 'NONE', ( #182 ), #839 ) ;
#258 = LINE ( 'NONE', #640, #1634 ) ;
#259 = EDGE_CURVE ( 'NONE', #363, #679, #649, .T. ) ;
#260 = DIRECTION ( 'NONE',  ( 0.000000000000000000, 0.000000000000000000, -1.000000000000000000 ) ) ;
#261 = VERTEX_POINT ( 'NONE', #1838 ) ;
#262 = LINE ( 'NONE', #1616, #1538 ) ;
#263 = ADVANCED_FACE ( 'NONE', ( #918 ), #1566, .F. ) ;
#264 = CARTESIAN_POINT ( 'NONE',  ( -3.599999999999999201, 3.704556567420743261E-16, 0.9750000000000001998 ) ) ;
#265 = CARTESIAN_POINT ( 'NONE',  ( 4.999999999999999112, -2.291287847477921691, 3.000000000000000000 ) ) ;
#266 = ORIENTED_EDGE ( 'NONE', *, *, #1918, .T. ) ;
#267 = EDGE_CURVE ( 'NONE', #1156, #192, #409, .T. ) ;
#268 = DIRECTION ( 'NONE',  ( 1.000000000000000000, -0.000000000000000000, -0.000000000000000000 ) ) ;
#269 = CARTESIAN_POINT ( 'NONE',  ( 4.999999999999999112, 0.000000000000000000, 0.7750000000000022427 ) ) ;
#270 = CARTESIAN_POINT ( 'NONE',  ( 5.000000000000000888, 2.212285786355105532, 0.1604794238736639567 ) ) ;
#271 = EDGE_CURVE ( 'NONE', #471, #1900, #1990, .T. ) ;
#272 = ORIENTED_EDGE ( 'NONE', *, *, #1624, .T. ) ;
#273 = CYLINDRICAL_SURFACE ( 'NONE', #2024, 3.024999999999999911 ) ;
#274 = ORIENTED_EDGE ( 'NONE', *, *, #1531, .T. ) ;
#275 = EDGE_CURVE ( 'NONE', #17, #324, #1143, .T. ) ;
#276 = CARTESIAN_POINT ( 'NONE',  ( 4.999999999999999112, 2.291287847477920359, 3.000000000000000000 ) ) ;
#277 = EDGE_CURVE ( 'NONE', #261, #1610, #2165, .T. ) ;
#278 = CYLINDRICAL_SURFACE ( 'NONE', #2054, 1.825000000000000178 ) ;
#279 = ORIENTED_EDGE ( 'NONE', *, *, #588, .T. ) ;
#280 = CARTESIAN_POINT ( 'NONE',  ( -1.449999999999999956, -3.276082999478249658, 4.037778610088965436 ) ) ;
#281 = CARTESIAN_POINT ( 'NONE',  ( 1.224646799147353059E-15, -1.000000000000000000, 2.499999999999999556 ) ) ;
#282 = FACE_OUTER_BOUND ( 'NONE', #1788, .T. ) ;
#283 = ORIENTED_EDGE ( 'NONE', *, *, #1160, .T. ) ;
#284 = FACE_BOUND ( 'NONE', #1272, .T. ) ;
#285 = ORIENTED_EDGE ( 'NONE', *, *, #1355, .T. ) ;
#286 = UNCERTAINTY_MEASURE_WITH_UNIT (LENGTH_MEASURE( 1.000000000000000082E-05 ), #1791, 'distance_accuracy_value', 'NONE');
#287 = CARTESIAN_POINT ( 'NONE',  ( -1.449999999999999956, 1.308934502411512879, 5.846560182149437068 ) ) ;
#288 = CIRCLE ( 'NONE', #1878, 3.224999999999997868 ) ;
#289 = AXIS2_PLACEMENT_3D ( 'NONE', #592, #69, #425 ) ;
#290 = FACE_OUTER_BOUND ( 'NONE', #1117, .T. ) ;
#291 = EDGE_CURVE ( 'NONE', #334, #590, #300, .T. ) ;
#292 = AXIS2_PLACEMENT_3D ( 'NONE', #513, #1557, #1054 ) ;
#293 = ORIENTED_EDGE ( 'NONE', *, *, #540, .T. ) ;
#294 = AXIS2_PLACEMENT_3D ( 'NONE', #1171, #133, #1477 ) ;
#295 = CARTESIAN_POINT ( 'NONE',  ( -1.000073890788316877, -5.408313250786612514, 1.368466494874974071 ) ) ;
#296 = DIRECTION ( 'NONE',  ( 0.000000000000000000, 0.000000000000000000, -1.000000000000000000 ) ) ;
#297 = EDGE_CURVE ( 'NONE', #224, #1611, #1004, .T. ) ;
#298 = VECTOR ( 'NONE', #406, 1000.000000000000000 ) ;
#299 = DIRECTION ( 'NONE',  ( 1.000000000000000000, 0.000000000000000000, -0.000000000000000000 ) ) ;
#300 = CIRCLE ( 'NONE', #1148, 0.9000000000000000222 ) ;
#301 = AXIS2_PLACEMENT_3D ( 'NONE', #1164, #668, #1851 ) ;
#302 = EDGE_LOOP ( 'NONE', ( #2017, #602, #1771, #557 ) ) ;
#303 = DIRECTION ( 'NONE',  ( 0.000000000000000000, 0.000000000000000000, -1.000000000000000000 ) ) ;
#304 = EDGE_LOOP ( 'NONE', ( #723, #466, #1853, #1403 ) ) ;
#305 = CARTESIAN_POINT ( 'NONE',  ( -5.172442859629964751, -1.301042606982605321E-15, 10.00000000000000000 ) ) ;
#306 = EDGE_CURVE ( 'NONE', #491, #1714, #2058, .T. ) ;
#307 = DIRECTION ( 'NONE',  ( 0.000000000000000000, 0.000000000000000000, -1.000000000000000000 ) ) ;
#308 = ORIENTED_EDGE ( 'NONE', *, *, #86, .F. ) ;
#309 = CARTESIAN_POINT ( 'NONE',  ( 1.249999999999999778, -1.077544566138213202E-15, 11.82500000000000107 ) ) ;
#310 = DIRECTION ( 'NONE',  ( 0.000000000000000000, 0.000000000000000000, 1.000000000000000000 ) ) ;
#311 = DIRECTION ( 'NONE',  ( 1.000000000000000000, 0.000000000000000000, 0.000000000000000000 ) ) ;
#312 = EDGE_LOOP ( 'NONE', ( #1596, #860, #652, #5 ) ) ;
#313 = CARTESIAN_POINT ( 'NONE',  ( -4.413765022551183748, -3.281566443895923779, 2.700000000000000178 ) ) ;
#314 = ORIENTED_EDGE ( 'NONE', *, *, #291, .F. ) ;
#315 = CARTESIAN_POINT ( 'NONE',  ( 4.799999999999987388, -2.685144316419532107, 5.393063171575461112 ) ) ;
#316 = EDGE_CURVE ( 'NONE', #2195, #1997, #1930, .T. ) ;
#317 = CARTESIAN_POINT ( 'NONE',  ( 3.000000000000000444, 0.000000000000000000, -0.4000000000000001887 ) ) ;
#318 = EDGE_CURVE ( 'NONE', #777, #1793, #561, .T. ) ;
#319 = APPLICATION_CONTEXT ( 'automotive_design' ) ;
#320 = CARTESIAN_POINT ( 'NONE',  ( 4.855102394326739734, -2.586642537147907372, 2.297420185960186156 ) ) ;
#321 = DIRECTION ( 'NONE',  ( -0.000000000000000000, -1.000000000000000000, -0.000000000000000000 ) ) ;
#322 = CARTESIAN_POINT ( 'NONE',  ( -1.449999999999999956, -1.301042606982605321E-15, 10.00000000000000000 ) ) ;
#323 = ADVANCED_FACE ( 'NONE', ( #741 ), #1609, .F. ) ;
#324 = VERTEX_POINT ( 'NONE', #1405 ) ;
#325 = CARTESIAN_POINT ( 'NONE',  ( -4.999999999999998224, -2.069341200113460566, 0.08141019236119374780 ) ) ;
#326 = ORIENTED_EDGE ( 'NONE', *, *, #1363, .T. ) ;
#327 = CARTESIAN_POINT ( 'NONE',  ( -1.449999999999999956, 2.417572691171606891, 5.009560414901448766 ) ) ;
#328 = FACE_OUTER_BOUND ( 'NONE', #1954, .T. ) ;
#329 = CIRCLE ( 'NONE', #724, 1.825000000000000178 ) ;
#330 = CARTESIAN_POINT ( 'NONE',  ( -4.924196699264666854, 2.456704211071809141, 5.994776452388445698 ) ) ;
#331 = FACE_OUTER_BOUND ( 'NONE', #1823, .T. ) ;
#332 = CARTESIAN_POINT ( 'NONE',  ( 4.800000000000002487, 0.000000000000000000, 4.000000000000000000 ) ) ;
#333 = VECTOR ( 'NONE', #1152, 1000.000000000000000 ) ;
#334 = VERTEX_POINT ( 'NONE', #2090 ) ;
#335 = AXIS2_PLACEMENT_3D ( 'NONE', #153, #1835, #1876 ) ;
#336 = EDGE_CURVE ( 'NONE', #2133, #2158, #1529, .T. ) ;
#337 = CARTESIAN_POINT ( 'NONE',  ( -5.000000000000001776, -2.269464655020977162, 0.2199481715518623870 ) ) ;
#338 = CONICAL_SURFACE ( 'NONE', #1740, 3.225000000000004086, 0.7853981633974439491 ) ;
#339 = ADVANCED_FACE ( 'NONE', ( #1061 ), #1748, .T. ) ;
#340 = FACE_OUTER_BOUND ( 'NONE', #1688, .T. ) ;
#341 = CARTESIAN_POINT ( 'NONE',  ( 1.449999999999999956, -3.276082999478249658, 4.037778610088965436 ) ) ;
#342 = FACE_BOUND ( 'NONE', #4, .T. ) ;
#343 = DIRECTION ( 'NONE',  ( 0.000000000000000000, 0.000000000000000000, 1.000000000000000000 ) ) ;
#344 = ORIENTED_EDGE ( 'NONE', *, *, #786, .T. ) ;
#345 = ORIENTED_EDGE ( 'NONE', *, *, #1705, .F. ) ;
#346 = EDGE_CURVE ( 'NONE', #224, #813, #65, .T. ) ;
#347 = DIRECTION ( 'NONE',  ( 0.000000000000000000, 0.000000000000000000, 1.000000000000000000 ) ) ;
#348 =( NAMED_UNIT ( * ) PLANE_ANGLE_UNIT ( ) SI_UNIT ( $, .RADIAN. ) );
#349 = CARTESIAN_POINT ( 'NONE',  ( -4.407520752176958823, 3.289965098209437500, 5.219582296258760579 ) ) ;
#350 = CARTESIAN_POINT ( 'NONE',  ( 1.449999999999999956, 2.990273570852255869, 10.24137931034483096 ) ) ;
#351 = CARTESIAN_POINT ( 'NONE',  ( 4.593417606087755622, 3.024981767971149260, 4.122918744408733183 ) ) ;
#352 = DIRECTION ( 'NONE',  ( -1.000000000000000000, 0.000000000000000000, 0.000000000000000000 ) ) ;
#353 = ORIENTED_EDGE ( 'NONE', *, *, #1453, .F. ) ;
#354 = ORIENTED_EDGE ( 'NONE', *, *, #1923, .F. ) ;
#355 = FACE_BOUND ( 'NONE', #532, .T. ) ;
#356 = CARTESIAN_POINT ( 'NONE',  ( -1.449999999999999956, -1.301042606982605321E-15, 10.00000000000000000 ) ) ;
#357 = CARTESIAN_POINT ( 'NONE',  ( 4.999999999999999112, 2.291287847477920359, 0.000000000000000000 ) ) ;
#358 = DIRECTION ( 'NONE',  ( 0.000000000000000000, 0.000000000000000000, -1.000000000000000000 ) ) ;
#359 = CARTESIAN_POINT ( 'NONE',  ( -5.000000000000000000, 2.291287847477919026, 11.93649167310370984 ) ) ;
#360 = CARTESIAN_POINT ( 'NONE',  ( -1.449999999999999956, 0.000000000000000000, 6.066615150441368343 ) ) ;
#361 = AXIS2_PLACEMENT_3D ( 'NONE', #778, #618, #83 ) ;
#362 = EDGE_CURVE ( 'NONE', #508, #2164, #1943, .T. ) ;
#363 = VERTEX_POINT ( 'NONE', #1919 ) ;
#364 = CARTESIAN_POINT ( 'NONE',  ( 0.5500520854288427630, 5.472425669304206153, 1.643391920316381594 ) ) ;
#365 = AXIS2_PLACEMENT_3D ( 'NONE', #791, #441, #462 ) ;
#366 = DIRECTION ( 'NONE',  ( 0.000000000000000000, 0.000000000000000000, -1.000000000000000000 ) ) ;
#367 = APPLICATION_PROTOCOL_DEFINITION ( 'draft international standard', 'automotive_design', 1998, #319 ) ;
#368 = AXIS2_PLACEMENT_3D ( 'NONE', #995, #1161, #1662 ) ;
#369 = AXIS2_PLACEMENT_3D ( 'NONE', #579, #1728, #1248 ) ;
#370 = EDGE_CURVE ( 'NONE', #1241, #1104, #774, .T. ) ;
#371 = ADVANCED_FACE ( 'NONE', ( #2114 ), #435, .T. ) ;
#372 = CARTESIAN_POINT ( 'NONE',  ( 3.599999999999998312, 1.194030629168670308E-16, 4.975000000000000533 ) ) ;
#373 = DIRECTION ( 'NONE',  ( -1.000000000000000000, 0.000000000000000000, 0.000000000000000000 ) ) ;
#374 = CARTESIAN_POINT ( 'NONE',  ( -1.249999999999999778, -1.301042606982605321E-15, 10.00000000000000000 ) ) ;
#375 = ORIENTED_EDGE ( 'NONE', *, *, #2108, .F. ) ;
#376 = ORIENTED_EDGE ( 'NONE', *, *, #624, .T. ) ;
#377 = CARTESIAN_POINT ( 'NONE',  ( 4.924196699264665966, 2.456704211071810917, 2.005223547611567181 ) ) ;
#378 = CARTESIAN_POINT ( 'NONE',  ( 4.999999999999999112, -2.291287847477921691, 6.269498843357269813 ) ) ;
#379 = CARTESIAN_POINT ( 'NONE',  ( 4.800000000000002487, -2.685144316419505905, 2.606936828424488706 ) ) ;
#380 = EDGE_CURVE ( 'NONE', #806, #736, #288, .T. ) ;
#381 = DIRECTION ( 'NONE',  ( 0.000000000000000000, 0.000000000000000000, -1.000000000000000000 ) ) ;
#382 = CARTESIAN_POINT ( 'NONE',  ( 0.000000000000000000, 0.000000000000000000, 2.700000000000000178 ) ) ;
#383 = EDGE_LOOP ( 'NONE', ( #92, #344, #418, #1421 ) ) ;
#384 = VERTEX_POINT ( 'NONE', #1861 ) ;
#385 = CARTESIAN_POINT ( 'NONE',  ( 4.855102394326741511, 2.586642537147932686, 2.297420185960217687 ) ) ;
#386 = CARTESIAN_POINT ( 'NONE',  ( 4.800000000000002487, 0.000000000000000000, 4.000000000000000000 ) ) ;
#387 = B_SPLINE_CURVE_WITH_KNOTS ( 'NONE', 3,
 ( #220, #1567, #880, #1367, #909, #888, #47, #1028, #734, #2069, #2047, #1249 ),
 .UNSPECIFIED., .F., .F.,
 ( 4, 2, 2, 2, 2, 4 ),
 ( 0.0007298252965574327173, 0.001459761954459765955, 0.001824730283410932845, 0.002189698612362099735, 0.002919635270264437418, 0.003649571928166775100 ),
 .UNSPECIFIED. ) ;
#388 = FACE_OUTER_BOUND ( 'NONE', #302, .T. ) ;
#389 = CARTESIAN_POINT ( 'NONE',  ( 1.449999999999999956, -1.301042606982605321E-15, 10.00000000000000000 ) ) ;
#390 = CARTESIAN_POINT ( 'NONE',  ( -4.616087517742979429, 2.990273570852248319, 10.24137931034482740 ) ) ;
#391 = ORIENTED_EDGE ( 'NONE', *, *, #1632, .T. ) ;
#392 = VERTEX_POINT ( 'NONE', #140 ) ;
#393 = CARTESIAN_POINT ( 'NONE',  ( 4.799999999999987388, 2.685144316419532107, 2.606936828424538000 ) ) ;
#394 = FACE_OUTER_BOUND ( 'NONE', #921, .T. ) ;
#395 = ORIENTED_EDGE ( 'NONE', *, *, #2169, .T. ) ;
#396 = CIRCLE ( 'NONE', #289, 5.200000000000000178 ) ;
#397 = AXIS2_PLACEMENT_3D ( 'NONE', #123, #1182, #651 ) ;
#398 = CIRCLE ( 'NONE', #693, 3.024999999999999911 ) ;
#399 = DIRECTION ( 'NONE',  ( 0.000000000000000000, 0.000000000000000000, -1.000000000000000000 ) ) ;
#400 = AXIS2_PLACEMENT_3D ( 'NONE', #622, #968, #1437 ) ;
#401 = CARTESIAN_POINT ( 'NONE',  ( -4.413765022551188189, 3.281566443895918450, 2.700000000000000178 ) ) ;
#402 = CARTESIAN_POINT ( 'NONE',  ( 1.102182119232617714E-15, -1.000000000000000000, 1.499999999999999556 ) ) ;
#403 = ORIENTED_EDGE ( 'NONE', *, *, #2045, .T. ) ;
#404 = ORIENTED_EDGE ( 'NONE', *, *, #761, .F. ) ;
#405 = CARTESIAN_POINT ( 'NONE',  ( -4.799999999999997158, 0.000000000000000000, 4.000000000000000000 ) ) ;
#406 = DIRECTION ( 'NONE',  ( -1.000000000000000000, 0.000000000000000000, 0.000000000000000000 ) ) ;
#407 = ADVANCED_FACE ( 'NONE', ( #2010 ), #1343, .T. ) ;
#408 = VERTEX_POINT ( 'NONE', #1659 ) ;
#409 = B_SPLINE_CURVE_WITH_KNOTS ( 'NONE', 3,
 ( #240, #1395, #76, #2102, #563, #1908 ),
 .UNSPECIFIED., .F., .F.,
 ( 4, 2, 4 ),
 ( 0.000000000000000000, 0.0009492615940431444995, 0.001898523188086288999 ),
 .UNSPECIFIED. ) ;
#410 = CARTESIAN_POINT ( 'NONE',  ( 1.449999999999999956, -1.301042606982605321E-15, 10.00000000000000000 ) ) ;
#411 = AXIS2_PLACEMENT_3D ( 'NONE', #964, #1313, #1980 ) ;
#412 = CARTESIAN_POINT ( 'NONE',  ( -5.000000000000000000, -2.291287847477919470, 1.730501156642725968 ) ) ;
#413 = DIRECTION ( 'NONE',  ( 1.000000000000000000, 0.000000000000000000, -0.000000000000000000 ) ) ;
#414 = ORIENTED_EDGE ( 'NONE', *, *, #1419, .F. ) ;
#415 = ORIENTED_EDGE ( 'NONE', *, *, #237, .F. ) ;
#416 = DIRECTION ( 'NONE',  ( 0.000000000000000000, 0.000000000000000000, 1.000000000000000000 ) ) ;
#417 = DIRECTION ( 'NONE',  ( -0.000000000000000000, -0.000000000000000000, 1.000000000000000000 ) ) ;
#418 = ORIENTED_EDGE ( 'NONE', *, *, #236, .T. ) ;
#419 = CARTESIAN_POINT ( 'NONE',  ( -0.5498885415473838689, 5.472442106079065560, 1.645753569286965368 ) ) ;
#420 = DIRECTION ( 'NONE',  ( 0.000000000000000000, 0.000000000000000000, -1.000000000000000000 ) ) ;
#421 = CARTESIAN_POINT ( 'NONE',  ( 0.000000000000000000, 0.000000000000000000, -0.4000000000000001887 ) ) ;
#422 = CARTESIAN_POINT ( 'NONE',  ( -4.999999999999999112, -1.301042606982605321E-15, 9.025000000000000355 ) ) ;
#423 = ORIENTED_EDGE ( 'NONE', *, *, #1929, .T. ) ;
#424 = EDGE_LOOP ( 'NONE', ( #634, #223 ) ) ;
#425 = DIRECTION ( 'NONE',  ( 1.000000000000000000, 0.000000000000000000, 0.000000000000000000 ) ) ;
#426 = CARTESIAN_POINT ( 'NONE',  ( -1.449999999999999956, 2.990273570852248319, 10.24137931034482740 ) ) ;
#427 = EDGE_CURVE ( 'NONE', #751, #491, #1546, .T. ) ;
#428 = ORIENTED_EDGE ( 'NONE', *, *, #222, .T. ) ;
#429 = B_SPLINE_CURVE_WITH_KNOTS ( 'NONE', 3,
 ( #1787, #781, #983, #1132, #419, #120, #1928, #1450, #1474, #1963 ),
 .UNSPECIFIED., .F., .F.,
 ( 4, 2, 2, 2, 4 ),
 ( 0.001720625377164931597, 0.002150680835662058515, 0.002580736294159185432, 0.003010791752656312350, 0.003440847211153439267 ),
 .UNSPECIFIED. ) ;
#430 = DIRECTION ( 'NONE',  ( 1.000000000000000000, 0.000000000000000000, -0.000000000000000000 ) ) ;
#431 = CIRCLE ( 'NONE', #1282, 3.225000000000004086 ) ;
#432 = LINE ( 'NONE', #740, #1774 ) ;
#433 = AXIS2_PLACEMENT_3D ( 'NONE', #1800, #673, #1641 ) ;
#434 = EDGE_CURVE ( 'NONE', #1592, #660, #2151, .T. ) ;
#435 = CYLINDRICAL_SURFACE ( 'NONE', #1495, 4.200000000000000178 ) ;
#436 = DIRECTION ( 'NONE',  ( 1.000000000000000000, 0.000000000000000000, 0.000000000000000000 ) ) ;
#437 = AXIS2_PLACEMENT_3D ( 'NONE', #810, #1336, #1003 ) ;
#438 = ORIENTED_EDGE ( 'NONE', *, *, #620, .F. ) ;
#439 = ORIENTED_EDGE ( 'NONE', *, *, #1105, .F. ) ;
#440 = AXIS2_PLACEMENT_3D ( 'NONE', #1273, #248, #595 ) ;
#441 = DIRECTION ( 'NONE',  ( 1.000000000000000000, -0.000000000000000000, -0.000000000000000000 ) ) ;
#442 = CARTESIAN_POINT ( 'NONE',  ( 4.407520752176958823, -3.289965098209437944, 5.219582296258760579 ) ) ;
#443 = EDGE_LOOP ( 'NONE', ( #1493, #256 ) ) ;
#444 = LINE ( 'NONE', #1296, #906 ) ;
#445 = ORIENTED_EDGE ( 'NONE', *, *, #2132, .F. ) ;
#446 = CARTESIAN_POINT ( 'NONE',  ( 4.413765022551202399, 3.281566443895900242, 2.700000000000000178 ) ) ;
#447 =( NAMED_UNIT ( * ) SI_UNIT ( $, .STERADIAN. ) SOLID_ANGLE_UNIT ( ) );
#448 = ORIENTED_EDGE ( 'NONE', *, *, #1303, .F. ) ;
#449 = ORIENTED_EDGE ( 'NONE', *, *, #1929, .F. ) ;
#450 = CARTESIAN_POINT ( 'NONE',  ( 4.999999999999999112, 2.291287847477920359, 6.269498843357271589 ) ) ;
#451 = CARTESIAN_POINT ( 'NONE',  ( 5.000000000000000000, 2.291287847477923467, 0.2582154197124370554 ) ) ;
#452 = ORIENTED_EDGE ( 'NONE', *, *, #1036, .F. ) ;
#453 = FACE_OUTER_BOUND ( 'NONE', #1891, .T. ) ;
#454 = AXIS2_PLACEMENT_3D ( 'NONE', #826, #1162, #1470 ) ;
#455 = ORIENTED_EDGE ( 'NONE', *, *, #2038, .F. ) ;
#456 = CARTESIAN_POINT ( 'NONE',  ( -1.449999999999999956, 0.000000000000000000, 6.066615150441368343 ) ) ;
#457 = EDGE_CURVE ( 'NONE', #950, #100, #658, .T. ) ;
#458 = ADVANCED_FACE ( 'NONE', ( #355, #1680 ), #2020, .T. ) ;
#459 = PLANE ( 'NONE',  #2130 ) ;
#460 = EDGE_LOOP ( 'NONE', ( #1446, #1461, #1168, #758 ) ) ;
#461 = CARTESIAN_POINT ( 'NONE',  ( -0.9737923086940276640, -5.413348530363803590, 1.762616824856033437 ) ) ;
#462 = DIRECTION ( 'NONE',  ( 0.000000000000000000, 0.000000000000000000, -1.000000000000000000 ) ) ;
#463 = DIRECTION ( 'NONE',  ( 0.000000000000000000, 0.000000000000000000, -1.000000000000000000 ) ) ;
#464 = EDGE_LOOP ( 'NONE', ( #567, #414 ) ) ;
#465 = CARTESIAN_POINT ( 'NONE',  ( -3.599999999999999201, 0.000000000000000000, 4.000000000000000000 ) ) ;
#466 = ORIENTED_EDGE ( 'NONE', *, *, #275, .F. ) ;
#467 = DIRECTION ( 'NONE',  ( 1.000000000000000000, 0.000000000000000000, 0.000000000000000000 ) ) ;
#468 = CIRCLE ( 'NONE', #1979, 3.024999999999999911 ) ;
#469 = VECTOR ( 'NONE', #1185, 1000.000000000000000 ) ;
#470 = CARTESIAN_POINT ( 'NONE',  ( 4.200000000000000178, 0.000000000000000000, 0.000000000000000000 ) ) ;
#471 = VERTEX_POINT ( 'NONE', #1831 ) ;
#472 = CIRCLE ( 'NONE', #368, 1.024999999999999911 ) ;
#473 = CARTESIAN_POINT ( 'NONE',  ( 0.000000000000000000, 0.000000000000000000, 0.000000000000000000 ) ) ;
#474 = FACE_OUTER_BOUND ( 'NONE', #2062, .T. ) ;
#475 = CIRCLE ( 'NONE', #1810, 0.9750000000000001998 ) ;
#476 = FACE_OUTER_BOUND ( 'NONE', #1452, .T. ) ;
#477 = VECTOR ( 'NONE', #93, 1000.000000000000000 ) ;
#478 = CIRCLE ( 'NONE', #48, 1.024999999999999911 ) ;
#479 = ORIENTED_EDGE ( 'NONE', *, *, #2040, .F. ) ;
#480 = FACE_OUTER_BOUND ( 'NONE', #2146, .T. ) ;
#481 = ORIENTED_EDGE ( 'NONE', *, *, #135, .T. ) ;
#482 = EDGE_CURVE ( 'NONE', #497, #224, #40, .T. ) ;
#483 = CARTESIAN_POINT ( 'NONE',  ( -4.999999999999999112, -1.428285685708572395, 0.000000000000000000 ) ) ;
#484 = PRODUCT ( 'Rotary joint', 'Rotary joint', '', ( #171 ) ) ;
#485 = CARTESIAN_POINT ( 'NONE',  ( 5.000000000000000000, -1.181639544065738512E-15, 10.97499999999999964 ) ) ;
#486 = ORIENTED_EDGE ( 'NONE', *, *, #1016, .T. ) ;
#487 = DIRECTION ( 'NONE',  ( 1.000000000000000000, 0.000000000000000000, 0.000000000000000000 ) ) ;
#488 = CARTESIAN_POINT ( 'NONE',  ( -3.000000000000000444, 3.673940397442060361E-16, -7.500000000000000000 ) ) ;
#489 = ORIENTED_EDGE ( 'NONE', *, *, #857, .T. ) ;
#490 = CARTESIAN_POINT ( 'NONE',  ( -4.999999999999999112, -1.751997326039295810, 0.008299423556452177955 ) ) ;
#491 = VERTEX_POINT ( 'NONE', #1854 ) ;
#492 = CARTESIAN_POINT ( 'NONE',  ( 4.686171016994700622, -2.879999447362318943, 3.044112004265909555 ) ) ;
#493 = CARTESIAN_POINT ( 'NONE',  ( -1.449999999999999956, -1.175516310070001636E-15, 8.974999999999999645 ) ) ;
#494 = CARTESIAN_POINT ( 'NONE',  ( -4.799999999999993605, 2.685144316419521004, 5.393063171575482428 ) ) ;
#495 = CARTESIAN_POINT ( 'NONE',  ( 0.9000000000000000222, 0.000000000000000000, -7.500000000000000000 ) ) ;
#496 = DIRECTION ( 'NONE',  ( 1.000000000000000000, -0.000000000000000000, -0.000000000000000000 ) ) ;
#497 = VERTEX_POINT ( 'NONE', #1024 ) ;
#498 = ORIENTED_EDGE ( 'NONE', *, *, #1614, .T. ) ;
#499 = CARTESIAN_POINT ( 'NONE',  ( 4.632808999039617959, -2.964460607836428174, 10.56115742629574150 ) ) ;
#500 = DIRECTION ( 'NONE',  ( -1.000000000000000000, -0.000000000000000000, -0.000000000000000000 ) ) ;
#501 = DIRECTION ( 'NONE',  ( -0.000000000000000000, -0.000000000000000000, -1.000000000000000000 ) ) ;
#502 = EDGE_CURVE ( 'NONE', #560, #780, #431, .T. ) ;
#503 = AXIS2_PLACEMENT_3D ( 'NONE', #1839, #1009, #155 ) ;
#504 = FACE_OUTER_BOUND ( 'NONE', #1978, .T. ) ;
#505 = DIRECTION ( 'NONE',  ( -1.000000000000000000, 0.000000000000000000, 0.000000000000000000 ) ) ;
#506 = CARTESIAN_POINT ( 'NONE',  ( -4.999999999999999112, 0.000000000000000000, 4.000000000000000000 ) ) ;
#507 = AXIS2_PLACEMENT_3D ( 'NONE', #276, #1115, #1584 ) ;
#508 = VERTEX_POINT ( 'NONE', #1987 ) ;
#509 = CARTESIAN_POINT ( 'NONE',  ( -4.999999999999996447, -1.989476608200420937, 0.05833259516409368406 ) ) ;
#510 = CIRCLE ( 'NONE', #511, 0.9000000000000000222 ) ;
#511 = AXIS2_PLACEMENT_3D ( 'NONE', #838, #689, #352 ) ;
#512 = CARTESIAN_POINT ( 'NONE',  ( 4.855102394326740622, 2.586642537147907372, 5.702579814039814288 ) ) ;
#513 = CARTESIAN_POINT ( 'NONE',  ( -4.799999999999993605, 0.000000000000000000, 4.000000000000000000 ) ) ;
#514 = FACE_OUTER_BOUND ( 'NONE', #862, .T. ) ;
#515 = CARTESIAN_POINT ( 'NONE',  ( 1.449999999999999956, -1.301042606982605321E-15, 10.00000000000000000 ) ) ;
#516 = ORIENTED_EDGE ( 'NONE', *, *, #107, .T. ) ;
#517 = ORIENTED_EDGE ( 'NONE', *, *, #696, .F. ) ;
#518 = DIRECTION ( 'NONE',  ( 0.000000000000000000, 0.000000000000000000, -1.000000000000000000 ) ) ;
#519 = DIRECTION ( 'NONE',  ( 0.000000000000000000, 0.000000000000000000, 1.000000000000000000 ) ) ;
#520 = ADVANCED_FACE ( 'NONE', ( #843 ), #863, .F. ) ;
#521 = DIRECTION ( 'NONE',  ( 1.000000000000000000, 0.000000000000000000, 0.000000000000000000 ) ) ;
#522 = CARTESIAN_POINT ( 'NONE',  ( 1.449999999999999956, -3.276082999478249658, 4.037778610088965436 ) ) ;
#523 = DIRECTION ( 'NONE',  ( 0.000000000000000000, 0.000000000000000000, -1.000000000000000000 ) ) ;
#524 = ORIENTED_EDGE ( 'NONE', *, *, #1275, .F. ) ;
#525 = CARTESIAN_POINT ( 'NONE',  ( -4.212932612767755103, -3.282078204817737710, 2.976414504874665301 ) ) ;
#526 = CARTESIAN_POINT ( 'NONE',  ( -1.449999999999999956, 86.71793355471518794, 3.000000000000022649 ) ) ;
#527 = EDGE_CURVE ( 'NONE', #81, #1571, #185, .T. ) ;
#528 = FACE_OUTER_BOUND ( 'NONE', #304, .T. ) ;
#529 = B_SPLINE_CURVE_WITH_KNOTS ( 'NONE', 3,
 ( #1079, #1554, #583, #1068, #1926, #1733, #38, #213, #1401, #1379, #2051, #226, #559, #728, #1223, #902, #84, #779 ),
 .UNSPECIFIED., .F., .F.,
 ( 4, 2, 2, 2, 2, 2, 2, 2, 4 ),
 ( 3.201791174507494544E-20, 0.0003916222367952256248, 0.0007832444735904510328, 0.001174866710385676387, 0.001566488947180901632, 0.001958111183976127094, 0.002349733420771352339, 0.002741355657566577151, 0.003132977894361801963 ),
 .UNSPECIFIED. ) ;
#530 = DIRECTION ( 'NONE',  ( -1.000000000000000000, 0.000000000000000000, 0.000000000000000000 ) ) ;
#531 = CARTESIAN_POINT ( 'NONE',  ( 4.413765022551202399, 3.281566443895900242, 2.700000000000000178 ) ) ;
#532 = EDGE_LOOP ( 'NONE', ( #423, #2153 ) ) ;
#533 = ORIENTED_EDGE ( 'NONE', *, *, #926, .T. ) ;
#534 = LINE ( 'NONE', #900, #2094 ) ;
#535 = CIRCLE ( 'NONE', #650, 1.825000000000000178 ) ;
#536 = CYLINDRICAL_SURFACE ( 'NONE', #1500, 3.000000000000000444 ) ;
#537 = LINE ( 'NONE', #1025, #1712 ) ;
#538 = AXIS2_PLACEMENT_3D ( 'NONE', #1593, #420, #1454 ) ;
#539 = VECTOR ( 'NONE', #1983, 1000.000000000000000 ) ;
#540 = EDGE_CURVE ( 'NONE', #1832, #1106, #72, .T. ) ;
#541 = ADVANCED_FACE ( 'NONE', ( #480 ), #1200, .T. ) ;
#542 = EDGE_CURVE ( 'NONE', #1377, #106, #917, .T. ) ;
#543 = CARTESIAN_POINT ( 'NONE',  ( 1.449999999999999956, 2.417572691171606891, 5.009560414901448766 ) ) ;
#544 = DIRECTION ( 'NONE',  ( 1.000000000000000000, -0.000000000000000000, -0.000000000000000000 ) ) ;
#545 = DIRECTION ( 'NONE',  ( -1.000000000000000000, 0.000000000000000000, -0.000000000000000000 ) ) ;
#546 = EDGE_LOOP ( 'NONE', ( #1951, #1265, #395, #703, #1969, #1968 ) ) ;
#547 = ADVANCED_FACE ( 'NONE', ( #1732, #1572 ), #193, .T. ) ;
#548 = ORIENTED_EDGE ( 'NONE', *, *, #1130, .F. ) ;
#549 = CARTESIAN_POINT ( 'NONE',  ( -4.033365821337749679, -3.282066445284809397, 3.000000000000000000 ) ) ;
#550 = CARTESIAN_POINT ( 'NONE',  ( -4.631864648715347421, -2.965970124649461859, 3.393353777737140309 ) ) ;
#551 = ADVANCED_FACE ( 'NONE', ( #706 ), #726, .F. ) ;
#552 = CARTESIAN_POINT ( 'NONE',  ( -4.413765022551183748, -3.281566443895923779, 2.700000000000000178 ) ) ;
#553 = DIRECTION ( 'NONE',  ( 0.000000000000000000, 0.000000000000000000, -1.000000000000000000 ) ) ;
#554 = LINE ( 'NONE', #522, #971 ) ;
#555 = AXIS2_PLACEMENT_3D ( 'NONE', #473, #1993, #1826 ) ;
#556 = VERTEX_POINT ( 'NONE', #1400 ) ;
#557 = ORIENTED_EDGE ( 'NONE', *, *, #697, .T. ) ;
#558 = CARTESIAN_POINT ( 'NONE',  ( 1.074823409873011299E-15, 5.500000000000000000, 0.9499999999999995115 ) ) ;
#559 = CARTESIAN_POINT ( 'NONE',  ( 0.8001307714110010849, -5.442296779483625002, 2.114089186264376252 ) ) ;
#560 = VERTEX_POINT ( 'NONE', #1087 ) ;
#561 = B_SPLINE_CURVE_WITH_KNOTS ( 'NONE', 3,
 ( #1084, #749, #229, #412 ),
 .UNSPECIFIED., .F., .F.,
 ( 4, 4 ),
 ( 0.000000000000000000, 0.0009814593241182865274 ),
 .UNSPECIFIED. ) ;
#562 = DIRECTION ( 'NONE',  ( 1.000000000000000000, 0.000000000000000000, 0.000000000000000000 ) ) ;
#563 = CARTESIAN_POINT ( 'NONE',  ( -4.632805641839874866, -2.964465790348152385, 10.56109322390899052 ) ) ;
#564 = FACE_OUTER_BOUND ( 'NONE', #383, .T. ) ;
#565 = ORIENTED_EDGE ( 'NONE', *, *, #1035, .T. ) ;
#566 = EDGE_CURVE ( 'NONE', #776, #1999, #1414, .T. ) ;
#567 = ORIENTED_EDGE ( 'NONE', *, *, #1543, .F. ) ;
#568 = DIRECTION ( 'NONE',  ( 0.000000000000000000, 0.000000000000000000, -1.000000000000000000 ) ) ;
#569 = CARTESIAN_POINT ( 'NONE',  ( -1.249999999999999778, -1.175516310070001636E-15, 8.974999999999999645 ) ) ;
#570 = AXIS2_PLACEMENT_3D ( 'NONE', #1155, #1822, #1333 ) ;
#571 = CIRCLE ( 'NONE', #1417, 90.00000000000000000 ) ;
#572 = ORIENTED_EDGE ( 'NONE', *, *, #638, .F. ) ;
#573 = AXIS2_PLACEMENT_3D ( 'NONE', #1784, #1471, #114 ) ;
#574 = AXIS2_PLACEMENT_3D ( 'NONE', #2033, #1533, #43 ) ;
#575 = AXIS2_PLACEMENT_3D ( 'NONE', #506, #16, #343 ) ;
#576 = AXIS2_PLACEMENT_3D ( 'NONE', #46, #1092, #733 ) ;
#577 = CARTESIAN_POINT ( 'NONE',  ( 1.102182119232617714E-15, -1.000000000000000000, 1.499999999999999556 ) ) ;
#578 = AXIS2_PLACEMENT_3D ( 'NONE', #1142, #430, #105 ) ;
#579 = CARTESIAN_POINT ( 'NONE',  ( 1.449999999999999956, -1.301042606982605321E-15, 10.00000000000000000 ) ) ;
#580 = EDGE_LOOP ( 'NONE', ( #623, #944, #1772, #1469, #139 ) ) ;
#581 = ORIENTED_EDGE ( 'NONE', *, *, #2066, .F. ) ;
#582 = LINE ( 'NONE', #804, #1709 ) ;
#583 = CARTESIAN_POINT ( 'NONE',  ( 0.2623834122310235717, -5.495077708263974792, 0.5261761152159861732 ) ) ;
#584 = EDGE_LOOP ( 'NONE', ( #148, #1075, #149, #375 ) ) ;
#585 = CARTESIAN_POINT ( 'NONE',  ( 0.000000000000000000, 0.000000000000000000, 0.2999999999999999334 ) ) ;
#586 = CARTESIAN_POINT ( 'NONE',  ( 4.999999999999999112, -2.291287847477921691, 3.000000000000000000 ) ) ;
#587 = DIRECTION ( 'NONE',  ( 0.000000000000000000, 0.000000000000000000, 1.000000000000000000 ) ) ;
#588 = EDGE_CURVE ( 'NONE', #384, #1411, #1310, .T. ) ;
#589 = ORIENTED_EDGE ( 'NONE', *, *, #527, .T. ) ;
#590 = VERTEX_POINT ( 'NONE', #1580 ) ;
#591 = VECTOR ( 'NONE', #1663, 1000.000000000000000 ) ;
#592 = CARTESIAN_POINT ( 'NONE',  ( 0.000000000000000000, 0.000000000000000000, 3.000000000000000000 ) ) ;
#593 = CARTESIAN_POINT ( 'NONE',  ( 4.999999999999996447, 1.989476608200420937, 0.05833259516409370488 ) ) ;
#594 = ORIENTED_EDGE ( 'NONE', *, *, #1790, .F. ) ;
#595 = DIRECTION ( 'NONE',  ( 0.000000000000000000, 0.000000000000000000, -1.000000000000000000 ) ) ;
#596 = EDGE_CURVE ( 'NONE', #556, #1154, #468, .T. ) ;
#597 = B_SPLINE_CURVE_WITH_KNOTS ( 'NONE', 3,
 ( #1266, #1258, #1430, #1274, #763, #1931, #1766, #927, #1917, #1124 ),
 .UNSPECIFIED., .F., .F.,
 ( 4, 2, 2, 2, 4 ),
 ( 0.000000000000000000, 0.0001230637719459860531, 0.0002461275438919721063, 0.0004922550877839442125, 0.0009845101755678871240 ),
 .UNSPECIFIED. ) ;
#598 = CARTESIAN_POINT ( 'NONE',  ( -1.249999999999999778, -1.077544566138213202E-15, 8.174999999999998934 ) ) ;
#599 = DIRECTION ( 'NONE',  ( -0.000000000000000000, -0.000000000000000000, 1.000000000000000000 ) ) ;
#600 = SURFACE_STYLE_FILL_AREA ( #1618 ) ;
#601 = EDGE_LOOP ( 'NONE', ( #627, #979 ) ) ;
#602 = ORIENTED_EDGE ( 'NONE', *, *, #1275, .T. ) ;
#603 = CARTESIAN_POINT ( 'NONE',  ( -3.599999999999999201, 0.000000000000000000, 4.000000000000000000 ) ) ;
#604 = DIRECTION ( 'NONE',  ( 0.000000000000000000, 0.000000000000000000, 1.000000000000000000 ) ) ;
#605 = ORIENTED_EDGE ( 'NONE', *, *, #1335, .T. ) ;
#606 = DIRECTION ( 'NONE',  ( 0.000000000000000000, 0.000000000000000000, 1.000000000000000000 ) ) ;
#607 = ORIENTED_EDGE ( 'NONE', *, *, #61, .T. ) ;
#608 = CIRCLE ( 'NONE', #1906, 5.200000000000000178 ) ;
#609 = FACE_OUTER_BOUND ( 'NONE', #1516, .T. ) ;
#610 = AXIS2_PLACEMENT_3D ( 'NONE', #146, #321, #1347 ) ;
#611 = AXIS2_PLACEMENT_3D ( 'NONE', #402, #953, #241 ) ;
#612 = DIRECTION ( 'NONE',  ( 1.000000000000000000, 0.000000000000000000, -0.000000000000000000 ) ) ;
#613 = VECTOR ( 'NONE', #663, 1000.000000000000000 ) ;
#614 = ORIENTED_EDGE ( 'NONE', *, *, #1863, .F. ) ;
#615 = ADVANCED_FACE ( 'NONE', ( #1885, #29 ), #2073, .T. ) ;
#616 = CARTESIAN_POINT ( 'NONE',  ( 0.9000000000000000222, 0.000000000000000000, -7.500000000000000000 ) ) ;
#617 = AXIS2_PLACEMENT_3D ( 'NONE', #1021, #1029, #1539 ) ;
#618 = DIRECTION ( 'NONE',  ( -1.000000000000000000, 0.000000000000000000, 0.000000000000000000 ) ) ;
#619 = CARTESIAN_POINT ( 'NONE',  ( 4.484953663866403595, -3.192704997840606573, 7.733602876778885360 ) ) ;
#620 = EDGE_CURVE ( 'NONE', #637, #806, #866, .T. ) ;
#621 = ORIENTED_EDGE ( 'NONE', *, *, #131, .F. ) ;
#622 = CARTESIAN_POINT ( 'NONE',  ( -5.000000000000000000, -86.71793355471518794, 3.000000000000000000 ) ) ;
#623 = ORIENTED_EDGE ( 'NONE', *, *, #1923, .T. ) ;
#624 = EDGE_CURVE ( 'NONE', #1046, #1478, #329, .T. ) ;
#625 = FACE_OUTER_BOUND ( 'NONE', #910, .T. ) ;
#626 = DIRECTION ( 'NONE',  ( 0.000000000000000000, 0.000000000000000000, 1.000000000000000000 ) ) ;
#627 = ORIENTED_EDGE ( 'NONE', *, *, #1445, .T. ) ;
#628 = APPLICATION_CONTEXT ( 'automotive_design' ) ;
#629 = CARTESIAN_POINT ( 'NONE',  ( -0.6144569340966862248, -5.466359931694374730, 2.299645653510782761 ) ) ;
#630 = DIRECTION ( 'NONE',  ( 0.000000000000000000, 0.000000000000000000, -1.000000000000000000 ) ) ;
#631 = FACE_OUTER_BOUND ( 'NONE', #460, .T. ) ;
#632 = EDGE_LOOP ( 'NONE', ( #1089, #428, #50, #2076 ) ) ;
#633 = DIRECTION ( 'NONE',  ( 1.000000000000000000, -0.000000000000000000, -0.000000000000000000 ) ) ;
#634 = ORIENTED_EDGE ( 'NONE', *, *, #1756, .F. ) ;
#635 = CARTESIAN_POINT ( 'NONE',  ( -1.249999999999999778, -1.301042606982605321E-15, 10.00000000000000000 ) ) ;
#636 = FACE_OUTER_BOUND ( 'NONE', #28, .T. ) ;
#637 = VERTEX_POINT ( 'NONE', #891 ) ;
#638 = EDGE_CURVE ( 'NONE', #2195, #1121, #534, .T. ) ;
#639 = CARTESIAN_POINT ( 'NONE',  ( -3.599999999999999201, 0.000000000000000000, 7.025000000000000355 ) ) ;
#640 = CARTESIAN_POINT ( 'NONE',  ( -1.249999999999999778, -1.175516310070001636E-15, 8.974999999999999645 ) ) ;
#641 = LINE ( 'NONE', #1785, #1426 ) ;
#642 = EDGE_CURVE ( 'NONE', #1559, #2049, #1872, .T. ) ;
#643 = ORIENTED_EDGE ( 'NONE', *, *, #638, .T. ) ;
#644 = DIRECTION ( 'NONE',  ( -1.000000000000000000, 0.000000000000000000, 0.000000000000000000 ) ) ;
#645 = VERTEX_POINT ( 'NONE', #745 ) ;
#646 = EDGE_CURVE ( 'NONE', #1176, #1283, #243, .T. ) ;
#647 = CYLINDRICAL_SURFACE ( 'NONE', #45, 1.024999999999999911 ) ;
#648 = EDGE_CURVE ( 'NONE', #1611, #829, #1811, .T. ) ;
#649 = CIRCLE ( 'NONE', #1535, 1.024999999999999911 ) ;
#650 = AXIS2_PLACEMENT_3D ( 'NONE', #1270, #1423, #416 ) ;
#651 = DIRECTION ( 'NONE',  ( 0.000000000000000000, 0.000000000000000000, 1.000000000000000000 ) ) ;
#652 = ORIENTED_EDGE ( 'NONE', *, *, #672, .T. ) ;
#653 = CIRCLE ( 'NONE', #1737, 3.024999999999999911 ) ;
#654 = CARTESIAN_POINT ( 'NONE',  ( -0.9739313922189725137, -5.413320417913855209, 1.238131830440881931 ) ) ;
#655 = CARTESIAN_POINT ( 'NONE',  ( 4.598462210893448976, 3.017359112493150697, 4.246870374531761527 ) ) ;
#656 = AXIS2_PLACEMENT_3D ( 'NONE', #1459, #1315, #1961 ) ;
#657 = CARTESIAN_POINT ( 'NONE',  ( -4.413765022551188189, 3.281566443895918450, 2.700000000000000178 ) ) ;
#658 = CIRCLE ( 'NONE', #1382, 0.9750000000000001998 ) ;
#659 = AXIS2_PLACEMENT_3D ( 'NONE', #1010, #1492, #311 ) ;
#660 = VERTEX_POINT ( 'NONE', #1590 ) ;
#661 = CARTESIAN_POINT ( 'NONE',  ( -1.449999999999999956, -1.301042606982605321E-15, 10.00000000000000000 ) ) ;
#662 = VERTEX_POINT ( 'NONE', #450 ) ;
#663 = DIRECTION ( 'NONE',  ( -0.000000000000000000, -0.000000000000000000, 1.000000000000000000 ) ) ;
#664 = CARTESIAN_POINT ( 'NONE',  ( -4.999999999999999112, 2.291287847477920359, 0.2999999999999999334 ) ) ;
#665 = CARTESIAN_POINT ( 'NONE',  ( -4.033365821337749679, -3.282066445284809397, 3.000000000000000000 ) ) ;
#666 = EDGE_CURVE ( 'NONE', #1859, #662, #2129, .T. ) ;
#667 = CARTESIAN_POINT ( 'NONE',  ( 4.613038093992201105, 2.995765806279239385, 3.514803221235591302 ) ) ;
#668 = DIRECTION ( 'NONE',  ( -0.000000000000000000, -0.000000000000000000, -1.000000000000000000 ) ) ;
#669 = ORIENTED_EDGE ( 'NONE', *, *, #39, .F. ) ;
#670 = CARTESIAN_POINT ( 'NONE',  ( -4.360237061255772595, -3.281991707395716329, 2.873012575044025407 ) ) ;
#671 = EDGE_CURVE ( 'NONE', #890, #1540, #1319, .T. ) ;
#672 = EDGE_CURVE ( 'NONE', #1098, #2133, #582, .T. ) ;
#673 = DIRECTION ( 'NONE',  ( 1.000000000000000000, -0.000000000000000000, -0.000000000000000000 ) ) ;
#674 = ADVANCED_FACE ( 'NONE', ( #1096 ), #1599, .F. ) ;
#675 = DIRECTION ( 'NONE',  ( 1.000000000000000000, 0.000000000000000000, 0.000000000000000000 ) ) ;
#676 = CARTESIAN_POINT ( 'NONE',  ( 4.738842355029221132, 2.794470542970780347, 2.817664311463003557 ) ) ;
#677 = DIRECTION ( 'NONE',  ( 0.000000000000000000, 0.000000000000000000, 1.000000000000000000 ) ) ;
#678 = ORIENTED_EDGE ( 'NONE', *, *, #861, .T. ) ;
#679 = VERTEX_POINT ( 'NONE', #1762 ) ;
#680 = CARTESIAN_POINT ( 'NONE',  ( -5.000000000000000000, -2.291287847477919470, 0.2999999999999999334 ) ) ;
#681 = CARTESIAN_POINT ( 'NONE',  ( 0.000000000000000000, 0.000000000000000000, 0.000000000000000000 ) ) ;
#682 = B_SPLINE_CURVE_WITH_KNOTS ( 'NONE', 3,
 ( #1941, #1617, #1628, #98 ),
 .UNSPECIFIED., .F., .F.,
 ( 4, 4 ),
 ( 0.000000000000000000, 0.0009814593241183871414 ),
 .UNSPECIFIED. ) ;
#683 = LINE ( 'NONE', #986, #1532 ) ;
#684 = EDGE_CURVE ( 'NONE', #1997, #1433, #2021, .T. ) ;
#685 = AXIS2_PLACEMENT_3D ( 'NONE', #687, #849, #1357 ) ;
#686 = CARTESIAN_POINT ( 'NONE',  ( 4.909109766353936699, 2.489626597770924654, 11.70181409894097513 ) ) ;
#687 = CARTESIAN_POINT ( 'NONE',  ( -4.799999999999993605, 0.000000000000000000, 4.000000000000000000 ) ) ;
#688 = AXIS2_PLACEMENT_3D ( 'NONE', #2035, #358, #868 ) ;
#689 = DIRECTION ( 'NONE',  ( 0.000000000000000000, 0.000000000000000000, -1.000000000000000000 ) ) ;
#690 = CIRCLE ( 'NONE', #150, 1.024999999999999911 ) ;
#691 = ORIENTED_EDGE ( 'NONE', *, *, #1782, .T. ) ;
#692 = ORIENTED_EDGE ( 'NONE', *, *, #2186, .T. ) ;
#693 = AXIS2_PLACEMENT_3D ( 'NONE', #1665, #166, #147 ) ;
#694 = CARTESIAN_POINT ( 'NONE',  ( 4.616087517742977653, -2.990273570852250984, 10.24137931034482740 ) ) ;
#695 = DIRECTION ( 'NONE',  ( 0.000000000000000000, 0.000000000000000000, 1.000000000000000000 ) ) ;
#696 = EDGE_CURVE ( 'NONE', #1571, #81, #1180, .T. ) ;
#697 = EDGE_CURVE ( 'NONE', #1859, #491, #109, .T. ) ;
#698 = UNCERTAINTY_MEASURE_WITH_UNIT (LENGTH_MEASURE( 1.000000000000000082E-05 ), #1700, 'distance_accuracy_value', 'NONE');
#699 = DIRECTION ( 'NONE',  ( 1.000000000000000000, -0.000000000000000000, -0.000000000000000000 ) ) ;
#700 = DIRECTION ( 'NONE',  ( 0.000000000000000000, 0.000000000000000000, 1.000000000000000000 ) ) ;
#701 = PLANE ( 'NONE',  #7 ) ;
#702 = LINE ( 'NONE', #1153, #1606 ) ;
#703 = ORIENTED_EDGE ( 'NONE', *, *, #427, .T. ) ;
#704 = EDGE_CURVE ( 'NONE', #1741, #167, #1597, .T. ) ;
#705 = ORIENTED_EDGE ( 'NONE', *, *, #1683, .T. ) ;
#706 = FACE_OUTER_BOUND ( 'NONE', #954, .T. ) ;
#707 = CIRCLE ( 'NONE', #1653, 3.024999999999999911 ) ;
#708 = DIRECTION ( 'NONE',  ( -1.000000000000000000, -0.000000000000000000, -0.000000000000000000 ) ) ;
#709 = CARTESIAN_POINT ( 'NONE',  ( 4.999999999999999112, -1.428285685708572617, 0.000000000000000000 ) ) ;
#710 = DIRECTION ( 'NONE',  ( 0.000000000000000000, 0.000000000000000000, -1.000000000000000000 ) ) ;
#711 = CARTESIAN_POINT ( 'NONE',  ( -0.7994768501669001770, -5.442373117930604742, 0.8853850096121987923 ) ) ;
#712 = FACE_OUTER_BOUND ( 'NONE', #177, .T. ) ;
#713 = CARTESIAN_POINT ( 'NONE',  ( -1.449999999999999956, -2.417572691171607779, 5.009560414901448766 ) ) ;
#714 = ORIENTED_EDGE ( 'NONE', *, *, #2045, .F. ) ;
#715 = CARTESIAN_POINT ( 'NONE',  ( 3.599999999999999201, 0.000000000000000000, 4.000000000000000000 ) ) ;
#716 = DIRECTION ( 'NONE',  ( 0.000000000000000000, 0.000000000000000000, 1.000000000000000000 ) ) ;
#717 =( NAMED_UNIT ( * ) SI_UNIT ( $, .STERADIAN. ) SOLID_ANGLE_UNIT ( ) );
#718 = ADVANCED_FACE ( 'NONE', ( #1937 ), #2118, .F. ) ;
#719 = B_SPLINE_SURFACE_WITH_KNOTS ( 'NONE', 3, 1, ( 
 ( #1391, #923 ),
 ( #1425, #2098 ),
 ( #892, #2075 ),
 ( #1562, #1591 ) ),
 .UNSPECIFIED., .F., .F., .F.,
 ( 4, 4 ),
 ( 2, 2 ),
 ( 0.000000000000000000, 1.000000000000000000 ),
 ( 0.000000000000000000, 1.000000000000000000 ),
 .UNSPECIFIED. ) ;
#720 = CARTESIAN_POINT ( 'NONE',  ( 4.999999999999999112, 2.291287847477920359, 6.269498843357271589 ) ) ;
#721 = CARTESIAN_POINT ( 'NONE',  ( 1.449999999999999956, 0.000000000000000000, 6.066615150441368343 ) ) ;
#722 = DIRECTION ( 'NONE',  ( -1.000000000000000000, 0.000000000000000000, 0.000000000000000000 ) ) ;
#723 = ORIENTED_EDGE ( 'NONE', *, *, #1812, .F. ) ;
#724 = AXIS2_PLACEMENT_3D ( 'NONE', #1067, #1378, #212 ) ;
#725 = ORIENTED_EDGE ( 'NONE', *, *, #1972, .T. ) ;
#726 = CYLINDRICAL_SURFACE ( 'NONE', #2085, 1.024999999999999911 ) ;
#727 = AXIS2_PLACEMENT_3D ( 'NONE', #2103, #2125, #587 ) ;
#728 = CARTESIAN_POINT ( 'NONE',  ( 0.6140341819522140421, -5.466421636750211199, 2.300172983447880792 ) ) ;
#729 = VECTOR ( 'NONE', #1344, 1000.000000000000000 ) ;
#730 = VECTOR ( 'NONE', #1263, 1000.000000000000000 ) ;
#731 = EDGE_CURVE ( 'NONE', #106, #384, #396, .T. ) ;
#732 = CARTESIAN_POINT ( 'NONE',  ( -4.999999999999999112, -1.301042606982605321E-15, 10.00000000000000000 ) ) ;
#733 = DIRECTION ( 'NONE',  ( 0.000000000000000000, 0.000000000000000000, 1.000000000000000000 ) ) ;
#734 = CARTESIAN_POINT ( 'NONE',  ( -4.613038093992196664, 2.995765806279242494, 3.514803221235616615 ) ) ;
#735 = ORIENTED_EDGE ( 'NONE', *, *, #202, .F. ) ;
#736 = VERTEX_POINT ( 'NONE', #269 ) ;
#737 = DIRECTION ( 'NONE',  ( 1.000000000000000000, -0.000000000000000000, -0.000000000000000000 ) ) ;
#738 = CARTESIAN_POINT ( 'NONE',  ( 0.000000000000000000, 0.000000000000000000, -7.500000000000000000 ) ) ;
#739 = ADVANCED_FACE ( 'NONE', ( #753 ), #2106, .T. ) ;
#740 = CARTESIAN_POINT ( 'NONE',  ( -5.172442859629964751, 0.000000000000000000, 3.024999999999999911 ) ) ;
#741 = FACE_OUTER_BOUND ( 'NONE', #130, .T. ) ;
#742 = CARTESIAN_POINT ( 'NONE',  ( -4.681711547735022627, 2.889801882257418075, 10.86426141058551309 ) ) ;
#743 = ORIENTED_EDGE ( 'NONE', *, *, #1899, .F. ) ;
#744 = ORIENTED_EDGE ( 'NONE', *, *, #275, .T. ) ;
#745 = CARTESIAN_POINT ( 'NONE',  ( 5.000000000000000000, -1.301042606982605321E-15, 9.025000000000000355 ) ) ;
#746 = CARTESIAN_POINT ( 'NONE',  ( 1.224646799147353059E-15, -1.000000000000000000, 2.499999999999999556 ) ) ;
#747 = VERTEX_POINT ( 'NONE', #281 ) ;
#748 = CARTESIAN_POINT ( 'NONE',  ( -0.9000000000000000222, 1.102182119232617788E-16, -7.500000000000000000 ) ) ;
#749 = CARTESIAN_POINT ( 'NONE',  ( -4.855102394326736182, -2.586642537147914922, 2.297420185960195482 ) ) ;
#750 = FACE_OUTER_BOUND ( 'NONE', #1842, .T. ) ;
#751 = VERTEX_POINT ( 'NONE', #1293 ) ;
#752 = EDGE_LOOP ( 'NONE', ( #1506, #2105 ) ) ;
#753 = FACE_OUTER_BOUND ( 'NONE', #897, .T. ) ;
#754 = CARTESIAN_POINT ( 'NONE',  ( -4.617708506019663872, -2.987821760445921182, 3.511817530658119857 ) ) ;
#755 = AXIS2_PLACEMENT_3D ( 'NONE', #2173, #1167, #518 ) ;
#756 = AXIS2_PLACEMENT_3D ( 'NONE', #1536, #530, #700 ) ;
#757 = B_SPLINE_CURVE_WITH_KNOTS ( 'NONE', 3,
 ( #341, #1513, #189, #721 ),
 .UNSPECIFIED., .F., .F.,
 ( 4, 4 ),
 ( 0.000000000000000000, 1.000000000000000000 ),
 .UNSPECIFIED. ) ;
#758 = ORIENTED_EDGE ( 'NONE', *, *, #502, .F. ) ;
#759 = AXIS2_PLACEMENT_3D ( 'NONE', #374, #208, #896 ) ;
#760 = CIRCLE ( 'NONE', #335, 3.224999999999998757 ) ;
#761 = EDGE_CURVE ( 'NONE', #1540, #890, #535, .T. ) ;
#762 = AXIS2_PLACEMENT_3D ( 'NONE', #386, #1725, #70 ) ;
#763 = CARTESIAN_POINT ( 'NONE',  ( 5.000000000000000000, -2.177704503192460006, 0.1379315362595154026 ) ) ;
#764 = AXIS2_PLACEMENT_3D ( 'NONE', #356, #500, #695 ) ;
#765 = CARTESIAN_POINT ( 'NONE',  ( 1.449999999999999956, -1.301042606982605321E-15, 10.00000000000000000 ) ) ;
#766 = ORIENTED_EDGE ( 'NONE', *, *, #434, .T. ) ;
#767 = ORIENTED_EDGE ( 'NONE', *, *, #2138, .F. ) ;
#768 = DIRECTION ( 'NONE',  ( 1.000000000000000000, -0.000000000000000000, -0.000000000000000000 ) ) ;
#769 = CARTESIAN_POINT ( 'NONE',  ( 4.999999999999998224, 2.069341200113460566, 0.08141019236119383107 ) ) ;
#770 = ADVANCED_FACE ( 'NONE', ( #1948 ), #1420, .T. ) ;
#771 = VERTEX_POINT ( 'NONE', #1960 ) ;
#772 = DIRECTION ( 'NONE',  ( -1.000000000000000000, 0.000000000000000000, 0.000000000000000000 ) ) ;
#773 = CARTESIAN_POINT ( 'NONE',  ( -4.999999999999999112, 1.428285685708572617, 0.000000000000000000 ) ) ;
#774 = LINE ( 'NONE', #1758, #249 ) ;
#775 = DIRECTION ( 'NONE',  ( -1.000000000000000000, -0.000000000000000000, -0.000000000000000000 ) ) ;
#776 = VERTEX_POINT ( 'NONE', #956 ) ;
#777 = VERTEX_POINT ( 'NONE', #1794 ) ;
#778 = CARTESIAN_POINT ( 'NONE',  ( 1.249999999999999778, -1.301042606982605321E-15, 10.00000000000000000 ) ) ;
#779 = CARTESIAN_POINT ( 'NONE',  ( 1.224646725652951697E-15, -5.500000000000000000, 2.499999999999999556 ) ) ;
#780 = VERTEX_POINT ( 'NONE', #1970 ) ;
#781 = CARTESIAN_POINT ( 'NONE',  ( -0.1435940827348032578, 5.500000000000020428, 2.050000000000202327 ) ) ;
#782 = ADVANCED_FACE ( 'NONE', ( #1107 ), #2143, .F. ) ;
#783 = ORIENTED_EDGE ( 'NONE', *, *, #1341, .F. ) ;
#784 = EDGE_CURVE ( 'NONE', #780, #2070, #1620, .T. ) ;
#785 = CARTESIAN_POINT ( 'NONE',  ( -4.999999999999999112, 2.269451169149898195, 0.2199933722147777160 ) ) ;
#786 = EDGE_CURVE ( 'NONE', #1731, #1268, #258, .T. ) ;
#787 = DIRECTION ( 'NONE',  ( 0.000000000000000000, 0.000000000000000000, 1.000000000000000000 ) ) ;
#788 = ORIENTED_EDGE ( 'NONE', *, *, #2018, .F. ) ;
#789 = ORIENTED_EDGE ( 'NONE', *, *, #2194, .T. ) ;
#790 = ADVANCED_FACE ( 'NONE', ( #331 ), #2156, .T. ) ;
#791 = CARTESIAN_POINT ( 'NONE',  ( -5.172442859629964751, 0.000000000000000000, 4.000000000000000000 ) ) ;
#792 = CYLINDRICAL_SURFACE ( 'NONE', #656, 0.9000000000000000222 ) ;
#793 = ORIENTED_EDGE ( 'NONE', *, *, #211, .F. ) ;
#794 = FACE_OUTER_BOUND ( 'NONE', #128, .T. ) ;
#795 = EDGE_LOOP ( 'NONE', ( #141, #1360, #1279, #1207 ) ) ;
#796 = AXIS2_PLACEMENT_3D ( 'NONE', #1, #1356, #675 ) ;
#797 = CARTESIAN_POINT ( 'NONE',  ( 4.739155382845849473, -2.793910970246654912, 2.816585728990593562 ) ) ;
#798 = CIRCLE ( 'NONE', #1847, 4.200000000000000178 ) ;
#799 = CIRCLE ( 'NONE', #2023, 3.224999999999997868 ) ;
#800 = PLANE ( 'NONE',  #1499 ) ;
#801 = VECTOR ( 'NONE', #633, 1000.000000000000000 ) ;
#802 = EDGE_LOOP ( 'NONE', ( #35, #2008 ) ) ;
#803 = LINE ( 'NONE', #309, #2004 ) ;
#804 = CARTESIAN_POINT ( 'NONE',  ( -5.172442859629964751, -1.301042606982605321E-15, 9.025000000000000355 ) ) ;
#805 = CYLINDRICAL_SURFACE ( 'NONE', #1848, 1.000000000000000000 ) ;
#806 = VERTEX_POINT ( 'NONE', #1314 ) ;
#807 = CARTESIAN_POINT ( 'NONE',  ( 1.449999999999999956, -1.301042606982605321E-15, 10.00000000000000000 ) ) ;
#808 = ORIENTED_EDGE ( 'NONE', *, *, #33, .T. ) ;
#809 = PRODUCT_DEFINITION_CONTEXT ( 'detailed design', #628, 'design' ) ;
#810 = CARTESIAN_POINT ( 'NONE',  ( -1.449999999999999956, -1.806950572528448928, 5.334094443960364806 ) ) ;
#811 = EDGE_CURVE ( 'NONE', #936, #232, #1284, .T. ) ;
#812 = CARTESIAN_POINT ( 'NONE',  ( -5.172442859629964751, -1.181639544065738512E-15, 10.97499999999999964 ) ) ;
#813 = VERTEX_POINT ( 'NONE', #2 ) ;
#814 = CARTESIAN_POINT ( 'NONE',  ( 4.924196699264670407, -2.456704211071800703, 2.005223547611552526 ) ) ;
#815 = CARTESIAN_POINT ( 'NONE',  ( -3.000000000000000444, 3.673940397442060361E-16, -0.4000000000000001887 ) ) ;
#816 = CARTESIAN_POINT ( 'NONE',  ( -5.000000000000000000, -2.291287847477919470, 1.730501156642725968 ) ) ;
#817 = EDGE_LOOP ( 'NONE', ( #1023, #1219 ) ) ;
#818 = CARTESIAN_POINT ( 'NONE',  ( -4.799999999999814193, -2.685144316419850075, 5.393063171575557035 ) ) ;
#819 = EDGE_CURVE ( 'NONE', #1741, #637, #1233, .T. ) ;
#820 = EDGE_LOOP ( 'NONE', ( #840, #255, #548, #925 ) ) ;
#821 = FACE_OUTER_BOUND ( 'NONE', #991, .T. ) ;
#822 = LINE ( 'NONE', #1488, #871 ) ;
#823 = ORIENTED_EDGE ( 'NONE', *, *, #786, .F. ) ;
#824 = ADVANCED_FACE ( 'NONE', ( #514 ), #827, .F. ) ;
#825 = B_SPLINE_CURVE_WITH_KNOTS ( 'NONE', 3,
 ( #280, #1338, #1631, #1818 ),
 .UNSPECIFIED., .F., .F.,
 ( 4, 4 ),
 ( 0.000000000000000000, 1.000000000000000000 ),
 .UNSPECIFIED. ) ;
#826 = CARTESIAN_POINT ( 'NONE',  ( 1.249999999999999778, -1.301042606982605321E-15, 10.00000000000000000 ) ) ;
#827 = CYLINDRICAL_SURFACE ( 'NONE', #610, 0.5500000000000000444 ) ;
#828 = LINE ( 'NONE', #1687, #82 ) ;
#829 = VERTEX_POINT ( 'NONE', #989 ) ;
#830 = DIRECTION ( 'NONE',  ( -1.000000000000000000, 0.000000000000000000, 0.000000000000000000 ) ) ;
#831 = VERTEX_POINT ( 'NONE', #815 ) ;
#832 = CARTESIAN_POINT ( 'NONE',  ( -1.449999999999999956, -1.301042606982605321E-15, 11.82500000000000107 ) ) ;
#833 = AXIS2_PLACEMENT_3D ( 'NONE', #1409, #2082, #568 ) ;
#834 = CARTESIAN_POINT ( 'NONE',  ( -4.999999999999999112, 0.000000000000000000, 4.000000000000000000 ) ) ;
#835 = CARTESIAN_POINT ( 'NONE',  ( -4.799999999999997158, 0.000000000000000000, 4.000000000000000000 ) ) ;
#836 = CARTESIAN_POINT ( 'NONE',  ( -5.172442859629964751, 1.194030629168670061E-16, 4.975000000000000533 ) ) ;
#837 = CIRCLE ( 'NONE', #1950, 3.000000000000000444 ) ;
#838 = CARTESIAN_POINT ( 'NONE',  ( 0.000000000000000000, 0.000000000000000000, -0.4000000000000001887 ) ) ;
#839 = ADVANCED_BREP_SHAPE_REPRESENTATION ( 'Rotary joint', ( #1039, #1052 ), #1913 ) ;
#840 = ORIENTED_EDGE ( 'NONE', *, *, #271, .F. ) ;
#841 = VERTEX_POINT ( 'NONE', #495 ) ;
#842 = EDGE_CURVE ( 'NONE', #1478, #261, #1020, .T. ) ;
#843 = FACE_OUTER_BOUND ( 'NONE', #1123, .T. ) ;
#844 = DIRECTION ( 'NONE',  ( 0.000000000000000000, -0.000000000000000000, 1.000000000000000000 ) ) ;
#845 = B_SPLINE_CURVE_WITH_KNOTS ( 'NONE', 3,
 ( #869, #1586, #66, #1442 ),
 .UNSPECIFIED., .F., .F.,
 ( 4, 4 ),
 ( 2.953172478474753064E-17, 0.007549730680264996399 ),
 .UNSPECIFIED. ) ;
#846 = DIRECTION ( 'NONE',  ( 1.000000000000000000, 0.000000000000000000, -0.000000000000000000 ) ) ;
#847 = ADVANCED_FACE ( 'NONE', ( #474 ), #1735, .T. ) ;
#848 = CARTESIAN_POINT ( 'NONE',  ( 4.822114366604855817, 2.648873883963876796, 11.44251892163272899 ) ) ;
#849 = DIRECTION ( 'NONE',  ( -1.000000000000000000, -0.000000000000000000, -0.000000000000000000 ) ) ;
#850 = DIRECTION ( 'NONE',  ( -0.000000000000000000, -0.000000000000000000, -1.000000000000000000 ) ) ;
#851 = ORIENTED_EDGE ( 'NONE', *, *, #2186, .F. ) ;
#852 = VERTEX_POINT ( 'NONE', #1339 ) ;
#853 = DIRECTION ( 'NONE',  ( 1.000000000000000000, 0.000000000000000000, 0.000000000000000000 ) ) ;
#854 = CIRCLE ( 'NONE', #454, 1.024999999999999911 ) ;
#855 = CARTESIAN_POINT ( 'NONE',  ( 1.074823409873011299E-15, 5.500000000000000000, 0.9499999999999995115 ) ) ;
#856 = PLANE ( 'NONE',  #688 ) ;
#857 = EDGE_CURVE ( 'NONE', #100, #1369, #1195, .T. ) ;
#858 = PLANE ( 'NONE',  #1844 ) ;
#859 = DIRECTION ( 'NONE',  ( -0.000000000000000000, -0.000000000000000000, -1.000000000000000000 ) ) ;
#860 = ORIENTED_EDGE ( 'NONE', *, *, #1335, .F. ) ;
#861 = EDGE_CURVE ( 'NONE', #1121, #2195, #608, .T. ) ;
#862 = EDGE_LOOP ( 'NONE', ( #2061, #1658, #920, #1295 ) ) ;
#863 = CYLINDRICAL_SURFACE ( 'NONE', #755, 0.9750000000000001998 ) ;
#864 = CARTESIAN_POINT ( 'NONE',  ( 1.449999999999999956, -1.301042606982605321E-15, 10.00000000000000000 ) ) ;
#865 = AXIS2_PLACEMENT_3D ( 'NONE', #225, #204, #59 ) ;
#866 = B_SPLINE_CURVE_WITH_KNOTS ( 'NONE', 3,
 ( #393, #385, #377, #1892 ),
 .UNSPECIFIED., .F., .F.,
 ( 4, 4 ),
 ( 4.336808689942017736E-19, 0.0009814593241183190535 ),
 .UNSPECIFIED. ) ;
#867 = CIRCLE ( 'NONE', #2124, 0.9750000000000001998 ) ;
#868 = DIRECTION ( 'NONE',  ( -1.000000000000000000, 0.000000000000000000, -0.000000000000000000 ) ) ;
#869 = CARTESIAN_POINT ( 'NONE',  ( -4.616087517742977653, -2.990273570852250984, 10.24137931034482740 ) ) ;
#870 = DIRECTION ( 'NONE',  ( 0.000000000000000000, 0.000000000000000000, 1.000000000000000000 ) ) ;
#871 = VECTOR ( 'NONE', #1992, 1000.000000000000000 ) ;
#872 = ORIENTED_EDGE ( 'NONE', *, *, #2111, .T. ) ;
#873 = ORIENTED_EDGE ( 'NONE', *, *, #672, .F. ) ;
#874 = CONICAL_SURFACE ( 'NONE', #78, 3.024999999999999911, 0.7853981633974526089 ) ;
#875 = CARTESIAN_POINT ( 'NONE',  ( 4.821905003218008190, -2.649265950189806151, 11.44197525280106476 ) ) ;
#876 = AXIS2_PLACEMENT_3D ( 'NONE', #322, #990, #3 ) ;
#877 = PLANE ( 'NONE',  #974 ) ;
#878 = ADVANCED_FACE ( 'NONE', ( #2167, #1656 ), #1995, .F. ) ;
#879 = CARTESIAN_POINT ( 'NONE',  ( -4.799999999999993605, 2.685144316419521004, 5.393063171575482428 ) ) ;
#880 = CARTESIAN_POINT ( 'NONE',  ( -4.686171016994695293, 2.879999447362323384, 4.955887995734071794 ) ) ;
#881 = CARTESIAN_POINT ( 'NONE',  ( 1.449999999999999956, -2.417572691171607779, 5.009560414901448766 ) ) ;
#882 = EDGE_LOOP ( 'NONE', ( #1496, #767 ) ) ;
#883 = ORIENTED_EDGE ( 'NONE', *, *, #216, .F. ) ;
#884 = DIRECTION ( 'NONE',  ( 0.000000000000000000, 0.000000000000000000, -1.000000000000000000 ) ) ;
#885 = DIRECTION ( 'NONE',  ( 1.000000000000000000, 0.000000000000000000, 0.000000000000000000 ) ) ;
#886 = FACE_BOUND ( 'NONE', #443, .T. ) ;
#887 = CARTESIAN_POINT ( 'NONE',  ( 4.800000000000002487, 0.000000000000000000, 0.9750000000000001998 ) ) ;
#888 = CARTESIAN_POINT ( 'NONE',  ( -4.598462210893448976, 3.017359112493150697, 4.246870374531766856 ) ) ;
#889 = ORIENTED_EDGE ( 'NONE', *, *, #1246, .T. ) ;
#890 = VERTEX_POINT ( 'NONE', #1857 ) ;
#891 = CARTESIAN_POINT ( 'NONE',  ( 4.799999999999987388, 2.685144316419532107, 2.606936828424538000 ) ) ;
#892 = CARTESIAN_POINT ( 'NONE',  ( 1.449999999999999956, 2.417572691171606891, 5.009560414901448766 ) ) ;
#893 = CARTESIAN_POINT ( 'NONE',  ( 4.200000000000000178, 0.000000000000000000, -0.4000000000000000222 ) ) ;
#894 = EDGE_CURVE ( 'NONE', #1046, #1610, #1827, .T. ) ;
#895 = CARTESIAN_POINT ( 'NONE',  ( 0.000000000000000000, 0.000000000000000000, 0.000000000000000000 ) ) ;
#896 = DIRECTION ( 'NONE',  ( 0.000000000000000000, 0.000000000000000000, 1.000000000000000000 ) ) ;
#897 = EDGE_LOOP ( 'NONE', ( #1973, #1884, #1678, #1198, #2072, #931 ) ) ;
#898 = AXIS2_PLACEMENT_3D ( 'NONE', #1711, #1537, #1385 ) ;
#899 = VERTEX_POINT ( 'NONE', #126 ) ;
#900 = CARTESIAN_POINT ( 'NONE',  ( -5.000000000000000000, 3.282066445284823164, 3.000000000000000000 ) ) ;
#901 = AXIS2_PLACEMENT_3D ( 'NONE', #2163, #307, #2197 ) ;
#902 = CARTESIAN_POINT ( 'NONE',  ( 0.2620464592638139800, -5.495091398905294078, 2.473895476707217433 ) ) ;
#903 = CIRCLE ( 'NONE', #538, 4.200000000000000178 ) ;
#904 = ADVANCED_FACE ( 'NONE', ( #342, #165 ), #858, .T. ) ;
#905 = VECTOR ( 'NONE', #2101, 1000.000000000000000 ) ;
#906 = VECTOR ( 'NONE', #1484, 1000.000000000000000 ) ;
#907 = DIRECTION ( 'NONE',  ( -1.000000000000000000, 0.000000000000000000, 0.000000000000000000 ) ) ;
#908 = DIRECTION ( 'NONE',  ( -0.000000000000000000, -0.000000000000000000, -1.000000000000000000 ) ) ;
#909 = CARTESIAN_POINT ( 'NONE',  ( -4.617708506019662096, 2.987821760445922958, 4.488182469341866820 ) ) ;
#910 = EDGE_LOOP ( 'NONE', ( #179, #498, #1397, #293, #1777 ) ) ;
#911 = ORIENTED_EDGE ( 'NONE', *, *, #784, .T. ) ;
#912 = CARTESIAN_POINT ( 'NONE',  ( 0.2862693570519036501, 5.493509816888321851, 1.991579979643737452 ) ) ;
#913 = LINE ( 'NONE', #746, #730 ) ;
#914 = ORIENTED_EDGE ( 'NONE', *, *, #2043, .F. ) ;
#915 = EDGE_CURVE ( 'NONE', #771, #2141, #2012, .T. ) ;
#916 = DIRECTION ( 'NONE',  ( 1.000000000000000000, -0.000000000000000000, -0.000000000000000000 ) ) ;
#917 = B_SPLINE_CURVE_WITH_KNOTS ( 'NONE', 3,
 ( #313, #1508, #670, #525, #1058, #549 ),
 .UNSPECIFIED., .F., .F.,
 ( 4, 2, 4 ),
 ( 0.000000000000000000, 0.0002668148849464603871, 0.0005336297698929207741 ),
 .UNSPECIFIED. ) ;
#918 = FACE_OUTER_BOUND ( 'NONE', #1722, .T. ) ;
#919 = CARTESIAN_POINT ( 'NONE',  ( 3.599999999999999201, 3.704556567420743261E-16, 7.025000000000000355 ) ) ;
#920 = ORIENTED_EDGE ( 'NONE', *, *, #2172, .T. ) ;
#921 = EDGE_LOOP ( 'NONE', ( #2093, #1507, #1095, #1328 ) ) ;
#922 = CARTESIAN_POINT ( 'NONE',  ( 0.5499478421039865061, 5.472436146151855141, 1.356208795603460526 ) ) ;
#923 = CARTESIAN_POINT ( 'NONE',  ( -1.449999999999999956, 0.000000000000000000, 6.066615150441368343 ) ) ;
#924 = EDGE_CURVE ( 'NONE', #1798, #1714, #945, .T. ) ;
#925 = ORIENTED_EDGE ( 'NONE', *, *, #44, .F. ) ;
#926 = EDGE_CURVE ( 'NONE', #829, #2116, #554, .T. ) ;
#927 = CARTESIAN_POINT ( 'NONE',  ( 4.999999999999999112, -1.751990590631014921, 0.008295050552704547053 ) ) ;
#928 = ADVANCED_FACE ( 'NONE', ( #1406, #24 ), #701, .T. ) ;
#929 = DIRECTION ( 'NONE',  ( 1.000000000000000000, 0.000000000000000000, 0.000000000000000000 ) ) ;
#930 = CARTESIAN_POINT ( 'NONE',  ( 1.169537693185722164E-15, -1.000000000000000000, 2.049999999999999822 ) ) ;
#931 = ORIENTED_EDGE ( 'NONE', *, *, #237, .T. ) ;
#932 = ORIENTED_EDGE ( 'NONE', *, *, #1632, .F. ) ;
#933 = DIRECTION ( 'NONE',  ( 1.000000000000000000, 0.000000000000000000, 0.000000000000000000 ) ) ;
#934 = DIRECTION ( 'NONE',  ( 0.000000000000000000, -1.000000000000000000, 0.000000000000000000 ) ) ;
#935 = AXIS2_PLACEMENT_3D ( 'NONE', #895, #1889, #929 ) ;
#936 = VERTEX_POINT ( 'NONE', #1720 ) ;
#937 = MECHANICAL_DESIGN_GEOMETRIC_PRESENTATION_REPRESENTATION (  '', ( #1497 ), #1212 ) ;
#938 = CARTESIAN_POINT ( 'NONE',  ( 0.000000000000000000, 0.000000000000000000, -7.500000000000000000 ) ) ;
#939 = AXIS2_PLACEMENT_3D ( 'NONE', #526, #467, #366 ) ;
#940 = DIRECTION ( 'NONE',  ( 0.000000000000000000, 0.000000000000000000, -1.000000000000000000 ) ) ;
#941 = CONICAL_SURFACE ( 'NONE', #440, 3.024999999999999911, 0.7853981633974504994 ) ;
#942 = CARTESIAN_POINT ( 'NONE',  ( -4.359761887632935817, 3.281992231783664948, 2.873474045562818713 ) ) ;
#943 = DIRECTION ( 'NONE',  ( 0.000000000000000000, 0.000000000000000000, 1.000000000000000000 ) ) ;
#944 = ORIENTED_EDGE ( 'NONE', *, *, #2066, .T. ) ;
#945 = B_SPLINE_CURVE_WITH_KNOTS ( 'NONE', 3,
 ( #56, #1881, #34, #1739 ),
 .UNSPECIFIED., .F., .F.,
 ( 4, 4 ),
 ( 0.000000000000000000, 0.0009814593241183190535 ),
 .UNSPECIFIED. ) ;
#946 = ORIENTED_EDGE ( 'NONE', *, *, #2188, .T. ) ;
#947 = EDGE_CURVE ( 'NONE', #1231, #645, #1251, .T. ) ;
#948 = DIRECTION ( 'NONE',  ( 1.000000000000000000, 0.000000000000000000, 0.000000000000000000 ) ) ;
#949 = DIRECTION ( 'NONE',  ( 0.000000000000000000, 0.000000000000000000, 1.000000000000000000 ) ) ;
#950 = VERTEX_POINT ( 'NONE', #1072 ) ;
#951 = DIRECTION ( 'NONE',  ( 1.000000000000000000, -0.000000000000000000, -0.000000000000000000 ) ) ;
#952 = FACE_OUTER_BOUND ( 'NONE', #1190, .T. ) ;
#953 = DIRECTION ( 'NONE',  ( 0.000000000000000000, -1.000000000000000000, 0.000000000000000000 ) ) ;
#954 = EDGE_LOOP ( 'NONE', ( #621, #1936, #2104, #1047 ) ) ;
#955 = ORIENTED_EDGE ( 'NONE', *, *, #731, .F. ) ;
#956 = CARTESIAN_POINT ( 'NONE',  ( 3.000000000000000444, 0.000000000000000000, -7.500000000000000000 ) ) ;
#957 = CARTESIAN_POINT ( 'NONE',  ( -5.000000000000000000, -2.291287847477919470, 3.000000000000000000 ) ) ;
#958 = ORIENTED_EDGE ( 'NONE', *, *, #1650, .F. ) ;
#959 = DIRECTION ( 'NONE',  ( 0.000000000000000000, 0.000000000000000000, -1.000000000000000000 ) ) ;
#960 = EDGE_LOOP ( 'NONE', ( #1630, #1829, #1332, #1698, #2120, #572, #1094, #1242, #1985, #735 ) ) ;
#961 = CARTESIAN_POINT ( 'NONE',  ( -4.999999999999998224, 1.590635215181700923, -3.070494433796838729E-17 ) ) ;
#962 = FACE_OUTER_BOUND ( 'NONE', #1456, .T. ) ;
#963 = ORIENTED_EDGE ( 'NONE', *, *, #267, .F. ) ;
#964 = CARTESIAN_POINT ( 'NONE',  ( -1.449999999999999956, -1.301042606982605321E-15, 10.00000000000000000 ) ) ;
#965 = CARTESIAN_POINT ( 'NONE',  ( -5.172442859629964751, -1.301042606982605321E-15, 10.00000000000000000 ) ) ;
#966 = CARTESIAN_POINT ( 'NONE',  ( 4.413765022551189965, -3.281566443895916230, 2.700000000000000178 ) ) ;
#967 = ORIENTED_EDGE ( 'NONE', *, *, #648, .T. ) ;
#968 = DIRECTION ( 'NONE',  ( 1.000000000000000000, 0.000000000000000000, 0.000000000000000000 ) ) ;
#969 = ORIENTED_EDGE ( 'NONE', *, *, #1017, .T. ) ;
#970 = EDGE_CURVE ( 'NONE', #899, #1369, #867, .T. ) ;
#971 = VECTOR ( 'NONE', #722, 1000.000000000000000 ) ;
#972 = ADVANCED_FACE ( 'NONE', ( #712 ), #2088, .T. ) ;
#973 = CARTESIAN_POINT ( 'NONE',  ( -1.449999999999999956, 3.276082999478232338, 4.037778610088894382 ) ) ;
#974 = AXIS2_PLACEMENT_3D ( 'NONE', #1202, #1545, #1718 ) ;
#975 = B_SPLINE_CURVE_WITH_KNOTS ( 'NONE', 3,
 ( #1855, #349, #1381, #1026 ),
 .UNSPECIFIED., .F., .F.,
 ( 4, 4 ),
 ( -0.0002996408621989157220, 0.007250089818066052759 ),
 .UNSPECIFIED. ) ;
#976 = DIRECTION ( 'NONE',  ( -0.000000000000000000, -0.000000000000000000, 1.000000000000000000 ) ) ;
#977 = PRESENTATION_LAYER_ASSIGNMENT (  '', '', ( #257 ) ) ;
#978 = ORIENTED_EDGE ( 'NONE', *, *, #1479, .F. ) ;
#979 = ORIENTED_EDGE ( 'NONE', *, *, #1380, .T. ) ;
#980 = DIRECTION ( 'NONE',  ( 1.000000000000000000, 0.000000000000000000, 0.000000000000000000 ) ) ;
#981 = CARTESIAN_POINT ( 'NONE',  ( 1.102182119232617714E-15, -1.000000000000000000, 1.499999999999999556 ) ) ;
#982 = ORIENTED_EDGE ( 'NONE', *, *, #731, .T. ) ;
#983 = CARTESIAN_POINT ( 'NONE',  ( -0.2871751356524930299, 5.493439508003995719, 1.990503096033126473 ) ) ;
#984 = ORIENTED_EDGE ( 'NONE', *, *, #380, .T. ) ;
#985 = LINE ( 'NONE', #1476, #1602 ) ;
#986 = CARTESIAN_POINT ( 'NONE',  ( -0.9000000000000000222, 1.102182119232617788E-16, -7.500000000000000000 ) ) ;
#987 = VERTEX_POINT ( 'NONE', #1729 ) ;
#988 = CARTESIAN_POINT ( 'NONE',  ( 4.999999999999999112, -2.291287847477921691, 1.730501156642731742 ) ) ;
#989 = CARTESIAN_POINT ( 'NONE',  ( 1.449999999999999956, -3.276082999478249658, 4.037778610088965436 ) ) ;
#990 = DIRECTION ( 'NONE',  ( -1.000000000000000000, 0.000000000000000000, 0.000000000000000000 ) ) ;
#991 = EDGE_LOOP ( 'NONE', ( #823, #58, #789, #1232 ) ) ;
#992 = CARTESIAN_POINT ( 'NONE',  ( -5.000000000000000000, -2.291287847477923023, 0.2582154197124368888 ) ) ;
#993 = ORIENTED_EDGE ( 'NONE', *, *, #1034, .F. ) ;
#994 = CARTESIAN_POINT ( 'NONE',  ( 1.102182119232617714E-15, -1.000000000000000000, 0.4999999999999995559 ) ) ;
#995 = CARTESIAN_POINT ( 'NONE',  ( -1.249999999999999778, -1.301042606982605321E-15, 10.00000000000000000 ) ) ;
#996 = ADVANCED_FACE ( 'NONE', ( #564 ), #199, .F. ) ;
#997 = CARTESIAN_POINT ( 'NONE',  ( -0.1306423900592295628, -5.500000000000001776, 2.499999999999999112 ) ) ;
#998 = CARTESIAN_POINT ( 'NONE',  ( -1.249999999999999778, -1.301042606982605321E-15, 11.82500000000000107 ) ) ;
#999 = DIRECTION ( 'NONE',  ( 1.000000000000000000, -0.000000000000000000, -0.000000000000000000 ) ) ;
#1000 = ORIENTED_EDGE ( 'NONE', *, *, #2139, .F. ) ;
#1001 = CARTESIAN_POINT ( 'NONE',  ( 1.449999999999999956, -1.806950572528448928, 5.334094443960364806 ) ) ;
#1002 = ORIENTED_EDGE ( 'NONE', *, *, #20, .F. ) ;
#1003 = DIRECTION ( 'NONE',  ( 0.000000000000000000, 0.000000000000000000, 1.000000000000000000 ) ) ;
#1004 = CIRCLE ( 'NONE', #1802, 3.000000000000000888 ) ;
#1005 = AXIS2_PLACEMENT_3D ( 'NONE', #1119, #1128, #1434 ) ;
#1006 = DIRECTION ( 'NONE',  ( -0.000000000000000000, -1.000000000000000000, -0.000000000000000000 ) ) ;
#1007 = CIRCLE ( 'NONE', #2127, 5.200000000000000178 ) ;
#1008 = CARTESIAN_POINT ( 'NONE',  ( -0.1324076130182278987, -5.500000000000000000, 0.4999999999999995559 ) ) ;
#1009 = DIRECTION ( 'NONE',  ( -0.000000000000000000, -0.000000000000000000, 1.000000000000000000 ) ) ;
#1010 = CARTESIAN_POINT ( 'NONE',  ( 0.000000000000000000, 0.000000000000000000, 2.700000000000000178 ) ) ;
#1011 = ORIENTED_EDGE ( 'NONE', *, *, #1583, .F. ) ;
#1012 = ORIENTED_EDGE ( 'NONE', *, *, #857, .F. ) ;
#1013 = DIRECTION ( 'NONE',  ( 0.000000000000000000, 0.000000000000000000, 1.000000000000000000 ) ) ;
#1014 =( NAMED_UNIT ( * ) SI_UNIT ( $, .STERADIAN. ) SOLID_ANGLE_UNIT ( ) );
#1015 = EDGE_CURVE ( 'NONE', #17, #1592, #190, .T. ) ;
#1016 = EDGE_CURVE ( 'NONE', #232, #556, #387, .T. ) ;
#1017 = EDGE_CURVE ( 'NONE', #776, #1141, #1909, .T. ) ;
#1018 = CYLINDRICAL_SURFACE ( 'NONE', #433, 3.024999999999999911 ) ;
#1019 = DIRECTION ( 'NONE',  ( 0.000000000000000000, 0.000000000000000000, -1.000000000000000000 ) ) ;
#1020 = LINE ( 'NONE', #1644, #1875 ) ;
#1021 = CARTESIAN_POINT ( 'NONE',  ( 0.000000000000000000, 0.000000000000000000, 0.2999999999999999334 ) ) ;
#1022 = ORIENTED_EDGE ( 'NONE', *, *, #1341, .T. ) ;
#1023 = ORIENTED_EDGE ( 'NONE', *, *, #1240, .T. ) ;
#1024 = CARTESIAN_POINT ( 'NONE',  ( 1.449999999999999956, 3.276082999478232338, 4.037778610088894382 ) ) ;
#1025 = CARTESIAN_POINT ( 'NONE',  ( 1.102182119232617714E-15, 6.000000000000000000, 0.9499999999999995115 ) ) ;
#1026 = CARTESIAN_POINT ( 'NONE',  ( -4.616087517742979429, 2.990273570852248319, 10.24137931034482740 ) ) ;
#1027 = CARTESIAN_POINT ( 'NONE',  ( 1.135139064070121444E-15, -5.500000000000000000, 0.4999999999999995559 ) ) ;
#1028 = CARTESIAN_POINT ( 'NONE',  ( -4.593381651811575317, 3.025036363864090028, 3.755511034115136759 ) ) ;
#1029 = DIRECTION ( 'NONE',  ( 0.000000000000000000, 0.000000000000000000, 1.000000000000000000 ) ) ;
#1030 = ORIENTED_EDGE ( 'NONE', *, *, #1179, .F. ) ;
#1031 = ORIENTED_EDGE ( 'NONE', *, *, #277, .T. ) ;
#1032 = CARTESIAN_POINT ( 'NONE',  ( -5.000000000000000000, -1.301042606982605321E-15, 10.00000000000000000 ) ) ;
#1033 = DIRECTION ( 'NONE',  ( -1.000000000000000000, -0.000000000000000000, -0.000000000000000000 ) ) ;
#1034 = EDGE_CURVE ( 'NONE', #813, #1433, #1681, .T. ) ;
#1035 = EDGE_CURVE ( 'NONE', #192, #1377, #845, .T. ) ;
#1036 = EDGE_CURVE ( 'NONE', #1483, #1589, #1215, .T. ) ;
#1037 = FACE_BOUND ( 'NONE', #752, .T. ) ;
#1038 = AXIS2_PLACEMENT_3D ( 'NONE', #715, #2063, #1222 ) ;
#1039 = MANIFOLD_SOLID_BREP ( '切除-拉伸6', #2000 ) ;
#1040 = ADVANCED_FACE ( 'NONE', ( #962 ), #278, .T. ) ;
#1041 = PRESENTATION_LAYER_ASSIGNMENT (  '', '', ( #1497 ) ) ;
#1042 = CARTESIAN_POINT ( 'NONE',  ( 4.800000000000002487, 3.704556567420743261E-16, 7.025000000000000355 ) ) ;
#1043 = DIRECTION ( 'NONE',  ( 0.000000000000000000, 0.000000000000000000, -1.000000000000000000 ) ) ;
#1044 = FACE_OUTER_BOUND ( 'NONE', #632, .T. ) ;
#1045 = TOROIDAL_SURFACE ( 'NONE', #75, 5.200000000000000178, 0.2999999999999999889 ) ;
#1046 = VERTEX_POINT ( 'NONE', #77 ) ;
#1047 = ORIENTED_EDGE ( 'NONE', *, *, #1373, .T. ) ;
#1048 = AXIS2_PLACEMENT_3D ( 'NONE', #1169, #2137, #1814 ) ;
#1049 = AXIS2_PLACEMENT_3D ( 'NONE', #1243, #884, #1077 ) ;
#1050 = CARTESIAN_POINT ( 'NONE',  ( 5.122956143805612355E-13, 5.500000000000454747, 2.050000000004548184 ) ) ;
#1051 = FACE_OUTER_BOUND ( 'NONE', #1245, .T. ) ;
#1052 = AXIS2_PLACEMENT_3D ( 'NONE', #681, #19, #1201 ) ;
#1053 = DIRECTION ( 'NONE',  ( 0.000000000000000000, 0.000000000000000000, -1.000000000000000000 ) ) ;
#1054 = DIRECTION ( 'NONE',  ( 0.000000000000000000, 0.000000000000000000, -1.000000000000000000 ) ) ;
#1055 = CARTESIAN_POINT ( 'NONE',  ( -4.632808999039620623, 2.964460607836425954, 10.56115742629574150 ) ) ;
#1056 = EDGE_LOOP ( 'NONE', ( #67, #326 ) ) ;
#1057 = ORIENTED_EDGE ( 'NONE', *, *, #596, .F. ) ;
#1058 = CARTESIAN_POINT ( 'NONE',  ( -4.123257525891460773, -3.282066445284809397, 3.000000000000000000 ) ) ;
#1059 = CARTESIAN_POINT ( 'NONE',  ( -4.799999999999998046, -2.685144316419515231, 2.606936828424506469 ) ) ;
#1060 = CYLINDRICAL_SURFACE ( 'NONE', #1146, 0.9750000000000001998 ) ;
#1061 = FACE_OUTER_BOUND ( 'NONE', #1903, .T. ) ;
#1062 = ADVANCED_FACE ( 'NONE', ( #90 ), #1111, .F. ) ;
#1063 = DIRECTION ( 'NONE',  ( 1.000000000000000000, 0.000000000000000000, 0.000000000000000000 ) ) ;
#1064 = ORIENTED_EDGE ( 'NONE', *, *, #1443, .F. ) ;
#1065 = ADVANCED_FACE ( 'NONE', ( #750 ), #110, .T. ) ;
#1066 = ORIENTED_EDGE ( 'NONE', *, *, #316, .F. ) ;
#1067 = CARTESIAN_POINT ( 'NONE',  ( -1.249999999999999778, -1.301042606982605321E-15, 10.00000000000000000 ) ) ;
#1068 = CARTESIAN_POINT ( 'NONE',  ( 0.5044785486427594279, -5.478158948847040577, 0.6266848177495603078 ) ) ;
#1069 = ADVANCED_FACE ( 'NONE', ( #253 ), #800, .T. ) ;
#1070 = CARTESIAN_POINT ( 'NONE',  ( 3.599999999999999201, 0.000000000000000000, 4.000000000000000000 ) ) ;
#1071 = DIRECTION ( 'NONE',  ( 1.000000000000000000, 0.000000000000000000, 0.000000000000000000 ) ) ;
#1072 = CARTESIAN_POINT ( 'NONE',  ( -3.599999999999999201, 0.000000000000000000, 3.024999999999999911 ) ) ;
#1073 = EDGE_LOOP ( 'NONE', ( #1012, #1306, #1342, #1934 ) ) ;
#1074 = CIRCLE ( 'NONE', #292, 3.024999999999999911 ) ;
#1075 = ORIENTED_EDGE ( 'NONE', *, *, #53, .T. ) ;
#1076 = EDGE_CURVE ( 'NONE', #1731, #1821, #42, .T. ) ;
#1077 = DIRECTION ( 'NONE',  ( -1.000000000000000000, 0.000000000000000000, 0.000000000000000000 ) ) ;
#1078 = AXIS2_PLACEMENT_3D ( 'NONE', #1933, #775, #626 ) ;
#1079 = CARTESIAN_POINT ( 'NONE',  ( 1.135139064070121444E-15, -5.500000000000000000, 0.4999999999999995559 ) ) ;
#1080 = ORIENTED_EDGE ( 'NONE', *, *, #819, .F. ) ;
#1081 = CIRCLE ( 'NONE', #1466, 0.9000000000000000222 ) ;
#1082 = CARTESIAN_POINT ( 'NONE',  ( -5.000000000000000000, 2.069194468070871373, 0.08141587282232645717 ) ) ;
#1083 = EDGE_CURVE ( 'NONE', #1283, #1085, #2115, .T. ) ;
#1084 = CARTESIAN_POINT ( 'NONE',  ( -4.799999999999998046, -2.685144316419515231, 2.606936828424506469 ) ) ;
#1085 = VERTEX_POINT ( 'NONE', #930 ) ;
#1086 = EDGE_LOOP ( 'NONE', ( #2109, #201, #1638, #714 ) ) ;
#1087 = CARTESIAN_POINT ( 'NONE',  ( -4.999999999999999112, 0.000000000000000000, 7.225000000000004086 ) ) ;
#1088 = FACE_OUTER_BOUND ( 'NONE', #1560, .T. ) ;
#1089 = ORIENTED_EDGE ( 'NONE', *, *, #926, .F. ) ;
#1090 = ADVANCED_FACE ( 'NONE', ( #1299 ), #1759, .F. ) ;
#1091 = DIRECTION ( 'NONE',  ( 1.000000000000000000, -0.000000000000000000, -0.000000000000000000 ) ) ;
#1092 = DIRECTION ( 'NONE',  ( 1.000000000000000000, -0.000000000000000000, -0.000000000000000000 ) ) ;
#1093 = CARTESIAN_POINT ( 'NONE',  ( 1.169537693185722164E-15, 6.000000000000000000, 2.049999999999999822 ) ) ;
#1094 = ORIENTED_EDGE ( 'NONE', *, *, #316, .T. ) ;
#1095 = ORIENTED_EDGE ( 'NONE', *, *, #1692, .T. ) ;
#1096 = FACE_OUTER_BOUND ( 'NONE', #1188, .T. ) ;
#1097 = DIRECTION ( 'NONE',  ( 1.000000000000000000, -0.000000000000000000, -0.000000000000000000 ) ) ;
#1098 = VERTEX_POINT ( 'NONE', #422 ) ;
#1099 = CARTESIAN_POINT ( 'NONE',  ( -5.000000000000000000, 2.291287847477919026, 11.93649167310370984 ) ) ;
#1100 = CARTESIAN_POINT ( 'NONE',  ( -5.000000000000000000, 1.751990590631014921, 0.008295050552704651137 ) ) ;
#1101 = EDGE_CURVE ( 'NONE', #771, #1832, #1944, .T. ) ;
#1102 = CARTESIAN_POINT ( 'NONE',  ( -4.413540387906246920, 3.281868581475038127, 2.790640770175155438 ) ) ;
#1103 = DIRECTION ( 'NONE',  ( 1.000000000000000000, -0.000000000000000000, -0.000000000000000000 ) ) ;
#1104 = VERTEX_POINT ( 'NONE', #230 ) ;
#1105 = EDGE_CURVE ( 'NONE', #1742, #167, #1116, .T. ) ;
#1106 = VERTEX_POINT ( 'NONE', #1770 ) ;
#1107 = FACE_OUTER_BOUND ( 'NONE', #312, .T. ) ;
#1108 = FACE_OUTER_BOUND ( 'NONE', #1517, .T. ) ;
#1109 = VECTOR ( 'NONE', #908, 1000.000000000000000 ) ;
#1110 = ORIENTED_EDGE ( 'NONE', *, *, #1218, .T. ) ;
#1111 = CONICAL_SURFACE ( 'NONE', #727, 3.225000000000000533, 0.7853981633974428389 ) ;
#1112 = CYLINDRICAL_SURFACE ( 'NONE', #117, 5.500000000000000000 ) ;
#1113 = VECTOR ( 'NONE', #1652, 1000.000000000000000 ) ;
#1114 = AXIS2_PLACEMENT_3D ( 'NONE', #1448, #934, #2144 ) ;
#1115 = DIRECTION ( 'NONE',  ( -1.000000000000000000, 0.000000000000000000, 0.000000000000000000 ) ) ;
#1116 = LINE ( 'NONE', #919, #1254 ) ;
#1117 = EDGE_LOOP ( 'NONE', ( #1627, #1635, #71, #1387, #1473, #209 ) ) ;
#1118 = CYLINDRICAL_SURFACE ( 'NONE', #162, 1.825000000000000178 ) ;
#1119 = CARTESIAN_POINT ( 'NONE',  ( 5.000000000000000000, -1.301042606982605321E-15, 10.00000000000000000 ) ) ;
#1120 = CARTESIAN_POINT ( 'NONE',  ( 4.999999999999999112, 2.291287847477920359, 0.2999999999999999334 ) ) ;
#1121 = VERTEX_POINT ( 'NONE', #2152 ) ;
#1122 = DIRECTION ( 'NONE',  ( 1.000000000000000000, 0.000000000000000000, 0.000000000000000000 ) ) ;
#1123 = EDGE_LOOP ( 'NONE', ( #932, #1110, #2019, #873 ) ) ;
#1124 = CARTESIAN_POINT ( 'NONE',  ( 4.999999999999999112, -1.428285685708572617, 0.000000000000000000 ) ) ;
#1125 = FILL_AREA_STYLE_COLOUR ( '', #74 ) ;
#1126 = ORIENTED_EDGE ( 'NONE', *, *, #336, .F. ) ;
#1127 = VERTEX_POINT ( 'NONE', #470 ) ;
#1128 = DIRECTION ( 'NONE',  ( 1.000000000000000000, 0.000000000000000000, 0.000000000000000000 ) ) ;
#1129 = FACE_BOUND ( 'NONE', #1376, .T. ) ;
#1130 = EDGE_CURVE ( 'NONE', #645, #1231, #1907, .T. ) ;
#1131 = ORIENTED_EDGE ( 'NONE', *, *, #222, .F. ) ;
#1132 = CARTESIAN_POINT ( 'NONE',  ( -0.4901088356412482971, 5.479063835717064457, 1.787847485626485655 ) ) ;
#1133 = ORIENTED_EDGE ( 'NONE', *, *, #1972, .F. ) ;
#1134 = ADVANCED_FACE ( 'NONE', ( #340 ), #459, .F. ) ;
#1135 = FACE_BOUND ( 'NONE', #1361, .T. ) ;
#1136 = DIRECTION ( 'NONE',  ( 0.000000000000000000, 0.000000000000000000, -1.000000000000000000 ) ) ;
#1137 = ORIENTED_EDGE ( 'NONE', *, *, #1451, .T. ) ;
#1138 = CARTESIAN_POINT ( 'NONE',  ( -5.172442859629964751, -1.301042606982605321E-15, 9.025000000000000355 ) ) ;
#1139 = CARTESIAN_POINT ( 'NONE',  ( 4.999999999999999112, 2.291287847477920359, 3.000000000000000000 ) ) ;
#1140 = CARTESIAN_POINT ( 'NONE',  ( 4.799999999999987388, -2.685144316419532107, 5.393063171575461112 ) ) ;
#1141 = VERTEX_POINT ( 'NONE', #317 ) ;
#1142 = CARTESIAN_POINT ( 'NONE',  ( -4.999999999999999112, 2.291287847477920359, 3.000000000000000000 ) ) ;
#1143 = CIRCLE ( 'NONE', #935, 5.200000000000000178 ) ;
#1144 = ORIENTED_EDGE ( 'NONE', *, *, #1246, .F. ) ;
#1145 = CARTESIAN_POINT ( 'NONE',  ( 4.617708506019661208, -2.987821760445922514, 3.511817530658129627 ) ) ;
#1146 = AXIS2_PLACEMENT_3D ( 'NONE', #188, #22, #710 ) ;
#1147 = AXIS2_PLACEMENT_3D ( 'NONE', #515, #496, #176 ) ;
#1148 = AXIS2_PLACEMENT_3D ( 'NONE', #421, #381, #219 ) ;
#1149 = DIRECTION ( 'NONE',  ( -1.000000000000000000, 0.000000000000000000, -0.000000000000000000 ) ) ;
#1150 = ORIENTED_EDGE ( 'NONE', *, *, #924, .T. ) ;
#1151 = EDGE_LOOP ( 'NONE', ( #1975, #524, #1958, #1312, #79 ) ) ;
#1152 = DIRECTION ( 'NONE',  ( 1.000000000000000000, -0.000000000000000000, -0.000000000000000000 ) ) ;
#1153 = CARTESIAN_POINT ( 'NONE',  ( -4.999999999999999112, 2.291287847477920359, 3.000000000000000000 ) ) ;
#1154 = VERTEX_POINT ( 'NONE', #1501 ) ;
#1155 = CARTESIAN_POINT ( 'NONE',  ( 1.249999999999999778, -1.301042606982605321E-15, 10.00000000000000000 ) ) ;
#1156 = VERTEX_POINT ( 'NONE', #1326 ) ;
#1157 = B_SPLINE_CURVE_WITH_KNOTS ( 'NONE', 3,
 ( #456, #287, #327, #973 ),
 .UNSPECIFIED., .F., .F.,
 ( 4, 4 ),
 ( 0.000000000000000000, 1.000000000000000000 ),
 .UNSPECIFIED. ) ;
#1158 = ADVANCED_FACE ( 'NONE', ( #1825, #1684 ), #161, .T. ) ;
#1159 = CARTESIAN_POINT ( 'NONE',  ( 4.686529882200618502, -2.879439335345646001, 4.958570703839572325 ) ) ;
#1160 = EDGE_CURVE ( 'NONE', #1503, #590, #683, .T. ) ;
#1161 = DIRECTION ( 'NONE',  ( -1.000000000000000000, -0.000000000000000000, -0.000000000000000000 ) ) ;
#1162 = DIRECTION ( 'NONE',  ( -1.000000000000000000, 0.000000000000000000, 0.000000000000000000 ) ) ;
#1163 = DIRECTION ( 'NONE',  ( 0.000000000000000000, 0.000000000000000000, 1.000000000000000000 ) ) ;
#1164 = CARTESIAN_POINT ( 'NONE',  ( 0.000000000000000000, 0.000000000000000000, 3.000000000000000000 ) ) ;
#1165 = ORIENTED_EDGE ( 'NONE', *, *, #362, .F. ) ;
#1166 = ORIENTED_EDGE ( 'NONE', *, *, #259, .F. ) ;
#1167 = DIRECTION ( 'NONE',  ( 1.000000000000000000, -0.000000000000000000, -0.000000000000000000 ) ) ;
#1168 = ORIENTED_EDGE ( 'NONE', *, *, #784, .F. ) ;
#1169 = CARTESIAN_POINT ( 'NONE',  ( 0.000000000000000000, 0.000000000000000000, -0.4000000000000000222 ) ) ;
#1170 = ADVANCED_FACE ( 'NONE', ( #636 ), #1337, .F. ) ;
#1171 = CARTESIAN_POINT ( 'NONE',  ( 4.800000000000002487, 0.000000000000000000, 4.000000000000000000 ) ) ;
#1172 = DIRECTION ( 'NONE',  ( 0.000000000000000000, 0.000000000000000000, 1.000000000000000000 ) ) ;
#1173 = CARTESIAN_POINT ( 'NONE',  ( 4.686171016994699734, 2.879999447362320275, 4.955887995734088669 ) ) ;
#1174 = CYLINDRICAL_SURFACE ( 'NONE', #1327, 1.825000000000000178 ) ;
#1175 = ORIENTED_EDGE ( 'NONE', *, *, #1583, .T. ) ;
#1176 = VERTEX_POINT ( 'NONE', #855 ) ;
#1177 = CARTESIAN_POINT ( 'NONE',  ( 4.681711547735020851, -2.889801882257419852, 10.86426141058551131 ) ) ;
#1178 = APPLICATION_PROTOCOL_DEFINITION ( 'draft international standard', 'automotive_design', 1998, #628 ) ;
#1179 = EDGE_CURVE ( 'NONE', #806, #1286, #1311, .T. ) ;
#1180 = CIRCLE ( 'NONE', #1321, 3.024999999999999911 ) ;
#1181 = VECTOR ( 'NONE', #1563, 1000.000000000000000 ) ;
#1182 = DIRECTION ( 'NONE',  ( -1.000000000000000000, 0.000000000000000000, 0.000000000000000000 ) ) ;
#1183 = CIRCLE ( 'NONE', #2175, 3.000000000000000888 ) ;
#1184 = CARTESIAN_POINT ( 'NONE',  ( -0.2638952871540451439, -5.494987518234280444, 0.5266965409351981320 ) ) ;
#1185 = DIRECTION ( 'NONE',  ( -1.000000000000000000, -0.000000000000000000, -0.000000000000000000 ) ) ;
#1186 = AXIS2_PLACEMENT_3D ( 'NONE', #1601, #1281, #1971 ) ;
#1187 = DIRECTION ( 'NONE',  ( 0.000000000000000000, 0.000000000000000000, 1.000000000000000000 ) ) ;
#1188 = EDGE_LOOP ( 'NONE', ( #1883, #489, #1485, #978 ) ) ;
#1189 = CIRCLE ( 'NONE', #764, 1.825000000000000178 ) ;
#1190 = EDGE_LOOP ( 'NONE', ( #1030, #984, #157, #1801, #1796, #1022, #1297 ) ) ;
#1191 = DIRECTION ( 'NONE',  ( 1.000000000000000000, -0.000000000000000000, -0.000000000000000000 ) ) ;
#1192 = B_SPLINE_SURFACE_WITH_KNOTS ( 'NONE', 3, 1, ( 
 ( #1713, #191 ),
 ( #881, #713 ),
 ( #1549, #25 ),
 ( #2037, #360 ) ),
 .UNSPECIFIED., .F., .F., .F.,
 ( 4, 4 ),
 ( 2, 2 ),
 ( 0.000000000000000000, 1.000000000000000000 ),
 ( 0.000000000000000000, 1.000000000000000000 ),
 .UNSPECIFIED. ) ;
#1193 = CARTESIAN_POINT ( 'NONE',  ( 3.599999999999998312, 0.000000000000000000, 4.000000000000000000 ) ) ;
#1194 = CARTESIAN_POINT ( 'NONE',  ( 4.632805641839875754, 2.964465790348149721, 10.56109322390899052 ) ) ;
#1195 = LINE ( 'NONE', #836, #333 ) ;
#1196 = DIRECTION ( 'NONE',  ( 1.000000000000000000, 0.000000000000000000, 0.000000000000000000 ) ) ;
#1197 = ORIENTED_EDGE ( 'NONE', *, *, #666, .T. ) ;
#1198 = ORIENTED_EDGE ( 'NONE', *, *, #1707, .T. ) ;
#1199 = EDGE_CURVE ( 'NONE', #1503, #841, #1323, .T. ) ;
#1200 = CYLINDRICAL_SURFACE ( 'NONE', #570, 1.825000000000000178 ) ;
#1201 = DIRECTION ( 'NONE',  ( 1.000000000000000000, 0.000000000000000000, 0.000000000000000000 ) ) ;
#1202 = CARTESIAN_POINT ( 'NONE',  ( -3.599999999999999201, 0.000000000000000000, 4.000000000000000000 ) ) ;
#1203 = CARTESIAN_POINT ( 'NONE',  ( -4.999999999999999112, 2.291287847477920359, 6.269498843357277806 ) ) ;
#1204 = DIRECTION ( 'NONE',  ( 0.000000000000000000, 0.000000000000000000, -1.000000000000000000 ) ) ;
#1205 = DIRECTION ( 'NONE',  ( 1.000000000000000000, 0.000000000000000000, -0.000000000000000000 ) ) ;
#1206 = ORIENTED_EDGE ( 'NONE', *, *, #1325, .F. ) ;
#1207 = ORIENTED_EDGE ( 'NONE', *, *, #1756, .T. ) ;
#1208 = DIRECTION ( 'NONE',  ( 0.000000000000000000, 0.000000000000000000, -1.000000000000000000 ) ) ;
#1209 = CARTESIAN_POINT ( 'NONE',  ( -4.200000000000000178, 5.143516556418883914E-16, -0.4000000000000000222 ) ) ;
#1210 = DIRECTION ( 'NONE',  ( -1.000000000000000000, -0.000000000000000000, -0.000000000000000000 ) ) ;
#1211 = DIRECTION ( 'NONE',  ( 0.000000000000000000, 0.000000000000000000, -1.000000000000000000 ) ) ;
#1212 =( GEOMETRIC_REPRESENTATION_CONTEXT ( 3 ) GLOBAL_UNCERTAINTY_ASSIGNED_CONTEXT ( ( #286 ) ) GLOBAL_UNIT_ASSIGNED_CONTEXT ( ( #1791, #1957, #447 ) ) REPRESENTATION_CONTEXT ( 'NONE', 'WORKASPACE' ) );
#1213 = LINE ( 'NONE', #2046, #1966 ) ;
#1214 = ADVANCED_FACE ( 'NONE', ( #290 ), #1018, .F. ) ;
#1215 = LINE ( 'NONE', #265, #1984 ) ;
#1216 = CIRCLE ( 'NONE', #251, 0.5500000000000000444 ) ;
#1217 = ORIENTED_EDGE ( 'NONE', *, *, #370, .T. ) ;
#1218 = EDGE_CURVE ( 'NONE', #1852, #2158, #1815, .T. ) ;
#1219 = ORIENTED_EDGE ( 'NONE', *, *, #1076, .T. ) ;
#1220 = AXIS2_PLACEMENT_3D ( 'NONE', #577, #238, #1991 ) ;
#1221 = AXIS2_PLACEMENT_3D ( 'NONE', #1001, #180, #347 ) ;
#1222 = DIRECTION ( 'NONE',  ( 0.000000000000000000, 0.000000000000000000, -1.000000000000000000 ) ) ;
#1223 = CARTESIAN_POINT ( 'NONE',  ( 0.5039270992735875865, -5.478207307847460683, 2.373612170806468136 ) ) ;
#1224 = DIRECTION ( 'NONE',  ( -0.000000000000000000, -1.000000000000000000, -0.000000000000000000 ) ) ;
#1225 = COLOUR_RGB ( '',0.7921568627450980005, 0.8196078431372548767, 0.9333333333333333481 ) ;
#1226 = ADVANCED_FACE ( 'NONE', ( #328 ), #2089, .F. ) ;
#1227 = EDGE_CURVE ( 'NONE', #1999, #831, #822, .T. ) ;
#1228 = DIRECTION ( 'NONE',  ( 1.000000000000000000, 0.000000000000000000, -0.000000000000000000 ) ) ;
#1229 = DIRECTION ( 'NONE',  ( 1.000000000000000000, 0.000000000000000000, 0.000000000000000000 ) ) ;
#1230 = CARTESIAN_POINT ( 'NONE',  ( 0.000000000000000000, 0.000000000000000000, -7.500000000000000000 ) ) ;
#1231 = VERTEX_POINT ( 'NONE', #485 ) ;
#1232 = ORIENTED_EDGE ( 'NONE', *, *, #2043, .T. ) ;
#1233 = B_SPLINE_CURVE_WITH_KNOTS ( 'NONE', 3,
 ( #1664, #2027, #1173, #137, #1514, #655, #351, #2191, #667, #1981, #676, #1819 ),
 .UNSPECIFIED., .F., .F.,
 ( 4, 2, 2, 2, 2, 4 ),
 ( 0.0007298252965574002996, 0.001459761954459759016, 0.001824730283410938049, 0.002189698612362117082, 0.002919635270264475148, 0.003649571928166833214 ),
 .UNSPECIFIED. ) ;
#1234 = DIRECTION ( 'NONE',  ( 0.000000000000000000, -1.776356839400250465E-15, -1.000000000000000000 ) ) ;
#1235 = CARTESIAN_POINT ( 'NONE',  ( -4.686529882200605179, -2.879439335345661544, 4.958570703839519034 ) ) ;
#1236 = B_SPLINE_CURVE_WITH_KNOTS ( 'NONE', 3,
 ( #720, #2056, #512, #1364 ),
 .UNSPECIFIED., .F., .F.,
 ( 4, 4 ),
 ( 0.000000000000000000, 0.0009814593241182639760 ),
 .UNSPECIFIED. ) ;
#1237 = FACE_OUTER_BOUND ( 'NONE', #26, .T. ) ;
#1238 = DIRECTION ( 'NONE',  ( -0.000000000000000000, -0.000000000000000000, 1.000000000000000000 ) ) ;
#1239 = DIRECTION ( 'NONE',  ( 0.000000000000000000, 0.000000000000000000, 1.000000000000000000 ) ) ;
#1240 = EDGE_CURVE ( 'NONE', #1821, #1731, #472, .T. ) ;
#1241 = VERTEX_POINT ( 'NONE', #1673 ) ;
#1242 = ORIENTED_EDGE ( 'NONE', *, *, #1325, .T. ) ;
#1243 = CARTESIAN_POINT ( 'NONE',  ( 0.000000000000000000, 0.000000000000000000, -7.500000000000000000 ) ) ;
#1244 = CARTESIAN_POINT ( 'NONE',  ( -4.799999999999814193, -2.685144316419850075, 5.393063171575557035 ) ) ;
#1245 = EDGE_LOOP ( 'NONE', ( #445, #449, #1388, #1721 ) ) ;
#1246 = EDGE_CURVE ( 'NONE', #1793, #247, #1636, .T. ) ;
#1247 = CARTESIAN_POINT ( 'NONE',  ( 1.249999999999999778, -1.301042606982605321E-15, 8.174999999999998934 ) ) ;
#1248 = DIRECTION ( 'NONE',  ( 0.000000000000000000, 0.000000000000000000, 1.000000000000000000 ) ) ;
#1249 = CARTESIAN_POINT ( 'NONE',  ( -4.799999999999817746, 2.685144316419843857, 2.606936828424431862 ) ) ;
#1250 = VERTEX_POINT ( 'NONE', #664 ) ;
#1251 = CIRCLE ( 'NONE', #898, 0.9750000000000001998 ) ;
#1252 = ORIENTED_EDGE ( 'NONE', *, *, #2108, .T. ) ;
#1253 = DIRECTION ( 'NONE',  ( -1.000000000000000000, -0.000000000000000000, -0.000000000000000000 ) ) ;
#1254 = VECTOR ( 'NONE', #1103, 1000.000000000000000 ) ;
#1255 = CARTESIAN_POINT ( 'NONE',  ( 1.449999999999999956, 3.276082999478232338, 4.037778610088894382 ) ) ;
#1256 = CIRCLE ( 'NONE', #1220, 1.000000000000000000 ) ;
#1257 = ORIENTED_EDGE ( 'NONE', *, *, #61, .F. ) ;
#1258 = CARTESIAN_POINT ( 'NONE',  ( 4.999999999999999112, -2.291287847477921691, 0.2583098266865204717 ) ) ;
#1259 = DIRECTION ( 'NONE',  ( 1.000000000000000000, 0.000000000000000000, 0.000000000000000000 ) ) ;
#1260 = ORIENTED_EDGE ( 'NONE', *, *, #318, .F. ) ;
#1261 = ORIENTED_EDGE ( 'NONE', *, *, #811, .F. ) ;
#1262 = CARTESIAN_POINT ( 'NONE',  ( 4.800000000000002487, 0.000000000000000000, 4.000000000000000000 ) ) ;
#1263 = DIRECTION ( 'NONE',  ( 0.000000000000000000, -1.000000000000000000, 0.000000000000000000 ) ) ;
#1264 = EDGE_CURVE ( 'NONE', #1793, #660, #2003, .T. ) ;
#1265 = ORIENTED_EDGE ( 'NONE', *, *, #297, .T. ) ;
#1266 = CARTESIAN_POINT ( 'NONE',  ( 4.999999999999999112, -2.291287847477921691, 0.2999999999999999334 ) ) ;
#1267 = DIRECTION ( 'NONE',  ( -1.000000000000000000, -0.000000000000000000, -0.000000000000000000 ) ) ;
#1268 = VERTEX_POINT ( 'NONE', #493 ) ;
#1269 = ORIENTED_EDGE ( 'NONE', *, *, #131, .T. ) ;
#1270 = CARTESIAN_POINT ( 'NONE',  ( 1.249999999999999778, -1.301042606982605321E-15, 10.00000000000000000 ) ) ;
#1271 = DIRECTION ( 'NONE',  ( 0.000000000000000000, 0.000000000000000000, -1.000000000000000000 ) ) ;
#1272 = EDGE_LOOP ( 'NONE', ( #605, #391 ) ) ;
#1273 = CARTESIAN_POINT ( 'NONE',  ( 4.800000000000002487, 0.000000000000000000, 4.000000000000000000 ) ) ;
#1274 = CARTESIAN_POINT ( 'NONE',  ( 4.999999999999999112, -2.212651872608807135, 0.1608013106320974606 ) ) ;
#1275 = EDGE_CURVE ( 'NONE', #1714, #662, #760, .T. ) ;
#1276 = CARTESIAN_POINT ( 'NONE',  ( 0.000000000000000000, 0.000000000000000000, -0.4000000000000000222 ) ) ;
#1277 = CARTESIAN_POINT ( 'NONE',  ( -5.000000000000000000, 2.990273570852248319, 10.24137931034482740 ) ) ;
#1278 = ORIENTED_EDGE ( 'NONE', *, *, #1790, .T. ) ;
#1279 = ORIENTED_EDGE ( 'NONE', *, *, #642, .T. ) ;
#1280 = DIRECTION ( 'NONE',  ( 1.000000000000000000, -0.000000000000000000, -0.000000000000000000 ) ) ;
#1281 = DIRECTION ( 'NONE',  ( 0.000000000000000000, 0.000000000000000000, -1.000000000000000000 ) ) ;
#1282 = AXIS2_PLACEMENT_3D ( 'NONE', #169, #1542, #1318 ) ;
#1283 = VERTEX_POINT ( 'NONE', #12 ) ;
#1284 = CIRCLE ( 'NONE', #685, 3.024999999999999911 ) ;
#1285 = DIRECTION ( 'NONE',  ( 0.000000000000000000, 0.000000000000000000, 1.000000000000000000 ) ) ;
#1286 = VERTEX_POINT ( 'NONE', #1727 ) ;
#1287 = DIRECTION ( 'NONE',  ( 0.000000000000000000, 0.000000000000000000, 1.000000000000000000 ) ) ;
#1288 = CIRCLE ( 'NONE', #2177, 3.000000000000000444 ) ;
#1289 = EDGE_CURVE ( 'NONE', #1369, #899, #1569, .T. ) ;
#1290 = PRESENTATION_STYLE_ASSIGNMENT (( #1595 ) ) ;
#1291 = ORIENTED_EDGE ( 'NONE', *, *, #135, .F. ) ;
#1292 = DIRECTION ( 'NONE',  ( 1.000000000000000000, -0.000000000000000000, -0.000000000000000000 ) ) ;
#1293 = CARTESIAN_POINT ( 'NONE',  ( 4.616087517742977653, -2.990273570852250984, 10.24137931034482740 ) ) ;
#1294 = CARTESIAN_POINT ( 'NONE',  ( -5.172442859629964751, 0.000000000000000000, 4.000000000000000000 ) ) ;
#1295 = ORIENTED_EDGE ( 'NONE', *, *, #1863, .T. ) ;
#1296 = CARTESIAN_POINT ( 'NONE',  ( 1.249999999999999778, -1.301042606982605321E-15, 8.175000000000000711 ) ) ;
#1297 = ORIENTED_EDGE ( 'NONE', *, *, #1812, .T. ) ;
#1298 = PLANE ( 'NONE',  #437 ) ;
#1299 = FACE_OUTER_BOUND ( 'NONE', #795, .T. ) ;
#1300 = ORIENTED_EDGE ( 'NONE', *, *, #1422, .F. ) ;
#1301 = PRODUCT_DEFINITION ( '未知', '', #2060, #809 ) ;
#1302 = CARTESIAN_POINT ( 'NONE',  ( -0.8729935492570827238, -5.430515264191706493, 2.005095357457015837 ) ) ;
#1303 = EDGE_CURVE ( 'NONE', #1407, #1127, #1372, .T. ) ;
#1304 = CARTESIAN_POINT ( 'NONE',  ( -5.000000000000000000, -2.291287847477919470, 6.269498843357279583 ) ) ;
#1305 = DIRECTION ( 'NONE',  ( -1.000000000000000000, -0.000000000000000000, -0.000000000000000000 ) ) ;
#1306 = ORIENTED_EDGE ( 'NONE', *, *, #457, .F. ) ;
#1307 = FACE_OUTER_BOUND ( 'NONE', #960, .T. ) ;
#1308 = ORIENTED_EDGE ( 'NONE', *, *, #1422, .T. ) ;
#1309 = CYLINDRICAL_SURFACE ( 'NONE', #1989, 0.9750000000000001998 ) ;
#1310 = B_SPLINE_CURVE_WITH_KNOTS ( 'NONE', 3,
 ( #1390, #1723, #1561, #1553, #1901, #1716 ),
 .UNSPECIFIED., .F., .F.,
 ( 4, 2, 4 ),
 ( 0.000000000000000000, 0.0002666451431114067643, 0.0005332902862228135286 ),
 .UNSPECIFIED. ) ;
#1311 = LINE ( 'NONE', #1521, #729 ) ;
#1312 = ORIENTED_EDGE ( 'NONE', *, *, #1994, .F. ) ;
#1313 = DIRECTION ( 'NONE',  ( 1.000000000000000000, -0.000000000000000000, -0.000000000000000000 ) ) ;
#1314 = CARTESIAN_POINT ( 'NONE',  ( 4.999999999999999112, 2.291287847477920359, 1.730501156642730187 ) ) ;
#1315 = DIRECTION ( 'NONE',  ( -0.000000000000000000, -0.000000000000000000, 1.000000000000000000 ) ) ;
#1316 = ORIENTED_EDGE ( 'NONE', *, *, #1767, .T. ) ;
#1317 = ADVANCED_FACE ( 'NONE', ( #886, #388 ), #1556, .F. ) ;
#1318 = DIRECTION ( 'NONE',  ( 0.000000000000000000, 0.000000000000000000, -1.000000000000000000 ) ) ;
#1319 = CIRCLE ( 'NONE', #361, 1.825000000000000178 ) ;
#1320 = ORIENTED_EDGE ( 'NONE', *, *, #1017, .F. ) ;
#1321 = AXIS2_PLACEMENT_3D ( 'NONE', #603, #768, #296 ) ;
#1322 = DIRECTION ( 'NONE',  ( 0.000000000000000000, 1.000000000000000000, 0.000000000000000000 ) ) ;
#1323 = CIRCLE ( 'NONE', #901, 0.9000000000000000222 ) ;
#1324 = AXIS2_PLACEMENT_3D ( 'NONE', #1902, #1886, #885 ) ;
#1325 = EDGE_CURVE ( 'NONE', #1997, #771, #975, .T. ) ;
#1326 = CARTESIAN_POINT ( 'NONE',  ( -5.000000000000000000, -2.291287847477919026, 11.93649167310371340 ) ) ;
#1327 = AXIS2_PLACEMENT_3D ( 'NONE', #2016, #156, #677 ) ;
#1328 = ORIENTED_EDGE ( 'NONE', *, *, #1614, .F. ) ;
#1329 = CARTESIAN_POINT ( 'NONE',  ( -0.8737815068255898598, -5.430385454282434132, 0.9963898598047982169 ) ) ;
#1330 = DIRECTION ( 'NONE',  ( -1.000000000000000000, -0.000000000000000000, -0.000000000000000000 ) ) ;
#1331 = DIRECTION ( 'NONE',  ( 1.000000000000000000, 0.000000000000000000, 0.000000000000000000 ) ) ;
#1332 = ORIENTED_EDGE ( 'NONE', *, *, #346, .T. ) ;
#1333 = DIRECTION ( 'NONE',  ( 0.000000000000000000, 0.000000000000000000, -1.000000000000000000 ) ) ;
#1334 = ORIENTED_EDGE ( 'NONE', *, *, #648, .F. ) ;
#1335 = EDGE_CURVE ( 'NONE', #1098, #1852, #1600, .T. ) ;
#1336 = DIRECTION ( 'NONE',  ( -1.000000000000000000, 0.000000000000000000, 0.000000000000000000 ) ) ;
#1337 = CYLINDRICAL_SURFACE ( 'NONE', #112, 0.5500000000000000444 ) ;
#1338 = CARTESIAN_POINT ( 'NONE',  ( -1.449999999999999956, -2.417572691171607779, 5.009560414901448766 ) ) ;
#1339 = CARTESIAN_POINT ( 'NONE',  ( 1.449999999999999956, -1.301042606982605321E-15, 8.974999999999999645 ) ) ;
#1340 = FACE_OUTER_BOUND ( 'NONE', #1350, .T. ) ;
#1341 = EDGE_CURVE ( 'NONE', #2184, #324, #54, .T. ) ;
#1342 = ORIENTED_EDGE ( 'NONE', *, *, #1479, .T. ) ;
#1343 = CYLINDRICAL_SURFACE ( 'NONE', #1603, 3.000000000000000888 ) ;
#1344 = DIRECTION ( 'NONE',  ( -0.000000000000000000, -0.000000000000000000, -1.000000000000000000 ) ) ;
#1345 = CARTESIAN_POINT ( 'NONE',  ( -1.449999999999999956, -86.71793355471518794, 3.000000000000000000 ) ) ;
#1346 = PRODUCT_DEFINITION_SHAPE ( 'NONE', 'NONE',  #1301 ) ;
#1347 = DIRECTION ( 'NONE',  ( 0.000000000000000000, 0.000000000000000000, -1.000000000000000000 ) ) ;
#1348 = FACE_OUTER_BOUND ( 'NONE', #1924, .T. ) ;
#1349 = ORIENTED_EDGE ( 'NONE', *, *, #1767, .F. ) ;
#1350 = EDGE_LOOP ( 'NONE', ( #1261, #272, #581, #2009 ) ) ;
#1351 = CARTESIAN_POINT ( 'NONE',  ( -3.599999999999999201, 0.000000000000000000, 4.000000000000000000 ) ) ;
#1352 = EDGE_CURVE ( 'NONE', #2184, #1592, #1007, .T. ) ;
#1353 = AXIS2_PLACEMENT_3D ( 'NONE', #1262, #980, #2097 ) ;
#1354 = CARTESIAN_POINT ( 'NONE',  ( 1.102182119232617714E-15, -1.000000000000000000, 1.499999999999999556 ) ) ;
#1355 = EDGE_CURVE ( 'NONE', #662, #1741, #1236, .T. ) ;
#1356 = DIRECTION ( 'NONE',  ( 0.000000000000000000, 0.000000000000000000, 1.000000000000000000 ) ) ;
#1357 = DIRECTION ( 'NONE',  ( 0.000000000000000000, 0.000000000000000000, -1.000000000000000000 ) ) ;
#1358 = CIRCLE ( 'NONE', #617, 5.500000000000000000 ) ;
#1359 = FACE_BOUND ( 'NONE', #424, .T. ) ;
#1360 = ORIENTED_EDGE ( 'NONE', *, *, #1419, .T. ) ;
#1361 = EDGE_LOOP ( 'NONE', ( #692, #1031 ) ) ;
#1362 = DIRECTION ( 'NONE',  ( 0.000000000000000000, 0.000000000000000000, -1.000000000000000000 ) ) ;
#1363 = EDGE_CURVE ( 'NONE', #1742, #1241, #653, .T. ) ;
#1364 = CARTESIAN_POINT ( 'NONE',  ( 4.800000000000002487, 2.685144316419506350, 5.393063171575510850 ) ) ;
#1365 = CIRCLE ( 'NONE', #411, 0.9750000000000001998 ) ;
#1366 = LINE ( 'NONE', #1880, #1982 ) ;
#1367 = CARTESIAN_POINT ( 'NONE',  ( -4.631864648715344757, 2.965970124649465411, 4.606646222262845036 ) ) ;
#1368 = CARTESIAN_POINT ( 'NONE',  ( 4.800000000000002487, 0.000000000000000000, 4.000000000000000000 ) ) ;
#1369 = VERTEX_POINT ( 'NONE', #372 ) ;
#1370 = DIRECTION ( 'NONE',  ( 1.000000000000000000, 0.000000000000000000, 0.000000000000000000 ) ) ;
#1371 = DIRECTION ( 'NONE',  ( 0.000000000000000000, 0.000000000000000000, -1.000000000000000000 ) ) ;
#1372 = LINE ( 'NONE', #893, #1181 ) ;
#1373 = EDGE_CURVE ( 'NONE', #852, #392, #690, .T. ) ;
#1374 = CARTESIAN_POINT ( 'NONE',  ( -4.616087517742977653, -2.990273570852250984, 10.24137931034482740 ) ) ;
#1375 = DIRECTION ( 'NONE',  ( 0.000000000000000000, -1.000000000000000000, 0.000000000000000000 ) ) ;
#1376 = EDGE_LOOP ( 'NONE', ( #345, #1257 ) ) ;
#1377 = VERTEX_POINT ( 'NONE', #552 ) ;
#1378 = DIRECTION ( 'NONE',  ( -1.000000000000000000, -0.000000000000000000, -0.000000000000000000 ) ) ;
#1379 = CARTESIAN_POINT ( 'NONE',  ( 1.000050280877384790, -5.408317616259179061, 1.630366091863857170 ) ) ;
#1380 = EDGE_CURVE ( 'NONE', #134, #1407, #798, .T. ) ;
#1381 = CARTESIAN_POINT ( 'NONE',  ( -4.484953663866401818, 3.192704997840607906, 7.733602876778858715 ) ) ;
#1382 = AXIS2_PLACEMENT_3D ( 'NONE', #1351, #1191, #1013 ) ;
#1383 = VECTOR ( 'NONE', #175, 1000.000000000000000 ) ;
#1384 = CARTESIAN_POINT ( 'NONE',  ( -4.855102394326732629, 2.586642537147919807, 5.702579814039799189 ) ) ;
#1385 = DIRECTION ( 'NONE',  ( 0.000000000000000000, 0.000000000000000000, 1.000000000000000000 ) ) ;
#1386 = VECTOR ( 'NONE', #436, 1000.000000000000000 ) ;
#1387 = ORIENTED_EDGE ( 'NONE', *, *, #1544, .F. ) ;
#1388 = ORIENTED_EDGE ( 'NONE', *, *, #44, .T. ) ;
#1389 = CIRCLE ( 'NONE', #1186, 3.000000000000000444 ) ;
#1390 = CARTESIAN_POINT ( 'NONE',  ( 4.033365821337749679, -3.282066445284809397, 3.000000000000000000 ) ) ;
#1391 = CARTESIAN_POINT ( 'NONE',  ( 1.449999999999999956, 0.000000000000000000, 6.066615150441368343 ) ) ;
#1392 = VECTOR ( 'NONE', #1033, 1000.000000000000000 ) ;
#1393 = ADVANCED_FACE ( 'NONE', ( #1237, #1037 ), #877, .T. ) ;
#1394 = DIRECTION ( 'NONE',  ( 0.000000000000000000, 0.000000000000000000, -1.000000000000000000 ) ) ;
#1395 = CARTESIAN_POINT ( 'NONE',  ( -4.909109766353934923, -2.489626597770925542, 11.70181409894097513 ) ) ;
#1396 = DIRECTION ( 'NONE',  ( -1.000000000000000000, -0.000000000000000000, -0.000000000000000000 ) ) ;
#1397 = ORIENTED_EDGE ( 'NONE', *, *, #202, .T. ) ;
#1398 = ADVANCED_FACE ( 'NONE', ( #1734 ), #1060, .F. ) ;
#1399 = EDGE_LOOP ( 'NONE', ( #1000, #1552 ) ) ;
#1400 = CARTESIAN_POINT ( 'NONE',  ( -4.799999999999817746, 2.685144316419843857, 2.606936828424431862 ) ) ;
#1401 = CARTESIAN_POINT ( 'NONE',  ( 0.9999495708044576769, -5.408336237556822468, 1.368863666214227948 ) ) ;
#1402 = EDGE_CURVE ( 'NONE', #987, #497, #1904, .T. ) ;
#1403 = ORIENTED_EDGE ( 'NONE', *, *, #172, .F. ) ;
#1404 = CARTESIAN_POINT ( 'NONE',  ( -4.999999999999999112, 2.291287847477920803, 0.2583098266865208603 ) ) ;
#1405 = CARTESIAN_POINT ( 'NONE',  ( 4.999999999999999112, 1.428285685708572617, 0.000000000000000000 ) ) ;
#1406 = FACE_OUTER_BOUND ( 'NONE', #802, .T. ) ;
#1407 = VERTEX_POINT ( 'NONE', #1865 ) ;
#1408 = VERTEX_POINT ( 'NONE', #379 ) ;
#1409 = CARTESIAN_POINT ( 'NONE',  ( 1.449999999999999956, 86.71793355471518794, 3.000000000000022649 ) ) ;
#1410 = CARTESIAN_POINT ( 'NONE',  ( -4.739155382845845921, -2.793910970246659353, 2.816585728990605553 ) ) ;
#1411 = VERTEX_POINT ( 'NONE', #2044 ) ;
#1412 = DIRECTION ( 'NONE',  ( 1.000000000000000000, -0.000000000000000000, -0.000000000000000000 ) ) ;
#1413 = CARTESIAN_POINT ( 'NONE',  ( -5.000000000000000000, 2.990273570852248319, 10.24137931034482740 ) ) ;
#1414 = CIRCLE ( 'NONE', #1049, 3.000000000000000444 ) ;
#1415 = ADVANCED_FACE ( 'NONE', ( #528 ), #1045, .T. ) ;
#1416 = DIRECTION ( 'NONE',  ( -0.000000000000000000, -1.000000000000000000, -0.000000000000000000 ) ) ;
#1417 = AXIS2_PLACEMENT_3D ( 'NONE', #1345, #1694, #1019 ) ;
#1418 = ORIENTED_EDGE ( 'NONE', *, *, #704, .T. ) ;
#1419 = EDGE_CURVE ( 'NONE', #747, #1559, #1671, .T. ) ;
#1420 = TOROIDAL_SURFACE ( 'NONE', #41, 5.200000000000000178, 0.2999999999999999889 ) ;
#1421 = ORIENTED_EDGE ( 'NONE', *, *, #2194, .F. ) ;
#1422 = EDGE_CURVE ( 'NONE', #1085, #231, #1216, .T. ) ;
#1423 = DIRECTION ( 'NONE',  ( -1.000000000000000000, 0.000000000000000000, 0.000000000000000000 ) ) ;
#1424 = VECTOR ( 'NONE', #1416, 1000.000000000000000 ) ;
#1425 = CARTESIAN_POINT ( 'NONE',  ( 1.449999999999999956, 1.308934502411512879, 5.846560182149437068 ) ) ;
#1426 = VECTOR ( 'NONE', #1623, 1000.000000000000000 ) ;
#1427 = AXIS2_PLACEMENT_3D ( 'NONE', #159, #151, #2185 ) ;
#1428 = ORIENTED_EDGE ( 'NONE', *, *, #1899, .T. ) ;
#1429 = CIRCLE ( 'NONE', #876, 1.024999999999999911 ) ;
#1430 = CARTESIAN_POINT ( 'NONE',  ( 4.999999999999998224, -2.269451169149898195, 0.2199933722147777437 ) ) ;
#1431 = DIRECTION ( 'NONE',  ( 0.000000000000000000, 0.000000000000000000, 1.000000000000000000 ) ) ;
#1432 = ORIENTED_EDGE ( 'NONE', *, *, #1179, .T. ) ;
#1433 = VERTEX_POINT ( 'NONE', #446 ) ;
#1434 = DIRECTION ( 'NONE',  ( 0.000000000000000000, 0.000000000000000000, -1.000000000000000000 ) ) ;
#1435 = CARTESIAN_POINT ( 'NONE',  ( 0.000000000000000000, 0.000000000000000000, 0.000000000000000000 ) ) ;
#1436 = ORIENTED_EDGE ( 'NONE', *, *, #1083, .T. ) ;
#1437 = DIRECTION ( 'NONE',  ( 0.000000000000000000, 0.000000000000000000, -1.000000000000000000 ) ) ;
#1438 = DIRECTION ( 'NONE',  ( -1.000000000000000000, 0.000000000000000000, 0.000000000000000000 ) ) ;
#1439 = EDGE_CURVE ( 'NONE', #1589, #2184, #597, .T. ) ;
#1440 = CIRCLE ( 'NONE', #555, 4.200000000000000178 ) ;
#1441 = DIRECTION ( 'NONE',  ( 1.000000000000000000, 0.000000000000000000, 0.000000000000000000 ) ) ;
#1442 = CARTESIAN_POINT ( 'NONE',  ( -4.413765022551183748, -3.281566443895923779, 2.700000000000000178 ) ) ;
#1443 = EDGE_CURVE ( 'NONE', #247, #556, #682, .T. ) ;
#1444 = ORIENTED_EDGE ( 'NONE', *, *, #842, .F. ) ;
#1445 = EDGE_CURVE ( 'NONE', #1407, #134, #903, .T. ) ;
#1446 = ORIENTED_EDGE ( 'NONE', *, *, #1624, .F. ) ;
#1447 = CARTESIAN_POINT ( 'NONE',  ( -5.000000000000000000, -1.301042606982605321E-15, 10.00000000000000000 ) ) ;
#1448 = CARTESIAN_POINT ( 'NONE',  ( 1.102182119232617714E-15, -1.000000000000000000, 1.499999999999999556 ) ) ;
#1449 = ORIENTED_EDGE ( 'NONE', *, *, #1543, .T. ) ;
#1450 = CARTESIAN_POINT ( 'NONE',  ( -0.2878355153612396911, 5.493402679340370298, 1.009876992927567718 ) ) ;
#1451 = EDGE_CURVE ( 'NONE', #1250, #17, #1935, .T. ) ;
#1452 = EDGE_LOOP ( 'NONE', ( #376, #1730, #851, #1751 ) ) ;
#1453 = EDGE_CURVE ( 'NONE', #2164, #508, #215, .T. ) ;
#1454 = DIRECTION ( 'NONE',  ( -1.000000000000000000, 0.000000000000000000, 0.000000000000000000 ) ) ;
#1455 = CARTESIAN_POINT ( 'NONE',  ( -1.249999999999999778, -1.301042606982605321E-15, 10.00000000000000000 ) ) ;
#1456 = EDGE_LOOP ( 'NONE', ( #1444, #68, #1860, #57 ) ) ;
#1457 = CARTESIAN_POINT ( 'NONE',  ( 1.224646725652951697E-15, -5.500000000000000000, 2.499999999999999556 ) ) ;
#1458 = DIRECTION ( 'NONE',  ( 0.000000000000000000, 0.000000000000000000, 1.000000000000000000 ) ) ;
#1459 = CARTESIAN_POINT ( 'NONE',  ( 0.000000000000000000, 0.000000000000000000, -7.500000000000000000 ) ) ;
#1460 = AXIS2_PLACEMENT_3D ( 'NONE', #965, #1612, #630 ) ;
#1461 = ORIENTED_EDGE ( 'NONE', *, *, #198, .F. ) ;
#1462 = AXIS2_PLACEMENT_3D ( 'NONE', #410, #1438, #1287 ) ;
#1463 = PLANE ( 'NONE',  #578 ) ;
#1464 = EDGE_LOOP ( 'NONE', ( #104, #594 ) ) ;
#1465 = AXIS2_PLACEMENT_3D ( 'NONE', #1294, #1097, #1271 ) ;
#1466 = AXIS2_PLACEMENT_3D ( 'NONE', #1808, #303, #2110 ) ;
#1467 = CYLINDRICAL_SURFACE ( 'NONE', #1048, 4.200000000000000178 ) ;
#1468 = VECTOR ( 'NONE', #1210, 1000.000000000000000 ) ;
#1469 = ORIENTED_EDGE ( 'NONE', *, *, #1782, .F. ) ;
#1470 = DIRECTION ( 'NONE',  ( 0.000000000000000000, 0.000000000000000000, 1.000000000000000000 ) ) ;
#1471 = DIRECTION ( 'NONE',  ( -0.000000000000000000, -0.000000000000000000, -1.000000000000000000 ) ) ;
#1472 = CARTESIAN_POINT ( 'NONE',  ( 5.000000000000000000, 2.291287847477919026, 11.93649167310370984 ) ) ;
#1473 = ORIENTED_EDGE ( 'NONE', *, *, #1745, .T. ) ;
#1474 = CARTESIAN_POINT ( 'NONE',  ( -0.1454228057332687396, 5.500000000000000000, 0.9499999999999996225 ) ) ;
#1475 = EDGE_LOOP ( 'NONE', ( #1260, #1755, #1057, #1064, #1144 ) ) ;
#1476 = CARTESIAN_POINT ( 'NONE',  ( -4.999999999999999112, 0.000000000000000000, 7.225000000000004086 ) ) ;
#1477 = DIRECTION ( 'NONE',  ( 0.000000000000000000, 0.000000000000000000, -1.000000000000000000 ) ) ;
#1478 = VERTEX_POINT ( 'NONE', #598 ) ;
#1479 = EDGE_CURVE ( 'NONE', #950, #899, #432, .T. ) ;
#1480 = FACE_OUTER_BOUND ( 'NONE', #584, .T. ) ;
#1481 = DIRECTION ( 'NONE',  ( -1.000000000000000000, -0.000000000000000000, -0.000000000000000000 ) ) ;
#1482 = CARTESIAN_POINT ( 'NONE',  ( 4.999999999999999112, 0.000000000000000000, 4.000000000000000000 ) ) ;
#1483 = VERTEX_POINT ( 'NONE', #73 ) ;
#1484 = DIRECTION ( 'NONE',  ( 1.000000000000000000, -0.000000000000000000, -0.000000000000000000 ) ) ;
#1485 = ORIENTED_EDGE ( 'NONE', *, *, #970, .F. ) ;
#1486 = CARTESIAN_POINT ( 'NONE',  ( 4.593381651811576205, -3.025036363864087807, 4.244488965884881004 ) ) ;
#1487 = ADVANCED_FACE ( 'NONE', ( #609 ), #1789, .F. ) ;
#1488 = CARTESIAN_POINT ( 'NONE',  ( -3.000000000000000444, 3.673940397442060361E-16, -7.500000000000000000 ) ) ;
#1489 = ORIENTED_EDGE ( 'NONE', *, *, #297, .F. ) ;
#1490 = CARTESIAN_POINT ( 'NONE',  ( 4.800000000000002487, -2.685144316419505905, 2.606936828424488706 ) ) ;
#1491 = CARTESIAN_POINT ( 'NONE',  ( 0.000000000000000000, 0.000000000000000000, 0.2999999999999999334 ) ) ;
#1492 = DIRECTION ( 'NONE',  ( -0.000000000000000000, -0.000000000000000000, -1.000000000000000000 ) ) ;
#1493 = ORIENTED_EDGE ( 'NONE', *, *, #1130, .T. ) ;
#1494 = CARTESIAN_POINT ( 'NONE',  ( 5.000000000000000000, -2.291287847477919026, 11.93649167310371340 ) ) ;
#1495 = AXIS2_PLACEMENT_3D ( 'NONE', #1276, #599, #1441 ) ;
#1496 = ORIENTED_EDGE ( 'NONE', *, *, #1373, .F. ) ;
#1497 = STYLED_ITEM ( 'NONE', ( #1290 ), #1039 ) ;
#1498 = CARTESIAN_POINT ( 'NONE',  ( 4.800000000000002487, -2.685144316419505905, 2.606936828424488706 ) ) ;
#1499 = AXIS2_PLACEMENT_3D ( 'NONE', #1780, #1750, #612 ) ;
#1500 = AXIS2_PLACEMENT_3D ( 'NONE', #738, #417, #234 ) ;
#1501 = CARTESIAN_POINT ( 'NONE',  ( -4.799999999999997158, 3.704556567420743261E-16, 0.9750000000000001998 ) ) ;
#1502 = MECHANICAL_DESIGN_GEOMETRIC_PRESENTATION_REPRESENTATION (  '', ( #257 ), #11 ) ;
#1503 = VERTEX_POINT ( 'NONE', #748 ) ;
#1504 = DIRECTION ( 'NONE',  ( 0.000000000000000000, 0.000000000000000000, 1.000000000000000000 ) ) ;
#1505 = DIRECTION ( 'NONE',  ( 1.000000000000000000, 0.000000000000000000, 0.000000000000000000 ) ) ;
#1506 = ORIENTED_EDGE ( 'NONE', *, *, #457, .T. ) ;
#1507 = ORIENTED_EDGE ( 'NONE', *, *, #1402, .T. ) ;
#1508 = CARTESIAN_POINT ( 'NONE',  ( -4.413541069968060171, -3.281867664089084702, 2.790365555913381979 ) ) ;
#1509 =( LENGTH_UNIT ( ) NAMED_UNIT ( * ) SI_UNIT ( .MILLI., .METRE. ) );
#1510 = CARTESIAN_POINT ( 'NONE',  ( -3.599999999999999201, 3.704556567420743261E-16, 0.9750000000000001998 ) ) ;
#1511 = ADVANCED_FACE ( 'NONE', ( #952 ), #1905, .F. ) ;
#1512 = CARTESIAN_POINT ( 'NONE',  ( 0.000000000000000000, 0.000000000000000000, -0.4000000000000000222 ) ) ;
#1513 = CARTESIAN_POINT ( 'NONE',  ( 1.449999999999999956, -2.417572691171607779, 5.009560414901448766 ) ) ;
#1514 = CARTESIAN_POINT ( 'NONE',  ( 4.617708506019662984, 2.987821760445923402, 4.488182469341870373 ) ) ;
#1515 = DIRECTION ( 'NONE',  ( -1.000000000000000000, 0.000000000000000000, 0.000000000000000000 ) ) ;
#1516 = EDGE_LOOP ( 'NONE', ( #439, #1964, #1217, #1428, #1080, #1418 ) ) ;
#1517 = EDGE_LOOP ( 'NONE', ( #783, #1911, #1619, #744 ) ) ;
#1518 = CARTESIAN_POINT ( 'NONE',  ( -5.000000000000000000, -1.590643962668341072, -1.905824131322174993E-18 ) ) ;
#1519 = FILL_AREA_STYLE ('',( #1528 ) ) ;
#1520 = EDGE_CURVE ( 'NONE', #100, #950, #184, .T. ) ;
#1521 = CARTESIAN_POINT ( 'NONE',  ( 4.999999999999999112, 2.291287847477920359, 3.000000000000000000 ) ) ;
#1522 = DIRECTION ( 'NONE',  ( 0.7071067811865460184, 0.000000000000000000, -0.7071067811865490160 ) ) ;
#1523 = CARTESIAN_POINT ( 'NONE',  ( 1.449999999999999956, -1.806950572528448928, 5.334094443960364806 ) ) ;
#1524 = FACE_OUTER_BOUND ( 'NONE', #1570, .T. ) ;
#1525 = ORIENTED_EDGE ( 'NONE', *, *, #684, .F. ) ;
#1526 = ORIENTED_EDGE ( 'NONE', *, *, #86, .T. ) ;
#1527 = CARTESIAN_POINT ( 'NONE',  ( -3.599999999999999201, 0.000000000000000000, 4.000000000000000000 ) ) ;
#1528 = FILL_AREA_STYLE_COLOUR ( '', #1225 ) ;
#1529 = CIRCLE ( 'NONE', #576, 0.9750000000000001998 ) ;
#1530 = AXIS2_PLACEMENT_3D ( 'NONE', #2006, #505, #1163 ) ;
#1531 = EDGE_CURVE ( 'NONE', #1571, #1154, #1757, .T. ) ;
#1532 = VECTOR ( 'NONE', #976, 1000.000000000000000 ) ;
#1533 = DIRECTION ( 'NONE',  ( -1.000000000000000000, 0.000000000000000000, 0.000000000000000000 ) ) ;
#1534 = CIRCLE ( 'NONE', #1114, 0.5500000000000000444 ) ;
#1535 = AXIS2_PLACEMENT_3D ( 'NONE', #23, #373, #1172 ) ;
#1536 = CARTESIAN_POINT ( 'NONE',  ( -1.449999999999999956, -1.301042606982605321E-15, 10.00000000000000000 ) ) ;
#1537 = DIRECTION ( 'NONE',  ( -1.000000000000000000, 0.000000000000000000, 0.000000000000000000 ) ) ;
#1538 = VECTOR ( 'NONE', #1122, 1000.000000000000000 ) ;
#1539 = DIRECTION ( 'NONE',  ( 1.000000000000000000, 0.000000000000000000, 0.000000000000000000 ) ) ;
#1540 = VERTEX_POINT ( 'NONE', #1247 ) ;
#1541 = ORIENTED_EDGE ( 'NONE', *, *, #1289, .T. ) ;
#1542 = DIRECTION ( 'NONE',  ( 1.000000000000000000, 0.000000000000000000, -0.000000000000000000 ) ) ;
#1543 = EDGE_CURVE ( 'NONE', #1559, #747, #1256, .T. ) ;
#1544 = EDGE_CURVE ( 'NONE', #1408, #1798, #170, .T. ) ;
#1545 = DIRECTION ( 'NONE',  ( -1.000000000000000000, 0.000000000000000000, 0.000000000000000000 ) ) ;
#1546 = B_SPLINE_CURVE_WITH_KNOTS ( 'NONE', 3,
 ( #694, #499, #1177, #875, #1843, #1494 ),
 .UNSPECIFIED., .F., .F.,
 ( 4, 2, 4 ),
 ( 0.000000000000000000, 0.0009478467216236380333, 0.001895693443247276067 ),
 .UNSPECIFIED. ) ;
#1547 = CARTESIAN_POINT ( 'NONE',  ( -4.999999999999999112, 2.291287847477920359, 1.730501156642726635 ) ) ;
#1548 = DIRECTION ( 'NONE',  ( -1.000000000000000000, 0.000000000000000000, 0.000000000000000000 ) ) ;
#1549 = CARTESIAN_POINT ( 'NONE',  ( 1.449999999999999956, -1.308934502411512435, 5.846560182149437068 ) ) ;
#1550 = ORIENTED_EDGE ( 'NONE', *, *, #2139, .T. ) ;
#1551 = EDGE_CURVE ( 'NONE', #1478, #1046, #1776, .T. ) ;
#1552 = ORIENTED_EDGE ( 'NONE', *, *, #1199, .F. ) ;
#1553 = CARTESIAN_POINT ( 'NONE',  ( 4.359761887632937594, -3.281992231783664060, 2.873474045562816936 ) ) ;
#1554 = CARTESIAN_POINT ( 'NONE',  ( 0.1324411855942478067, -5.500000000000001776, 0.4999999999999997780 ) ) ;
#1555 =( NAMED_UNIT ( * ) PLANE_ANGLE_UNIT ( ) SI_UNIT ( $, .RADIAN. ) );
#1556 = PLANE ( 'NONE',  #574 ) ;
#1557 = DIRECTION ( 'NONE',  ( -1.000000000000000000, -0.000000000000000000, -0.000000000000000000 ) ) ;
#1558 = CARTESIAN_POINT ( 'NONE',  ( -4.909097451144427637, 2.489653471761295922, 11.70178230120674456 ) ) ;
#1559 = VERTEX_POINT ( 'NONE', #994 ) ;
#1560 = EDGE_LOOP ( 'NONE', ( #1579, #1760, #969, #1660 ) ) ;
#1561 = CARTESIAN_POINT ( 'NONE',  ( 4.212716147152073098, -3.282078085403592915, 2.976437934485827608 ) ) ;
#1562 = CARTESIAN_POINT ( 'NONE',  ( 1.449999999999999956, 3.276082999478232338, 4.037778610088894382 ) ) ;
#1563 = DIRECTION ( 'NONE',  ( -0.000000000000000000, -0.000000000000000000, 1.000000000000000000 ) ) ;
#1564 = VECTOR ( 'NONE', #1071, 1000.000000000000000 ) ;
#1565 = AXIS2_PLACEMENT_3D ( 'NONE', #1447, #948, #1622 ) ;
#1566 = CYLINDRICAL_SURFACE ( 'NONE', #80, 3.024999999999999911 ) ;
#1567 = CARTESIAN_POINT ( 'NONE',  ( -4.739155382845842368, 2.793910970246663794, 5.183414271009382901 ) ) ;
#1568 = ADVANCED_FACE ( 'NONE', ( #1661 ), #1467, .T. ) ;
#1569 = CIRCLE ( 'NONE', #1986, 0.9750000000000001998 ) ;
#1570 = EDGE_LOOP ( 'NONE', ( #1939, #1598 ) ) ;
#1571 = VERTEX_POINT ( 'NONE', #1510 ) ;
#1572 = FACE_OUTER_BOUND ( 'NONE', #235, .T. ) ;
#1573 = CARTESIAN_POINT ( 'NONE',  ( -4.686171016994698846, -2.879999447362319831, 3.044112004265913995 ) ) ;
#1574 = B_SPLINE_CURVE_WITH_KNOTS ( 'NONE', 3,
 ( #1719, #686, #848, #2190, #1194, #1856 ),
 .UNSPECIFIED., .F., .F.,
 ( 4, 2, 4 ),
 ( 0.000000000000000000, 0.0009492615940431422226, 0.001898523188086284445 ),
 .UNSPECIFIED. ) ;
#1575 = CARTESIAN_POINT ( 'NONE',  ( 0.000000000000000000, 0.000000000000000000, -0.4000000000000000222 ) ) ;
#1576 = DIRECTION ( 'NONE',  ( -1.000000000000000000, -0.000000000000000000, -0.000000000000000000 ) ) ;
#1577 = CARTESIAN_POINT ( 'NONE',  ( -4.821905003218009966, 2.649265950189804375, 11.44197525280105943 ) ) ;
#1578 = VERTEX_POINT ( 'NONE', #1976 ) ;
#1579 = ORIENTED_EDGE ( 'NONE', *, *, #1227, .F. ) ;
#1580 = CARTESIAN_POINT ( 'NONE',  ( -0.9000000000000000222, 1.102182119232617788E-16, -0.4000000000000001887 ) ) ;
#1581 = CARTESIAN_POINT ( 'NONE',  ( -4.598462210893449864, -3.017359112493148920, 3.753129625468220265 ) ) ;
#1582 = ORIENTED_EDGE ( 'NONE', *, *, #646, .T. ) ;
#1583 = EDGE_CURVE ( 'NONE', #134, #1604, #122, .T. ) ;
#1584 = DIRECTION ( 'NONE',  ( 0.000000000000000000, 0.000000000000000000, 1.000000000000000000 ) ) ;
#1585 = CARTESIAN_POINT ( 'NONE',  ( 0.000000000000000000, 0.000000000000000000, -7.500000000000000000 ) ) ;
#1586 = CARTESIAN_POINT ( 'NONE',  ( -4.484953663866403595, -3.192704997840605241, 7.733602876778884472 ) ) ;
#1587 = ORIENTED_EDGE ( 'NONE', *, *, #1402, .F. ) ;
#1588 = ADVANCED_FACE ( 'NONE', ( #1135, #625 ), #1298, .F. ) ;
#1589 = VERTEX_POINT ( 'NONE', #1873 ) ;
#1590 = CARTESIAN_POINT ( 'NONE',  ( -5.000000000000000000, -2.291287847477919470, 0.2999999999999999334 ) ) ;
#1591 = CARTESIAN_POINT ( 'NONE',  ( -1.449999999999999956, 3.276082999478232338, 4.037778610088894382 ) ) ;
#1592 = VERTEX_POINT ( 'NONE', #483 ) ;
#1593 = CARTESIAN_POINT ( 'NONE',  ( 0.000000000000000000, 0.000000000000000000, -0.4000000000000000222 ) ) ;
#1594 = CARTESIAN_POINT ( 'NONE',  ( -3.599999999999999201, 0.000000000000000000, 4.000000000000000000 ) ) ;
#1595 = SURFACE_STYLE_USAGE ( .BOTH. , #2091 ) ;
#1596 = ORIENTED_EDGE ( 'NONE', *, *, #1218, .F. ) ;
#1597 = CIRCLE ( 'NONE', #1353, 3.024999999999999911 ) ;
#1598 = ORIENTED_EDGE ( 'NONE', *, *, #671, .T. ) ;
#1599 = CYLINDRICAL_SURFACE ( 'NONE', #365, 0.9750000000000001998 ) ;
#1600 = CIRCLE ( 'NONE', #2171, 0.9750000000000001998 ) ;
#1601 = CARTESIAN_POINT ( 'NONE',  ( 0.000000000000000000, 0.000000000000000000, -0.4000000000000001887 ) ) ;
#1602 = VECTOR ( 'NONE', #1670, 1000.000000000000000 ) ;
#1603 = AXIS2_PLACEMENT_3D ( 'NONE', #1032, #853, #1998 ) ;
#1604 = VERTEX_POINT ( 'NONE', #142 ) ;
#1605 = DIRECTION ( 'NONE',  ( 1.000000000000000000, 0.000000000000000000, 0.000000000000000000 ) ) ;
#1606 = VECTOR ( 'NONE', #850, 1000.000000000000000 ) ;
#1607 = ADVANCED_FACE ( 'NONE', ( #2001, #1965 ), #2187, .F. ) ;
#1608 = DIRECTION ( 'NONE',  ( 0.000000000000000000, 1.000000000000000000, 0.000000000000000000 ) ) ;
#1609 = CYLINDRICAL_SURFACE ( 'NONE', #144, 0.9000000000000000222 ) ;
#1610 = VERTEX_POINT ( 'NONE', #832 ) ;
#1611 = VERTEX_POINT ( 'NONE', #2161 ) ;
#1612 = DIRECTION ( 'NONE',  ( 1.000000000000000000, -0.000000000000000000, -0.000000000000000000 ) ) ;
#1613 = FACE_OUTER_BOUND ( 'NONE', #1073, .T. ) ;
#1614 = EDGE_CURVE ( 'NONE', #1809, #1578, #1157, .T. ) ;
#1615 = ORIENTED_EDGE ( 'NONE', *, *, #482, .F. ) ;
#1616 = CARTESIAN_POINT ( 'NONE',  ( -5.000000000000000000, -2.990273570852250984, 10.24137931034482740 ) ) ;
#1617 = CARTESIAN_POINT ( 'NONE',  ( -4.924196699264659749, 2.456704211071822463, 2.005223547611582724 ) ) ;
#1618 = FILL_AREA_STYLE ('',( #1125 ) ) ;
#1619 = ORIENTED_EDGE ( 'NONE', *, *, #1015, .F. ) ;
#1620 = B_SPLINE_CURVE_WITH_KNOTS ( 'NONE', 3,
 ( #1304, #1773, #1686, #1675 ),
 .UNSPECIFIED., .F., .F.,
 ( 4, 4 ),
 ( 0.000000000000000000, 0.0009814593241184075244 ),
 .UNSPECIFIED. ) ;
#1621 = ORIENTED_EDGE ( 'NONE', *, *, #198, .T. ) ;
#1622 = DIRECTION ( 'NONE',  ( 0.000000000000000000, 0.000000000000000000, -1.000000000000000000 ) ) ;
#1623 = DIRECTION ( 'NONE',  ( -1.000000000000000000, 0.000000000000000000, 0.000000000000000000 ) ) ;
#1624 = EDGE_CURVE ( 'NONE', #936, #560, #985, .T. ) ;
#1625 = ORIENTED_EDGE ( 'NONE', *, *, #1016, .F. ) ;
#1626 = CARTESIAN_POINT ( 'NONE',  ( -1.449999999999999956, -3.276082999478249658, 4.037778610088965436 ) ) ;
#1627 = ORIENTED_EDGE ( 'NONE', *, *, #1363, .F. ) ;
#1628 = CARTESIAN_POINT ( 'NONE',  ( -4.855102394326729964, 2.586642537147925580, 2.297420185960216354 ) ) ;
#1629 = CARTESIAN_POINT ( 'NONE',  ( 0.000000000000000000, 0.000000000000000000, 3.000000000000000000 ) ) ;
#1630 = ORIENTED_EDGE ( 'NONE', *, *, #1692, .F. ) ;
#1631 = CARTESIAN_POINT ( 'NONE',  ( -1.449999999999999956, -1.308934502411512435, 5.846560182149437068 ) ) ;
#1632 = EDGE_CURVE ( 'NONE', #1852, #1098, #475, .T. ) ;
#1633 = LINE ( 'NONE', #957, #539 ) ;
#1634 = VECTOR ( 'NONE', #1481, 1000.000000000000000 ) ;
#1635 = ORIENTED_EDGE ( 'NONE', *, *, #1105, .T. ) ;
#1636 = CIRCLE ( 'NONE', #1704, 3.225000000000000533 ) ;
#1637 = CARTESIAN_POINT ( 'NONE',  ( 3.599999999999999201, 0.000000000000000000, 4.000000000000000000 ) ) ;
#1638 = ORIENTED_EDGE ( 'NONE', *, *, #39, .T. ) ;
#1639 = CONICAL_SURFACE ( 'NONE', #575, 3.225000000000004086, 0.7853981633974439491 ) ;
#1640 = CARTESIAN_POINT ( 'NONE',  ( 1.102182119232617714E-15, -1.000000000000000000, 1.499999999999999556 ) ) ;
#1641 = DIRECTION ( 'NONE',  ( 0.000000000000000000, 0.000000000000000000, -1.000000000000000000 ) ) ;
#1642 = EDGE_LOOP ( 'NONE', ( #1582, #872 ) ) ;
#1643 = CARTESIAN_POINT ( 'NONE',  ( -4.999999999999999112, 1.428285685708572617, 0.000000000000000000 ) ) ;
#1644 = CARTESIAN_POINT ( 'NONE',  ( -1.249999999999999778, -1.077544566138213202E-15, 8.175000000000000711 ) ) ;
#1645 = CARTESIAN_POINT ( 'NONE',  ( -1.449999999999999956, 0.000000000000000000, 6.066615150441368343 ) ) ;
#1646 = EDGE_LOOP ( 'NONE', ( #1625, #1947, #354, #2095, #1206, #1898, #993, #883, #1197, #285, #1666, #136, #1432, #1654, #788, #242 ) ) ;
#1647 = FACE_BOUND ( 'NONE', #1642, .T. ) ;
#1648 = EDGE_LOOP ( 'NONE', ( #1916, #1541 ) ) ;
#1649 = DIRECTION ( 'NONE',  ( 1.000000000000000000, -0.000000000000000000, -0.000000000000000000 ) ) ;
#1650 = EDGE_CURVE ( 'NONE', #1106, #2116, #218, .T. ) ;
#1651 = ADVANCED_FACE ( 'NONE', ( #1051 ), #1309, .F. ) ;
#1652 = DIRECTION ( 'NONE',  ( 1.000000000000000000, -0.000000000000000000, -0.000000000000000000 ) ) ;
#1653 = AXIS2_PLACEMENT_3D ( 'NONE', #835, #2155, #101 ) ;
#1654 = ORIENTED_EDGE ( 'NONE', *, *, #172, .T. ) ;
#1655 = LINE ( 'NONE', #616, #591 ) ;
#1656 = FACE_OUTER_BOUND ( 'NONE', #1962, .T. ) ;
#1657 = CARTESIAN_POINT ( 'NONE',  ( 1.135139064070121444E-15, -5.500000000000000000, 0.4999999999999995559 ) ) ;
#1658 = ORIENTED_EDGE ( 'NONE', *, *, #646, .F. ) ;
#1659 = CARTESIAN_POINT ( 'NONE',  ( 1.224646725652951697E-15, -5.500000000000000000, 2.499999999999999556 ) ) ;
#1660 = ORIENTED_EDGE ( 'NONE', *, *, #1870, .T. ) ;
#1661 = FACE_OUTER_BOUND ( 'NONE', #227, .T. ) ;
#1662 = DIRECTION ( 'NONE',  ( 0.000000000000000000, 0.000000000000000000, 1.000000000000000000 ) ) ;
#1663 = DIRECTION ( 'NONE',  ( -0.000000000000000000, -0.000000000000000000, 1.000000000000000000 ) ) ;
#1664 = CARTESIAN_POINT ( 'NONE',  ( 4.800000000000002487, 2.685144316419506350, 5.393063171575510850 ) ) ;
#1665 = CARTESIAN_POINT ( 'NONE',  ( 4.800000000000002487, 0.000000000000000000, 4.000000000000000000 ) ) ;
#1666 = ORIENTED_EDGE ( 'NONE', *, *, #819, .T. ) ;
#1667 = DIRECTION ( 'NONE',  ( 0.000000000000000000, 0.000000000000000000, -1.000000000000000000 ) ) ;
#1668 = AXIS2_PLACEMENT_3D ( 'NONE', #1527, #6, #1362 ) ;
#1669 = AXIS2_PLACEMENT_3D ( 'NONE', #1629, #943, #413 ) ;
#1670 = DIRECTION ( 'NONE',  ( -0.7071067811865505703, 0.000000000000000000, 0.7071067811865444641 ) ) ;
#1671 = CIRCLE ( 'NONE', #9, 1.000000000000000000 ) ;
#1672 = CIRCLE ( 'NONE', #1324, 4.200000000000000178 ) ;
#1673 = CARTESIAN_POINT ( 'NONE',  ( 3.599999999999999201, 0.000000000000000000, 0.9750000000000001998 ) ) ;
#1674 = CARTESIAN_POINT ( 'NONE',  ( -0.5043754538452746017, -5.478150595747714569, 0.6267498940349349734 ) ) ;
#1675 = CARTESIAN_POINT ( 'NONE',  ( -4.799999999999814193, -2.685144316419850075, 5.393063171575557035 ) ) ;
#1676 = DIRECTION ( 'NONE',  ( 0.000000000000000000, 0.000000000000000000, 1.000000000000000000 ) ) ;
#1677 = ORIENTED_EDGE ( 'NONE', *, *, #1705, .T. ) ;
#1678 = ORIENTED_EDGE ( 'NONE', *, *, #915, .T. ) ;
#1679 = ADVANCED_FACE ( 'NONE', ( #821 ), #647, .F. ) ;
#1680 = FACE_OUTER_BOUND ( 'NONE', #882, .T. ) ;
#1681 = B_SPLINE_CURVE_WITH_KNOTS ( 'NONE', 3,
 ( #15, #2036, #1867, #531 ),
 .UNSPECIFIED., .F., .F.,
 ( 4, 4 ),
 ( 3.469446951953614189E-18, 0.007549730680264970378 ),
 .UNSPECIFIED. ) ;
#1682 = B_SPLINE_CURVE_WITH_KNOTS ( 'NONE', 3,
 ( #988, #814, #320, #1490 ),
 .UNSPECIFIED., .F., .F.,
 ( 4, 4 ),
 ( 2.168404344971008868E-19, 0.0009814593241182600729 ),
 .UNSPECIFIED. ) ;
#1683 = EDGE_CURVE ( 'NONE', #747, #408, #913, .T. ) ;
#1684 = FACE_OUTER_BOUND ( 'NONE', #601, .T. ) ;
#1685 = CARTESIAN_POINT ( 'NONE',  ( 4.413541069968079711, 3.281867664089061165, 2.790365555913391304 ) ) ;
#1686 = CARTESIAN_POINT ( 'NONE',  ( -4.855102394326727300, -2.586642537147932686, 5.702579814039776984 ) ) ;
#1687 = CARTESIAN_POINT ( 'NONE',  ( 1.249999999999999778, -1.301042606982605321E-15, 8.974999999999999645 ) ) ;
#1688 = EDGE_LOOP ( 'NONE', ( #85, #889, #1927, #1137, #2030, #766 ) ) ;
#1689 = ORIENTED_EDGE ( 'NONE', *, *, #1227, .T. ) ;
#1690 = DIRECTION ( 'NONE',  ( 0.000000000000000000, 0.000000000000000000, 1.000000000000000000 ) ) ;
#1691 = LINE ( 'NONE', #2011, #1468 ) ;
#1692 = EDGE_CURVE ( 'NONE', #497, #1578, #205, .T. ) ;
#1693 = DIRECTION ( 'NONE',  ( -0.000000000000000000, 1.000000000000000000, -0.000000000000000000 ) ) ;
#1694 = DIRECTION ( 'NONE',  ( 1.000000000000000000, 0.000000000000000000, 0.000000000000000000 ) ) ;
#1695 = CARTESIAN_POINT ( 'NONE',  ( 3.000000000000000444, 0.000000000000000000, -7.500000000000000000 ) ) ;
#1696 = FACE_OUTER_BOUND ( 'NONE', #1151, .T. ) ;
#1697 = EDGE_CURVE ( 'NONE', #777, #2070, #160, .T. ) ;
#1698 = ORIENTED_EDGE ( 'NONE', *, *, #1034, .T. ) ;
#1699 = CARTESIAN_POINT ( 'NONE',  ( -4.999999999999999112, -1.428285685708572395, 0.000000000000000000 ) ) ;
#1700 =( LENGTH_UNIT ( ) NAMED_UNIT ( * ) SI_UNIT ( .MILLI., .METRE. ) );
#1701 = AXIS2_PLACEMENT_3D ( 'NONE', #661, #2031, #1667 ) ;
#1702 = CIRCLE ( 'NONE', #756, 1.024999999999999911 ) ;
#1703 = AXIS2_PLACEMENT_3D ( 'NONE', #382, #2079, #1063 ) ;
#1704 = AXIS2_PLACEMENT_3D ( 'NONE', #834, #143, #2179 ) ;
#1705 = EDGE_CURVE ( 'NONE', #1127, #1604, #1672, .T. ) ;
#1706 = DIRECTION ( 'NONE',  ( -1.000000000000000000, -0.000000000000000000, -0.000000000000000000 ) ) ;
#1707 = EDGE_CURVE ( 'NONE', #2141, #1156, #1183, .T. ) ;
#1708 = AXIS2_PLACEMENT_3D ( 'NONE', #2168, #1515, #870 ) ;
#1709 = VECTOR ( 'NONE', #102, 1000.000000000000000 ) ;
#1710 = CARTESIAN_POINT ( 'NONE',  ( -4.200000000000000178, 5.143516556418883914E-16, -0.4000000000000000222 ) ) ;
#1711 = CARTESIAN_POINT ( 'NONE',  ( 5.000000000000000000, -1.301042606982605321E-15, 10.00000000000000000 ) ) ;
#1712 = VECTOR ( 'NONE', #1224, 1000.000000000000000 ) ;
#1713 = CARTESIAN_POINT ( 'NONE',  ( 1.449999999999999956, -3.276082999478232338, 4.037778610088894382 ) ) ;
#1714 = VERTEX_POINT ( 'NONE', #378 ) ;
#1715 = ORIENTED_EDGE ( 'NONE', *, *, #434, .F. ) ;
#1716 = CARTESIAN_POINT ( 'NONE',  ( 4.413765022551189965, -3.281566443895916230, 2.700000000000000178 ) ) ;
#1717 = CARTESIAN_POINT ( 'NONE',  ( -4.613038093992195776, -2.995765806279245602, 4.485196778764370507 ) ) ;
#1718 = DIRECTION ( 'NONE',  ( 0.000000000000000000, 0.000000000000000000, -1.000000000000000000 ) ) ;
#1719 = CARTESIAN_POINT ( 'NONE',  ( 5.000000000000000000, 2.291287847477919026, 11.93649167310370984 ) ) ;
#1720 = CARTESIAN_POINT ( 'NONE',  ( -4.799999999999993605, 0.000000000000000000, 7.025000000000000355 ) ) ;
#1721 = ORIENTED_EDGE ( 'NONE', *, *, #947, .F. ) ;
#1722 = EDGE_LOOP ( 'NONE', ( #589, #274, #808, #1781, #1621, #1945 ) ) ;
#1723 = CARTESIAN_POINT ( 'NONE',  ( 4.123362662912774645, -3.282066445284809397, 3.000000000000000000 ) ) ;
#1724 = ADVANCED_FACE ( 'NONE', ( #1088 ), #536, .T. ) ;
#1725 = DIRECTION ( 'NONE',  ( 1.000000000000000000, 0.000000000000000000, 0.000000000000000000 ) ) ;
#1726 = CARTESIAN_POINT ( 'NONE',  ( -4.033365821337738133, 3.282066445284823164, 3.000000000000000000 ) ) ;
#1727 = CARTESIAN_POINT ( 'NONE',  ( 4.999999999999999112, 2.291287847477920359, 0.2999999999999999334 ) ) ;
#1728 = DIRECTION ( 'NONE',  ( -1.000000000000000000, 0.000000000000000000, 0.000000000000000000 ) ) ;
#1729 = CARTESIAN_POINT ( 'NONE',  ( 1.449999999999999956, 0.000000000000000000, 6.066615150441368343 ) ) ;
#1730 = ORIENTED_EDGE ( 'NONE', *, *, #842, .T. ) ;
#1731 = VERTEX_POINT ( 'NONE', #569 ) ;
#1732 = FACE_BOUND ( 'NONE', #817, .T. ) ;
#1733 = CARTESIAN_POINT ( 'NONE',  ( 0.7992997112370605617, -5.442401220814754303, 0.8851298054954958028 ) ) ;
#1734 = FACE_OUTER_BOUND ( 'NONE', #820, .T. ) ;
#1735 = TOROIDAL_SURFACE ( 'NONE', #1846, 5.200000000000000178, 0.2999999999999999889 ) ;
#1736 = CIRCLE ( 'NONE', #796, 5.500000000000000000 ) ;
#1737 = AXIS2_PLACEMENT_3D ( 'NONE', #1070, #196, #173 ) ;
#1738 = DIRECTION ( 'NONE',  ( 0.000000000000000000, 0.000000000000000000, 1.000000000000000000 ) ) ;
#1739 = CARTESIAN_POINT ( 'NONE',  ( 4.999999999999999112, -2.291287847477921691, 6.269498843357269813 ) ) ;
#1740 = AXIS2_PLACEMENT_3D ( 'NONE', #2119, #1305, #604 ) ;
#1741 = VERTEX_POINT ( 'NONE', #52 ) ;
#1742 = VERTEX_POINT ( 'NONE', #1893 ) ;
#1743 = DIRECTION ( 'NONE',  ( 0.000000000000000000, -1.000000000000000000, 0.000000000000000000 ) ) ;
#1744 = DIRECTION ( 'NONE',  ( -1.000000000000000000, -0.000000000000000000, -0.000000000000000000 ) ) ;
#1745 = EDGE_CURVE ( 'NONE', #1408, #1104, #217, .T. ) ;
#1746 = ORIENTED_EDGE ( 'NONE', *, *, #1445, .F. ) ;
#1747 = DIRECTION ( 'NONE',  ( 0.000000000000000000, 0.000000000000000000, 1.000000000000000000 ) ) ;
#1748 = CYLINDRICAL_SURFACE ( 'NONE', #2053, 90.00000000000000000 ) ;
#1749 = ADVANCED_FACE ( 'NONE', ( #394 ), #719, .T. ) ;
#1750 = DIRECTION ( 'NONE',  ( 0.000000000000000000, 0.000000000000000000, 1.000000000000000000 ) ) ;
#1751 = ORIENTED_EDGE ( 'NONE', *, *, #894, .F. ) ;
#1752 = ORIENTED_EDGE ( 'NONE', *, *, #696, .T. ) ;
#1753 = CARTESIAN_POINT ( 'NONE',  ( 0.1454569201595563022, 5.500000000000000000, 0.9499999999999997335 ) ) ;
#1754 = CARTESIAN_POINT ( 'NONE',  ( -5.000000000000000000, -1.301042606982605321E-15, 10.00000000000000000 ) ) ;
#1755 = ORIENTED_EDGE ( 'NONE', *, *, #33, .F. ) ;
#1756 = EDGE_CURVE ( 'NONE', #2049, #408, #529, .T. ) ;
#1757 = LINE ( 'NONE', #264, #905 ) ;
#1758 = CARTESIAN_POINT ( 'NONE',  ( 3.599999999999999201, 0.000000000000000000, 0.9750000000000001998 ) ) ;
#1759 = CYLINDRICAL_SURFACE ( 'NONE', #611, 1.000000000000000000 ) ;
#1760 = ORIENTED_EDGE ( 'NONE', *, *, #566, .F. ) ;
#1761 = EDGE_LOOP ( 'NONE', ( #1526, #1269, #2174, #479 ) ) ;
#1762 = CARTESIAN_POINT ( 'NONE',  ( 1.249999999999999778, -1.301042606982605321E-15, 8.974999999999999645 ) ) ;
#1763 = CARTESIAN_POINT ( 'NONE',  ( 0.000000000000000000, 0.000000000000000000, -0.4000000000000001887 ) ) ;
#1764 = EDGE_LOOP ( 'NONE', ( #1922, #1133, #1830, #955 ) ) ;
#1765 = CARTESIAN_POINT ( 'NONE',  ( -1.449999999999999956, -1.181639544065738512E-15, 10.97499999999999964 ) ) ;
#1766 = CARTESIAN_POINT ( 'NONE',  ( 5.000000000000000000, -1.989516741641049968, 0.05834252797745270031 ) ) ;
#1767 = EDGE_CURVE ( 'NONE', #1411, #751, #2145, .T. ) ;
#1768 = EDGE_CURVE ( 'NONE', #987, #1809, #641, .T. ) ;
#1769 = DIRECTION ( 'NONE',  ( 0.000000000000000000, 0.000000000000000000, 1.000000000000000000 ) ) ;
#1770 = CARTESIAN_POINT ( 'NONE',  ( -1.449999999999999956, -2.990273570852250984, 10.24137931034482740 ) ) ;
#1771 = ORIENTED_EDGE ( 'NONE', *, *, #666, .F. ) ;
#1772 = ORIENTED_EDGE ( 'NONE', *, *, #502, .T. ) ;
#1773 = CARTESIAN_POINT ( 'NONE',  ( -4.924196699264657973, -2.456704211071824684, 5.994776452388418164 ) ) ;
#1774 = VECTOR ( 'NONE', #1091, 1000.000000000000000 ) ;
#1775 = CARTESIAN_POINT ( 'NONE',  ( 5.000000000000000000, 2.178293673445095724, 0.1382798229524750122 ) ) ;
#1776 = CIRCLE ( 'NONE', #115, 1.825000000000000178 ) ;
#1777 = ORIENTED_EDGE ( 'NONE', *, *, #1650, .T. ) ;
#1778 = CARTESIAN_POINT ( 'NONE',  ( 1.449999999999999956, -1.301042606982605321E-15, 8.174999999999998934 ) ) ;
#1779 = DIRECTION ( 'NONE',  ( 0.000000000000000000, 0.000000000000000000, 1.000000000000000000 ) ) ;
#1780 = CARTESIAN_POINT ( 'NONE',  ( 0.000000000000000000, 0.000000000000000000, 3.000000000000000000 ) ) ;
#1781 = ORIENTED_EDGE ( 'NONE', *, *, #1697, .T. ) ;
#1782 = EDGE_CURVE ( 'NONE', #1156, #780, #1633, .T. ) ;
#1783 = CARTESIAN_POINT ( 'NONE',  ( -0.9999257949736073403, -5.408340633707990008, 1.632654643919304149 ) ) ;
#1784 = CARTESIAN_POINT ( 'NONE',  ( 0.000000000000000000, 0.000000000000000000, 2.700000000000000178 ) ) ;
#1785 = CARTESIAN_POINT ( 'NONE',  ( 1.449999999999999956, 0.000000000000000000, 6.066615150441368343 ) ) ;
#1786 = ORIENTED_EDGE ( 'NONE', *, *, #2169, .F. ) ;
#1787 = CARTESIAN_POINT ( 'NONE',  ( 5.122956143805612355E-13, 5.500000000000454747, 2.050000000004548184 ) ) ;
#1788 = EDGE_LOOP ( 'NONE', ( #1449, #705, #516, #1871 ) ) ;
#1789 = CYLINDRICAL_SURFACE ( 'NONE', #2055, 3.024999999999999911 ) ;
#1790 = EDGE_CURVE ( 'NONE', #831, #1141, #837, .T. ) ;
#1791 =( LENGTH_UNIT ( ) NAMED_UNIT ( * ) SI_UNIT ( .MILLI., .METRE. ) );
#1792 = EDGE_LOOP ( 'NONE', ( #614, #1300 ) ) ;
#1793 = VERTEX_POINT ( 'NONE', #816 ) ;
#1794 = CARTESIAN_POINT ( 'NONE',  ( -4.799999999999998046, -2.685144316419515231, 2.606936828424506469 ) ) ;
#1795 = PLANE ( 'NONE',  #1877 ) ;
#1796 = ORIENTED_EDGE ( 'NONE', *, *, #1439, .T. ) ;
#1797 = DIRECTION ( 'NONE',  ( -1.000000000000000000, -0.000000000000000000, -0.000000000000000000 ) ) ;
#1798 = VERTEX_POINT ( 'NONE', #1140 ) ;
#1799 = CARTESIAN_POINT ( 'NONE',  ( 4.613038093992201105, -2.995765806279239829, 4.485196778764408698 ) ) ;
#1800 = CARTESIAN_POINT ( 'NONE',  ( 3.599999999999999201, 0.000000000000000000, 4.000000000000000000 ) ) ;
#1801 = ORIENTED_EDGE ( 'NONE', *, *, #1036, .T. ) ;
#1802 = AXIS2_PLACEMENT_3D ( 'NONE', #765, #1229, #553 ) ;
#1803 = ORIENTED_EDGE ( 'NONE', *, *, #1380, .F. ) ;
#1804 = CARTESIAN_POINT ( 'NONE',  ( 1.249999999999999778, -1.301042606982605321E-15, 10.00000000000000000 ) ) ;
#1805 = CARTESIAN_POINT ( 'NONE',  ( 5.000000000000000000, 1.590643962668341072, -3.811648262644349985E-18 ) ) ;
#1806 = ORIENTED_EDGE ( 'NONE', *, *, #2038, .T. ) ;
#1807 = VECTOR ( 'NONE', #1693, 1000.000000000000000 ) ;
#1808 = CARTESIAN_POINT ( 'NONE',  ( 0.000000000000000000, 0.000000000000000000, -7.500000000000000000 ) ) ;
#1809 = VERTEX_POINT ( 'NONE', #1645 ) ;
#1810 = AXIS2_PLACEMENT_3D ( 'NONE', #2150, #152, #1371 ) ;
#1811 = CIRCLE ( 'NONE', #833, 90.00000000000000000 ) ;
#1812 = EDGE_CURVE ( 'NONE', #324, #1286, #2149, .T. ) ;
#1813 = AXIS2_PLACEMENT_3D ( 'NONE', #1368, #1196, #1187 ) ;
#1814 = DIRECTION ( 'NONE',  ( 1.000000000000000000, 0.000000000000000000, 0.000000000000000000 ) ) ;
#1815 = LINE ( 'NONE', #812, #1113 ) ;
#1816 = EDGE_LOOP ( 'NONE', ( #1011, #1746, #2126, #1677 ) ) ;
#1817 = ADVANCED_FACE ( 'NONE', ( #1613 ), #127, .F. ) ;
#1818 = CARTESIAN_POINT ( 'NONE',  ( -1.449999999999999956, 0.000000000000000000, 6.066615150441368343 ) ) ;
#1819 = CARTESIAN_POINT ( 'NONE',  ( 4.799999999999987388, 2.685144316419532107, 2.606936828424538000 ) ) ;
#1820 = DIRECTION ( 'NONE',  ( 0.000000000000000000, 0.000000000000000000, -1.000000000000000000 ) ) ;
#1821 = VERTEX_POINT ( 'NONE', #246 ) ;
#1822 = DIRECTION ( 'NONE',  ( 1.000000000000000000, -0.000000000000000000, -0.000000000000000000 ) ) ;
#1823 = EDGE_LOOP ( 'NONE', ( #2128, #1689, #1278, #1320 ) ) ;
#1824 = CARTESIAN_POINT ( 'NONE',  ( 4.593417606087755622, -3.024981767971149260, 3.877081255591265485 ) ) ;
#1825 = FACE_BOUND ( 'NONE', #1464, .T. ) ;
#1826 = DIRECTION ( 'NONE',  ( 1.000000000000000000, 0.000000000000000000, 0.000000000000000000 ) ) ;
#1827 = LINE ( 'NONE', #998, #469 ) ;
#1828 = CARTESIAN_POINT ( 'NONE',  ( -5.000000000000000000, -3.282066445284809397, 3.000000000000006217 ) ) ;
#1829 = ORIENTED_EDGE ( 'NONE', *, *, #482, .T. ) ;
#1830 = ORIENTED_EDGE ( 'NONE', *, *, #588, .F. ) ;
#1831 = CARTESIAN_POINT ( 'NONE',  ( 1.449999999999999956, -1.181639544065738512E-15, 10.97499999999999964 ) ) ;
#1832 = VERTEX_POINT ( 'NONE', #426 ) ;
#1833 = ADVANCED_FACE ( 'NONE', ( #103 ), #792, .F. ) ;
#1834 = CARTESIAN_POINT ( 'NONE',  ( 4.598462210893448088, -3.017359112493149809, 3.753129625468235364 ) ) ;
#1835 = DIRECTION ( 'NONE',  ( -1.000000000000000000, 0.000000000000000000, 0.000000000000000000 ) ) ;
#1836 = ADVANCED_FACE ( 'NONE', ( #1129, #1108 ), #1795, .F. ) ;
#1837 = ADVANCED_FACE ( 'NONE', ( #282 ), #805, .F. ) ;
#1838 = CARTESIAN_POINT ( 'NONE',  ( -1.449999999999999956, -1.077544566138213202E-15, 8.174999999999998934 ) ) ;
#1839 = CARTESIAN_POINT ( 'NONE',  ( 0.000000000000000000, 0.000000000000000000, -7.500000000000000000 ) ) ;
#1840 = PLANE ( 'NONE',  #1708 ) ;
#1841 = ORIENTED_EDGE ( 'NONE', *, *, #306, .F. ) ;
#1842 = EDGE_LOOP ( 'NONE', ( #1988, #982 ) ) ;
#1843 = CARTESIAN_POINT ( 'NONE',  ( 4.909097451144425861, -2.489653471761296810, 11.70178230120674812 ) ) ;
#1844 = AXIS2_PLACEMENT_3D ( 'NONE', #1523, #1548, #1239 ) ;
#1845 = SURFACE_SIDE_STYLE ('',( #1887 ) ) ;
#1846 = AXIS2_PLACEMENT_3D ( 'NONE', #1491, #310, #2181 ) ;
#1847 = AXIS2_PLACEMENT_3D ( 'NONE', #1575, #1053, #907 ) ;
#1848 = AXIS2_PLACEMENT_3D ( 'NONE', #981, #1938, #260 ) ;
#1849 = DIRECTION ( 'NONE',  ( -0.000000000000000000, 0.000000000000000000, -1.000000000000000000 ) ) ;
#1850 = CARTESIAN_POINT ( 'NONE',  ( 4.212932612767745333, 3.282078204817742151, 2.976414504874667966 ) ) ;
#1851 = DIRECTION ( 'NONE',  ( -1.000000000000000000, 0.000000000000000000, 0.000000000000000000 ) ) ;
#1852 = VERTEX_POINT ( 'NONE', #94 ) ;
#1853 = ORIENTED_EDGE ( 'NONE', *, *, #1451, .F. ) ;
#1854 = CARTESIAN_POINT ( 'NONE',  ( 5.000000000000000000, -2.291287847477919026, 11.93649167310371340 ) ) ;
#1855 = CARTESIAN_POINT ( 'NONE',  ( -4.413765022551188189, 3.281566443895918450, 2.700000000000000178 ) ) ;
#1856 = CARTESIAN_POINT ( 'NONE',  ( 4.616087517742979429, 2.990273570852248319, 10.24137931034482740 ) ) ;
#1857 = CARTESIAN_POINT ( 'NONE',  ( 1.249999999999999778, -1.077544566138213202E-15, 11.82500000000000284 ) ) ;
#1858 = LINE ( 'NONE', #2007, #10 ) ;
#1859 = VERTEX_POINT ( 'NONE', #1472 ) ;
#1860 = ORIENTED_EDGE ( 'NONE', *, *, #894, .T. ) ;
#1861 = CARTESIAN_POINT ( 'NONE',  ( 4.033365821337749679, -3.282066445284809397, 3.000000000000000000 ) ) ;
#1862 = CARTESIAN_POINT ( 'NONE',  ( -1.249999999999999778, -1.301042606982605321E-15, 11.02500000000000036 ) ) ;
#1863 = EDGE_CURVE ( 'NONE', #231, #1085, #1534, .T. ) ;
#1864 = ADVANCED_FACE ( 'NONE', ( #631 ), #338, .F. ) ;
#1865 = CARTESIAN_POINT ( 'NONE',  ( 4.200000000000000178, 0.000000000000000000, -0.4000000000000000222 ) ) ;
#1866 = CARTESIAN_POINT ( 'NONE',  ( 4.123257525891451003, 3.282066445284814726, 3.000000000000001332 ) ) ;
#1867 = CARTESIAN_POINT ( 'NONE',  ( 4.407520752176962375, 3.289965098209432171, 5.219582296258764131 ) ) ;
#1868 = CARTESIAN_POINT ( 'NONE',  ( -4.999999999999999112, 0.000000000000000000, 4.000000000000000000 ) ) ;
#1869 = ORIENTED_EDGE ( 'NONE', *, *, #53, .F. ) ;
#1870 = EDGE_CURVE ( 'NONE', #1141, #831, #1389, .T. ) ;
#1871 = ORIENTED_EDGE ( 'NONE', *, *, #642, .F. ) ;
#1872 = LINE ( 'NONE', #1914, #1874 ) ;
#1873 = CARTESIAN_POINT ( 'NONE',  ( 4.999999999999999112, -2.291287847477921691, 0.2999999999999999334 ) ) ;
#1874 = VECTOR ( 'NONE', #1743, 1000.000000000000000 ) ;
#1875 = VECTOR ( 'NONE', #1330, 1000.000000000000000 ) ;
#1876 = DIRECTION ( 'NONE',  ( 0.000000000000000000, 0.000000000000000000, 1.000000000000000000 ) ) ;
#1877 = AXIS2_PLACEMENT_3D ( 'NONE', #1435, #949, #299 ) ;
#1878 = AXIS2_PLACEMENT_3D ( 'NONE', #1942, #830, #1690 ) ;
#1879 = EDGE_CURVE ( 'NONE', #736, #1483, #799, .T. ) ;
#1880 = CARTESIAN_POINT ( 'NONE',  ( -5.000000000000000000, -2.990273570852250984, 10.24137931034482740 ) ) ;
#1881 = CARTESIAN_POINT ( 'NONE',  ( 4.855102394326741511, -2.586642537147933130, 5.702579814039782313 ) ) ;
#1882 = CIRCLE ( 'NONE', #186, 3.225000000000004086 ) ;
#1883 = ORIENTED_EDGE ( 'NONE', *, *, #1520, .F. ) ;
#1884 = ORIENTED_EDGE ( 'NONE', *, *, #1101, .F. ) ;
#1885 = FACE_OUTER_BOUND ( 'NONE', #1056, .T. ) ;
#1886 = DIRECTION ( 'NONE',  ( -0.000000000000000000, -0.000000000000000000, -1.000000000000000000 ) ) ;
#1887 = SURFACE_STYLE_FILL_AREA ( #1519 ) ;
#1888 = CARTESIAN_POINT ( 'NONE',  ( 1.449999999999999956, 3.276082999478232338, 4.037778610088894382 ) ) ;
#1889 = DIRECTION ( 'NONE',  ( -0.000000000000000000, -0.000000000000000000, -1.000000000000000000 ) ) ;
#1890 = ORIENTED_EDGE ( 'NONE', *, *, #2172, .F. ) ;
#1891 = EDGE_LOOP ( 'NONE', ( #1291, #2170, #2039, #49 ) ) ;
#1892 = CARTESIAN_POINT ( 'NONE',  ( 4.999999999999999112, 2.291287847477920359, 1.730501156642730187 ) ) ;
#1893 = CARTESIAN_POINT ( 'NONE',  ( 3.599999999999999201, 3.704556567420743261E-16, 7.025000000000000355 ) ) ;
#1894 = ADVANCED_FACE ( 'NONE', ( #1340 ), #1639, .F. ) ;
#1895 = CARTESIAN_POINT ( 'NONE',  ( 1.449999999999999956, 0.000000000000000000, 6.066615150441368343 ) ) ;
#1896 = DIRECTION ( 'NONE',  ( 1.000000000000000000, 0.000000000000000000, 0.000000000000000000 ) ) ;
#1897 = CARTESIAN_POINT ( 'NONE',  ( -4.999999999999999112, 2.291287847477920359, 0.000000000000000000 ) ) ;
#1898 = ORIENTED_EDGE ( 'NONE', *, *, #684, .T. ) ;
#1899 = EDGE_CURVE ( 'NONE', #1104, #637, #398, .T. ) ;
#1900 = VERTEX_POINT ( 'NONE', #2028 ) ;
#1901 = CARTESIAN_POINT ( 'NONE',  ( 4.413540387906247808, -3.281868581475037683, 2.790640770175153662 ) ) ;
#1902 = CARTESIAN_POINT ( 'NONE',  ( 0.000000000000000000, 0.000000000000000000, 0.000000000000000000 ) ) ;
#1903 = EDGE_LOOP ( 'NONE', ( #1786, #967, #533, #958, #415, #565, #1912, #266, #279, #1316 ) ) ;
#1904 = B_SPLINE_CURVE_WITH_KNOTS ( 'NONE', 3,
 ( #1895, #206, #543, #1888 ),
 .UNSPECIFIED., .F., .F.,
 ( 4, 4 ),
 ( 0.000000000000000000, 1.000000000000000000 ),
 .UNSPECIFIED. ) ;
#1905 = PLANE ( 'NONE',  #507 ) ;
#1906 = AXIS2_PLACEMENT_3D ( 'NONE', #2015, #1504, #487 ) ;
#1907 = CIRCLE ( 'NONE', #397, 0.9750000000000001998 ) ;
#1908 = CARTESIAN_POINT ( 'NONE',  ( -4.616087517742977653, -2.990273570852250984, 10.24137931034482740 ) ) ;
#1909 = LINE ( 'NONE', #1695, #1383 ) ;
#1910 = VECTOR ( 'NONE', #1331, 1000.000000000000000 ) ;
#1911 = ORIENTED_EDGE ( 'NONE', *, *, #1352, .T. ) ;
#1912 = ORIENTED_EDGE ( 'NONE', *, *, #542, .T. ) ;
#1913 =( GEOMETRIC_REPRESENTATION_CONTEXT ( 3 ) GLOBAL_UNCERTAINTY_ASSIGNED_CONTEXT ( ( #698 ) ) GLOBAL_UNIT_ASSIGNED_CONTEXT ( ( #1700, #348, #717 ) ) REPRESENTATION_CONTEXT ( 'NONE', 'WORKASPACE' ) );
#1914 = CARTESIAN_POINT ( 'NONE',  ( 1.102182119232617714E-15, -1.000000000000000000, 0.4999999999999995559 ) ) ;
#1915 = CARTESIAN_POINT ( 'NONE',  ( -4.738842355029208697, -2.794470542970803439, 5.182335688536936935 ) ) ;
#1916 = ORIENTED_EDGE ( 'NONE', *, *, #970, .T. ) ;
#1917 = CARTESIAN_POINT ( 'NONE',  ( 4.999999999999999112, -1.590635215181700701, -3.218725199566341905E-17 ) ) ;
#1918 = EDGE_CURVE ( 'NONE', #106, #384, #1996, .T. ) ;
#1919 = CARTESIAN_POINT ( 'NONE',  ( 1.249999999999999778, -1.175516310070001636E-15, 11.02500000000000036 ) ) ;
#1920 = DIRECTION ( 'NONE',  ( -1.000000000000000000, -0.000000000000000000, -0.000000000000000000 ) ) ;
#1921 = ADVANCED_FACE ( 'NONE', ( #1696 ), #874, .F. ) ;
#1922 = ORIENTED_EDGE ( 'NONE', *, *, #542, .F. ) ;
#1923 = EDGE_CURVE ( 'NONE', #2141, #2136, #1858, .T. ) ;
#1924 = EDGE_LOOP ( 'NONE', ( #691, #911, #2080, #203, #2117, #1806, #452, #36, #95, #1150, #1841, #2122, #1349, #725, #2183, #963 ) ) ;
#1925 = CARTESIAN_POINT ( 'NONE',  ( 0.000000000000000000, 0.000000000000000000, 2.700000000000000178 ) ) ;
#1926 = CARTESIAN_POINT ( 'NONE',  ( 0.6152488767522317215, -5.466267455619483684, 0.7009917371336066294 ) ) ;
#1927 = ORIENTED_EDGE ( 'NONE', *, *, #2018, .T. ) ;
#1928 = CARTESIAN_POINT ( 'NONE',  ( -0.4905234330640207974, 5.479024460878259006, 1.212847414115630018 ) ) ;
#1929 = EDGE_CURVE ( 'NONE', #1900, #471, #2092, .T. ) ;
#1930 = B_SPLINE_CURVE_WITH_KNOTS ( 'NONE', 3,
 ( #55, #1932, #2078, #942, #1102, #401 ),
 .UNSPECIFIED., .F., .F.,
 ( 4, 2, 4 ),
 ( 0.000000000000000000, 0.0002666451431114122937, 0.0005332902862228245874 ),
 .UNSPECIFIED. ) ;
#1931 = CARTESIAN_POINT ( 'NONE',  ( 5.000000000000001776, -2.069194468070871817, 0.08141587282232662370 ) ) ;
#1932 = CARTESIAN_POINT ( 'NONE',  ( -4.123362662912762211, 3.282066445284823164, 3.000000000000000000 ) ) ;
#1933 = CARTESIAN_POINT ( 'NONE',  ( -1.249999999999999778, -1.301042606982605321E-15, 10.00000000000000000 ) ) ;
#1934 = ORIENTED_EDGE ( 'NONE', *, *, #1289, .F. ) ;
#1935 = B_SPLINE_CURVE_WITH_KNOTS ( 'NONE', 3,
 ( #88, #1404, #785, #250, #2087, #1082, #2123, #1100, #961, #773 ),
 .UNSPECIFIED., .F., .F.,
 ( 4, 2, 2, 2, 4 ),
 ( 0.000000000000000000, 0.0001230637719459858363, 0.0002461275438919716726, 0.0004922550877839433452, 0.0009845101755678866903 ),
 .UNSPECIFIED. ) ;
#1936 = ORIENTED_EDGE ( 'NONE', *, *, #259, .T. ) ;
#1937 = FACE_OUTER_BOUND ( 'NONE', #1761, .T. ) ;
#1938 = DIRECTION ( 'NONE',  ( 0.000000000000000000, -1.000000000000000000, 0.000000000000000000 ) ) ;
#1939 = ORIENTED_EDGE ( 'NONE', *, *, #761, .T. ) ;
#1940 = FACE_OUTER_BOUND ( 'NONE', #1646, .T. ) ;
#1941 = CARTESIAN_POINT ( 'NONE',  ( -4.999999999999999112, 2.291287847477920359, 1.730501156642726635 ) ) ;
#1942 = CARTESIAN_POINT ( 'NONE',  ( 4.999999999999999112, 0.000000000000000000, 4.000000000000000000 ) ) ;
#1943 = CIRCLE ( 'NONE', #369, 1.825000000000000178 ) ;
#1944 = LINE ( 'NONE', #1277, #1386 ) ;
#1945 = ORIENTED_EDGE ( 'NONE', *, *, #2188, .F. ) ;
#1946 = AXIS2_PLACEMENT_3D ( 'NONE', #1804, #1280, #245 ) ;
#1947 = ORIENTED_EDGE ( 'NONE', *, *, #239, .T. ) ;
#1948 = FACE_OUTER_BOUND ( 'NONE', #1764, .T. ) ;
#1949 = CARTESIAN_POINT ( 'NONE',  ( 5.000000000000001776, 2.269464655020977606, 0.2199481715518623592 ) ) ;
#1950 = AXIS2_PLACEMENT_3D ( 'NONE', #1763, #463, #2131 ) ;
#1951 = ORIENTED_EDGE ( 'NONE', *, *, #346, .F. ) ;
#1952 = LINE ( 'NONE', #2147, #801 ) ;
#1953 = CIRCLE ( 'NONE', #1813, 3.024999999999999911 ) ;
#1954 = EDGE_LOOP ( 'NONE', ( #743, #481, #2081, #438 ) ) ;
#1955 = ADVANCED_FACE ( 'NONE', ( #1524, #2192 ), #1840, .T. ) ;
#1956 = DIRECTION ( 'NONE',  ( 0.000000000000000000, -1.000000000000000000, 0.000000000000000000 ) ) ;
#1957 =( NAMED_UNIT ( * ) PLANE_ANGLE_UNIT ( ) SI_UNIT ( $, .RADIAN. ) );
#1958 = ORIENTED_EDGE ( 'NONE', *, *, #924, .F. ) ;
#1959 = CARTESIAN_POINT ( 'NONE',  ( 1.249999999999999778, -1.301042606982605321E-15, 10.00000000000000000 ) ) ;
#1960 = CARTESIAN_POINT ( 'NONE',  ( -4.616087517742979429, 2.990273570852248319, 10.24137931034482740 ) ) ;
#1961 = DIRECTION ( 'NONE',  ( 1.000000000000000000, 0.000000000000000000, 0.000000000000000000 ) ) ;
#1962 = EDGE_LOOP ( 'NONE', ( #914, #244 ) ) ;
#1963 = CARTESIAN_POINT ( 'NONE',  ( 1.074823409873011299E-15, 5.500000000000000000, 0.9499999999999995115 ) ) ;
#1964 = ORIENTED_EDGE ( 'NONE', *, *, #2113, .F. ) ;
#1965 = FACE_OUTER_BOUND ( 'NONE', #464, .T. ) ;
#1966 = VECTOR ( 'NONE', #14, 1000.000000000000000 ) ;
#1967 = CARTESIAN_POINT ( 'NONE',  ( 1.102182119232617714E-15, 6.000000000000000000, 1.499999999999999556 ) ) ;
#1968 = ORIENTED_EDGE ( 'NONE', *, *, #216, .T. ) ;
#1969 = ORIENTED_EDGE ( 'NONE', *, *, #697, .F. ) ;
#1970 = CARTESIAN_POINT ( 'NONE',  ( -5.000000000000000000, -2.291287847477919470, 6.269498843357279583 ) ) ;
#1971 = DIRECTION ( 'NONE',  ( -1.000000000000000000, 0.000000000000000000, 0.000000000000000000 ) ) ;
#1972 = EDGE_CURVE ( 'NONE', #1411, #1377, #2096, .T. ) ;
#1973 = ORIENTED_EDGE ( 'NONE', *, *, #540, .F. ) ;
#1974 = CARTESIAN_POINT ( 'NONE',  ( -4.999999999999999112, 2.291287847477920359, 6.269498843357277806 ) ) ;
#1975 = ORIENTED_EDGE ( 'NONE', *, *, #1355, .F. ) ;
#1976 = CARTESIAN_POINT ( 'NONE',  ( -1.449999999999999956, 3.276082999478232338, 4.037778610088894382 ) ) ;
#1977 = CARTESIAN_POINT ( 'NONE',  ( -4.999999999999999112, 2.291287847477920359, 3.000000000000000000 ) ) ;
#1978 = EDGE_LOOP ( 'NONE', ( #2148, #403 ) ) ;
#1979 = AXIS2_PLACEMENT_3D ( 'NONE', #405, #1253, #1234 ) ;
#1980 = DIRECTION ( 'NONE',  ( 0.000000000000000000, 0.000000000000000000, 1.000000000000000000 ) ) ;
#1981 = CARTESIAN_POINT ( 'NONE',  ( 4.686529882200616726, 2.879439335345643780, 3.041429296160426787 ) ) ;
#1982 = VECTOR ( 'NONE', #521, 1000.000000000000000 ) ;
#1983 = DIRECTION ( 'NONE',  ( -0.000000000000000000, -0.000000000000000000, -1.000000000000000000 ) ) ;
#1984 = VECTOR ( 'NONE', #2140, 1000.000000000000000 ) ;
#1985 = ORIENTED_EDGE ( 'NONE', *, *, #1101, .T. ) ;
#1986 = AXIS2_PLACEMENT_3D ( 'NONE', #1193, #1706, #1211 ) ;
#1987 = CARTESIAN_POINT ( 'NONE',  ( 1.449999999999999956, -1.077544566138213202E-15, 11.82500000000000284 ) ) ;
#1988 = ORIENTED_EDGE ( 'NONE', *, *, #1918, .F. ) ;
#1989 = AXIS2_PLACEMENT_3D ( 'NONE', #305, #1649, #132 ) ;
#1990 = CIRCLE ( 'NONE', #2176, 0.9750000000000001998 ) ;
#1991 = DIRECTION ( 'NONE',  ( 0.000000000000000000, 0.000000000000000000, 1.000000000000000000 ) ) ;
#1992 = DIRECTION ( 'NONE',  ( -0.000000000000000000, -0.000000000000000000, 1.000000000000000000 ) ) ;
#1993 = DIRECTION ( 'NONE',  ( -0.000000000000000000, -0.000000000000000000, -1.000000000000000000 ) ) ;
#1994 = EDGE_CURVE ( 'NONE', #167, #1798, #1953, .T. ) ;
#1995 = PLANE ( 'NONE',  #1530 ) ;
#1996 = LINE ( 'NONE', #1828, #1910 ) ;
#1997 = VERTEX_POINT ( 'NONE', #657 ) ;
#1998 = DIRECTION ( 'NONE',  ( 0.000000000000000000, 0.000000000000000000, -1.000000000000000000 ) ) ;
#1999 = VERTEX_POINT ( 'NONE', #488 ) ;
#2000 = CLOSED_SHELL ( 'NONE', ( #1170, #1837, #1226, #1894, #323, #790, #1568, #263, #996, #2002, #1214, #718, #64, #520, #1398, #674, #2034, #1817, #2074, #2154, #878, #1511, #458, #2086, #339, #407, #1651, #1134, #1317, #739, #1069, #1065, #1836, #782, #904, #1588, #2065, #1749, #1955, #541, #551, #1487, #615, #1040, #547, #1679, #1393, #2071, #371, #1158, #1724, #928, #1833, #214, #770, #847, #972, #1415, #1864, #1062, #2099, #1921, #1090, #1607, #824 ) ) ;
#2001 = FACE_BOUND ( 'NONE', #1792, .T. ) ;
#2002 = ADVANCED_FACE ( 'NONE', ( #476 ), #1174, .T. ) ;
#2003 = LINE ( 'NONE', #2013, #2022 ) ;
#2004 = VECTOR ( 'NONE', #1292, 1000.000000000000000 ) ;
#2005 = CARTESIAN_POINT ( 'NONE',  ( -0.5032156751244268866, -5.478260106282919040, 2.373928864307285558 ) ) ;
#2006 = CARTESIAN_POINT ( 'NONE',  ( -1.449999999999999956, -1.806950572528448928, 5.334094443960364806 ) ) ;
#2007 = CARTESIAN_POINT ( 'NONE',  ( -4.999999999999999112, 2.291287847477920359, 3.000000000000000000 ) ) ;
#2008 = ORIENTED_EDGE ( 'NONE', *, *, #2162, .T. ) ;
#2009 = ORIENTED_EDGE ( 'NONE', *, *, #239, .F. ) ;
#2010 = FACE_OUTER_BOUND ( 'NONE', #546, .T. ) ;
#2011 = CARTESIAN_POINT ( 'NONE',  ( -3.599999999999999201, 0.000000000000000000, 7.025000000000000355 ) ) ;
#2012 = B_SPLINE_CURVE_WITH_KNOTS ( 'NONE', 3,
 ( #390, #1055, #742, #1577, #1558, #359 ),
 .UNSPECIFIED., .F., .F.,
 ( 4, 2, 4 ),
 ( 0.000000000000000000, 0.0009478467216236356480, 0.001895693443247271296 ),
 .UNSPECIFIED. ) ;
#2013 = CARTESIAN_POINT ( 'NONE',  ( -5.000000000000000000, -2.291287847477919470, 3.000000000000000000 ) ) ;
#2014 = CARTESIAN_POINT ( 'NONE',  ( -0.6156699463502732783, -5.466217970945501214, 0.7013352784032356180 ) ) ;
#2015 = CARTESIAN_POINT ( 'NONE',  ( 0.000000000000000000, 0.000000000000000000, 3.000000000000000000 ) ) ;
#2016 = CARTESIAN_POINT ( 'NONE',  ( -1.249999999999999778, -1.301042606982605321E-15, 10.00000000000000000 ) ) ;
#2017 = ORIENTED_EDGE ( 'NONE', *, *, #306, .T. ) ;
#2018 = EDGE_CURVE ( 'NONE', #247, #1250, #702, .T. ) ;
#2019 = ORIENTED_EDGE ( 'NONE', *, *, #20, .T. ) ;
#2020 = PLANE ( 'NONE',  #1221 ) ;
#2021 = CIRCLE ( 'NONE', #573, 5.500000000000000000 ) ;
#2022 = VECTOR ( 'NONE', #501, 1000.000000000000000 ) ;
#2023 = AXIS2_PLACEMENT_3D ( 'NONE', #1482, #138, #1676 ) ;
#2024 = AXIS2_PLACEMENT_3D ( 'NONE', #465, #1797, #1285 ) ;
#2025 = DIRECTION ( 'NONE',  ( -0.000000000000000000, -0.000000000000000000, -1.000000000000000000 ) ) ;
#2026 = CARTESIAN_POINT ( 'NONE',  ( 4.360237061255765489, 3.281991707395721214, 2.873012575044028072 ) ) ;
#2027 = CARTESIAN_POINT ( 'NONE',  ( 4.739155382845849473, 2.793910970246655801, 5.183414271009408658 ) ) ;
#2028 = CARTESIAN_POINT ( 'NONE',  ( 1.449999999999999956, -1.301042606982605321E-15, 9.025000000000000355 ) ) ;
#2029 = ORIENTED_EDGE ( 'NONE', *, *, #1551, .F. ) ;
#2030 = ORIENTED_EDGE ( 'NONE', *, *, #1015, .T. ) ;
#2031 = DIRECTION ( 'NONE',  ( 1.000000000000000000, 0.000000000000000000, 0.000000000000000000 ) ) ;
#2032 = SHAPE_DEFINITION_REPRESENTATION ( #1346, #839 ) ;
#2033 = CARTESIAN_POINT ( 'NONE',  ( 4.999999999999999112, 2.291287847477920359, 3.000000000000000000 ) ) ;
#2034 = ADVANCED_FACE ( 'NONE', ( #1348, #1359 ), #2182, .T. ) ;
#2035 = CARTESIAN_POINT ( 'NONE',  ( 0.000000000000000000, 0.000000000000000000, -0.4000000000000000222 ) ) ;
#2036 = CARTESIAN_POINT ( 'NONE',  ( 4.484953663866403595, 3.192704997840604797, 7.733602876778858715 ) ) ;
#2037 = CARTESIAN_POINT ( 'NONE',  ( 1.449999999999999956, 0.000000000000000000, 6.066615150441368343 ) ) ;
#2038 = EDGE_CURVE ( 'NONE', #660, #1589, #1358, .T. ) ;
#2039 = ORIENTED_EDGE ( 'NONE', *, *, #99, .F. ) ;
#2040 = EDGE_CURVE ( 'NONE', #679, #852, #828, .T. ) ;
#2041 = CARTESIAN_POINT ( 'NONE',  ( 0.4903856098630365867, 5.479037860475853172, 1.212607564640676872 ) ) ;
#2042 = CARTESIAN_POINT ( 'NONE',  ( 4.738842355029221132, -2.794470542970780347, 5.182335688536994667 ) ) ;
#2043 = EDGE_CURVE ( 'NONE', #121, #1268, #1429, .T. ) ;
#2044 = CARTESIAN_POINT ( 'NONE',  ( 4.413765022551189965, -3.281566443895916230, 2.700000000000000178 ) ) ;
#2045 = EDGE_CURVE ( 'NONE', #590, #334, #510, .T. ) ;
#2046 = CARTESIAN_POINT ( 'NONE',  ( 1.249999999999999778, -1.175516310070001636E-15, 11.02500000000000036 ) ) ;
#2047 = CARTESIAN_POINT ( 'NONE',  ( -4.738842355029212250, 2.794470542970798999, 2.817664311463047966 ) ) ;
#2048 = ORIENTED_EDGE ( 'NONE', *, *, #1531, .F. ) ;
#2049 = VERTEX_POINT ( 'NONE', #1657 ) ;
#2050 = CARTESIAN_POINT ( 'NONE',  ( 0.1436277681664140660, 5.499999999999980460, 2.049999999999796874 ) ) ;
#2051 = CARTESIAN_POINT ( 'NONE',  ( 0.9740689977371136399, -5.413297229732483729, 1.761560360220701060 ) ) ;
#2052 = SURFACE_STYLE_USAGE ( .BOTH. , #1845 ) ;
#2053 = AXIS2_PLACEMENT_3D ( 'NONE', #89, #1896, #207 ) ;
#2054 = AXIS2_PLACEMENT_3D ( 'NONE', #1455, #1920, #787 ) ;
#2055 = AXIS2_PLACEMENT_3D ( 'NONE', #228, #916, #399 ) ;
#2056 = CARTESIAN_POINT ( 'NONE',  ( 4.924196699264670407, 2.456704211071799815, 5.994776452388449250 ) ) ;
#2057 = AXIS2_PLACEMENT_3D ( 'NONE', #1640, #1322, #844 ) ;
#2058 = LINE ( 'NONE', #586, #1109 ) ;
#2059 = CARTESIAN_POINT ( 'NONE',  ( 3.599999999999998312, 0.000000000000000000, 4.000000000000000000 ) ) ;
#2060 = PRODUCT_DEFINITION_FORMATION_WITH_SPECIFIED_SOURCE ( '任何', '', #484, .NOT_KNOWN. ) ;
#2061 = ORIENTED_EDGE ( 'NONE', *, *, #1083, .F. ) ;
#2062 = EDGE_LOOP ( 'NONE', ( #1715, #62, #111, #455 ) ) ;
#2063 = DIRECTION ( 'NONE',  ( 1.000000000000000000, 0.000000000000000000, 0.000000000000000000 ) ) ;
#2064 = DIRECTION ( 'NONE',  ( 1.000000000000000000, 0.000000000000000000, 0.000000000000000000 ) ) ;
#2065 = ADVANCED_FACE ( 'NONE', ( #1044 ), #1192, .T. ) ;
#2066 = EDGE_CURVE ( 'NONE', #2136, #560, #1882, .T. ) ;
#2067 = DIRECTION ( 'NONE',  ( 1.000000000000000000, 0.000000000000000000, 0.000000000000000000 ) ) ;
#2068 = CARTESIAN_POINT ( 'NONE',  ( -1.449999999999999956, -1.301042606982605321E-15, 10.00000000000000000 ) ) ;
#2069 = CARTESIAN_POINT ( 'NONE',  ( -4.686529882200609620, 2.879439335345657103, 3.041429296160468088 ) ) ;
#2070 = VERTEX_POINT ( 'NONE', #818 ) ;
#2071 = ADVANCED_FACE ( 'NONE', ( #794 ), #273, .F. ) ;
#2072 = ORIENTED_EDGE ( 'NONE', *, *, #267, .T. ) ;
#2073 = PLANE ( 'NONE',  #1038 ) ;
#2074 = ADVANCED_FACE ( 'NONE', ( #96, #284 ), #1463, .F. ) ;
#2075 = CARTESIAN_POINT ( 'NONE',  ( -1.449999999999999956, 2.417572691171606891, 5.009560414901448766 ) ) ;
#2076 = ORIENTED_EDGE ( 'NONE', *, *, #13, .F. ) ;
#2077 = CARTESIAN_POINT ( 'NONE',  ( -3.599999999999999201, 0.000000000000000000, 4.000000000000000000 ) ) ;
#2078 = CARTESIAN_POINT ( 'NONE',  ( -4.212716147152065105, 3.282078085403592915, 2.976437934485830716 ) ) ;
#2079 = DIRECTION ( 'NONE',  ( 0.000000000000000000, 0.000000000000000000, 1.000000000000000000 ) ) ;
#2080 = ORIENTED_EDGE ( 'NONE', *, *, #1697, .F. ) ;
#2081 = ORIENTED_EDGE ( 'NONE', *, *, #380, .F. ) ;
#2082 = DIRECTION ( 'NONE',  ( 1.000000000000000000, 0.000000000000000000, 0.000000000000000000 ) ) ;
#2083 = CARTESIAN_POINT ( 'NONE',  ( -4.593381651811574429, -3.025036363864088695, 4.244488965884848142 ) ) ;
#2084 = EDGE_LOOP ( 'NONE', ( #308, #1166 ) ) ;
#2085 = AXIS2_PLACEMENT_3D ( 'NONE', #51, #737, #1208 ) ;
#2086 = ADVANCED_FACE ( 'NONE', ( #1307 ), #2134, .T. ) ;
#2087 = CARTESIAN_POINT ( 'NONE',  ( -4.999999999999999112, 2.177704503192459562, 0.1379315362595150696 ) ) ;
#2088 = TOROIDAL_SURFACE ( 'NONE', #1703, 5.200000000000000178, 0.2999999999999999889 ) ;
#2089 = CONICAL_SURFACE ( 'NONE', #294, 3.024999999999999911, 0.7853981633974504994 ) ;
#2090 = CARTESIAN_POINT ( 'NONE',  ( 0.9000000000000000222, 0.000000000000000000, -0.4000000000000001887 ) ) ;
#2091 = SURFACE_SIDE_STYLE ('',( #600 ) ) ;
#2092 = CIRCLE ( 'NONE', #1147, 0.9750000000000001998 ) ;
#2093 = ORIENTED_EDGE ( 'NONE', *, *, #1768, .F. ) ;
#2094 = VECTOR ( 'NONE', #1370, 1000.000000000000000 ) ;
#2095 = ORIENTED_EDGE ( 'NONE', *, *, #915, .F. ) ;
#2096 = CIRCLE ( 'NONE', #659, 5.500000000000000000 ) ;
#2097 = DIRECTION ( 'NONE',  ( 0.000000000000000000, -8.881784197001252323E-16, 1.000000000000000000 ) ) ;
#2098 = CARTESIAN_POINT ( 'NONE',  ( -1.449999999999999956, 1.308934502411512879, 5.846560182149437068 ) ) ;
#2099 = ADVANCED_FACE ( 'NONE', ( #453 ), #941, .F. ) ;
#2100 = ORIENTED_EDGE ( 'NONE', *, *, #811, .T. ) ;
#2101 = DIRECTION ( 'NONE',  ( -1.000000000000000000, -0.000000000000000000, -0.000000000000000000 ) ) ;
#2102 = CARTESIAN_POINT ( 'NONE',  ( -4.682159817860065409, -2.889065464432989394, 10.86642624304375815 ) ) ;
#2103 = CARTESIAN_POINT ( 'NONE',  ( -4.999999999999999112, 0.000000000000000000, 4.000000000000000000 ) ) ;
#2104 = ORIENTED_EDGE ( 'NONE', *, *, #2040, .T. ) ;
#2105 = ORIENTED_EDGE ( 'NONE', *, *, #1520, .T. ) ;
#2106 = CYLINDRICAL_SURFACE ( 'NONE', #1565, 3.000000000000000888 ) ;
#2107 = CARTESIAN_POINT ( 'NONE',  ( 4.999999999999999112, 1.751997326039295810, 0.008299423556452183159 ) ) ;
#2108 = EDGE_CURVE ( 'NONE', #1540, #2164, #444, .T. ) ;
#2109 = ORIENTED_EDGE ( 'NONE', *, *, #1160, .F. ) ;
#2110 = DIRECTION ( 'NONE',  ( -1.000000000000000000, 0.000000000000000000, 0.000000000000000000 ) ) ;
#2111 = EDGE_CURVE ( 'NONE', #1283, #1176, #429, .T. ) ;
#2112 = CARTESIAN_POINT ( 'NONE',  ( 1.102182119232617714E-15, -1.000000000000000000, 1.499999999999999556 ) ) ;
#2113 = EDGE_CURVE ( 'NONE', #1241, #1742, #221, .T. ) ;
#2114 = FACE_OUTER_BOUND ( 'NONE', #1816, .T. ) ;
#2115 = LINE ( 'NONE', #1093, #1424 ) ;
#2116 = VERTEX_POINT ( 'NONE', #1626 ) ;
#2117 = ORIENTED_EDGE ( 'NONE', *, *, #1264, .T. ) ;
#2118 = CYLINDRICAL_SURFACE ( 'NONE', #1946, 1.024999999999999911 ) ;
#2119 = CARTESIAN_POINT ( 'NONE',  ( -4.999999999999999112, 0.000000000000000000, 4.000000000000000000 ) ) ;
#2120 = ORIENTED_EDGE ( 'NONE', *, *, #211, .T. ) ;
#2121 = CARTESIAN_POINT ( 'NONE',  ( -1.449999999999999956, -1.301042606982605321E-15, 9.025000000000000355 ) ) ;
#2122 = ORIENTED_EDGE ( 'NONE', *, *, #427, .F. ) ;
#2123 = CARTESIAN_POINT ( 'NONE',  ( -5.000000000000000000, 1.989516741641049524, 0.05834252797745260316 ) ) ;
#2124 = AXIS2_PLACEMENT_3D ( 'NONE', #2059, #1396, #1043 ) ;
#2125 = DIRECTION ( 'NONE',  ( -1.000000000000000000, -0.000000000000000000, -0.000000000000000000 ) ) ;
#2126 = ORIENTED_EDGE ( 'NONE', *, *, #1303, .T. ) ;
#2127 = AXIS2_PLACEMENT_3D ( 'NONE', #31, #2025, #2067 ) ;
#2128 = ORIENTED_EDGE ( 'NONE', *, *, #2162, .F. ) ;
#2129 = LINE ( 'NONE', #1139, #477 ) ;
#2130 = AXIS2_PLACEMENT_3D ( 'NONE', #1977, #846, #1849 ) ;
#2131 = DIRECTION ( 'NONE',  ( -1.000000000000000000, 0.000000000000000000, 0.000000000000000000 ) ) ;
#2132 = EDGE_CURVE ( 'NONE', #471, #1231, #1952, .T. ) ;
#2133 = VERTEX_POINT ( 'NONE', #2121 ) ;
#2134 = CYLINDRICAL_SURFACE ( 'NONE', #400, 90.00000000000000000 ) ;
#2135 = AXIS2_PLACEMENT_3D ( 'NONE', #1637, #1605, #959 ) ;
#2136 = VERTEX_POINT ( 'NONE', #1974 ) ;
#2137 = DIRECTION ( 'NONE',  ( -0.000000000000000000, -0.000000000000000000, 1.000000000000000000 ) ) ;
#2138 = EDGE_CURVE ( 'NONE', #392, #852, #478, .T. ) ;
#2139 = EDGE_CURVE ( 'NONE', #841, #1503, #1081, .T. ) ;
#2140 = DIRECTION ( 'NONE',  ( -0.000000000000000000, -0.000000000000000000, -1.000000000000000000 ) ) ;
#2141 = VERTEX_POINT ( 'NONE', #1099 ) ;
#2142 = CARTESIAN_POINT ( 'NONE',  ( -3.599999999999999201, 1.194030629168670308E-16, 4.975000000000000533 ) ) ;
#2143 = CYLINDRICAL_SURFACE ( 'NONE', #1460, 0.9750000000000001998 ) ;
#2144 = DIRECTION ( 'NONE',  ( 0.000000000000000000, 0.000000000000000000, -1.000000000000000000 ) ) ;
#2145 = B_SPLINE_CURVE_WITH_KNOTS ( 'NONE', 3,
 ( #966, #442, #619, #2157 ),
 .UNSPECIFIED., .F., .F.,
 ( 4, 4 ),
 ( -0.0002996408621989586022, 0.007250089818066007656 ),
 .UNSPECIFIED. ) ;
#2146 = EDGE_LOOP ( 'NONE', ( #1869, #404, #1252, #124 ) ) ;
#2147 = CARTESIAN_POINT ( 'NONE',  ( -5.172442859629964751, -1.181639544065738512E-15, 10.97499999999999964 ) ) ;
#2148 = ORIENTED_EDGE ( 'NONE', *, *, #291, .T. ) ;
#2149 = B_SPLINE_CURVE_WITH_KNOTS ( 'NONE', 3,
 ( #116, #1805, #2107, #593, #769, #1775, #270, #1949, #451, #1120 ),
 .UNSPECIFIED., .F., .F.,
 ( 4, 2, 2, 2, 4 ),
 ( 0.000000000000000000, 0.0004835431317903557164, 0.0007253146976855339269, 0.0008462004806331223546, 0.0009670862635807107822 ),
 .UNSPECIFIED. ) ;
#2150 = CARTESIAN_POINT ( 'NONE',  ( -4.999999999999999112, -1.301042606982605321E-15, 10.00000000000000000 ) ) ;
#2151 = B_SPLINE_CURVE_WITH_KNOTS ( 'NONE', 3,
 ( #1699, #1518, #490, #509, #325, #18, #2196, #337, #992, #680 ),
 .UNSPECIFIED., .F., .F.,
 ( 4, 2, 2, 2, 4 ),
 ( 2.183789151670257646E-19, 0.0004835431317903558248, 0.0007253146976855340353, 0.0008462004806331223546, 0.0009670862635807107822 ),
 .UNSPECIFIED. ) ;
#2152 = CARTESIAN_POINT ( 'NONE',  ( 4.033365821337738133, 3.282066445284823164, 3.000000000000000000 ) ) ;
#2153 = ORIENTED_EDGE ( 'NONE', *, *, #271, .T. ) ;
#2154 = ADVANCED_FACE ( 'NONE', ( #1647, #1940 ), #1112, .T. ) ;
#2155 = DIRECTION ( 'NONE',  ( -1.000000000000000000, -0.000000000000000000, -0.000000000000000000 ) ) ;
#2156 = CYLINDRICAL_SURFACE ( 'NONE', #503, 3.000000000000000444 ) ;
#2157 = CARTESIAN_POINT ( 'NONE',  ( 4.616087517742977653, -2.990273570852250984, 10.24137931034482740 ) ) ;
#2158 = VERTEX_POINT ( 'NONE', #1765 ) ;
#2159 = DIRECTION ( 'NONE',  ( -0.000000000000000000, -0.000000000000000000, -1.000000000000000000 ) ) ;
#2160 = EDGE_LOOP ( 'NONE', ( #1131, #1334, #1489, #1615, #1587 ) ) ;
#2161 = CARTESIAN_POINT ( 'NONE',  ( 1.449999999999999956, -2.990273570852250984, 10.24137931034482740 ) ) ;
#2162 = EDGE_CURVE ( 'NONE', #1999, #776, #1288, .T. ) ;
#2163 = CARTESIAN_POINT ( 'NONE',  ( 0.000000000000000000, 0.000000000000000000, -7.500000000000000000 ) ) ;
#2164 = VERTEX_POINT ( 'NONE', #1778 ) ;
#2165 = CIRCLE ( 'NONE', #178, 1.825000000000000178 ) ;
#2166 = CARTESIAN_POINT ( 'NONE',  ( -0.7989069545633377123, -5.442462301628149923, 2.115417072389546238 ) ) ;
#2167 = FACE_BOUND ( 'NONE', #2193, .T. ) ;
#2168 = CARTESIAN_POINT ( 'NONE',  ( 1.249999999999999778, -1.301042606982605321E-15, 10.00000000000000000 ) ) ;
#2169 = EDGE_CURVE ( 'NONE', #1611, #751, #262, .T. ) ;
#2170 = ORIENTED_EDGE ( 'NONE', *, *, #1745, .F. ) ;
#2171 = AXIS2_PLACEMENT_3D ( 'NONE', #732, #1228, #1394 ) ;
#2172 = EDGE_CURVE ( 'NONE', #1176, #231, #537, .T. ) ;
#2173 = CARTESIAN_POINT ( 'NONE',  ( -5.172442859629964751, -1.301042606982605321E-15, 10.00000000000000000 ) ) ;
#2174 = ORIENTED_EDGE ( 'NONE', *, *, #2138, .T. ) ;
#2175 = AXIS2_PLACEMENT_3D ( 'NONE', #1754, #2064, #60 ) ;
#2176 = AXIS2_PLACEMENT_3D ( 'NONE', #389, #252, #1738 ) ;
#2177 = AXIS2_PLACEMENT_3D ( 'NONE', #938, #87, #772 ) ;
#2178 = DIRECTION ( 'NONE',  ( 0.000000000000000000, 0.000000000000000000, 1.000000000000000000 ) ) ;
#2179 = DIRECTION ( 'NONE',  ( 0.000000000000000000, 0.000000000000000000, -1.000000000000000000 ) ) ;
#2180 = LINE ( 'NONE', #1138, #200 ) ;
#2181 = DIRECTION ( 'NONE',  ( 1.000000000000000000, 0.000000000000000000, 0.000000000000000000 ) ) ;
#2182 = CYLINDRICAL_SURFACE ( 'NONE', #301, 5.500000000000000000 ) ;
#2183 = ORIENTED_EDGE ( 'NONE', *, *, #1035, .F. ) ;
#2184 = VERTEX_POINT ( 'NONE', #709 ) ;
#2185 = DIRECTION ( 'NONE',  ( 0.000000000000000000, 0.000000000000000000, -1.000000000000000000 ) ) ;
#2186 = EDGE_CURVE ( 'NONE', #1610, #261, #1189, .T. ) ;
#2187 = PLANE ( 'NONE',  #2057 ) ;
#2188 = EDGE_CURVE ( 'NONE', #81, #936, #1691, .T. ) ;
#2189 = DIRECTION ( 'NONE',  ( 0.000000000000000000, 0.000000000000000000, -1.000000000000000000 ) ) ;
#2190 = CARTESIAN_POINT ( 'NONE',  ( 4.682159817860066298, 2.889065464432987174, 10.86642624304375815 ) ) ;
#2191 = CARTESIAN_POINT ( 'NONE',  ( 4.593381651811574429, 3.025036363864086919, 3.755511034115116331 ) ) ;
#2192 = FACE_BOUND ( 'NONE', #2084, .T. ) ;
#2193 = EDGE_LOOP ( 'NONE', ( #1126, #1002 ) ) ;
#2194 = EDGE_CURVE ( 'NONE', #1821, #121, #8, .T. ) ;
#2195 = VERTEX_POINT ( 'NONE', #1726 ) ;
#2196 = CARTESIAN_POINT ( 'NONE',  ( -5.000000000000000888, -2.212285786355105532, 0.1604794238736640954 ) ) ;
#2197 = DIRECTION ( 'NONE',  ( -1.000000000000000000, 0.000000000000000000, 0.000000000000000000 ) ) ;
ENDSEC;
END-ISO-10303-21;
