ISO-10303-21;
HEADER;
FILE_DESCRIPTION (( 'STEP AP214' ),
    '1' );
FILE_NAME ('关节.step',
    '2026-04-16T06:23:07',
    ( '' ),
    ( '' ),
    'SwSTEP 2.0',
    'SolidWorks 2020',
    '' );
FILE_SCHEMA (( 'AUTOMOTIVE_DESIGN' ));
ENDSEC;

DATA;
#1 = AXIS2_PLACEMENT_3D ( 'NONE', #2069, #826, #1004 ) ;
#2 = CARTESIAN_POINT ( 'NONE',  ( 4.855102394326741511, 2.586642537147932686, 2.297420185960217687 ) ) ;
#3 = MECHANICAL_DESIGN_GEOMETRIC_PRESENTATION_REPRESENTATION (  '', ( #616 ), #1769 ) ;
#4 = VERTEX_POINT ( 'NONE', #1664 ) ;
#5 = ADVANCED_FACE ( 'NONE', ( #353 ), #1811, .F. ) ;
#6 = DIRECTION ( 'NONE',  ( 0.000000000000000000, -0.000000000000000000, 1.000000000000000000 ) ) ;
#7 = ORIENTED_EDGE ( 'NONE', *, *, #551, .T. ) ;
#8 = CLOSED_SHELL ( 'NONE', ( #1922, #1080, #5, #831, #2176, #1778, #1523, #1763, #664, #65, #710, #34, #123, #1419, #2145, #739, #740, #2188, #628, #1735, #615, #1389, #729, #230, #1347, #1319, #1199, #354, #846, #1186, #341, #1782, #1715, #53, #1833, #119, #1150, #486, #654, #768, #280, #206, #425, #1159, #523, #878, #1501, #619, #485, #242, #1666, #1344, #942, #2163, #462, #925, #1689, #798, #1534, #355, #806, #422, #473, #1606, #1779 ) ) ;
#9 = CARTESIAN_POINT ( 'NONE',  ( -5.000000000000000000, 3.282066445284823164, 3.000000000000000000 ) ) ;
#10 = CARTESIAN_POINT ( 'NONE',  ( 4.999999999999996447, 1.989476608200420937, 0.05833259516409370488 ) ) ;
#11 = DIRECTION ( 'NONE',  ( 1.000000000000000000, -0.000000000000000000, -0.000000000000000000 ) ) ;
#12 = FACE_OUTER_BOUND ( 'NONE', #783, .T. ) ;
#13 = EDGE_LOOP ( 'NONE', ( #199, #1456 ) ) ;
#14 = CARTESIAN_POINT ( 'NONE',  ( -3.599999999999999201, 3.704556567420743261E-16, 0.9750000000000001998 ) ) ;
#15 = CARTESIAN_POINT ( 'NONE',  ( 5.000000000000000000, -2.291287847477919026, 11.93649167310371340 ) ) ;
#16 = ORIENTED_EDGE ( 'NONE', *, *, #49, .T. ) ;
#17 = EDGE_CURVE ( 'NONE', #1906, #776, #726, .T. ) ;
#18 = B_SPLINE_CURVE_WITH_KNOTS ( 'NONE', 3,
 ( #404, #1768, #1638, #1140 ),
 .UNSPECIFIED., .F., .F.,
 ( 4, 4 ),
 ( -0.0002996408621989586022, 0.007250089818066007656 ),
 .UNSPECIFIED. ) ;
#19 = CARTESIAN_POINT ( 'NONE',  ( -5.000000000000000000, 2.990273570852248319, 10.24137931034482740 ) ) ;
#20 = CARTESIAN_POINT ( 'NONE',  ( -4.799999999999993605, 2.685144316419521004, 5.393063171575482428 ) ) ;
#21 = EDGE_CURVE ( 'NONE', #31, #70, #1361, .T. ) ;
#22 = CARTESIAN_POINT ( 'NONE',  ( 1.449999999999999956, -1.301042606982605321E-15, 10.00000000000000000 ) ) ;
#23 = CARTESIAN_POINT ( 'NONE',  ( 0.8735895391711738789, -5.430417905357991515, 2.004049155779536573 ) ) ;
#24 = ORIENTED_EDGE ( 'NONE', *, *, #577, .F. ) ;
#25 = ORIENTED_EDGE ( 'NONE', *, *, #1417, .F. ) ;
#26 = LINE ( 'NONE', #2077, #338 ) ;
#27 = CARTESIAN_POINT ( 'NONE',  ( -1.449999999999999956, 0.000000000000000000, 6.066615150441368343 ) ) ;
#28 = DIRECTION ( 'NONE',  ( -1.000000000000000000, 0.000000000000000000, 0.000000000000000000 ) ) ;
#29 = DIRECTION ( 'NONE',  ( -0.000000000000000000, -1.000000000000000000, -0.000000000000000000 ) ) ;
#30 = VERTEX_POINT ( 'NONE', #2053 ) ;
#31 = VERTEX_POINT ( 'NONE', #1649 ) ;
#32 = TOROIDAL_SURFACE ( 'NONE', #1247, 5.200000000000000178, 0.2999999999999999889 ) ;
#33 = DIRECTION ( 'NONE',  ( 0.000000000000000000, 0.000000000000000000, 1.000000000000000000 ) ) ;
#34 = ADVANCED_FACE ( 'NONE', ( #511 ), #1627, .F. ) ;
#35 = CIRCLE ( 'NONE', #1870, 1.024999999999999911 ) ;
#36 = EDGE_LOOP ( 'NONE', ( #1827, #1998 ) ) ;
#37 = DIRECTION ( 'NONE',  ( 0.000000000000000000, -1.776356839400250465E-15, 1.000000000000000000 ) ) ;
#38 = VECTOR ( 'NONE', #305, 1000.000000000000000 ) ;
#39 = VECTOR ( 'NONE', #1952, 1000.000000000000114 ) ;
#40 = DIRECTION ( 'NONE',  ( 1.000000000000000000, -0.000000000000000000, -0.000000000000000000 ) ) ;
#41 = CARTESIAN_POINT ( 'NONE',  ( -5.000000000000000000, 2.291287847477919026, 11.93649167310370984 ) ) ;
#42 = SURFACE_STYLE_USAGE ( .BOTH. , #1544 ) ;
#43 = CIRCLE ( 'NONE', #1258, 0.9750000000000001998 ) ;
#44 = CARTESIAN_POINT ( 'NONE',  ( -1.449999999999999956, 86.71793355471518794, 3.000000000000022649 ) ) ;
#45 = CARTESIAN_POINT ( 'NONE',  ( -4.999999999999999112, 2.291287847477920359, 0.2999999999999999334 ) ) ;
#46 = ORIENTED_EDGE ( 'NONE', *, *, #974, .F. ) ;
#47 = AXIS2_PLACEMENT_3D ( 'NONE', #55, #695, #1233 ) ;
#48 = CARTESIAN_POINT ( 'NONE',  ( 3.599999999999998312, 1.194030629168670308E-16, 4.975000000000000533 ) ) ;
#49 = EDGE_CURVE ( 'NONE', #1818, #2070, #1701, .T. ) ;
#50 = EDGE_CURVE ( 'NONE', #4, #2100, #192, .T. ) ;
#51 = ORIENTED_EDGE ( 'NONE', *, *, #2115, .F. ) ;
#52 = DIRECTION ( 'NONE',  ( -1.000000000000000000, 0.000000000000000000, 0.000000000000000000 ) ) ;
#53 = ADVANCED_FACE ( 'NONE', ( #1302 ), #1486, .F. ) ;
#54 = ORIENTED_EDGE ( 'NONE', *, *, #681, .T. ) ;
#55 = CARTESIAN_POINT ( 'NONE',  ( 0.000000000000000000, 0.000000000000000000, -0.4000000000000001887 ) ) ;
#56 = DIRECTION ( 'NONE',  ( 0.000000000000000000, -1.000000000000000000, 0.000000000000000000 ) ) ;
#57 = DIRECTION ( 'NONE',  ( 0.000000000000000000, 0.000000000000000000, 1.000000000000000000 ) ) ;
#58 = DIRECTION ( 'NONE',  ( 1.000000000000000000, -0.000000000000000000, -0.000000000000000000 ) ) ;
#59 = DIRECTION ( 'NONE',  ( 1.000000000000000000, -0.000000000000000000, -0.000000000000000000 ) ) ;
#60 = VERTEX_POINT ( 'NONE', #840 ) ;
#61 = CARTESIAN_POINT ( 'NONE',  ( -4.212716147152065105, 3.282078085403592915, 2.976437934485830716 ) ) ;
#62 = EDGE_LOOP ( 'NONE', ( #2195, #1075, #1597, #292 ) ) ;
#63 = CARTESIAN_POINT ( 'NONE',  ( -5.000000000000000000, -2.990273570852250984, 10.24137931034482740 ) ) ;
#64 = DIRECTION ( 'NONE',  ( 0.000000000000000000, 0.000000000000000000, 1.000000000000000000 ) ) ;
#65 = ADVANCED_FACE ( 'NONE', ( #1529 ), #1397, .T. ) ;
#66 = VERTEX_POINT ( 'NONE', #1712 ) ;
#67 = CARTESIAN_POINT ( 'NONE',  ( -5.172442859629964751, -1.301042606982605321E-15, 10.00000000000000000 ) ) ;
#68 = CARTESIAN_POINT ( 'NONE',  ( 4.413765022551202399, 3.281566443895900242, 2.700000000000000178 ) ) ;
#69 = VERTEX_POINT ( 'NONE', #1057 ) ;
#70 = VERTEX_POINT ( 'NONE', #1761 ) ;
#71 = DIRECTION ( 'NONE',  ( 0.000000000000000000, 0.000000000000000000, 1.000000000000000000 ) ) ;
#72 = AXIS2_PLACEMENT_3D ( 'NONE', #1252, #1598, #1819 ) ;
#73 = ORIENTED_EDGE ( 'NONE', *, *, #398, .T. ) ;
#74 = CARTESIAN_POINT ( 'NONE',  ( -4.033365821337738133, 3.282066445284823164, 3.000000000000000000 ) ) ;
#75 = CIRCLE ( 'NONE', #1764, 90.00000000000000000 ) ;
#76 = AXIS2_PLACEMENT_3D ( 'NONE', #911, #586, #1632 ) ;
#77 = VERTEX_POINT ( 'NONE', #705 ) ;
#78 = FACE_OUTER_BOUND ( 'NONE', #2032, .T. ) ;
#79 = AXIS2_PLACEMENT_3D ( 'NONE', #770, #166, #474 ) ;
#80 = ORIENTED_EDGE ( 'NONE', *, *, #1675, .F. ) ;
#81 = EDGE_CURVE ( 'NONE', #1305, #490, #2169, .T. ) ;
#82 = CIRCLE ( 'NONE', #1, 3.024999999999999911 ) ;
#83 = DIRECTION ( 'NONE',  ( -1.000000000000000000, -0.000000000000000000, -0.000000000000000000 ) ) ;
#84 = CARTESIAN_POINT ( 'NONE',  ( -4.855102394326732629, 2.586642537147919807, 5.702579814039799189 ) ) ;
#85 = CARTESIAN_POINT ( 'NONE',  ( -5.000000000000000000, -2.990273570852250984, 10.24137931034482740 ) ) ;
#86 = EDGE_LOOP ( 'NONE', ( #1889, #288 ) ) ;
#87 = DIRECTION ( 'NONE',  ( 0.000000000000000000, 0.000000000000000000, 1.000000000000000000 ) ) ;
#88 = CARTESIAN_POINT ( 'NONE',  ( 0.000000000000000000, 0.000000000000000000, 2.700000000000000178 ) ) ;
#89 = B_SPLINE_CURVE_WITH_KNOTS ( 'NONE', 3,
 ( #1296, #1600, #97, #1098 ),
 .UNSPECIFIED., .F., .F.,
 ( 4, 4 ),
 ( 0.000000000000000000, 0.0009814593241182865274 ),
 .UNSPECIFIED. ) ;
#90 = CARTESIAN_POINT ( 'NONE',  ( 1.074823409873011299E-15, 5.500000000000000000, 0.9499999999999995115 ) ) ;
#91 = CARTESIAN_POINT ( 'NONE',  ( -4.616087517742979429, 2.990273570852248319, 10.24137931034482740 ) ) ;
#92 = CARTESIAN_POINT ( 'NONE',  ( -0.9000000000000000222, 1.102182119232617788E-16, -7.500000000000000000 ) ) ;
#93 = EDGE_CURVE ( 'NONE', #839, #1612, #1220, .T. ) ;
#94 = EDGE_LOOP ( 'NONE', ( #322, #249, #895, #309 ) ) ;
#95 = CARTESIAN_POINT ( 'NONE',  ( 4.631864648715344757, -2.965970124649463635, 3.393353777737145194 ) ) ;
#96 = ORIENTED_EDGE ( 'NONE', *, *, #150, .T. ) ;
#97 = CARTESIAN_POINT ( 'NONE',  ( -4.924196699264668631, -2.456704211071805144, 2.005223547611553858 ) ) ;
#98 = DIRECTION ( 'NONE',  ( 1.000000000000000000, -0.000000000000000000, -0.000000000000000000 ) ) ;
#99 = CARTESIAN_POINT ( 'NONE',  ( -4.799999999999993605, 2.685144316419521004, 5.393063171575482428 ) ) ;
#100 = CARTESIAN_POINT ( 'NONE',  ( 5.000000000000000000, -1.301042606982605321E-15, 10.00000000000000000 ) ) ;
#101 = EDGE_CURVE ( 'NONE', #582, #1863, #521, .T. ) ;
#102 = EDGE_LOOP ( 'NONE', ( #259, #1476 ) ) ;
#103 = FACE_BOUND ( 'NONE', #214, .T. ) ;
#104 = ORIENTED_EDGE ( 'NONE', *, *, #371, .T. ) ;
#105 = ORIENTED_EDGE ( 'NONE', *, *, #1805, .T. ) ;
#106 = CARTESIAN_POINT ( 'NONE',  ( 4.999999999999999112, -1.428285685708572617, 0.000000000000000000 ) ) ;
#107 = VECTOR ( 'NONE', #837, 1000.000000000000000 ) ;
#108 = EDGE_LOOP ( 'NONE', ( #1460, #2072, #1528, #1959 ) ) ;
#109 = EDGE_LOOP ( 'NONE', ( #2167, #819, #1978, #1829, #1050, #1105, #105 ) ) ;
#110 = CONICAL_SURFACE ( 'NONE', #606, 3.225000000000004086, 0.7853981633974439491 ) ;
#111 = DIRECTION ( 'NONE',  ( 0.000000000000000000, 0.000000000000000000, -1.000000000000000000 ) ) ;
#112 = AXIS2_PLACEMENT_3D ( 'NONE', #1692, #491, #1914 ) ;
#113 = PLANE ( 'NONE',  #1112 ) ;
#114 = AXIS2_PLACEMENT_3D ( 'NONE', #1392, #58, #536 ) ;
#115 = DIRECTION ( 'NONE',  ( -1.000000000000000000, -0.000000000000000000, -0.000000000000000000 ) ) ;
#116 = AXIS2_PLACEMENT_3D ( 'NONE', #331, #1878, #345 ) ;
#117 = ORIENTED_EDGE ( 'NONE', *, *, #1169, .T. ) ;
#118 = CARTESIAN_POINT ( 'NONE',  ( 4.999999999999999112, 0.000000000000000000, 4.000000000000000000 ) ) ;
#119 = ADVANCED_FACE ( 'NONE', ( #564, #400 ), #1206, .F. ) ;
#120 = EDGE_CURVE ( 'NONE', #634, #1926, #43, .T. ) ;
#121 = VERTEX_POINT ( 'NONE', #2111 ) ;
#122 = PLANE ( 'NONE',  #857 ) ;
#123 = ADVANCED_FACE ( 'NONE', ( #231 ), #1726, .T. ) ;
#124 = ORIENTED_EDGE ( 'NONE', *, *, #2178, .F. ) ;
#125 = DIRECTION ( 'NONE',  ( 0.000000000000000000, 0.000000000000000000, 1.000000000000000000 ) ) ;
#126 = LINE ( 'NONE', #1506, #1657 ) ;
#127 = ORIENTED_EDGE ( 'NONE', *, *, #319, .F. ) ;
#128 = CARTESIAN_POINT ( 'NONE',  ( -4.799999999999814193, -2.685144316419850075, 5.393063171575557035 ) ) ;
#129 = VERTEX_POINT ( 'NONE', #898 ) ;
#130 = CARTESIAN_POINT ( 'NONE',  ( 4.738842355029221132, -2.794470542970780347, 5.182335688536994667 ) ) ;
#131 = B_SPLINE_CURVE_WITH_KNOTS ( 'NONE', 3,
 ( #1100, #589, #1799, #423, #272, #889 ),
 .UNSPECIFIED., .F., .F.,
 ( 4, 2, 4 ),
 ( 0.000000000000000000, 0.0009492615940431444995, 0.001898523188086288999 ),
 .UNSPECIFIED. ) ;
#132 = DIRECTION ( 'NONE',  ( 0.000000000000000000, 0.000000000000000000, -1.000000000000000000 ) ) ;
#133 = EDGE_CURVE ( 'NONE', #377, #2183, #1387, .T. ) ;
#134 = CARTESIAN_POINT ( 'NONE',  ( -3.599999999999999201, 0.000000000000000000, 4.000000000000000000 ) ) ;
#135 = DIRECTION ( 'NONE',  ( 1.000000000000000000, 0.000000000000000000, -0.000000000000000000 ) ) ;
#136 = ORIENTED_EDGE ( 'NONE', *, *, #551, .F. ) ;
#137 = CARTESIAN_POINT ( 'NONE',  ( -5.000000000000000000, 2.069194468070871373, 0.08141587282232645717 ) ) ;
#138 = UNCERTAINTY_MEASURE_WITH_UNIT (LENGTH_MEASURE( 1.000000000000000082E-05 ), #368, 'distance_accuracy_value', 'NONE');
#139 = ORIENTED_EDGE ( 'NONE', *, *, #2175, .T. ) ;
#140 = CARTESIAN_POINT ( 'NONE',  ( -0.9739313922189725137, -5.413320417913855209, 1.238131830440881931 ) ) ;
#141 = ORIENTED_EDGE ( 'NONE', *, *, #1371, .F. ) ;
#142 = ORIENTED_EDGE ( 'NONE', *, *, #1468, .F. ) ;
#143 = ORIENTED_EDGE ( 'NONE', *, *, #1677, .F. ) ;
#144 = CARTESIAN_POINT ( 'NONE',  ( -5.000000000000000000, -2.291287847477919470, 3.000000000000000000 ) ) ;
#145 = ORIENTED_EDGE ( 'NONE', *, *, #195, .F. ) ;
#146 = CIRCLE ( 'NONE', #1948, 5.500000000000000000 ) ;
#147 = CARTESIAN_POINT ( 'NONE',  ( -4.631864648715344757, 2.965970124649465411, 4.606646222262845036 ) ) ;
#148 = CARTESIAN_POINT ( 'NONE',  ( 4.800000000000002487, -2.685144316419505905, 2.606936828424488706 ) ) ;
#149 = AXIS2_PLACEMENT_3D ( 'NONE', #1405, #700, #550 ) ;
#150 = EDGE_CURVE ( 'NONE', #864, #1798, #853, .T. ) ;
#151 = DIRECTION ( 'NONE',  ( -0.000000000000000000, -1.000000000000000000, -0.000000000000000000 ) ) ;
#152 = AXIS2_PLACEMENT_3D ( 'NONE', #1272, #1602, #111 ) ;
#153 = AXIS2_PLACEMENT_3D ( 'NONE', #1532, #29, #188 ) ;
#154 = CARTESIAN_POINT ( 'NONE',  ( -0.1306423900592295628, -5.500000000000001776, 2.499999999999999112 ) ) ;
#155 = ORIENTED_EDGE ( 'NONE', *, *, #101, .T. ) ;
#156 = CARTESIAN_POINT ( 'NONE',  ( 1.449999999999999956, -1.301042606982605321E-15, 10.00000000000000000 ) ) ;
#157 = AXIS2_PLACEMENT_3D ( 'NONE', #1939, #532, #1913 ) ;
#158 = LINE ( 'NONE', #803, #505 ) ;
#159 = CARTESIAN_POINT ( 'NONE',  ( 0.9000000000000000222, 0.000000000000000000, -7.500000000000000000 ) ) ;
#160 = CARTESIAN_POINT ( 'NONE',  ( 4.800000000000002487, 0.000000000000000000, 4.000000000000000000 ) ) ;
#161 = CARTESIAN_POINT ( 'NONE',  ( 4.123362662912774645, -3.282066445284809397, 3.000000000000000000 ) ) ;
#162 = CARTESIAN_POINT ( 'NONE',  ( 4.413765022551202399, 3.281566443895900242, 2.700000000000000178 ) ) ;
#163 = EDGE_CURVE ( 'NONE', #1601, #972, #687, .T. ) ;
#164 = CARTESIAN_POINT ( 'NONE',  ( 0.1306755150546264344, -5.500000000000000888, 2.500000000000000444 ) ) ;
#165 = EDGE_LOOP ( 'NONE', ( #757, #2019, #908, #812 ) ) ;
#166 = DIRECTION ( 'NONE',  ( -1.000000000000000000, 0.000000000000000000, 0.000000000000000000 ) ) ;
#167 = DIRECTION ( 'NONE',  ( -0.000000000000000000, -0.000000000000000000, -1.000000000000000000 ) ) ;
#168 = B_SPLINE_CURVE_WITH_KNOTS ( 'NONE', 3,
 ( #562, #289, #1630, #95, #742, #583, #1976, #278, #937, #419, #130, #1957 ),
 .UNSPECIFIED., .F., .F.,
 ( 4, 2, 2, 2, 2, 4 ),
 ( 0.0007298252965574012754, 0.001459761954459760751, 0.001824730283410939784, 0.002189698612362118383, 0.002919635270264476449, 0.003649571928166834081 ),
 .UNSPECIFIED. ) ;
#169 = LINE ( 'NONE', #1345, #503 ) ;
#170 = EDGE_LOOP ( 'NONE', ( #926, #906 ) ) ;
#171 = FACE_OUTER_BOUND ( 'NONE', #1938, .T. ) ;
#172 = EDGE_CURVE ( 'NONE', #1229, #936, #1066, .T. ) ;
#173 = CARTESIAN_POINT ( 'NONE',  ( 1.102182119232617714E-15, -1.000000000000000000, 1.499999999999999556 ) ) ;
#174 = ORIENTED_EDGE ( 'NONE', *, *, #218, .F. ) ;
#175 = CARTESIAN_POINT ( 'NONE',  ( 0.9000000000000000222, 0.000000000000000000, -7.500000000000000000 ) ) ;
#176 = DIRECTION ( 'NONE',  ( 1.000000000000000000, -0.000000000000000000, -0.000000000000000000 ) ) ;
#177 = CARTESIAN_POINT ( 'NONE',  ( -1.249999999999999778, -1.175516310070001636E-15, 8.974999999999999645 ) ) ;
#178 = CIRCLE ( 'NONE', #304, 3.024999999999999911 ) ;
#179 = VECTOR ( 'NONE', #1974, 1000.000000000000000 ) ;
#180 = CARTESIAN_POINT ( 'NONE',  ( 1.449999999999999956, -3.276082999478249658, 4.037778610088965436 ) ) ;
#181 = CIRCLE ( 'NONE', #310, 3.024999999999999911 ) ;
#182 = AXIS2_PLACEMENT_3D ( 'NONE', #814, #2033, #1694 ) ;
#183 = DIRECTION ( 'NONE',  ( 1.000000000000000000, 0.000000000000000000, 0.000000000000000000 ) ) ;
#184 = ORIENTED_EDGE ( 'NONE', *, *, #2048, .T. ) ;
#185 = DIRECTION ( 'NONE',  ( 1.000000000000000000, -0.000000000000000000, -0.000000000000000000 ) ) ;
#186 = EDGE_CURVE ( 'NONE', #839, #670, #1992, .T. ) ;
#187 = CARTESIAN_POINT ( 'NONE',  ( 1.449999999999999956, -1.308934502411512435, 5.846560182149437068 ) ) ;
#188 = DIRECTION ( 'NONE',  ( 0.000000000000000000, 0.000000000000000000, -1.000000000000000000 ) ) ;
#189 = CARTESIAN_POINT ( 'NONE',  ( -3.599999999999999201, 0.000000000000000000, 4.000000000000000000 ) ) ;
#190 = DIRECTION ( 'NONE',  ( -1.000000000000000000, 0.000000000000000000, 0.000000000000000000 ) ) ;
#191 = EDGE_LOOP ( 'NONE', ( #787, #1145, #1619, #1809, #1215, #1452 ) ) ;
#192 = LINE ( 'NONE', #613, #1884 ) ;
#193 = DIRECTION ( 'NONE',  ( 1.000000000000000000, 0.000000000000000000, 0.000000000000000000 ) ) ;
#194 = ORIENTED_EDGE ( 'NONE', *, *, #1946, .F. ) ;
#195 = EDGE_CURVE ( 'NONE', #377, #396, #1772, .T. ) ;
#196 = DIRECTION ( 'NONE',  ( -0.000000000000000000, -0.000000000000000000, 1.000000000000000000 ) ) ;
#197 = CARTESIAN_POINT ( 'NONE',  ( -3.599999999999999201, 0.000000000000000000, 4.000000000000000000 ) ) ;
#198 = DIRECTION ( 'NONE',  ( 0.000000000000000000, -1.000000000000000000, 0.000000000000000000 ) ) ;
#199 = ORIENTED_EDGE ( 'NONE', *, *, #195, .T. ) ;
#200 = DIRECTION ( 'NONE',  ( 0.000000000000000000, 0.000000000000000000, 1.000000000000000000 ) ) ;
#201 = LINE ( 'NONE', #14, #1875 ) ;
#202 = SURFACE_STYLE_FILL_AREA ( #1714 ) ;
#203 = CARTESIAN_POINT ( 'NONE',  ( -4.999999999999999112, 0.000000000000000000, 4.000000000000000000 ) ) ;
#204 = PLANE ( 'NONE',  #2052 ) ;
#205 = PRODUCT_DEFINITION ( '未知', '', #342, #1289 ) ;
#206 = ADVANCED_FACE ( 'NONE', ( #78 ), #1559, .F. ) ;
#207 = CARTESIAN_POINT ( 'NONE',  ( -3.599999999999999201, 0.000000000000000000, 7.025000000000000355 ) ) ;
#208 = EDGE_CURVE ( 'NONE', #2100, #1708, #2059, .T. ) ;
#209 = CARTESIAN_POINT ( 'NONE',  ( -1.449999999999999956, 1.308934502411512879, 5.846560182149437068 ) ) ;
#210 = AXIS2_PLACEMENT_3D ( 'NONE', #356, #1341, #2031 ) ;
#211 = EDGE_LOOP ( 'NONE', ( #442, #1935 ) ) ;
#212 = CARTESIAN_POINT ( 'NONE',  ( 4.999999999999999112, -2.291287847477921691, 3.000000000000000000 ) ) ;
#213 = CARTESIAN_POINT ( 'NONE',  ( 0.000000000000000000, 0.000000000000000000, 2.700000000000000178 ) ) ;
#214 = EDGE_LOOP ( 'NONE', ( #1316, #1535 ) ) ;
#215 = DIRECTION ( 'NONE',  ( -1.000000000000000000, 0.000000000000000000, 0.000000000000000000 ) ) ;
#216 = CARTESIAN_POINT ( 'NONE',  ( 5.000000000000000888, 2.212285786355105532, 0.1604794238736639567 ) ) ;
#217 = CARTESIAN_POINT ( 'NONE',  ( 4.800000000000002487, 0.000000000000000000, 4.000000000000000000 ) ) ;
#218 = EDGE_CURVE ( 'NONE', #121, #864, #1081, .T. ) ;
#219 = ORIENTED_EDGE ( 'NONE', *, *, #1489, .T. ) ;
#220 = CARTESIAN_POINT ( 'NONE',  ( 4.999999999999999112, -1.428285685708572617, 0.000000000000000000 ) ) ;
#221 = ORIENTED_EDGE ( 'NONE', *, *, #1287, .F. ) ;
#222 = FACE_OUTER_BOUND ( 'NONE', #2007, .T. ) ;
#223 = CARTESIAN_POINT ( 'NONE',  ( 0.000000000000000000, 0.000000000000000000, 0.000000000000000000 ) ) ;
#224 = CYLINDRICAL_SURFACE ( 'NONE', #2124, 1.825000000000000178 ) ;
#225 = DIRECTION ( 'NONE',  ( 0.000000000000000000, 0.000000000000000000, -1.000000000000000000 ) ) ;
#226 = ORIENTED_EDGE ( 'NONE', *, *, #1567, .T. ) ;
#227 = CARTESIAN_POINT ( 'NONE',  ( -4.123257525891460773, -3.282066445284809397, 3.000000000000000000 ) ) ;
#228 = EDGE_LOOP ( 'NONE', ( #1513, #668, #1490, #549 ) ) ;
#229 = CARTESIAN_POINT ( 'NONE',  ( 1.249999999999999778, -1.301042606982605321E-15, 10.00000000000000000 ) ) ;
#230 = ADVANCED_FACE ( 'NONE', ( #222 ), #1255, .T. ) ;
#231 = FACE_OUTER_BOUND ( 'NONE', #454, .T. ) ;
#232 = CARTESIAN_POINT ( 'NONE',  ( 0.1454569201595563022, 5.500000000000000000, 0.9499999999999997335 ) ) ;
#233 = DIRECTION ( 'NONE',  ( 0.000000000000000000, -1.000000000000000000, 0.000000000000000000 ) ) ;
#234 = CARTESIAN_POINT ( 'NONE',  ( -4.739155382845845921, -2.793910970246659353, 2.816585728990605553 ) ) ;
#235 = CARTESIAN_POINT ( 'NONE',  ( 0.000000000000000000, 0.000000000000000000, -0.4000000000000000222 ) ) ;
#236 = VECTOR ( 'NONE', #923, 1000.000000000000000 ) ;
#237 = VERTEX_POINT ( 'NONE', #767 ) ;
#238 = DIRECTION ( 'NONE',  ( 0.000000000000000000, 0.000000000000000000, -1.000000000000000000 ) ) ;
#239 = EDGE_CURVE ( 'NONE', #1251, #121, #89, .T. ) ;
#240 = CIRCLE ( 'NONE', #114, 0.9750000000000001998 ) ;
#241 = EDGE_LOOP ( 'NONE', ( #2189, #909, #1131, #1386, #1191 ) ) ;
#242 = ADVANCED_FACE ( 'NONE', ( #1076, #1787 ), #1122, .T. ) ;
#243 = CYLINDRICAL_SURFACE ( 'NONE', #1477, 90.00000000000000000 ) ;
#244 = FACE_BOUND ( 'NONE', #1411, .T. ) ;
#245 = CARTESIAN_POINT ( 'NONE',  ( -0.9000000000000000222, 1.102182119232617788E-16, -0.4000000000000001887 ) ) ;
#246 = AXIS2_PLACEMENT_3D ( 'NONE', #621, #132, #1979 ) ;
#247 = EDGE_LOOP ( 'NONE', ( #2102, #2058, #219, #785 ) ) ;
#248 = DIRECTION ( 'NONE',  ( -1.000000000000000000, -0.000000000000000000, -0.000000000000000000 ) ) ;
#249 = ORIENTED_EDGE ( 'NONE', *, *, #1989, .F. ) ;
#250 = EDGE_LOOP ( 'NONE', ( #1278, #363 ) ) ;
#251 = FACE_OUTER_BOUND ( 'NONE', #1205, .T. ) ;
#252 = FACE_OUTER_BOUND ( 'NONE', #109, .T. ) ;
#253 = CARTESIAN_POINT ( 'NONE',  ( 1.249999999999999778, -1.301042606982605321E-15, 10.00000000000000000 ) ) ;
#254 = EDGE_CURVE ( 'NONE', #1045, #490, #420, .T. ) ;
#255 = DIRECTION ( 'NONE',  ( 1.000000000000000000, 0.000000000000000000, 0.000000000000000000 ) ) ;
#256 = ORIENTED_EDGE ( 'NONE', *, *, #2115, .T. ) ;
#257 = CARTESIAN_POINT ( 'NONE',  ( 4.616087517742979429, 2.990273570852248319, 10.24137931034482740 ) ) ;
#258 = CARTESIAN_POINT ( 'NONE',  ( 1.449999999999999956, -1.301042606982605321E-15, 10.00000000000000000 ) ) ;
#259 = ORIENTED_EDGE ( 'NONE', *, *, #1457, .F. ) ;
#260 = AXIS2_PLACEMENT_3D ( 'NONE', #156, #327, #1520 ) ;
#261 = DIRECTION ( 'NONE',  ( -1.000000000000000000, 0.000000000000000000, 0.000000000000000000 ) ) ;
#262 = DIRECTION ( 'NONE',  ( -1.000000000000000000, 0.000000000000000000, 0.000000000000000000 ) ) ;
#263 = CARTESIAN_POINT ( 'NONE',  ( -4.799999999999993605, 0.000000000000000000, 7.025000000000000355 ) ) ;
#264 = EDGE_CURVE ( 'NONE', #396, #377, #1663, .T. ) ;
#265 = ORIENTED_EDGE ( 'NONE', *, *, #971, .T. ) ;
#266 = CARTESIAN_POINT ( 'NONE',  ( 4.682159817860066298, 2.889065464432987174, 10.86642624304375815 ) ) ;
#267 = EDGE_CURVE ( 'NONE', #766, #1355, #1063, .T. ) ;
#268 = VERTEX_POINT ( 'NONE', #1969 ) ;
#269 = CARTESIAN_POINT ( 'NONE',  ( 1.449999999999999956, -1.308934502411512435, 5.846560182149437068 ) ) ;
#270 = AXIS2_PLACEMENT_3D ( 'NONE', #1807, #1440, #732 ) ;
#271 = ORIENTED_EDGE ( 'NONE', *, *, #17, .T. ) ;
#272 = CARTESIAN_POINT ( 'NONE',  ( -4.632805641839874866, -2.964465790348152385, 10.56109322390899052 ) ) ;
#273 = CIRCLE ( 'NONE', #1691, 3.224999999999998757 ) ;
#274 = DIRECTION ( 'NONE',  ( -1.000000000000000000, 0.000000000000000000, 0.000000000000000000 ) ) ;
#275 = VECTOR ( 'NONE', #1300, 1000.000000000000000 ) ;
#276 = CARTESIAN_POINT ( 'NONE',  ( -1.449999999999999956, -1.308934502411512435, 5.846560182149437068 ) ) ;
#277 = EDGE_LOOP ( 'NONE', ( #2149, #1363 ) ) ;
#278 = CARTESIAN_POINT ( 'NONE',  ( 4.593381651811576205, -3.025036363864087807, 4.244488965884881004 ) ) ;
#279 = VERTEX_POINT ( 'NONE', #106 ) ;
#280 = ADVANCED_FACE ( 'NONE', ( #410 ), #1446, .F. ) ;
#281 = ORIENTED_EDGE ( 'NONE', *, *, #1007, .F. ) ;
#282 = DIRECTION ( 'NONE',  ( 0.000000000000000000, 0.000000000000000000, -1.000000000000000000 ) ) ;
#283 = ORIENTED_EDGE ( 'NONE', *, *, #1213, .T. ) ;
#284 = LINE ( 'NONE', #944, #824 ) ;
#285 = DIRECTION ( 'NONE',  ( 0.000000000000000000, 0.000000000000000000, 1.000000000000000000 ) ) ;
#286 = VERTEX_POINT ( 'NONE', #790 ) ;
#287 =( NAMED_UNIT ( * ) SI_UNIT ( $, .STERADIAN. ) SOLID_ANGLE_UNIT ( ) );
#288 = ORIENTED_EDGE ( 'NONE', *, *, #888, .F. ) ;
#289 = CARTESIAN_POINT ( 'NONE',  ( 4.739155382845849473, -2.793910970246654912, 2.816585728990593562 ) ) ;
#290 = EDGE_LOOP ( 'NONE', ( #143, #1462, #1396, #2186, #1719, #667 ) ) ;
#291 = CARTESIAN_POINT ( 'NONE',  ( 1.249999999999999778, -1.301042606982605321E-15, 10.00000000000000000 ) ) ;
#292 = ORIENTED_EDGE ( 'NONE', *, *, #1515, .F. ) ;
#293 = EDGE_CURVE ( 'NONE', #1708, #2100, #314, .T. ) ;
#294 = ORIENTED_EDGE ( 'NONE', *, *, #971, .F. ) ;
#295 = CARTESIAN_POINT ( 'NONE',  ( -4.686529882200609620, 2.879439335345657103, 3.041429296160468088 ) ) ;
#296 = DIRECTION ( 'NONE',  ( 1.000000000000000000, -0.000000000000000000, -0.000000000000000000 ) ) ;
#297 = DIRECTION ( 'NONE',  ( 0.000000000000000000, 0.000000000000000000, 1.000000000000000000 ) ) ;
#298 = CARTESIAN_POINT ( 'NONE',  ( -4.999999999999997335, 2.212651872608806691, 0.1608013106320974328 ) ) ;
#299 = CARTESIAN_POINT ( 'NONE',  ( -0.7994768501669001770, -5.442373117930604742, 0.8853850096121987923 ) ) ;
#300 = EDGE_LOOP ( 'NONE', ( #1307, #1018 ) ) ;
#301 = CARTESIAN_POINT ( 'NONE',  ( 3.599999999999999201, 0.000000000000000000, 4.000000000000000000 ) ) ;
#302 = ORIENTED_EDGE ( 'NONE', *, *, #1871, .T. ) ;
#303 = EDGE_CURVE ( 'NONE', #279, #1680, #1033, .T. ) ;
#304 = AXIS2_PLACEMENT_3D ( 'NONE', #1590, #2049, #37 ) ;
#305 = DIRECTION ( 'NONE',  ( 1.000000000000000000, 0.000000000000000000, 0.000000000000000000 ) ) ;
#306 = DIRECTION ( 'NONE',  ( -0.000000000000000000, -0.000000000000000000, 1.000000000000000000 ) ) ;
#307 = AXIS2_PLACEMENT_3D ( 'NONE', #426, #1093, #1249 ) ;
#308 = EDGE_CURVE ( 'NONE', #432, #592, #751, .T. ) ;
#309 = ORIENTED_EDGE ( 'NONE', *, *, #450, .F. ) ;
#310 = AXIS2_PLACEMENT_3D ( 'NONE', #2112, #1434, #1068 ) ;
#311 =( NAMED_UNIT ( * ) PLANE_ANGLE_UNIT ( ) SI_UNIT ( $, .RADIAN. ) );
#312 = AXIS2_PLACEMENT_3D ( 'NONE', #1995, #296, #285 ) ;
#313 = DIRECTION ( 'NONE',  ( 1.000000000000000000, 0.000000000000000000, 0.000000000000000000 ) ) ;
#314 = CIRCLE ( 'NONE', #246, 3.000000000000000444 ) ;
#315 = LINE ( 'NONE', #1845, #409 ) ;
#316 = CARTESIAN_POINT ( 'NONE',  ( -4.200000000000000178, 5.143516556418883914E-16, 0.000000000000000000 ) ) ;
#317 = EDGE_LOOP ( 'NONE', ( #1704, #25, #1483, #380 ) ) ;
#318 = CARTESIAN_POINT ( 'NONE',  ( -4.999999999999999112, 2.291287847477920803, 0.2583098266865208603 ) ) ;
#319 = EDGE_CURVE ( 'NONE', #1355, #1254, #328, .T. ) ;
#320 = CARTESIAN_POINT ( 'NONE',  ( 1.135139064070121444E-15, -5.500000000000000000, 0.4999999999999995559 ) ) ;
#321 = CARTESIAN_POINT ( 'NONE',  ( 0.9735617858892424703, -5.413385287995851947, 1.237062300501955647 ) ) ;
#322 = ORIENTED_EDGE ( 'NONE', *, *, #2026, .F. ) ;
#323 = DIRECTION ( 'NONE',  ( -0.000000000000000000, -0.000000000000000000, 1.000000000000000000 ) ) ;
#324 = CARTESIAN_POINT ( 'NONE',  ( 4.909097451144425861, -2.489653471761296810, 11.70178230120674812 ) ) ;
#325 = CARTESIAN_POINT ( 'NONE',  ( -0.6156699463502732783, -5.466217970945501214, 0.7013352784032356180 ) ) ;
#326 = EDGE_CURVE ( 'NONE', #237, #1119, #1623, .T. ) ;
#327 = DIRECTION ( 'NONE',  ( -1.000000000000000000, 0.000000000000000000, 0.000000000000000000 ) ) ;
#328 = B_SPLINE_CURVE_WITH_KNOTS ( 'NONE', 3,
 ( #1810, #2155, #1644, #1775 ),
 .UNSPECIFIED., .F., .F.,
 ( 4, 4 ),
 ( 0.000000000000000000, 1.000000000000000000 ),
 .UNSPECIFIED. ) ;
#329 = ORIENTED_EDGE ( 'NONE', *, *, #1400, .T. ) ;
#330 = FACE_BOUND ( 'NONE', #1624, .T. ) ;
#331 = CARTESIAN_POINT ( 'NONE',  ( -5.172442859629964751, 0.000000000000000000, 4.000000000000000000 ) ) ;
#332 = CIRCLE ( 'NONE', #891, 1.024999999999999911 ) ;
#333 = DIRECTION ( 'NONE',  ( 0.000000000000000000, 0.000000000000000000, -1.000000000000000000 ) ) ;
#334 = AXIS2_PLACEMENT_3D ( 'NONE', #1003, #689, #1353 ) ;
#335 = CARTESIAN_POINT ( 'NONE',  ( 4.631864648715346533, 2.965970124649464967, 4.606646222262853918 ) ) ;
#336 = VECTOR ( 'NONE', #780, 1000.000000000000000 ) ;
#337 = CYLINDRICAL_SURFACE ( 'NONE', #962, 5.500000000000000000 ) ;
#338 = VECTOR ( 'NONE', #56, 1000.000000000000000 ) ;
#339 = AXIS2_PLACEMENT_3D ( 'NONE', #392, #1964, #1450 ) ;
#340 = CARTESIAN_POINT ( 'NONE',  ( 4.924196699264665966, 2.456704211071810917, 2.005223547611567181 ) ) ;
#341 = ADVANCED_FACE ( 'NONE', ( #576 ), #122, .T. ) ;
#342 = PRODUCT_DEFINITION_FORMATION_WITH_SPECIFIED_SOURCE ( '任何', '', #1125, .NOT_KNOWN. ) ;
#343 = ORIENTED_EDGE ( 'NONE', *, *, #916, .T. ) ;
#344 = DIRECTION ( 'NONE',  ( 0.000000000000000000, 1.000000000000000000, 0.000000000000000000 ) ) ;
#345 = DIRECTION ( 'NONE',  ( 0.000000000000000000, 0.000000000000000000, -1.000000000000000000 ) ) ;
#346 = DIRECTION ( 'NONE',  ( 0.000000000000000000, 0.000000000000000000, -1.000000000000000000 ) ) ;
#347 = CARTESIAN_POINT ( 'NONE',  ( 4.617708506019662984, 2.987821760445923402, 4.488182469341870373 ) ) ;
#348 = B_SPLINE_CURVE_WITH_KNOTS ( 'NONE', 3,
 ( #600, #1451, #435, #1604 ),
 .UNSPECIFIED., .F., .F.,
 ( 4, 4 ),
 ( 0.000000000000000000, 1.000000000000000000 ),
 .UNSPECIFIED. ) ;
#349 = DIRECTION ( 'NONE',  ( 0.000000000000000000, 0.000000000000000000, 1.000000000000000000 ) ) ;
#350 = DIRECTION ( 'NONE',  ( -0.000000000000000000, -0.000000000000000000, 1.000000000000000000 ) ) ;
#351 = ORIENTED_EDGE ( 'NONE', *, *, #308, .T. ) ;
#352 = ORIENTED_EDGE ( 'NONE', *, *, #1228, .F. ) ;
#353 = FACE_OUTER_BOUND ( 'NONE', #1770, .T. ) ;
#354 = ADVANCED_FACE ( 'NONE', ( #594 ), #1481, .F. ) ;
#355 = ADVANCED_FACE ( 'NONE', ( #251 ), #1773, .F. ) ;
#356 = CARTESIAN_POINT ( 'NONE',  ( 1.449999999999999956, -1.301042606982605321E-15, 10.00000000000000000 ) ) ;
#357 = B_SPLINE_CURVE_WITH_KNOTS ( 'NONE', 3,
 ( #68, #747, #1236, #1435, #2127, #579 ),
 .UNSPECIFIED., .F., .F.,
 ( 4, 2, 4 ),
 ( 0.000000000000000000, 0.0002668148849464763790, 0.0005336297698929527581 ),
 .UNSPECIFIED. ) ;
#358 = EDGE_CURVE ( 'NONE', #1575, #1107, #1553, .T. ) ;
#359 = CARTESIAN_POINT ( 'NONE',  ( 4.999999999999999112, 0.000000000000000000, 0.7750000000000022427 ) ) ;
#360 = DIRECTION ( 'NONE',  ( -1.000000000000000000, -0.000000000000000000, -0.000000000000000000 ) ) ;
#361 = ORIENTED_EDGE ( 'NONE', *, *, #1609, .T. ) ;
#362 = FACE_OUTER_BOUND ( 'NONE', #108, .T. ) ;
#363 = ORIENTED_EDGE ( 'NONE', *, *, #807, .F. ) ;
#364 = CARTESIAN_POINT ( 'NONE',  ( 4.999999999999998224, -2.269451169149898195, 0.2199933722147777437 ) ) ;
#365 = ORIENTED_EDGE ( 'NONE', *, *, #1271, .T. ) ;
#366 = DIRECTION ( 'NONE',  ( 0.000000000000000000, 0.000000000000000000, -1.000000000000000000 ) ) ;
#367 = CARTESIAN_POINT ( 'NONE',  ( -4.999999999999998224, -2.069341200113460566, 0.08141019236119374780 ) ) ;
#368 =( LENGTH_UNIT ( ) NAMED_UNIT ( * ) SI_UNIT ( .MILLI., .METRE. ) );
#369 = CARTESIAN_POINT ( 'NONE',  ( 1.449999999999999956, 3.276082999478232338, 4.037778610088894382 ) ) ;
#370 = CARTESIAN_POINT ( 'NONE',  ( -1.249999999999999778, -1.301042606982605321E-15, 11.82500000000000107 ) ) ;
#371 = EDGE_CURVE ( 'NONE', #1743, #1008, #1502, .T. ) ;
#372 = LINE ( 'NONE', #1885, #1652 ) ;
#373 = ORIENTED_EDGE ( 'NONE', *, *, #707, .F. ) ;
#374 = CARTESIAN_POINT ( 'NONE',  ( -4.799999999999997158, 0.000000000000000000, 4.000000000000000000 ) ) ;
#375 = VECTOR ( 'NONE', #185, 1000.000000000000000 ) ;
#376 = CIRCLE ( 'NONE', #1621, 0.9750000000000001998 ) ;
#377 = VERTEX_POINT ( 'NONE', #1862 ) ;
#378 = CARTESIAN_POINT ( 'NONE',  ( -1.449999999999999956, -1.806950572528448928, 5.334094443960364806 ) ) ;
#379 = CARTESIAN_POINT ( 'NONE',  ( -4.999999999999999112, -1.751997326039295810, 0.008299423556452177955 ) ) ;
#380 = ORIENTED_EDGE ( 'NONE', *, *, #385, .T. ) ;
#381 = DIRECTION ( 'NONE',  ( 0.000000000000000000, 0.000000000000000000, -1.000000000000000000 ) ) ;
#382 = DIRECTION ( 'NONE',  ( -0.000000000000000000, -0.000000000000000000, -1.000000000000000000 ) ) ;
#383 = EDGE_LOOP ( 'NONE', ( #2009, #950, #519, #715 ) ) ;
#384 = DIRECTION ( 'NONE',  ( -1.000000000000000000, -0.000000000000000000, -0.000000000000000000 ) ) ;
#385 = EDGE_CURVE ( 'NONE', #527, #1500, #1642, .T. ) ;
#386 = EDGE_LOOP ( 'NONE', ( #1784, #373 ) ) ;
#387 = DIRECTION ( 'NONE',  ( 0.000000000000000000, 0.000000000000000000, -1.000000000000000000 ) ) ;
#388 = ORIENTED_EDGE ( 'NONE', *, *, #1103, .F. ) ;
#389 = DIRECTION ( 'NONE',  ( 0.000000000000000000, 0.000000000000000000, 1.000000000000000000 ) ) ;
#390 = DIRECTION ( 'NONE',  ( 1.000000000000000000, 0.000000000000000000, -0.000000000000000000 ) ) ;
#391 = FACE_BOUND ( 'NONE', #277, .T. ) ;
#392 = CARTESIAN_POINT ( 'NONE',  ( -1.249999999999999778, -1.301042606982605321E-15, 10.00000000000000000 ) ) ;
#393 = DIRECTION ( 'NONE',  ( 0.000000000000000000, 0.000000000000000000, -1.000000000000000000 ) ) ;
#394 = EDGE_CURVE ( 'NONE', #1796, #66, #465, .T. ) ;
#395 = ORIENTED_EDGE ( 'NONE', *, *, #1022, .F. ) ;
#396 = VERTEX_POINT ( 'NONE', #2029 ) ;
#397 = LINE ( 'NONE', #1566, #821 ) ;
#398 = EDGE_CURVE ( 'NONE', #640, #1743, #850, .T. ) ;
#399 = ORIENTED_EDGE ( 'NONE', *, *, #573, .F. ) ;
#400 = FACE_OUTER_BOUND ( 'NONE', #778, .T. ) ;
#401 = ORIENTED_EDGE ( 'NONE', *, *, #818, .F. ) ;
#402 = FACE_OUTER_BOUND ( 'NONE', #636, .T. ) ;
#403 = CARTESIAN_POINT ( 'NONE',  ( -4.681711547735022627, 2.889801882257418075, 10.86426141058551309 ) ) ;
#404 = CARTESIAN_POINT ( 'NONE',  ( 4.413765022551189965, -3.281566443895916230, 2.700000000000000178 ) ) ;
#405 = AXIS2_PLACEMENT_3D ( 'NONE', #2196, #1475, #1685 ) ;
#406 = ORIENTED_EDGE ( 'NONE', *, *, #993, .T. ) ;
#407 = DIRECTION ( 'NONE',  ( 0.000000000000000000, 0.000000000000000000, 1.000000000000000000 ) ) ;
#408 = PRESENTATION_LAYER_ASSIGNMENT (  '', '', ( #1362 ) ) ;
#409 = VECTOR ( 'NONE', #967, 1000.000000000000000 ) ;
#410 = FACE_OUTER_BOUND ( 'NONE', #1831, .T. ) ;
#411 = EDGE_CURVE ( 'NONE', #985, #2118, #1679, .T. ) ;
#412 = AXIS2_PLACEMENT_3D ( 'NONE', #1467, #1647, #984 ) ;
#413 = VERTEX_POINT ( 'NONE', #461 ) ;
#414 = CARTESIAN_POINT ( 'NONE',  ( 0.5500520854288427630, 5.472425669304206153, 1.643391920316381594 ) ) ;
#415 = CARTESIAN_POINT ( 'NONE',  ( 1.249999999999999778, -1.175516310070001636E-15, 11.02500000000000036 ) ) ;
#416 = CARTESIAN_POINT ( 'NONE',  ( -1.449999999999999956, -2.417572691171607779, 5.009560414901448766 ) ) ;
#417 = AXIS2_PLACEMENT_3D ( 'NONE', #1960, #920, #282 ) ;
#418 = ORIENTED_EDGE ( 'NONE', *, *, #1256, .F. ) ;
#419 = CARTESIAN_POINT ( 'NONE',  ( 4.686529882200618502, -2.879439335345646001, 4.958570703839572325 ) ) ;
#420 = LINE ( 'NONE', #755, #1260 ) ;
#421 = DIRECTION ( 'NONE',  ( 0.000000000000000000, 0.000000000000000000, 1.000000000000000000 ) ) ;
#422 = ADVANCED_FACE ( 'NONE', ( #994 ), #2036, .F. ) ;
#423 = CARTESIAN_POINT ( 'NONE',  ( -4.682159817860065409, -2.889065464432989394, 10.86642624304375815 ) ) ;
#424 = DIRECTION ( 'NONE',  ( 0.000000000000000000, 1.000000000000000000, 0.000000000000000000 ) ) ;
#425 = ADVANCED_FACE ( 'NONE', ( #838, #629 ), #1832, .T. ) ;
#426 = CARTESIAN_POINT ( 'NONE',  ( 0.000000000000000000, 0.000000000000000000, -7.500000000000000000 ) ) ;
#427 = ORIENTED_EDGE ( 'NONE', *, *, #2178, .T. ) ;
#428 = CARTESIAN_POINT ( 'NONE',  ( -1.449999999999999956, -1.301042606982605321E-15, 10.00000000000000000 ) ) ;
#429 = VERTEX_POINT ( 'NONE', #482 ) ;
#430 = ORIENTED_EDGE ( 'NONE', *, *, #1702, .T. ) ;
#431 = DIRECTION ( 'NONE',  ( 0.000000000000000000, 0.000000000000000000, 1.000000000000000000 ) ) ;
#432 = VERTEX_POINT ( 'NONE', #2179 ) ;
#433 = DIRECTION ( 'NONE',  ( -1.000000000000000000, 0.000000000000000000, -0.000000000000000000 ) ) ;
#434 = CARTESIAN_POINT ( 'NONE',  ( 3.599999999999999201, 0.000000000000000000, 0.9750000000000001998 ) ) ;
#435 = CARTESIAN_POINT ( 'NONE',  ( -1.449999999999999956, 2.417572691171606891, 5.009560414901448766 ) ) ;
#436 = EDGE_CURVE ( 'NONE', #1774, #2173, #2122, .T. ) ;
#437 = EDGE_LOOP ( 'NONE', ( #1750, #2074, #439, #741, #127 ) ) ;
#438 = FACE_OUTER_BOUND ( 'NONE', #1923, .T. ) ;
#439 = ORIENTED_EDGE ( 'NONE', *, *, #1648, .F. ) ;
#440 = DIRECTION ( 'NONE',  ( -0.000000000000000000, 0.000000000000000000, -1.000000000000000000 ) ) ;
#441 = CIRCLE ( 'NONE', #717, 3.224999999999997868 ) ;
#442 = ORIENTED_EDGE ( 'NONE', *, *, #120, .F. ) ;
#443 = CIRCLE ( 'NONE', #1144, 3.024999999999999911 ) ;
#444 = DIRECTION ( 'NONE',  ( 1.000000000000000000, 0.000000000000000000, 0.000000000000000000 ) ) ;
#445 = AXIS2_PLACEMENT_3D ( 'NONE', #1137, #1299, #1321 ) ;
#446 = CARTESIAN_POINT ( 'NONE',  ( -5.172442859629964751, -1.301042606982605321E-15, 9.025000000000000355 ) ) ;
#447 = AXIS2_PLACEMENT_3D ( 'NONE', #1157, #176, #1343 ) ;
#448 = CARTESIAN_POINT ( 'NONE',  ( -4.484953663866403595, -3.192704997840605241, 7.733602876778884472 ) ) ;
#449 = LINE ( 'NONE', #1850, #1838 ) ;
#450 = EDGE_CURVE ( 'NONE', #873, #1607, #713, .T. ) ;
#451 = ORIENTED_EDGE ( 'NONE', *, *, #987, .T. ) ;
#452 = FACE_OUTER_BOUND ( 'NONE', #62, .T. ) ;
#453 = CARTESIAN_POINT ( 'NONE',  ( -4.999999999999999112, 2.291287847477920359, 3.000000000000000000 ) ) ;
#454 = EDGE_LOOP ( 'NONE', ( #961, #139, #1639, #141 ) ) ;
#455 = FACE_BOUND ( 'NONE', #36, .T. ) ;
#456 = CARTESIAN_POINT ( 'NONE',  ( -4.999999999999999112, 2.291287847477920359, 0.000000000000000000 ) ) ;
#457 = ORIENTED_EDGE ( 'NONE', *, *, #2134, .F. ) ;
#458 = CARTESIAN_POINT ( 'NONE',  ( -5.000000000000000000, 1.751990590631014921, 0.008295050552704651137 ) ) ;
#459 = ORIENTED_EDGE ( 'NONE', *, *, #534, .F. ) ;
#460 = CARTESIAN_POINT ( 'NONE',  ( -0.8737815068255898598, -5.430385454282434132, 0.9963898598047982169 ) ) ;
#461 = CARTESIAN_POINT ( 'NONE',  ( -1.449999999999999956, 2.990273570852248319, 10.24137931034482740 ) ) ;
#462 = ADVANCED_FACE ( 'NONE', ( #12 ), #1801, .T. ) ;
#463 = CARTESIAN_POINT ( 'NONE',  ( -4.617708506019662096, 2.987821760445922958, 4.488182469341866820 ) ) ;
#464 = CARTESIAN_POINT ( 'NONE',  ( -4.999999999999999112, -1.301042606982605321E-15, 10.00000000000000000 ) ) ;
#465 = CIRCLE ( 'NONE', #1503, 5.200000000000000178 ) ;
#466 = CARTESIAN_POINT ( 'NONE',  ( -5.172442859629964751, -1.301042606982605321E-15, 10.00000000000000000 ) ) ;
#467 = DIRECTION ( 'NONE',  ( 1.000000000000000000, 0.000000000000000000, 0.000000000000000000 ) ) ;
#468 = ORIENTED_EDGE ( 'NONE', *, *, #2106, .T. ) ;
#469 = CYLINDRICAL_SURFACE ( 'NONE', #1359, 1.825000000000000178 ) ;
#470 = ORIENTED_EDGE ( 'NONE', *, *, #1675, .T. ) ;
#471 = CARTESIAN_POINT ( 'NONE',  ( 3.599999999999998312, 0.000000000000000000, 4.000000000000000000 ) ) ;
#472 = AXIS2_PLACEMENT_3D ( 'NONE', #374, #248, #1453 ) ;
#473 = ADVANCED_FACE ( 'NONE', ( #2023 ), #1678, .F. ) ;
#474 = DIRECTION ( 'NONE',  ( 0.000000000000000000, 0.000000000000000000, -1.000000000000000000 ) ) ;
#475 = CARTESIAN_POINT ( 'NONE',  ( -1.449999999999999956, -1.175516310070001636E-15, 8.974999999999999645 ) ) ;
#476 = CIRCLE ( 'NONE', #1616, 1.024999999999999911 ) ;
#477 = CARTESIAN_POINT ( 'NONE',  ( -4.616087517742977653, -2.990273570852250984, 10.24137931034482740 ) ) ;
#478 = CARTESIAN_POINT ( 'NONE',  ( 4.033365821337749679, -3.282066445284809397, 3.000000000000000000 ) ) ;
#479 = CIRCLE ( 'NONE', #1406, 90.00000000000000000 ) ;
#480 = ORIENTED_EDGE ( 'NONE', *, *, #487, .T. ) ;
#481 = FACE_OUTER_BOUND ( 'NONE', #317, .T. ) ;
#482 = CARTESIAN_POINT ( 'NONE',  ( 4.999999999999999112, -2.291287847477921691, 6.269498843357269813 ) ) ;
#483 = CARTESIAN_POINT ( 'NONE',  ( -5.000000000000000000, -3.282066445284809397, 3.000000000000006217 ) ) ;
#484 = CARTESIAN_POINT ( 'NONE',  ( 1.074823409873011299E-15, 5.500000000000000000, 0.9499999999999995115 ) ) ;
#485 = ADVANCED_FACE ( 'NONE', ( #721 ), #885, .T. ) ;
#486 = ADVANCED_FACE ( 'NONE', ( #541 ), #679, .T. ) ;
#487 = EDGE_CURVE ( 'NONE', #2173, #432, #397, .T. ) ;
#488 = CARTESIAN_POINT ( 'NONE',  ( -0.8729935492570827238, -5.430515264191706493, 2.005095357457015837 ) ) ;
#489 = CARTESIAN_POINT ( 'NONE',  ( 0.5044785486427594279, -5.478158948847040577, 0.6266848177495603078 ) ) ;
#490 = VERTEX_POINT ( 'NONE', #1898 ) ;
#491 = DIRECTION ( 'NONE',  ( -0.000000000000000000, -0.000000000000000000, 1.000000000000000000 ) ) ;
#492 = PLANE ( 'NONE',  #2091 ) ;
#493 = CARTESIAN_POINT ( 'NONE',  ( -1.449999999999999956, 0.000000000000000000, 6.066615150441368343 ) ) ;
#494 = CARTESIAN_POINT ( 'NONE',  ( -4.999999999999999112, -1.301042606982605321E-15, 9.025000000000000355 ) ) ;
#495 = CARTESIAN_POINT ( 'NONE',  ( -0.9737923086940276640, -5.413348530363803590, 1.762616824856033437 ) ) ;
#496 = EDGE_CURVE ( 'NONE', #1229, #2041, #1522, .T. ) ;
#497 = B_SPLINE_CURVE_WITH_KNOTS ( 'NONE', 3,
 ( #1587, #416, #276, #1783 ),
 .UNSPECIFIED., .F., .F.,
 ( 4, 4 ),
 ( 0.000000000000000000, 1.000000000000000000 ),
 .UNSPECIFIED. ) ;
#498 = CARTESIAN_POINT ( 'NONE',  ( 0.6140341819522140421, -5.466421636750211199, 2.300172983447880792 ) ) ;
#499 = VERTEX_POINT ( 'NONE', #1759 ) ;
#500 = CARTESIAN_POINT ( 'NONE',  ( -4.999999999999999112, -1.428285685708572395, 0.000000000000000000 ) ) ;
#501 = CYLINDRICAL_SURFACE ( 'NONE', #116, 0.9750000000000001998 ) ;
#502 = DIRECTION ( 'NONE',  ( -1.000000000000000000, -0.000000000000000000, -0.000000000000000000 ) ) ;
#503 = VECTOR ( 'NONE', #1858, 1000.000000000000000 ) ;
#504 = CARTESIAN_POINT ( 'NONE',  ( 4.593417606087755622, 3.024981767971149260, 4.122918744408733183 ) ) ;
#505 = VECTOR ( 'NONE', #1147, 1000.000000000000000 ) ;
#506 = CARTESIAN_POINT ( 'NONE',  ( -4.413765022551183748, -3.281566443895923779, 2.700000000000000178 ) ) ;
#507 = AXIS2_PLACEMENT_3D ( 'NONE', #1882, #382, #2057 ) ;
#508 = EDGE_CURVE ( 'NONE', #1394, #1279, #568, .T. ) ;
#509 = CARTESIAN_POINT ( 'NONE',  ( -5.172442859629964751, 0.000000000000000000, 3.024999999999999911 ) ) ;
#510 = ORIENTED_EDGE ( 'NONE', *, *, #1011, .F. ) ;
#511 = FACE_OUTER_BOUND ( 'NONE', #2060, .T. ) ;
#512 = CARTESIAN_POINT ( 'NONE',  ( 4.413765022551202399, 3.281566443895900242, 2.700000000000000178 ) ) ;
#513 = VECTOR ( 'NONE', #1046, 1000.000000000000000 ) ;
#514 = VECTOR ( 'NONE', #988, 1000.000000000000000 ) ;
#515 = APPLICATION_PROTOCOL_DEFINITION ( 'draft international standard', 'automotive_design', 1998, #1407 ) ;
#516 = CARTESIAN_POINT ( 'NONE',  ( 1.449999999999999956, 3.276082999478232338, 4.037778610088894382 ) ) ;
#517 = CARTESIAN_POINT ( 'NONE',  ( 4.686171016994699734, 2.879999447362320275, 4.955887995734088669 ) ) ;
#518 = CARTESIAN_POINT ( 'NONE',  ( -4.999999999999999112, 0.000000000000000000, 4.000000000000000000 ) ) ;
#519 = ORIENTED_EDGE ( 'NONE', *, *, #1447, .T. ) ;
#520 = CARTESIAN_POINT ( 'NONE',  ( 1.449999999999999956, 1.308934502411512879, 5.846560182149437068 ) ) ;
#521 = LINE ( 'NONE', #63, #1661 ) ;
#522 = DIRECTION ( 'NONE',  ( 0.000000000000000000, 0.000000000000000000, -1.000000000000000000 ) ) ;
#523 = ADVANCED_FACE ( 'NONE', ( #1219, #1358 ), #1738, .T. ) ;
#524 = FACE_OUTER_BOUND ( 'NONE', #1670, .T. ) ;
#525 = CARTESIAN_POINT ( 'NONE',  ( 1.449999999999999956, -1.301042606982605321E-15, 10.00000000000000000 ) ) ;
#526 = CARTESIAN_POINT ( 'NONE',  ( 5.000000000000000000, 1.590643962668341072, -3.811648262644349985E-18 ) ) ;
#527 = VERTEX_POINT ( 'NONE', #1576 ) ;
#528 = DIRECTION ( 'NONE',  ( -1.000000000000000000, -0.000000000000000000, -0.000000000000000000 ) ) ;
#529 = DIRECTION ( 'NONE',  ( 1.000000000000000000, 0.000000000000000000, 0.000000000000000000 ) ) ;
#530 = B_SPLINE_CURVE_WITH_KNOTS ( 'NONE', 3,
 ( #99, #84, #547, #1416 ),
 .UNSPECIFIED., .F., .F.,
 ( 4, 4 ),
 ( 0.000000000000000000, 0.0009814593241183030073 ),
 .UNSPECIFIED. ) ;
#531 = ORIENTED_EDGE ( 'NONE', *, *, #2094, .F. ) ;
#532 = DIRECTION ( 'NONE',  ( 1.000000000000000000, 0.000000000000000000, -0.000000000000000000 ) ) ;
#533 = CARTESIAN_POINT ( 'NONE',  ( -4.999999999999999112, -1.428285685708572395, 0.000000000000000000 ) ) ;
#534 = EDGE_CURVE ( 'NONE', #1264, #1607, #1230, .T. ) ;
#535 = DIRECTION ( 'NONE',  ( 1.000000000000000000, -0.000000000000000000, -0.000000000000000000 ) ) ;
#536 = DIRECTION ( 'NONE',  ( 0.000000000000000000, 0.000000000000000000, 1.000000000000000000 ) ) ;
#537 = AXIS2_PLACEMENT_3D ( 'NONE', #1318, #2010, #829 ) ;
#538 = DIRECTION ( 'NONE',  ( 0.000000000000000000, 0.000000000000000000, 1.000000000000000000 ) ) ;
#539 = VECTOR ( 'NONE', #871, 1000.000000000000000 ) ;
#540 = EDGE_LOOP ( 'NONE', ( #2165, #2156, #281, #919, #361, #1448, #1259, #830, #54, #1312, #1117, #1591, #1643, #691, #587, #1294 ) ) ;
#541 = FACE_OUTER_BOUND ( 'NONE', #1812, .T. ) ;
#542 = AXIS2_PLACEMENT_3D ( 'NONE', #1755, #1940, #433 ) ;
#543 = ORIENTED_EDGE ( 'NONE', *, *, #303, .F. ) ;
#544 = CARTESIAN_POINT ( 'NONE',  ( -5.172442859629964751, -1.301042606982605321E-15, 9.025000000000000355 ) ) ;
#545 = CARTESIAN_POINT ( 'NONE',  ( 3.000000000000000444, 0.000000000000000000, -0.4000000000000001887 ) ) ;
#546 = CARTESIAN_POINT ( 'NONE',  ( -4.799999999999993605, 2.685144316419521004, 5.393063171575482428 ) ) ;
#547 = CARTESIAN_POINT ( 'NONE',  ( -4.924196699264666854, 2.456704211071809141, 5.994776452388445698 ) ) ;
#548 = EDGE_LOOP ( 'NONE', ( #1668, #226 ) ) ;
#549 = ORIENTED_EDGE ( 'NONE', *, *, #677, .T. ) ;
#550 = DIRECTION ( 'NONE',  ( 0.000000000000000000, 0.000000000000000000, 1.000000000000000000 ) ) ;
#551 = EDGE_CURVE ( 'NONE', #69, #2070, #1580, .T. ) ;
#552 = EDGE_LOOP ( 'NONE', ( #1966, #351 ) ) ;
#553 = CARTESIAN_POINT ( 'NONE',  ( -1.449999999999999956, 0.000000000000000000, 6.066615150441368343 ) ) ;
#554 = ORIENTED_EDGE ( 'NONE', *, *, #916, .F. ) ;
#555 = ORIENTED_EDGE ( 'NONE', *, *, #901, .T. ) ;
#556 = DIRECTION ( 'NONE',  ( 1.000000000000000000, 0.000000000000000000, -0.000000000000000000 ) ) ;
#557 = FACE_OUTER_BOUND ( 'NONE', #1887, .T. ) ;
#558 = CARTESIAN_POINT ( 'NONE',  ( 1.102182119232617714E-15, 6.000000000000000000, 1.499999999999999556 ) ) ;
#559 = CYLINDRICAL_SURFACE ( 'NONE', #2087, 0.9000000000000000222 ) ;
#560 = EDGE_CURVE ( 'NONE', #66, #839, #745, .T. ) ;
#561 = VERTEX_POINT ( 'NONE', #1936 ) ;
#562 = CARTESIAN_POINT ( 'NONE',  ( 4.800000000000002487, -2.685144316419505905, 2.606936828424488706 ) ) ;
#563 = ORIENTED_EDGE ( 'NONE', *, *, #1037, .F. ) ;
#564 = FACE_BOUND ( 'NONE', #552, .T. ) ;
#565 = CARTESIAN_POINT ( 'NONE',  ( 5.122956143805612355E-13, 5.500000000000454747, 2.050000000004548184 ) ) ;
#566 = LINE ( 'NONE', #415, #1253 ) ;
#567 = CARTESIAN_POINT ( 'NONE',  ( 4.999999999999999112, 2.291287847477920359, 0.2999999999999999334 ) ) ;
#568 = CIRCLE ( 'NONE', #1209, 1.024999999999999911 ) ;
#569 = ORIENTED_EDGE ( 'NONE', *, *, #939, .T. ) ;
#570 = FACE_OUTER_BOUND ( 'NONE', #290, .T. ) ;
#571 = B_SPLINE_CURVE_WITH_KNOTS ( 'NONE', 3,
 ( #1709, #849, #1216, #692 ),
 .UNSPECIFIED., .F., .F.,
 ( 4, 4 ),
 ( 0.000000000000000000, 0.0009814593241182639760 ),
 .UNSPECIFIED. ) ;
#572 = CIRCLE ( 'NONE', #1725, 90.00000000000000000 ) ;
#573 = EDGE_CURVE ( 'NONE', #60, #640, #178, .T. ) ;
#574 = EDGE_CURVE ( 'NONE', #1794, #1932, #1184, .T. ) ;
#575 = AXIS2_PLACEMENT_3D ( 'NONE', #832, #1890, #653 ) ;
#576 = FACE_OUTER_BOUND ( 'NONE', #1820, .T. ) ;
#577 = EDGE_CURVE ( 'NONE', #936, #279, #1221, .T. ) ;
#578 = CARTESIAN_POINT ( 'NONE',  ( 1.249999999999999778, -1.301042606982605321E-15, 8.175000000000000711 ) ) ;
#579 = CARTESIAN_POINT ( 'NONE',  ( 4.033365821337738133, 3.282066445284823164, 3.000000000000000000 ) ) ;
#580 = CARTESIAN_POINT ( 'NONE',  ( -5.000000000000000000, -2.291287847477919470, 6.269498843357279583 ) ) ;
#581 = AXIS2_PLACEMENT_3D ( 'NONE', #685, #366, #887 ) ;
#582 = VERTEX_POINT ( 'NONE', #1909 ) ;
#583 = CARTESIAN_POINT ( 'NONE',  ( 4.598462210893448088, -3.017359112493149809, 3.753129625468235364 ) ) ;
#584 = ORIENTED_EDGE ( 'NONE', *, *, #101, .F. ) ;
#585 = ORIENTED_EDGE ( 'NONE', *, *, #677, .F. ) ;
#586 = DIRECTION ( 'NONE',  ( -0.000000000000000000, -0.000000000000000000, -1.000000000000000000 ) ) ;
#587 = ORIENTED_EDGE ( 'NONE', *, *, #21, .F. ) ;
#588 = EDGE_CURVE ( 'NONE', #1384, #30, #1686, .T. ) ;
#589 = CARTESIAN_POINT ( 'NONE',  ( -4.909109766353934923, -2.489626597770925542, 11.70181409894097513 ) ) ;
#590 = DIRECTION ( 'NONE',  ( 0.000000000000000000, 0.000000000000000000, -1.000000000000000000 ) ) ;
#591 = CARTESIAN_POINT ( 'NONE',  ( -4.617708506019663872, -2.987821760445921182, 3.511817530658119857 ) ) ;
#592 = VERTEX_POINT ( 'NONE', #1988 ) ;
#593 = CARTESIAN_POINT ( 'NONE',  ( 4.822114366604855817, 2.648873883963876796, 11.44251892163272899 ) ) ;
#594 = FACE_OUTER_BOUND ( 'NONE', #701, .T. ) ;
#595 = ORIENTED_EDGE ( 'NONE', *, *, #573, .T. ) ;
#596 = CARTESIAN_POINT ( 'NONE',  ( 3.599999999999999201, 0.000000000000000000, 4.000000000000000000 ) ) ;
#597 = DIRECTION ( 'NONE',  ( 1.000000000000000000, -0.000000000000000000, -0.000000000000000000 ) ) ;
#598 = EDGE_CURVE ( 'NONE', #286, #1478, #1881, .T. ) ;
#599 = DIRECTION ( 'NONE',  ( 0.000000000000000000, 0.000000000000000000, -1.000000000000000000 ) ) ;
#600 = CARTESIAN_POINT ( 'NONE',  ( -1.449999999999999956, 0.000000000000000000, 6.066615150441368343 ) ) ;
#601 = ORIENTED_EDGE ( 'NONE', *, *, #974, .T. ) ;
#602 = DIRECTION ( 'NONE',  ( -0.000000000000000000, 0.000000000000000000, -1.000000000000000000 ) ) ;
#603 = AXIS2_PLACEMENT_3D ( 'NONE', #816, #313, #1667 ) ;
#604 = ORIENTED_EDGE ( 'NONE', *, *, #1851, .T. ) ;
#605 = DIRECTION ( 'NONE',  ( -1.000000000000000000, -0.000000000000000000, -0.000000000000000000 ) ) ;
#606 = AXIS2_PLACEMENT_3D ( 'NONE', #518, #528, #538 ) ;
#607 = VERTEX_POINT ( 'NONE', #1265 ) ;
#608 = AXIS2_PLACEMENT_3D ( 'NONE', #954, #1825, #2171 ) ;
#609 = DIRECTION ( 'NONE',  ( 0.000000000000000000, 0.000000000000000000, 1.000000000000000000 ) ) ;
#610 = AXIS2_PLACEMENT_3D ( 'NONE', #253, #262, #1573 ) ;
#611 = CARTESIAN_POINT ( 'NONE',  ( -0.2878355153612396911, 5.493402679340370298, 1.009876992927567718 ) ) ;
#612 = CIRCLE ( 'NONE', #1217, 3.224999999999997868 ) ;
#613 = CARTESIAN_POINT ( 'NONE',  ( -3.000000000000000444, 3.673940397442060361E-16, -7.500000000000000000 ) ) ;
#614 = CARTESIAN_POINT ( 'NONE',  ( -5.000000000000000000, 1.989516741641049524, 0.05834252797745260316 ) ) ;
#615 = ADVANCED_FACE ( 'NONE', ( #1087, #438 ), #775, .F. ) ;
#616 = STYLED_ITEM ( 'NONE', ( #688 ), #1115 ) ;
#617 = ORIENTED_EDGE ( 'NONE', *, *, #1372, .T. ) ;
#618 = FACE_BOUND ( 'NONE', #386, .T. ) ;
#619 = ADVANCED_FACE ( 'NONE', ( #570 ), #763, .F. ) ;
#620 = ORIENTED_EDGE ( 'NONE', *, *, #49, .F. ) ;
#621 = CARTESIAN_POINT ( 'NONE',  ( 0.000000000000000000, 0.000000000000000000, -0.4000000000000001887 ) ) ;
#622 = ORIENTED_EDGE ( 'NONE', *, *, #208, .F. ) ;
#623 = CARTESIAN_POINT ( 'NONE',  ( -4.598462210893448976, 3.017359112493150697, 4.246870374531766856 ) ) ;
#624 = LINE ( 'NONE', #456, #2164 ) ;
#625 = DIRECTION ( 'NONE',  ( 1.000000000000000000, -0.000000000000000000, -0.000000000000000000 ) ) ;
#626 = CARTESIAN_POINT ( 'NONE',  ( -4.999999999999998224, 1.590635215181700923, -3.070494433796838729E-17 ) ) ;
#627 = CYLINDRICAL_SURFACE ( 'NONE', #1762, 3.024999999999999911 ) ;
#628 = ADVANCED_FACE ( 'NONE', ( #1106, #927 ), #752, .F. ) ;
#629 = FACE_BOUND ( 'NONE', #649, .T. ) ;
#630 = EDGE_LOOP ( 'NONE', ( #762, #750, #1234, #765 ) ) ;
#631 = CARTESIAN_POINT ( 'NONE',  ( 1.449999999999999956, -1.077544566138213202E-15, 11.82500000000000284 ) ) ;
#632 = DIRECTION ( 'NONE',  ( -1.000000000000000000, 0.000000000000000000, 0.000000000000000000 ) ) ;
#633 = VERTEX_POINT ( 'NONE', #1640 ) ;
#634 = VERTEX_POINT ( 'NONE', #2152 ) ;
#635 = CARTESIAN_POINT ( 'NONE',  ( 4.413765022551189965, -3.281566443895916230, 2.700000000000000178 ) ) ;
#636 = EDGE_LOOP ( 'NONE', ( #584, #2110, #1629, #1422, #510, #1899, #343, #1026, #1410, #1786 ) ) ;
#637 = CARTESIAN_POINT ( 'NONE',  ( 4.616087517742979429, 2.990273570852248319, 10.24137931034482740 ) ) ;
#638 = CARTESIAN_POINT ( 'NONE',  ( 4.799999999999987388, 2.685144316419532107, 2.606936828424538000 ) ) ;
#639 = EDGE_CURVE ( 'NONE', #1753, #2123, #332, .T. ) ;
#640 = VERTEX_POINT ( 'NONE', #1240 ) ;
#641 = CIRCLE ( 'NONE', #856, 1.825000000000000178 ) ;
#642 = DIRECTION ( 'NONE',  ( 0.000000000000000000, 0.000000000000000000, -1.000000000000000000 ) ) ;
#643 = EDGE_CURVE ( 'NONE', #1743, #1267, #441, .T. ) ;
#644 = CARTESIAN_POINT ( 'NONE',  ( 0.000000000000000000, 0.000000000000000000, -0.4000000000000001887 ) ) ;
#645 = AXIS2_PLACEMENT_3D ( 'NONE', #100, #1102, #1237 ) ;
#646 = EDGE_LOOP ( 'NONE', ( #601, #1113 ) ) ;
#647 = CARTESIAN_POINT ( 'NONE',  ( 1.449999999999999956, -3.276082999478232338, 4.037778610088894382 ) ) ;
#648 = AXIS2_PLACEMENT_3D ( 'NONE', #1972, #233, #882 ) ;
#649 = EDGE_LOOP ( 'NONE', ( #1839, #1699 ) ) ;
#650 = CARTESIAN_POINT ( 'NONE',  ( 1.224646725652951697E-15, -5.500000000000000000, 2.499999999999999556 ) ) ;
#651 = DIRECTION ( 'NONE',  ( 0.000000000000000000, 0.000000000000000000, -1.000000000000000000 ) ) ;
#652 = VERTEX_POINT ( 'NONE', #1608 ) ;
#653 = DIRECTION ( 'NONE',  ( 1.000000000000000000, 0.000000000000000000, 0.000000000000000000 ) ) ;
#654 = ADVANCED_FACE ( 'NONE', ( #1421, #103 ), #1095, .T. ) ;
#655 = CARTESIAN_POINT ( 'NONE',  ( -1.449999999999999956, -3.276082999478232338, 4.037778610088894382 ) ) ;
#656 = CARTESIAN_POINT ( 'NONE',  ( 5.000000000000000000, 2.291287847477923467, 0.2582154197124370554 ) ) ;
#657 = DIRECTION ( 'NONE',  ( -0.000000000000000000, -0.000000000000000000, -1.000000000000000000 ) ) ;
#658 = DIRECTION ( 'NONE',  ( -1.000000000000000000, -0.000000000000000000, -0.000000000000000000 ) ) ;
#659 = ORIENTED_EDGE ( 'NONE', *, *, #753, .F. ) ;
#660 = CARTESIAN_POINT ( 'NONE',  ( -5.000000000000000000, -1.301042606982605321E-15, 10.00000000000000000 ) ) ;
#661 = CYLINDRICAL_SURFACE ( 'NONE', #1659, 0.9000000000000000222 ) ;
#662 = CYLINDRICAL_SURFACE ( 'NONE', #1581, 3.000000000000000888 ) ;
#663 = CARTESIAN_POINT ( 'NONE',  ( 1.074823409873011299E-15, 5.500000000000000000, 0.9499999999999995115 ) ) ;
#664 = ADVANCED_FACE ( 'NONE', ( #452 ), #2109, .F. ) ;
#665 = DIRECTION ( 'NONE',  ( 0.000000000000000000, 0.000000000000000000, 1.000000000000000000 ) ) ;
#666 = CARTESIAN_POINT ( 'NONE',  ( 0.000000000000000000, 0.000000000000000000, -0.4000000000000001887 ) ) ;
#667 = ORIENTED_EDGE ( 'NONE', *, *, #588, .T. ) ;
#668 = ORIENTED_EDGE ( 'NONE', *, *, #1304, .T. ) ;
#669 = CARTESIAN_POINT ( 'NONE',  ( -5.000000000000000000, -2.291287847477919470, 3.000000000000000000 ) ) ;
#670 = VERTEX_POINT ( 'NONE', #1277 ) ;
#671 = DIRECTION ( 'NONE',  ( 0.000000000000000000, 0.000000000000000000, -1.000000000000000000 ) ) ;
#672 = AXIS2_PLACEMENT_3D ( 'NONE', #301, #1527, #1492 ) ;
#673 = CARTESIAN_POINT ( 'NONE',  ( 4.999999999999999112, -2.291287847477921691, 1.730501156642731742 ) ) ;
#674 = CIRCLE ( 'NONE', #791, 1.024999999999999911 ) ;
#675 = FACE_OUTER_BOUND ( 'NONE', #836, .T. ) ;
#676 = CIRCLE ( 'NONE', #608, 90.00000000000000000 ) ;
#677 = EDGE_CURVE ( 'NONE', #286, #940, #995, .T. ) ;
#678 = CARTESIAN_POINT ( 'NONE',  ( 0.000000000000000000, 0.000000000000000000, 0.2999999999999999334 ) ) ;
#679 = B_SPLINE_SURFACE_WITH_KNOTS ( 'NONE', 3, 1, ( 
 ( #702, #553 ),
 ( #520, #209 ),
 ( #877, #2099 ),
 ( #851, #1395 ) ),
 .UNSPECIFIED., .F., .F., .F.,
 ( 4, 4 ),
 ( 2, 2 ),
 ( 0.000000000000000000, 1.000000000000000000 ),
 ( 0.000000000000000000, 1.000000000000000000 ),
 .UNSPECIFIED. ) ;
#680 = VECTOR ( 'NONE', #597, 1000.000000000000000 ) ;
#681 = EDGE_CURVE ( 'NONE', #2041, #2107, #168, .T. ) ;
#682 = ORIENTED_EDGE ( 'NONE', *, *, #1241, .T. ) ;
#683 = CARTESIAN_POINT ( 'NONE',  ( 4.999999999999999112, -2.212651872608807135, 0.1608013106320974606 ) ) ;
#684 = AXIS2_PLACEMENT_3D ( 'NONE', #1009, #1284, #1637 ) ;
#685 = CARTESIAN_POINT ( 'NONE',  ( 0.000000000000000000, 0.000000000000000000, -7.500000000000000000 ) ) ;
#686 = DIRECTION ( 'NONE',  ( -1.000000000000000000, 0.000000000000000000, 0.000000000000000000 ) ) ;
#687 = CIRCLE ( 'NONE', #581, 0.9000000000000000222 ) ;
#688 = PRESENTATION_STYLE_ASSIGNMENT (( #42 ) ) ;
#689 = DIRECTION ( 'NONE',  ( 1.000000000000000000, 0.000000000000000000, 0.000000000000000000 ) ) ;
#690 = CARTESIAN_POINT ( 'NONE',  ( 4.738842355029221132, 2.794470542970780347, 2.817664311463003557 ) ) ;
#691 = ORIENTED_EDGE ( 'NONE', *, *, #782, .T. ) ;
#692 = CARTESIAN_POINT ( 'NONE',  ( 4.800000000000002487, 2.685144316419506350, 5.393063171575510850 ) ) ;
#693 = CARTESIAN_POINT ( 'NONE',  ( 4.855102394326739734, -2.586642537147907372, 2.297420185960186156 ) ) ;
#694 = EDGE_CURVE ( 'NONE', #2041, #60, #2157, .T. ) ;
#695 = DIRECTION ( 'NONE',  ( 0.000000000000000000, 0.000000000000000000, -1.000000000000000000 ) ) ;
#696 = CYLINDRICAL_SURFACE ( 'NONE', #447, 0.9750000000000001998 ) ;
#697 = ORIENTED_EDGE ( 'NONE', *, *, #1444, .F. ) ;
#698 = CARTESIAN_POINT ( 'NONE',  ( -4.999999999999999112, 2.291287847477920359, 6.269498843357277806 ) ) ;
#699 = CARTESIAN_POINT ( 'NONE',  ( 4.598462210893448976, 3.017359112493150697, 4.246870374531761527 ) ) ;
#700 = DIRECTION ( 'NONE',  ( -1.000000000000000000, 0.000000000000000000, 0.000000000000000000 ) ) ;
#701 = EDGE_LOOP ( 'NONE', ( #1795, #1469, #96, #1208, #2051, #430 ) ) ;
#702 = CARTESIAN_POINT ( 'NONE',  ( 1.449999999999999956, 0.000000000000000000, 6.066615150441368343 ) ) ;
#703 = B_SPLINE_CURVE_WITH_KNOTS ( 'NONE', 3,
 ( #1380, #2068, #1562, #1034 ),
 .UNSPECIFIED., .F., .F.,
 ( 4, 4 ),
 ( 0.000000000000000000, 0.0009814593241183190535 ),
 .UNSPECIFIED. ) ;
#704 = ORIENTED_EDGE ( 'NONE', *, *, #639, .F. ) ;
#705 = CARTESIAN_POINT ( 'NONE',  ( 1.249999999999999778, -1.077544566138213202E-15, 11.82500000000000284 ) ) ;
#706 = EDGE_CURVE ( 'NONE', #2123, #1753, #1471, .T. ) ;
#707 = EDGE_CURVE ( 'NONE', #1107, #1575, #1855, .T. ) ;
#708 = FACE_BOUND ( 'NONE', #2144, .T. ) ;
#709 = ORIENTED_EDGE ( 'NONE', *, *, #1135, .F. ) ;
#710 = ADVANCED_FACE ( 'NONE', ( #171 ), #627, .F. ) ;
#711 = CARTESIAN_POINT ( 'NONE',  ( 3.599999999999999201, 3.704556567420743261E-16, 7.025000000000000355 ) ) ;
#712 = DIRECTION ( 'NONE',  ( 0.000000000000000000, 0.000000000000000000, -1.000000000000000000 ) ) ;
#713 = CIRCLE ( 'NONE', #1104, 0.9750000000000001998 ) ;
#714 = B_SPLINE_CURVE_WITH_KNOTS ( 'NONE', 3,
 ( #1000, #842, #1516, #823, #324, #15 ),
 .UNSPECIFIED., .F., .F.,
 ( 4, 2, 4 ),
 ( 0.000000000000000000, 0.0009478467216236380333, 0.001895693443247276067 ),
 .UNSPECIFIED. ) ;
#715 = ORIENTED_EDGE ( 'NONE', *, *, #308, .F. ) ;
#716 = ORIENTED_EDGE ( 'NONE', *, *, #1674, .T. ) ;
#717 = AXIS2_PLACEMENT_3D ( 'NONE', #118, #1771, #1291 ) ;
#718 = CARTESIAN_POINT ( 'NONE',  ( -4.360237061255772595, -3.281991707395716329, 2.873012575044025407 ) ) ;
#719 = CIRCLE ( 'NONE', #1541, 4.200000000000000178 ) ;
#720 = ORIENTED_EDGE ( 'NONE', *, *, #1946, .T. ) ;
#721 = FACE_OUTER_BOUND ( 'NONE', #733, .T. ) ;
#722 = CIRCLE ( 'NONE', #1214, 0.9750000000000001998 ) ;
#723 = CIRCLE ( 'NONE', #1297, 1.000000000000000000 ) ;
#724 = ORIENTED_EDGE ( 'NONE', *, *, #1372, .F. ) ;
#725 = CARTESIAN_POINT ( 'NONE',  ( -4.999999999999999112, 0.000000000000000000, 4.000000000000000000 ) ) ;
#726 = CIRCLE ( 'NONE', #1993, 1.000000000000000000 ) ;
#727 = CARTESIAN_POINT ( 'NONE',  ( 1.249999999999999778, -1.301042606982605321E-15, 10.00000000000000000 ) ) ;
#728 = FACE_OUTER_BOUND ( 'NONE', #437, .T. ) ;
#729 = ADVANCED_FACE ( 'NONE', ( #1830, #2020 ), #959, .T. ) ;
#730 = DIRECTION ( 'NONE',  ( -0.000000000000000000, -1.000000000000000000, -0.000000000000000000 ) ) ;
#731 = ORIENTED_EDGE ( 'NONE', *, *, #1752, .T. ) ;
#732 = DIRECTION ( 'NONE',  ( 0.000000000000000000, 0.000000000000000000, 1.000000000000000000 ) ) ;
#733 = EDGE_LOOP ( 'NONE', ( #1977, #2098, #2108, #1445 ) ) ;
#734 = DIRECTION ( 'NONE',  ( -0.000000000000000000, -0.000000000000000000, -1.000000000000000000 ) ) ;
#735 = ORIENTED_EDGE ( 'NONE', *, *, #1791, .T. ) ;
#736 = CARTESIAN_POINT ( 'NONE',  ( 0.2875829155828774630, 5.493416968477216500, 1.009726071540250070 ) ) ;
#737 = CARTESIAN_POINT ( 'NONE',  ( -5.000000000000000000, 2.291287847477919026, 11.93649167310370984 ) ) ;
#738 = CARTESIAN_POINT ( 'NONE',  ( -4.686529882200605179, -2.879439335345661544, 4.958570703839519034 ) ) ;
#739 = ADVANCED_FACE ( 'NONE', ( #1338 ), #2028, .F. ) ;
#740 = ADVANCED_FACE ( 'NONE', ( #2039, #618 ), #337, .T. ) ;
#741 = ORIENTED_EDGE ( 'NONE', *, *, #1934, .F. ) ;
#742 = CARTESIAN_POINT ( 'NONE',  ( 4.617708506019661208, -2.987821760445922514, 3.511817530658129627 ) ) ;
#743 = ORIENTED_EDGE ( 'NONE', *, *, #254, .T. ) ;
#744 = CARTESIAN_POINT ( 'NONE',  ( 1.449999999999999956, -2.417572691171607779, 5.009560414901448766 ) ) ;
#745 = B_SPLINE_CURVE_WITH_KNOTS ( 'NONE', 3,
 ( #74, #2073, #61, #1751, #896, #1055 ),
 .UNSPECIFIED., .F., .F.,
 ( 4, 2, 4 ),
 ( 0.000000000000000000, 0.0002666451431114122937, 0.0005332902862228245874 ),
 .UNSPECIFIED. ) ;
#746 = CARTESIAN_POINT ( 'NONE',  ( 0.1436277681664140660, 5.499999999999980460, 2.049999999999796874 ) ) ;
#747 = CARTESIAN_POINT ( 'NONE',  ( 4.413541069968079711, 3.281867664089061165, 2.790365555913391304 ) ) ;
#748 = CARTESIAN_POINT ( 'NONE',  ( -4.631864648715347421, -2.965970124649461859, 3.393353777737140309 ) ) ;
#749 = CIRCLE ( 'NONE', #1032, 3.024999999999999911 ) ;
#750 = ORIENTED_EDGE ( 'NONE', *, *, #1040, .F. ) ;
#751 = CIRCLE ( 'NONE', #893, 1.825000000000000178 ) ;
#752 = PLANE ( 'NONE',  #1399 ) ;
#753 = EDGE_CURVE ( 'NONE', #633, #1264, #924, .T. ) ;
#754 = AXIS2_PLACEMENT_3D ( 'NONE', #1713, #2042, #686 ) ;
#755 = CARTESIAN_POINT ( 'NONE',  ( -4.999999999999999112, 0.000000000000000000, 7.225000000000004086 ) ) ;
#756 = VECTOR ( 'NONE', #804, 1000.000000000000000 ) ;
#757 = ORIENTED_EDGE ( 'NONE', *, *, #1512, .F. ) ;
#758 = APPLICATION_CONTEXT ( 'automotive_design' ) ;
#759 = DIRECTION ( 'NONE',  ( 0.000000000000000000, 0.000000000000000000, -1.000000000000000000 ) ) ;
#760 = DIRECTION ( 'NONE',  ( -1.000000000000000000, 0.000000000000000000, 0.000000000000000000 ) ) ;
#761 = CARTESIAN_POINT ( 'NONE',  ( -4.738842355029208697, -2.794470542970803439, 5.182335688536936935 ) ) ;
#762 = ORIENTED_EDGE ( 'NONE', *, *, #50, .F. ) ;
#763 = CYLINDRICAL_SURFACE ( 'NONE', #1286, 3.024999999999999911 ) ;
#764 = ORIENTED_EDGE ( 'NONE', *, *, #93, .F. ) ;
#765 = ORIENTED_EDGE ( 'NONE', *, *, #293, .T. ) ;
#766 = VERTEX_POINT ( 'NONE', #180 ) ;
#767 = CARTESIAN_POINT ( 'NONE',  ( -5.000000000000000000, -2.291287847477919026, 11.93649167310371340 ) ) ;
#768 = ADVANCED_FACE ( 'NONE', ( #481 ), #469, .T. ) ;
#769 = ORIENTED_EDGE ( 'NONE', *, *, #779, .T. ) ;
#770 = CARTESIAN_POINT ( 'NONE',  ( -3.599999999999999201, 0.000000000000000000, 4.000000000000000000 ) ) ;
#771 = CARTESIAN_POINT ( 'NONE',  ( 5.122956143805612355E-13, 5.500000000000454747, 2.050000000004548184 ) ) ;
#772 = ORIENTED_EDGE ( 'NONE', *, *, #264, .F. ) ;
#773 = CARTESIAN_POINT ( 'NONE',  ( 4.033365821337749679, -3.282066445284809397, 3.000000000000000000 ) ) ;
#774 = EDGE_LOOP ( 'NONE', ( #531, #46, #1854, #1266 ) ) ;
#775 = PLANE ( 'NONE',  #789 ) ;
#776 = VERTEX_POINT ( 'NONE', #2008 ) ;
#777 = DIRECTION ( 'NONE',  ( -1.000000000000000000, -0.000000000000000000, -0.000000000000000000 ) ) ;
#778 = EDGE_LOOP ( 'NONE', ( #569, #265, #1315, #943, #682 ) ) ;
#779 = EDGE_CURVE ( 'NONE', #1478, #1612, #1732, .T. ) ;
#780 = DIRECTION ( 'NONE',  ( -0.000000000000000000, -0.000000000000000000, -1.000000000000000000 ) ) ;
#781 = CARTESIAN_POINT ( 'NONE',  ( -4.200000000000000178, 5.143516556418883914E-16, -0.4000000000000000222 ) ) ;
#782 = EDGE_CURVE ( 'NONE', #910, #70, #146, .T. ) ;
#783 = EDGE_LOOP ( 'NONE', ( #554, #1340, #388, #1094 ) ) ;
#784 = DIRECTION ( 'NONE',  ( 1.000000000000000000, 0.000000000000000000, 0.000000000000000000 ) ) ;
#785 = ORIENTED_EDGE ( 'NONE', *, *, #358, .T. ) ;
#786 = DIRECTION ( 'NONE',  ( 0.000000000000000000, 0.000000000000000000, -1.000000000000000000 ) ) ;
#787 = ORIENTED_EDGE ( 'NONE', *, *, #1270, .F. ) ;
#788 = ORIENTED_EDGE ( 'NONE', *, *, #2076, .F. ) ;
#789 = AXIS2_PLACEMENT_3D ( 'NONE', #1793, #1944, #1967 ) ;
#790 = CARTESIAN_POINT ( 'NONE',  ( 5.000000000000000000, 2.291287847477919026, 11.93649167310370984 ) ) ;
#791 = AXIS2_PLACEMENT_3D ( 'NONE', #935, #115, #1071 ) ;
#792 = ORIENTED_EDGE ( 'NONE', *, *, #2148, .T. ) ;
#793 = CIRCLE ( 'NONE', #1986, 5.200000000000000178 ) ;
#794 = CARTESIAN_POINT ( 'NONE',  ( -4.593417606087757399, 3.024981767971150148, 4.122918744408742064 ) ) ;
#795 = AXIS2_PLACEMENT_3D ( 'NONE', #558, #1083, #225 ) ;
#796 = DIRECTION ( 'NONE',  ( 0.000000000000000000, 0.000000000000000000, -1.000000000000000000 ) ) ;
#797 = CARTESIAN_POINT ( 'NONE',  ( 1.102182119232617714E-15, -1.000000000000000000, 1.499999999999999556 ) ) ;
#798 = ADVANCED_FACE ( 'NONE', ( #1326 ), #32, .T. ) ;
#799 = UNCERTAINTY_MEASURE_WITH_UNIT (LENGTH_MEASURE( 1.000000000000000082E-05 ), #1705, 'distance_accuracy_value', 'NONE');
#800 = DIRECTION ( 'NONE',  ( 0.000000000000000000, 0.000000000000000000, -1.000000000000000000 ) ) ;
#801 = DIRECTION ( 'NONE',  ( 0.000000000000000000, 0.000000000000000000, -1.000000000000000000 ) ) ;
#802 = ORIENTED_EDGE ( 'NONE', *, *, #1092, .T. ) ;
#803 = CARTESIAN_POINT ( 'NONE',  ( 1.449999999999999956, -3.276082999478249658, 4.037778610088965436 ) ) ;
#804 = DIRECTION ( 'NONE',  ( -0.000000000000000000, -0.000000000000000000, 1.000000000000000000 ) ) ;
#805 = EDGE_LOOP ( 'NONE', ( #1758, #543, #24, #932 ) ) ;
#806 = ADVANCED_FACE ( 'NONE', ( #362 ), #1142, .F. ) ;
#807 = EDGE_CURVE ( 'NONE', #2173, #1774, #641, .T. ) ;
#808 = DIRECTION ( 'NONE',  ( 0.000000000000000000, 0.000000000000000000, 1.000000000000000000 ) ) ;
#809 = ORIENTED_EDGE ( 'NONE', *, *, #1677, .T. ) ;
#810 = EDGE_CURVE ( 'NONE', #1874, #1980, #749, .T. ) ;
#811 = CARTESIAN_POINT ( 'NONE',  ( 0.8001307714110010849, -5.442296779483625002, 2.114089186264376252 ) ) ;
#812 = ORIENTED_EDGE ( 'NONE', *, *, #939, .F. ) ;
#813 = CARTESIAN_POINT ( 'NONE',  ( 3.599999999999998312, 0.000000000000000000, 4.000000000000000000 ) ) ;
#814 = CARTESIAN_POINT ( 'NONE',  ( 0.000000000000000000, 0.000000000000000000, -0.4000000000000000222 ) ) ;
#815 = FILL_AREA_STYLE_COLOUR ( '', #1070 ) ;
#816 = CARTESIAN_POINT ( 'NONE',  ( 4.800000000000002487, 0.000000000000000000, 4.000000000000000000 ) ) ;
#817 = CARTESIAN_POINT ( 'NONE',  ( 0.7992997112370605617, -5.442401220814754303, 0.8851298054954958028 ) ) ;
#818 = EDGE_CURVE ( 'NONE', #1980, #1045, #2061, .T. ) ;
#819 = ORIENTED_EDGE ( 'NONE', *, *, #643, .T. ) ;
#820 = B_SPLINE_CURVE_WITH_KNOTS ( 'NONE', 3,
 ( #1682, #2078, #1176, #1012 ),
 .UNSPECIFIED., .F., .F.,
 ( 4, 4 ),
 ( 0.000000000000000000, 0.0009814593241183871414 ),
 .UNSPECIFIED. ) ;
#821 = VECTOR ( 'NONE', #1722, 1000.000000000000000 ) ;
#822 = CARTESIAN_POINT ( 'NONE',  ( 0.000000000000000000, 0.000000000000000000, -7.500000000000000000 ) ) ;
#823 = CARTESIAN_POINT ( 'NONE',  ( 4.821905003218008190, -2.649265950189806151, 11.44197525280106476 ) ) ;
#824 = VECTOR ( 'NONE', #1466, 1000.000000000000000 ) ;
#825 = FILL_AREA_STYLE ('',( #815 ) ) ;
#826 = DIRECTION ( 'NONE',  ( 1.000000000000000000, 0.000000000000000000, 0.000000000000000000 ) ) ;
#827 = TOROIDAL_SURFACE ( 'NONE', #1693, 5.200000000000000178, 0.2999999999999999889 ) ;
#828 = CARTESIAN_POINT ( 'NONE',  ( 0.000000000000000000, 0.000000000000000000, 3.000000000000000000 ) ) ;
#829 = DIRECTION ( 'NONE',  ( 0.000000000000000000, 0.000000000000000000, 1.000000000000000000 ) ) ;
#830 = ORIENTED_EDGE ( 'NONE', *, *, #496, .T. ) ;
#831 = ADVANCED_FACE ( 'NONE', ( #1202 ), #110, .F. ) ;
#832 = CARTESIAN_POINT ( 'NONE',  ( 0.000000000000000000, 0.000000000000000000, 0.000000000000000000 ) ) ;
#833 =( NAMED_UNIT ( * ) SI_UNIT ( $, .STERADIAN. ) SOLID_ANGLE_UNIT ( ) );
#834 = FACE_OUTER_BOUND ( 'NONE', #191, .T. ) ;
#835 = CARTESIAN_POINT ( 'NONE',  ( 4.999999999999999112, 1.428285685708572617, 0.000000000000000000 ) ) ;
#836 = EDGE_LOOP ( 'NONE', ( #1226, #720, #1327, #2142, #1325, #1747, #1656, #1350, #1733, #1309, #1557, #73, #104, #2002, #1925, #427 ) ) ;
#837 = DIRECTION ( 'NONE',  ( -1.000000000000000000, -0.000000000000000000, -0.000000000000000000 ) ) ;
#838 = FACE_OUTER_BOUND ( 'NONE', #548, .T. ) ;
#839 = VERTEX_POINT ( 'NONE', #1526 ) ;
#840 = CARTESIAN_POINT ( 'NONE',  ( 4.800000000000002487, 0.000000000000000000, 0.9750000000000001998 ) ) ;
#841 = CARTESIAN_POINT ( 'NONE',  ( 4.800000000000002487, 0.000000000000000000, 4.000000000000000000 ) ) ;
#842 = CARTESIAN_POINT ( 'NONE',  ( 4.632808999039617959, -2.964460607836428174, 10.56115742629574150 ) ) ;
#843 = CARTESIAN_POINT ( 'NONE',  ( 1.249999999999999778, -1.175516310070001636E-15, 11.02500000000000036 ) ) ;
#844 = CARTESIAN_POINT ( 'NONE',  ( 0.000000000000000000, 0.000000000000000000, -7.500000000000000000 ) ) ;
#845 = EDGE_LOOP ( 'NONE', ( #2095, #480, #1086, #1970 ) ) ;
#846 = ADVANCED_FACE ( 'NONE', ( #1933, #2096 ), #883, .F. ) ;
#847 = B_SPLINE_CURVE_WITH_KNOTS ( 'NONE', 3,
 ( #91, #1614, #403, #1766, #2113, #737 ),
 .UNSPECIFIED., .F., .F.,
 ( 4, 2, 4 ),
 ( 0.000000000000000000, 0.0009478467216236356480, 0.001895693443247271296 ),
 .UNSPECIFIED. ) ;
#848 = EDGE_LOOP ( 'NONE', ( #1844, #716, #256, #946 ) ) ;
#849 = CARTESIAN_POINT ( 'NONE',  ( 4.924196699264670407, 2.456704211071799815, 5.994776452388449250 ) ) ;
#850 = B_SPLINE_CURVE_WITH_KNOTS ( 'NONE', 3,
 ( #638, #2, #340, #1687 ),
 .UNSPECIFIED., .F., .F.,
 ( 4, 4 ),
 ( 4.336808689942017736E-19, 0.0009814593241183190535 ),
 .UNSPECIFIED. ) ;
#851 = CARTESIAN_POINT ( 'NONE',  ( 1.449999999999999956, 3.276082999478232338, 4.037778610088894382 ) ) ;
#852 = ORIENTED_EDGE ( 'NONE', *, *, #2134, .T. ) ;
#853 = LINE ( 'NONE', #1754, #1373 ) ;
#854 = DIRECTION ( 'NONE',  ( -1.000000000000000000, -0.000000000000000000, -0.000000000000000000 ) ) ;
#855 = CARTESIAN_POINT ( 'NONE',  ( 0.000000000000000000, 0.000000000000000000, -7.500000000000000000 ) ) ;
#856 = AXIS2_PLACEMENT_3D ( 'NONE', #1051, #1720, #33 ) ;
#857 = AXIS2_PLACEMENT_3D ( 'NONE', #1455, #1465, #2143 ) ;
#858 = DIRECTION ( 'NONE',  ( -1.000000000000000000, 0.000000000000000000, 0.000000000000000000 ) ) ;
#859 = CARTESIAN_POINT ( 'NONE',  ( 4.999999999999999112, 2.291287847477920359, 1.730501156642730187 ) ) ;
#860 = CARTESIAN_POINT ( 'NONE',  ( -4.799999999999993605, 0.000000000000000000, 4.000000000000000000 ) ) ;
#861 = EDGE_CURVE ( 'NONE', #1045, #1815, #2160, .T. ) ;
#862 = CIRCLE ( 'NONE', #1767, 5.200000000000000178 ) ;
#863 = AXIS2_PLACEMENT_3D ( 'NONE', #1111, #605, #2168 ) ;
#864 = VERTEX_POINT ( 'NONE', #874 ) ;
#865 = CARTESIAN_POINT ( 'NONE',  ( 5.000000000000000000, -1.989516741641049968, 0.05834252797745270031 ) ) ;
#866 = ORIENTED_EDGE ( 'NONE', *, *, #1718, .T. ) ;
#867 = DIRECTION ( 'NONE',  ( 0.000000000000000000, 0.000000000000000000, 1.000000000000000000 ) ) ;
#868 = CARTESIAN_POINT ( 'NONE',  ( -5.000000000000000888, -2.212285786355105532, 0.1604794238736640954 ) ) ;
#869 = VECTOR ( 'NONE', #1222, 1000.000000000000000 ) ;
#870 =( NAMED_UNIT ( * ) PLANE_ANGLE_UNIT ( ) SI_UNIT ( $, .RADIAN. ) );
#871 = DIRECTION ( 'NONE',  ( 1.000000000000000000, 0.000000000000000000, 0.000000000000000000 ) ) ;
#872 = CARTESIAN_POINT ( 'NONE',  ( 5.000000000000001776, 2.269464655020977606, 0.2199481715518623592 ) ) ;
#873 = VERTEX_POINT ( 'NONE', #48 ) ;
#874 = CARTESIAN_POINT ( 'NONE',  ( -4.999999999999999112, 2.291287847477920359, 1.730501156642726635 ) ) ;
#875 = EDGE_CURVE ( 'NONE', #268, #1806, #571, .T. ) ;
#876 = ORIENTED_EDGE ( 'NONE', *, *, #81, .F. ) ;
#877 = CARTESIAN_POINT ( 'NONE',  ( 1.449999999999999956, 2.417572691171606891, 5.009560414901448766 ) ) ;
#878 = ADVANCED_FACE ( 'NONE', ( #1383 ), #1697, .F. ) ;
#879 = DIRECTION ( 'NONE',  ( 0.000000000000000000, 0.000000000000000000, 1.000000000000000000 ) ) ;
#880 = DIRECTION ( 'NONE',  ( -1.000000000000000000, 0.000000000000000000, 0.000000000000000000 ) ) ;
#881 = CARTESIAN_POINT ( 'NONE',  ( -5.000000000000000000, -1.301042606982605321E-15, 10.00000000000000000 ) ) ;
#882 = DIRECTION ( 'NONE',  ( 0.000000000000000000, 0.000000000000000000, -1.000000000000000000 ) ) ;
#883 = PLANE ( 'NONE',  #149 ) ;
#884 = EDGE_LOOP ( 'NONE', ( #563, #1042, #155, #792, #585, #1360 ) ) ;
#885 = CYLINDRICAL_SURFACE ( 'NONE', #1509, 4.200000000000000178 ) ;
#886 = EDGE_LOOP ( 'NONE', ( #1776, #365 ) ) ;
#887 = DIRECTION ( 'NONE',  ( -1.000000000000000000, 0.000000000000000000, 0.000000000000000000 ) ) ;
#888 = EDGE_CURVE ( 'NONE', #2084, #1320, #476, .T. ) ;
#889 = CARTESIAN_POINT ( 'NONE',  ( -4.616087517742977653, -2.990273570852250984, 10.24137931034482740 ) ) ;
#890 = DIRECTION ( 'NONE',  ( 1.000000000000000000, -0.000000000000000000, -0.000000000000000000 ) ) ;
#891 = AXIS2_PLACEMENT_3D ( 'NONE', #428, #2131, #1073 ) ;
#892 = CARTESIAN_POINT ( 'NONE',  ( -4.799999999999814193, -2.685144316419850075, 5.393063171575557035 ) ) ;
#893 = AXIS2_PLACEMENT_3D ( 'NONE', #1268, #777, #431 ) ;
#894 = CIRCLE ( 'NONE', #1618, 1.825000000000000178 ) ;
#895 = ORIENTED_EDGE ( 'NONE', *, *, #534, .T. ) ;
#896 = CARTESIAN_POINT ( 'NONE',  ( -4.413540387906246920, 3.281868581475038127, 2.790640770175155438 ) ) ;
#897 = AXIS2_PLACEMENT_3D ( 'NONE', #1742, #2089, #880 ) ;
#898 = CARTESIAN_POINT ( 'NONE',  ( 4.800000000000002487, 3.704556567420743261E-16, 7.025000000000000355 ) ) ;
#899 = AXIS2_PLACEMENT_3D ( 'NONE', #725, #556, #1900 ) ;
#900 = EDGE_LOOP ( 'NONE', ( #142, #1464 ) ) ;
#901 = EDGE_CURVE ( 'NONE', #1320, #2084, #35, .T. ) ;
#902 = AXIS2_PLACEMENT_3D ( 'NONE', #1947, #2065, #389 ) ;
#903 = CARTESIAN_POINT ( 'NONE',  ( -5.000000000000000000, 86.71793355471518794, 3.000000000000022649 ) ) ;
#904 = CARTESIAN_POINT ( 'NONE',  ( 4.616087517742977653, -2.990273570852250984, 10.24137931034482740 ) ) ;
#905 = CARTESIAN_POINT ( 'NONE',  ( -4.924196699264657973, -2.456704211071824684, 5.994776452388418164 ) ) ;
#906 = ORIENTED_EDGE ( 'NONE', *, *, #1821, .F. ) ;
#907 = CARTESIAN_POINT ( 'NONE',  ( -1.249999999999999778, -1.301042606982605321E-15, 10.00000000000000000 ) ) ;
#908 = ORIENTED_EDGE ( 'NONE', *, *, #953, .T. ) ;
#909 = ORIENTED_EDGE ( 'NONE', *, *, #81, .T. ) ;
#910 = VERTEX_POINT ( 'NONE', #1356 ) ;
#911 = CARTESIAN_POINT ( 'NONE',  ( 0.000000000000000000, 0.000000000000000000, 0.000000000000000000 ) ) ;
#912 = PLANE ( 'NONE',  #1951 ) ;
#913 = CARTESIAN_POINT ( 'NONE',  ( 4.800000000000002487, 0.000000000000000000, 0.9750000000000001998 ) ) ;
#914 = EDGE_CURVE ( 'NONE', #286, #268, #372, .T. ) ;
#915 = DIRECTION ( 'NONE',  ( -1.000000000000000000, 0.000000000000000000, 0.000000000000000000 ) ) ;
#916 = EDGE_CURVE ( 'NONE', #70, #2130, #1897, .T. ) ;
#917 = ORIENTED_EDGE ( 'NONE', *, *, #319, .T. ) ;
#918 = CARTESIAN_POINT ( 'NONE',  ( -4.999999999999999112, 2.291287847477920359, 3.000000000000000000 ) ) ;
#919 = ORIENTED_EDGE ( 'NONE', *, *, #239, .T. ) ;
#920 = DIRECTION ( 'NONE',  ( 1.000000000000000000, 0.000000000000000000, 0.000000000000000000 ) ) ;
#921 = CARTESIAN_POINT ( 'NONE',  ( 1.249999999999999778, -1.301042606982605321E-15, 8.974999999999999645 ) ) ;
#922 = CARTESIAN_POINT ( 'NONE',  ( 1.449999999999999956, -1.806950572528448928, 5.334094443960364806 ) ) ;
#923 = DIRECTION ( 'NONE',  ( 1.000000000000000000, 0.000000000000000000, 0.000000000000000000 ) ) ;
#924 = CIRCLE ( 'NONE', #2193, 0.9750000000000001998 ) ;
#925 = ADVANCED_FACE ( 'NONE', ( #1574 ), #1211, .T. ) ;
#926 = ORIENTED_EDGE ( 'NONE', *, *, #17, .F. ) ;
#927 = FACE_BOUND ( 'NONE', #1342, .T. ) ;
#928 = VERTEX_POINT ( 'NONE', #1565 ) ;
#929 = CIRCLE ( 'NONE', #1802, 3.225000000000004086 ) ;
#930 = CIRCLE ( 'NONE', #1146, 3.024999999999999911 ) ;
#931 = CARTESIAN_POINT ( 'NONE',  ( 1.449999999999999956, 0.000000000000000000, 6.066615150441368343 ) ) ;
#932 = ORIENTED_EDGE ( 'NONE', *, *, #2011, .F. ) ;
#933 = CARTESIAN_POINT ( 'NONE',  ( 0.5499478421039865061, 5.472436146151855141, 1.356208795603460526 ) ) ;
#934 = CARTESIAN_POINT ( 'NONE',  ( -0.4905234330640207974, 5.479024460878259006, 1.212847414115630018 ) ) ;
#935 = CARTESIAN_POINT ( 'NONE',  ( -1.249999999999999778, -1.301042606982605321E-15, 10.00000000000000000 ) ) ;
#936 = VERTEX_POINT ( 'NONE', #1965 ) ;
#937 = CARTESIAN_POINT ( 'NONE',  ( 4.613038093992201105, -2.995765806279239829, 4.485196778764408698 ) ) ;
#938 = ORIENTED_EDGE ( 'NONE', *, *, #1595, .F. ) ;
#939 = EDGE_CURVE ( 'NONE', #1382, #2141, #497, .T. ) ;
#940 = VERTEX_POINT ( 'NONE', #1628 ) ;
#941 = DIRECTION ( 'NONE',  ( 1.000000000000000000, -0.000000000000000000, -0.000000000000000000 ) ) ;
#942 = ADVANCED_FACE ( 'NONE', ( #1617 ), #559, .F. ) ;
#943 = ORIENTED_EDGE ( 'NONE', *, *, #1270, .T. ) ;
#944 = CARTESIAN_POINT ( 'NONE',  ( 1.249999999999999778, -1.301042606982605321E-15, 8.974999999999999645 ) ) ;
#945 = CARTESIAN_POINT ( 'NONE',  ( -1.249999999999999778, -1.175516310070001636E-15, 8.974999999999999645 ) ) ;
#946 = ORIENTED_EDGE ( 'NONE', *, *, #411, .F. ) ;
#947 = CARTESIAN_POINT ( 'NONE',  ( -1.449999999999999956, -2.417572691171607779, 5.009560414901448766 ) ) ;
#948 = VERTEX_POINT ( 'NONE', #773 ) ;
#949 = DIRECTION ( 'NONE',  ( -1.000000000000000000, -0.000000000000000000, -0.000000000000000000 ) ) ;
#950 = ORIENTED_EDGE ( 'NONE', *, *, #807, .T. ) ;
#951 = ORIENTED_EDGE ( 'NONE', *, *, #1092, .F. ) ;
#952 = DIRECTION ( 'NONE',  ( -0.7071067811865505703, 0.000000000000000000, 0.7071067811865444641 ) ) ;
#953 = EDGE_CURVE ( 'NONE', #1355, #2141, #1803, .T. ) ;
#954 = CARTESIAN_POINT ( 'NONE',  ( -1.449999999999999956, -86.71793355471518794, 3.000000000000000000 ) ) ;
#955 = DIRECTION ( 'NONE',  ( 0.000000000000000000, 0.000000000000000000, -1.000000000000000000 ) ) ;
#956 = VERTEX_POINT ( 'NONE', #1757 ) ;
#957 = CARTESIAN_POINT ( 'NONE',  ( 1.449999999999999956, 86.71793355471518794, 3.000000000000022649 ) ) ;
#958 = EDGE_LOOP ( 'NONE', ( #395, #724, #16, #1538 ) ) ;
#959 = PLANE ( 'NONE',  #405 ) ;
#960 = ORIENTED_EDGE ( 'NONE', *, *, #1861, .T. ) ;
#961 = ORIENTED_EDGE ( 'NONE', *, *, #1271, .F. ) ;
#962 = AXIS2_PLACEMENT_3D ( 'NONE', #828, #657, #1168 ) ;
#963 = CARTESIAN_POINT ( 'NONE',  ( 0.8737510092325113664, -5.430388752299318611, 0.9964943310881767546 ) ) ;
#964 = VECTOR ( 'NONE', #915, 1000.000000000000000 ) ;
#965 = ORIENTED_EDGE ( 'NONE', *, *, #707, .T. ) ;
#966 = VECTOR ( 'NONE', #2181, 1000.000000000000000 ) ;
#967 = DIRECTION ( 'NONE',  ( 0.000000000000000000, -1.000000000000000000, 0.000000000000000000 ) ) ;
#968 = VECTOR ( 'NONE', #1626, 1000.000000000000000 ) ;
#969 = CARTESIAN_POINT ( 'NONE',  ( 4.799999999999987388, -2.685144316419532107, 5.393063171575461112 ) ) ;
#970 = EDGE_CURVE ( 'NONE', #1119, #1242, #1817, .T. ) ;
#971 = EDGE_CURVE ( 'NONE', #2141, #499, #348, .T. ) ;
#972 = VERTEX_POINT ( 'NONE', #92 ) ;
#973 = EDGE_LOOP ( 'NONE', ( #1269, #2005, #1888, #1943 ) ) ;
#974 = EDGE_CURVE ( 'NONE', #1123, #1085, #674, .T. ) ;
#975 = AXIS2_PLACEMENT_3D ( 'NONE', #378, #2088, #879 ) ;
#976 = B_SPLINE_CURVE_WITH_KNOTS ( 'NONE', 3,
 ( #1461, #234, #2150, #748, #591, #1437, #1985, #2129, #1285, #738, #761, #892 ),
 .UNSPECIFIED., .F., .F.,
 ( 4, 2, 2, 2, 2, 4 ),
 ( 0.0007298252965574187311, 0.001459761954459755980, 0.001824730283410924388, 0.002189698612362092796, 0.002919635270264427009, 0.003649571928166761223 ),
 .UNSPECIFIED. ) ;
#977 = EDGE_LOOP ( 'NONE', ( #1589, #1895, #1536, #709 ) ) ;
#978 = CARTESIAN_POINT ( 'NONE',  ( 4.407520752176962375, 3.289965098209432171, 5.219582296258764131 ) ) ;
#979 = AXIS2_PLACEMENT_3D ( 'NONE', #1578, #1029, #867 ) ;
#980 = EDGE_LOOP ( 'NONE', ( #2012, #951 ) ) ;
#981 = CARTESIAN_POINT ( 'NONE',  ( 0.1324411855942478067, -5.500000000000001776, 0.4999999999999997780 ) ) ;
#982 = ORIENTED_EDGE ( 'NONE', *, *, #1489, .F. ) ;
#983 = DIRECTION ( 'NONE',  ( -1.000000000000000000, -0.000000000000000000, -0.000000000000000000 ) ) ;
#984 = DIRECTION ( 'NONE',  ( 1.000000000000000000, 0.000000000000000000, 0.000000000000000000 ) ) ;
#985 = VERTEX_POINT ( 'NONE', #245 ) ;
#986 = CARTESIAN_POINT ( 'NONE',  ( -0.7989069545633377123, -5.442462301628149923, 2.115417072389546238 ) ) ;
#987 = EDGE_CURVE ( 'NONE', #2183, #652, #1109, .T. ) ;
#988 = DIRECTION ( 'NONE',  ( -0.000000000000000000, -0.000000000000000000, -1.000000000000000000 ) ) ;
#989 = LINE ( 'NONE', #1681, #336 ) ;
#990 = FACE_OUTER_BOUND ( 'NONE', #2034, .T. ) ;
#991 = CARTESIAN_POINT ( 'NONE',  ( -1.249999999999999778, -1.301042606982605321E-15, 11.02500000000000036 ) ) ;
#992 = CARTESIAN_POINT ( 'NONE',  ( -5.172442859629964751, 0.000000000000000000, 4.000000000000000000 ) ) ;
#993 = EDGE_CURVE ( 'NONE', #1242, #1045, #443, .T. ) ;
#994 = FACE_OUTER_BOUND ( 'NONE', #2140, .T. ) ;
#995 = CIRCLE ( 'NONE', #72, 3.000000000000000888 ) ;
#996 = ORIENTED_EDGE ( 'NONE', *, *, #303, .T. ) ;
#997 = VECTOR ( 'NONE', #2035, 1000.000000000000000 ) ;
#998 = CARTESIAN_POINT ( 'NONE',  ( 1.102182119232617714E-15, -1.000000000000000000, 1.499999999999999556 ) ) ;
#999 = ORIENTED_EDGE ( 'NONE', *, *, #293, .F. ) ;
#1000 = CARTESIAN_POINT ( 'NONE',  ( 4.616087517742977653, -2.990273570852250984, 10.24137931034482740 ) ) ;
#1001 = AXIS2_PLACEMENT_3D ( 'NONE', #525, #28, #1368 ) ;
#1002 = CIRCLE ( 'NONE', #1250, 3.000000000000000444 ) ;
#1003 = CARTESIAN_POINT ( 'NONE',  ( -1.449999999999999956, -1.301042606982605321E-15, 10.00000000000000000 ) ) ;
#1004 = DIRECTION ( 'NONE',  ( 0.000000000000000000, -8.881784197001252323E-16, 1.000000000000000000 ) ) ;
#1005 = CARTESIAN_POINT ( 'NONE',  ( -3.599999999999999201, 0.000000000000000000, 4.000000000000000000 ) ) ;
#1006 = DIRECTION ( 'NONE',  ( 0.000000000000000000, 0.000000000000000000, -1.000000000000000000 ) ) ;
#1007 = EDGE_CURVE ( 'NONE', #1251, #1242, #976, .T. ) ;
#1008 = VERTEX_POINT ( 'NONE', #567 ) ;
#1009 = CARTESIAN_POINT ( 'NONE',  ( 1.249999999999999778, -1.301042606982605321E-15, 10.00000000000000000 ) ) ;
#1010 = CARTESIAN_POINT ( 'NONE',  ( 0.000000000000000000, 0.000000000000000000, 3.000000000000000000 ) ) ;
#1011 = EDGE_CURVE ( 'NONE', #31, #1504, #1060, .T. ) ;
#1012 = CARTESIAN_POINT ( 'NONE',  ( -4.799999999999817746, 2.685144316419843857, 2.606936828424431862 ) ) ;
#1013 = ORIENTED_EDGE ( 'NONE', *, *, #1622, .T. ) ;
#1014 = LINE ( 'NONE', #1023, #1873 ) ;
#1015 = CYLINDRICAL_SURFACE ( 'NONE', #2128, 3.024999999999999911 ) ;
#1016 = CARTESIAN_POINT ( 'NONE',  ( -4.413541069968060171, -3.281867664089084702, 2.790365555913381979 ) ) ;
#1017 = CARTESIAN_POINT ( 'NONE',  ( 4.999999999999999112, -2.291287847477921691, 0.2999999999999999334 ) ) ;
#1018 = ORIENTED_EDGE ( 'NONE', *, *, #411, .T. ) ;
#1019 = DIRECTION ( 'NONE',  ( 1.000000000000000000, 0.000000000000000000, 0.000000000000000000 ) ) ;
#1020 = LINE ( 'NONE', #669, #2050 ) ;
#1021 = FILL_AREA_STYLE_COLOUR ( '', #1920 ) ;
#1022 = EDGE_CURVE ( 'NONE', #1739, #69, #1263, .T. ) ;
#1023 = CARTESIAN_POINT ( 'NONE',  ( -0.9000000000000000222, 1.102182119232617788E-16, -7.500000000000000000 ) ) ;
#1024 = CARTESIAN_POINT ( 'NONE',  ( 4.800000000000002487, 2.685144316419506350, 5.393063171575510850 ) ) ;
#1025 = DIRECTION ( 'NONE',  ( 0.000000000000000000, 0.000000000000000000, -1.000000000000000000 ) ) ;
#1026 = ORIENTED_EDGE ( 'NONE', *, *, #1468, .T. ) ;
#1027 = CARTESIAN_POINT ( 'NONE',  ( 5.000000000000001776, -2.069194468070871817, 0.08141587282232662370 ) ) ;
#1028 = ORIENTED_EDGE ( 'NONE', *, *, #560, .F. ) ;
#1029 = DIRECTION ( 'NONE',  ( 1.000000000000000000, -0.000000000000000000, -0.000000000000000000 ) ) ;
#1030 = CARTESIAN_POINT ( 'NONE',  ( -5.000000000000000000, -2.178293673445095724, 0.1382798229524749289 ) ) ;
#1031 = CARTESIAN_POINT ( 'NONE',  ( 0.000000000000000000, 0.000000000000000000, -0.4000000000000000222 ) ) ;
#1032 = AXIS2_PLACEMENT_3D ( 'NONE', #189, #59, #1192 ) ;
#1033 = CIRCLE ( 'NONE', #76, 5.200000000000000178 ) ;
#1034 = CARTESIAN_POINT ( 'NONE',  ( 4.999999999999999112, -2.291287847477921691, 6.269498843357269813 ) ) ;
#1035 = AXIS2_PLACEMENT_3D ( 'NONE', #67, #535, #381 ) ;
#1036 = CARTESIAN_POINT ( 'NONE',  ( 4.999999999999998224, 2.069341200113460566, 0.08141019236119383107 ) ) ;
#1037 = EDGE_CURVE ( 'NONE', #956, #1478, #1418, .T. ) ;
#1038 = CIRCLE ( 'NONE', #1295, 3.000000000000000888 ) ;
#1039 = CARTESIAN_POINT ( 'NONE',  ( -4.212932612767755103, -3.282078204817737710, 2.976414504874665301 ) ) ;
#1040 = EDGE_CURVE ( 'NONE', #1711, #4, #1688, .T. ) ;
#1041 = AXIS2_PLACEMENT_3D ( 'NONE', #844, #2081, #1563 ) ;
#1042 = ORIENTED_EDGE ( 'NONE', *, *, #1648, .T. ) ;
#1043 = CARTESIAN_POINT ( 'NONE',  ( 4.800000000000002487, -2.685144316419505905, 2.606936828424488706 ) ) ;
#1044 = AXIS2_PLACEMENT_3D ( 'NONE', #88, #734, #1569 ) ;
#1045 = VERTEX_POINT ( 'NONE', #263 ) ;
#1046 = DIRECTION ( 'NONE',  ( -0.000000000000000000, -0.000000000000000000, -1.000000000000000000 ) ) ;
#1047 = CYLINDRICAL_SURFACE ( 'NONE', #112, 3.000000000000000444 ) ;
#1048 = DIRECTION ( 'NONE',  ( -1.000000000000000000, 0.000000000000000000, 0.000000000000000000 ) ) ;
#1049 = FACE_OUTER_BOUND ( 'NONE', #1185, .T. ) ;
#1050 = ORIENTED_EDGE ( 'NONE', *, *, #577, .T. ) ;
#1051 = CARTESIAN_POINT ( 'NONE',  ( -1.249999999999999778, -1.301042606982605321E-15, 10.00000000000000000 ) ) ;
#1052 = EDGE_CURVE ( 'NONE', #910, #1863, #18, .T. ) ;
#1053 = ORIENTED_EDGE ( 'NONE', *, *, #1903, .T. ) ;
#1054 = MANIFOLD_SOLID_BREP ( '切除-拉伸6', #8 ) ;
#1055 = CARTESIAN_POINT ( 'NONE',  ( -4.413765022551188189, 3.281566443895918450, 2.700000000000000178 ) ) ;
#1056 = ORIENTED_EDGE ( 'NONE', *, *, #1749, .F. ) ;
#1057 = CARTESIAN_POINT ( 'NONE',  ( 1.169537693185722164E-15, -1.000000000000000000, 2.049999999999999822 ) ) ;
#1058 = CARTESIAN_POINT ( 'NONE',  ( -1.449999999999999956, -3.276082999478249658, 4.037778610088965436 ) ) ;
#1059 = DIRECTION ( 'NONE',  ( 1.000000000000000000, 0.000000000000000000, 0.000000000000000000 ) ) ;
#1060 = LINE ( 'NONE', #85, #236 ) ;
#1061 = ORIENTED_EDGE ( 'NONE', *, *, #560, .T. ) ;
#1062 = DIRECTION ( 'NONE',  ( 1.000000000000000000, 0.000000000000000000, -0.000000000000000000 ) ) ;
#1063 = B_SPLINE_CURVE_WITH_KNOTS ( 'NONE', 3,
 ( #1822, #744, #269, #931 ),
 .UNSPECIFIED., .F., .F.,
 ( 4, 4 ),
 ( 0.000000000000000000, 1.000000000000000000 ),
 .UNSPECIFIED. ) ;
#1064 = EDGE_CURVE ( 'NONE', #1798, #1879, #1379, .T. ) ;
#1065 = ORIENTED_EDGE ( 'NONE', *, *, #398, .F. ) ;
#1066 = LINE ( 'NONE', #212, #513 ) ;
#1067 =( NAMED_UNIT ( * ) SI_UNIT ( $, .STERADIAN. ) SOLID_ANGLE_UNIT ( ) );
#1068 = DIRECTION ( 'NONE',  ( 0.000000000000000000, 0.000000000000000000, -1.000000000000000000 ) ) ;
#1069 = FACE_OUTER_BOUND ( 'NONE', #1441, .T. ) ;
#1070 = COLOUR_RGB ( '',0.7921568627450980005, 0.8196078431372548767, 0.9333333333333333481 ) ;
#1071 = DIRECTION ( 'NONE',  ( 0.000000000000000000, 0.000000000000000000, 1.000000000000000000 ) ) ;
#1072 = AXIS2_PLACEMENT_3D ( 'NONE', #596, #444, #1114 ) ;
#1073 = DIRECTION ( 'NONE',  ( 0.000000000000000000, 0.000000000000000000, 1.000000000000000000 ) ) ;
#1074 = CIRCLE ( 'NONE', #312, 0.9750000000000001998 ) ;
#1075 = ORIENTED_EDGE ( 'NONE', *, *, #2094, .T. ) ;
#1076 = FACE_BOUND ( 'NONE', #1824, .T. ) ;
#1077 = PRODUCT_CONTEXT ( 'NONE', #1407, 'mechanical' ) ;
#1078 = EDGE_LOOP ( 'NONE', ( #1231, #996, #1724, #302 ) ) ;
#1079 = B_SPLINE_CURVE_WITH_KNOTS ( 'NONE', 3,
 ( #546, #1224, #1929, #147, #463, #623, #794, #1994, #2003, #295, #1646, #1282 ),
 .UNSPECIFIED., .F., .F.,
 ( 4, 2, 2, 2, 2, 4 ),
 ( 0.0007298252965574327173, 0.001459761954459765955, 0.001824730283410932845, 0.002189698612362099735, 0.002919635270264437418, 0.003649571928166775100 ),
 .UNSPECIFIED. ) ;
#1080 = ADVANCED_FACE ( 'NONE', ( #2192 ), #1497, .F. ) ;
#1081 = CIRCLE ( 'NONE', #157, 3.225000000000000533 ) ;
#1082 = CARTESIAN_POINT ( 'NONE',  ( -1.449999999999999956, -1.301042606982605321E-15, 10.00000000000000000 ) ) ;
#1083 = DIRECTION ( 'NONE',  ( -0.000000000000000000, -1.000000000000000000, -0.000000000000000000 ) ) ;
#1084 = DIRECTION ( 'NONE',  ( -0.000000000000000000, -0.000000000000000000, 1.000000000000000000 ) ) ;
#1085 = VERTEX_POINT ( 'NONE', #177 ) ;
#1086 = ORIENTED_EDGE ( 'NONE', *, *, #1375, .F. ) ;
#1087 = FACE_BOUND ( 'NONE', #211, .T. ) ;
#1088 = DIRECTION ( 'NONE',  ( 0.000000000000000000, 0.000000000000000000, -1.000000000000000000 ) ) ;
#1089 = EDGE_LOOP ( 'NONE', ( #2120, #743, #876, #194 ) ) ;
#1090 = LINE ( 'NONE', #578, #1438 ) ;
#1091 = CARTESIAN_POINT ( 'NONE',  ( -4.999999999999999112, -1.301042606982605321E-15, 10.00000000000000000 ) ) ;
#1092 = EDGE_CURVE ( 'NONE', #2132, #1932, #719, .T. ) ;
#1093 = DIRECTION ( 'NONE',  ( 0.000000000000000000, 0.000000000000000000, -1.000000000000000000 ) ) ;
#1094 = ORIENTED_EDGE ( 'NONE', *, *, #1582, .F. ) ;
#1095 = PLANE ( 'NONE',  #270 ) ;
#1096 = ORIENTED_EDGE ( 'NONE', *, *, #1962, .T. ) ;
#1097 = ORIENTED_EDGE ( 'NONE', *, *, #1805, .F. ) ;
#1098 = CARTESIAN_POINT ( 'NONE',  ( -5.000000000000000000, -2.291287847477919470, 1.730501156642725968 ) ) ;
#1099 = ORIENTED_EDGE ( 'NONE', *, *, #875, .F. ) ;
#1100 = CARTESIAN_POINT ( 'NONE',  ( -5.000000000000000000, -2.291287847477919026, 11.93649167310371340 ) ) ;
#1101 = DIRECTION ( 'NONE',  ( 0.000000000000000000, 0.000000000000000000, 1.000000000000000000 ) ) ;
#1102 = DIRECTION ( 'NONE',  ( -1.000000000000000000, 0.000000000000000000, 0.000000000000000000 ) ) ;
#1103 = EDGE_CURVE ( 'NONE', #948, #910, #1700, .T. ) ;
#1104 = AXIS2_PLACEMENT_3D ( 'NONE', #471, #658, #1843 ) ;
#1105 = ORIENTED_EDGE ( 'NONE', *, *, #1121, .T. ) ;
#1106 = FACE_OUTER_BOUND ( 'NONE', #241, .T. ) ;
#1107 = VERTEX_POINT ( 'NONE', #1517 ) ;
#1108 = EDGE_CURVE ( 'NONE', #582, #766, #572, .T. ) ;
#1109 = CIRCLE ( 'NONE', #645, 0.9750000000000001998 ) ;
#1110 = VECTOR ( 'NONE', #983, 1000.000000000000000 ) ;
#1111 = CARTESIAN_POINT ( 'NONE',  ( -4.999999999999999112, 0.000000000000000000, 4.000000000000000000 ) ) ;
#1112 = AXIS2_PLACEMENT_3D ( 'NONE', #922, #760, #2136 ) ;
#1113 = ORIENTED_EDGE ( 'NONE', *, *, #1847, .T. ) ;
#1114 = DIRECTION ( 'NONE',  ( 0.000000000000000000, 0.000000000000000000, -1.000000000000000000 ) ) ;
#1115 = ADVANCED_BREP_SHAPE_REPRESENTATION ( '关节', ( #1054, #1335 ), #2055 ) ;
#1116 = CARTESIAN_POINT ( 'NONE',  ( 1.449999999999999956, -1.175516310070001636E-15, 11.02500000000000036 ) ) ;
#1117 = ORIENTED_EDGE ( 'NONE', *, *, #2064, .F. ) ;
#1118 = DIRECTION ( 'NONE',  ( -0.000000000000000000, -0.000000000000000000, 1.000000000000000000 ) ) ;
#1119 = VERTEX_POINT ( 'NONE', #1324 ) ;
#1120 = DIRECTION ( 'NONE',  ( 0.000000000000000000, 0.000000000000000000, 1.000000000000000000 ) ) ;
#1121 = EDGE_CURVE ( 'NONE', #279, #928, #169, .T. ) ;
#1122 = PLANE ( 'NONE',  #1154 ) ;
#1123 = VERTEX_POINT ( 'NONE', #991 ) ;
#1124 = FACE_OUTER_BOUND ( 'NONE', #102, .T. ) ;
#1125 = PRODUCT ( '关节', '关节', '', ( #1077 ) ) ;
#1126 = LINE ( 'NONE', #446, #680 ) ;
#1127 = ORIENTED_EDGE ( 'NONE', *, *, #1457, .T. ) ;
#1128 = CARTESIAN_POINT ( 'NONE',  ( 0.000000000000000000, 0.000000000000000000, 0.000000000000000000 ) ) ;
#1129 = ORIENTED_EDGE ( 'NONE', *, *, #1331, .F. ) ;
#1130 = CARTESIAN_POINT ( 'NONE',  ( 3.599999999999999201, 0.000000000000000000, 4.000000000000000000 ) ) ;
#1131 = ORIENTED_EDGE ( 'NONE', *, *, #1256, .T. ) ;
#1132 = ORIENTED_EDGE ( 'NONE', *, *, #643, .F. ) ;
#1133 = CARTESIAN_POINT ( 'NONE',  ( 4.800000000000002487, 0.000000000000000000, 4.000000000000000000 ) ) ;
#1134 = EDGE_CURVE ( 'NONE', #66, #1796, #2017, .T. ) ;
#1135 = EDGE_CURVE ( 'NONE', #1711, #1708, #449, .T. ) ;
#1136 = AXIS2_PLACEMENT_3D ( 'NONE', #666, #1006, #190 ) ;
#1137 = CARTESIAN_POINT ( 'NONE',  ( 0.000000000000000000, 0.000000000000000000, 0.2999999999999999334 ) ) ;
#1138 = LINE ( 'NONE', #945, #968 ) ;
#1139 = DIRECTION ( 'NONE',  ( -0.000000000000000000, -0.000000000000000000, 1.000000000000000000 ) ) ;
#1140 = CARTESIAN_POINT ( 'NONE',  ( 4.616087517742977653, -2.990273570852250984, 10.24137931034482740 ) ) ;
#1141 = CARTESIAN_POINT ( 'NONE',  ( 0.000000000000000000, 0.000000000000000000, 2.700000000000000178 ) ) ;
#1142 = CONICAL_SURFACE ( 'NONE', #1723, 3.024999999999999911, 0.7853981633974504994 ) ;
#1143 = CARTESIAN_POINT ( 'NONE',  ( 1.224646725652951697E-15, -5.500000000000000000, 2.499999999999999556 ) ) ;
#1144 = AXIS2_PLACEMENT_3D ( 'NONE', #2137, #1942, #2114 ) ;
#1145 = ORIENTED_EDGE ( 'NONE', *, *, #1169, .F. ) ;
#1146 = AXIS2_PLACEMENT_3D ( 'NONE', #1613, #83, #759 ) ;
#1147 = DIRECTION ( 'NONE',  ( -1.000000000000000000, 0.000000000000000000, 0.000000000000000000 ) ) ;
#1148 = CIRCLE ( 'NONE', #1953, 0.9750000000000001998 ) ;
#1149 = DIRECTION ( 'NONE',  ( 0.000000000000000000, -1.000000000000000000, 0.000000000000000000 ) ) ;
#1150 = ADVANCED_FACE ( 'NONE', ( #1673 ), #1472, .T. ) ;
#1151 = CARTESIAN_POINT ( 'NONE',  ( -4.407520752176963263, -3.289965098209432171, 5.219582296258760579 ) ) ;
#1152 = DIRECTION ( 'NONE',  ( 1.000000000000000000, 0.000000000000000000, 0.000000000000000000 ) ) ;
#1153 = DIRECTION ( 'NONE',  ( -0.000000000000000000, -0.000000000000000000, -1.000000000000000000 ) ) ;
#1154 = AXIS2_PLACEMENT_3D ( 'NONE', #2133, #1991, #1797 ) ;
#1155 = CARTESIAN_POINT ( 'NONE',  ( 0.9999495708044576769, -5.408336237556822468, 1.368863666214227948 ) ) ;
#1156 = CARTESIAN_POINT ( 'NONE',  ( 0.000000000000000000, 0.000000000000000000, -0.4000000000000000222 ) ) ;
#1157 = CARTESIAN_POINT ( 'NONE',  ( -5.172442859629964751, -1.301042606982605321E-15, 10.00000000000000000 ) ) ;
#1158 = DIRECTION ( 'NONE',  ( 0.000000000000000000, 0.000000000000000000, -1.000000000000000000 ) ) ;
#1159 = ADVANCED_FACE ( 'NONE', ( #1745 ), #224, .T. ) ;
#1160 = DIRECTION ( 'NONE',  ( 1.000000000000000000, -0.000000000000000000, -0.000000000000000000 ) ) ;
#1161 = CARTESIAN_POINT ( 'NONE',  ( 4.999999999999999112, 2.291287847477920359, 3.000000000000000000 ) ) ;
#1162 = ORIENTED_EDGE ( 'NONE', *, *, #2079, .T. ) ;
#1163 = LINE ( 'NONE', #1876, #375 ) ;
#1164 = LINE ( 'NONE', #1857, #1482 ) ;
#1165 = B_SPLINE_CURVE_WITH_KNOTS ( 'NONE', 3,
 ( #533, #1377, #379, #1901, #367, #1030, #868, #1388, #1560, #1207 ),
 .UNSPECIFIED., .F., .F.,
 ( 4, 2, 2, 2, 4 ),
 ( 2.183789151670257646E-19, 0.0004835431317903558248, 0.0007253146976855340353, 0.0008462004806331223546, 0.0009670862635807107822 ),
 .UNSPECIFIED. ) ;
#1166 = CARTESIAN_POINT ( 'NONE',  ( -4.799999999999814193, -2.685144316419850075, 5.393063171575557035 ) ) ;
#1167 = CARTESIAN_POINT ( 'NONE',  ( 4.033365821337738133, 3.282066445284823164, 3.000000000000000000 ) ) ;
#1168 = DIRECTION ( 'NONE',  ( -1.000000000000000000, 0.000000000000000000, 0.000000000000000000 ) ) ;
#1169 = EDGE_CURVE ( 'NONE', #670, #413, #1572, .T. ) ;
#1170 = CARTESIAN_POINT ( 'NONE',  ( 0.000000000000000000, 0.000000000000000000, 3.000000000000000000 ) ) ;
#1171 = AXIS2_PLACEMENT_3D ( 'NONE', #1133, #183, #801 ) ;
#1172 = ORIENTED_EDGE ( 'NONE', *, *, #1891, .F. ) ;
#1173 = CIRCLE ( 'NONE', #1001, 1.825000000000000178 ) ;
#1174 = AXIS2_PLACEMENT_3D ( 'NONE', #453, #1280, #440 ) ;
#1175 = FACE_OUTER_BOUND ( 'NONE', #630, .T. ) ;
#1176 = CARTESIAN_POINT ( 'NONE',  ( -4.855102394326729964, 2.586642537147925580, 2.297420185960216354 ) ) ;
#1177 = AXIS2_PLACEMENT_3D ( 'NONE', #998, #344, #6 ) ;
#1178 = CIRCLE ( 'NONE', #897, 4.200000000000000178 ) ;
#1179 = DIRECTION ( 'NONE',  ( 0.000000000000000000, 0.000000000000000000, 1.000000000000000000 ) ) ;
#1180 = FACE_OUTER_BOUND ( 'NONE', #900, .T. ) ;
#1181 = ORIENTED_EDGE ( 'NONE', *, *, #588, .F. ) ;
#1182 = CARTESIAN_POINT ( 'NONE',  ( 0.000000000000000000, 0.000000000000000000, 0.2999999999999999334 ) ) ;
#1183 = AXIS2_PLACEMENT_3D ( 'NONE', #258, #2121, #1611 ) ;
#1184 = LINE ( 'NONE', #1886, #1868 ) ;
#1185 = EDGE_LOOP ( 'NONE', ( #1127, #809, #329, #1577, #406, #401 ) ) ;
#1186 = ADVANCED_FACE ( 'NONE', ( #834 ), #662, .T. ) ;
#1187 = ORIENTED_EDGE ( 'NONE', *, *, #1579, .T. ) ;
#1188 = DIRECTION ( 'NONE',  ( 1.000000000000000000, 0.000000000000000000, 0.000000000000000000 ) ) ;
#1189 = DIRECTION ( 'NONE',  ( 1.000000000000000000, 0.000000000000000000, -0.000000000000000000 ) ) ;
#1190 = CARTESIAN_POINT ( 'NONE',  ( 4.799999999999987388, 2.685144316419532107, 2.606936828424538000 ) ) ;
#1191 = ORIENTED_EDGE ( 'NONE', *, *, #1645, .F. ) ;
#1192 = DIRECTION ( 'NONE',  ( 0.000000000000000000, 0.000000000000000000, -1.000000000000000000 ) ) ;
#1193 = CARTESIAN_POINT ( 'NONE',  ( 1.102182119232617714E-15, -1.000000000000000000, 1.499999999999999556 ) ) ;
#1194 = ORIENTED_EDGE ( 'NONE', *, *, #394, .T. ) ;
#1195 = CARTESIAN_POINT ( 'NONE',  ( -1.449999999999999956, -1.301042606982605321E-15, 10.00000000000000000 ) ) ;
#1196 = EDGE_CURVE ( 'NONE', #1500, #527, #1173, .T. ) ;
#1197 = DIRECTION ( 'NONE',  ( 1.000000000000000000, 0.000000000000000000, 0.000000000000000000 ) ) ;
#1198 = ORIENTED_EDGE ( 'NONE', *, *, #993, .F. ) ;
#1199 = ADVANCED_FACE ( 'NONE', ( #1391 ), #1866, .F. ) ;
#1200 = CARTESIAN_POINT ( 'NONE',  ( -1.449999999999999956, -1.308934502411512435, 5.846560182149437068 ) ) ;
#1201 = FACE_OUTER_BOUND ( 'NONE', #977, .T. ) ;
#1202 = FACE_OUTER_BOUND ( 'NONE', #1089, .T. ) ;
#1203 = ORIENTED_EDGE ( 'NONE', *, *, #1579, .F. ) ;
#1204 = CARTESIAN_POINT ( 'NONE',  ( 4.999999999999999112, -1.590635215181700701, -3.218725199566341905E-17 ) ) ;
#1205 = EDGE_LOOP ( 'NONE', ( #1244, #2154, #1181, #124, #174 ) ) ;
#1206 = PLANE ( 'NONE',  #975 ) ;
#1207 = CARTESIAN_POINT ( 'NONE',  ( -5.000000000000000000, -2.291287847477919470, 0.2999999999999999334 ) ) ;
#1208 = ORIENTED_EDGE ( 'NONE', *, *, #1064, .T. ) ;
#1209 = AXIS2_PLACEMENT_3D ( 'NONE', #229, #52, #87 ) ;
#1210 = CARTESIAN_POINT ( 'NONE',  ( -4.799999999999998046, -2.685144316419515231, 2.606936828424506469 ) ) ;
#1211 = TOROIDAL_SURFACE ( 'NONE', #2194, 5.200000000000000178, 0.2999999999999999889 ) ;
#1212 = CYLINDRICAL_SURFACE ( 'NONE', #1041, 3.000000000000000444 ) ;
#1213 = EDGE_CURVE ( 'NONE', #2067, #129, #1904, .T. ) ;
#1214 = AXIS2_PLACEMENT_3D ( 'NONE', #813, #1981, #642 ) ;
#1215 = ORIENTED_EDGE ( 'NONE', *, *, #1357, .T. ) ;
#1216 = CARTESIAN_POINT ( 'NONE',  ( 4.855102394326740622, 2.586642537147907372, 5.702579814039814288 ) ) ;
#1217 = AXIS2_PLACEMENT_3D ( 'NONE', #1930, #1756, #1101 ) ;
#1218 = VERTEX_POINT ( 'NONE', #1695 ) ;
#1219 = FACE_BOUND ( 'NONE', #646, .T. ) ;
#1220 = CIRCLE ( 'NONE', #1044, 5.500000000000000000 ) ;
#1221 = B_SPLINE_CURVE_WITH_KNOTS ( 'NONE', 3,
 ( #1017, #1710, #364, #683, #1374, #1027, #865, #1385, #1204, #220 ),
 .UNSPECIFIED., .F., .F.,
 ( 4, 2, 2, 2, 4 ),
 ( 0.000000000000000000, 0.0001230637719459860531, 0.0002461275438919721063, 0.0004922550877839442125, 0.0009845101755678871240 ),
 .UNSPECIFIED. ) ;
#1222 = DIRECTION ( 'NONE',  ( 1.000000000000000000, -0.000000000000000000, -0.000000000000000000 ) ) ;
#1223 = PLANE ( 'NONE',  #2022 ) ;
#1224 = CARTESIAN_POINT ( 'NONE',  ( -4.739155382845842368, 2.793910970246663794, 5.183414271009382901 ) ) ;
#1225 = CARTESIAN_POINT ( 'NONE',  ( 0.000000000000000000, 0.000000000000000000, 0.000000000000000000 ) ) ;
#1226 = ORIENTED_EDGE ( 'NONE', *, *, #1428, .F. ) ;
#1227 = DIRECTION ( 'NONE',  ( 1.000000000000000000, 0.000000000000000000, 0.000000000000000000 ) ) ;
#1228 = EDGE_CURVE ( 'NONE', #1254, #499, #1706, .T. ) ;
#1229 = VERTEX_POINT ( 'NONE', #673 ) ;
#1230 = LINE ( 'NONE', #509, #2046 ) ;
#1231 = ORIENTED_EDGE ( 'NONE', *, *, #1121, .F. ) ;
#1232 = ORIENTED_EDGE ( 'NONE', *, *, #2000, .F. ) ;
#1233 = DIRECTION ( 'NONE',  ( -1.000000000000000000, 0.000000000000000000, 0.000000000000000000 ) ) ;
#1234 = ORIENTED_EDGE ( 'NONE', *, *, #1135, .T. ) ;
#1235 = CARTESIAN_POINT ( 'NONE',  ( 1.449999999999999956, -1.301042606982605321E-15, 8.974999999999999645 ) ) ;
#1236 = CARTESIAN_POINT ( 'NONE',  ( 4.360237061255765489, 3.281991707395721214, 2.873012575044028072 ) ) ;
#1237 = DIRECTION ( 'NONE',  ( 0.000000000000000000, 0.000000000000000000, 1.000000000000000000 ) ) ;
#1238 = B_SPLINE_CURVE_WITH_KNOTS ( 'NONE', 3,
 ( #90, #232, #736, #1593, #933, #414, #1788, #1425, #746, #565 ),
 .UNSPECIFIED., .F., .F.,
 ( 4, 2, 2, 2, 4 ),
 ( 2.658501967270254196E-20, 0.0004301563442912330077, 0.0008603126885824657986, 0.001290469032873698806, 0.001720625377164931597 ),
 .UNSPECIFIED. ) ;
#1239 = EDGE_LOOP ( 'NONE', ( #271, #1996, #965, #982 ) ) ;
#1240 = CARTESIAN_POINT ( 'NONE',  ( 4.799999999999987388, 2.685144316419532107, 2.606936828424538000 ) ) ;
#1241 = EDGE_CURVE ( 'NONE', #1504, #1382, #75, .T. ) ;
#1242 = VERTEX_POINT ( 'NONE', #1166 ) ;
#1243 = CARTESIAN_POINT ( 'NONE',  ( 1.249999999999999778, -1.301042606982605321E-15, 10.00000000000000000 ) ) ;
#1244 = ORIENTED_EDGE ( 'NONE', *, *, #239, .F. ) ;
#1245 = DIRECTION ( 'NONE',  ( 0.000000000000000000, 0.000000000000000000, 1.000000000000000000 ) ) ;
#1246 = CARTESIAN_POINT ( 'NONE',  ( 1.102182119232617714E-15, -1.000000000000000000, 1.499999999999999556 ) ) ;
#1247 = AXIS2_PLACEMENT_3D ( 'NONE', #1182, #349, #1227 ) ;
#1248 = AXIS2_PLACEMENT_3D ( 'NONE', #860, #1552, #393 ) ;
#1249 = DIRECTION ( 'NONE',  ( -1.000000000000000000, 0.000000000000000000, 0.000000000000000000 ) ) ;
#1250 = AXIS2_PLACEMENT_3D ( 'NONE', #822, #522, #1727 ) ;
#1251 = VERTEX_POINT ( 'NONE', #1210 ) ;
#1252 = CARTESIAN_POINT ( 'NONE',  ( 5.000000000000000000, -1.301042606982605321E-15, 10.00000000000000000 ) ) ;
#1253 = VECTOR ( 'NONE', #890, 1000.000000000000000 ) ;
#1254 = VERTEX_POINT ( 'NONE', #516 ) ;
#1255 = CYLINDRICAL_SURFACE ( 'NONE', #417, 90.00000000000000000 ) ;
#1256 = EDGE_CURVE ( 'NONE', #490, #1119, #929, .T. ) ;
#1257 = DIRECTION ( 'NONE',  ( 1.000000000000000000, 0.000000000000000000, 0.000000000000000000 ) ) ;
#1258 = AXIS2_PLACEMENT_3D ( 'NONE', #1195, #1423, #200 ) ;
#1259 = ORIENTED_EDGE ( 'NONE', *, *, #172, .F. ) ;
#1260 = VECTOR ( 'NONE', #952, 1000.000000000000000 ) ;
#1261 = CARTESIAN_POINT ( 'NONE',  ( 1.449999999999999956, 0.000000000000000000, 6.066615150441368343 ) ) ;
#1262 = CARTESIAN_POINT ( 'NONE',  ( 1.102182119232617714E-15, -1.000000000000000000, 0.4999999999999995559 ) ) ;
#1263 = LINE ( 'NONE', #1596, #1912 ) ;
#1264 = VERTEX_POINT ( 'NONE', #1893 ) ;
#1265 = CARTESIAN_POINT ( 'NONE',  ( -5.000000000000000000, -2.291287847477919470, 0.2999999999999999334 ) ) ;
#1266 = ORIENTED_EDGE ( 'NONE', *, *, #639, .T. ) ;
#1267 = VERTEX_POINT ( 'NONE', #359 ) ;
#1268 = CARTESIAN_POINT ( 'NONE',  ( -1.449999999999999956, -1.301042606982605321E-15, 10.00000000000000000 ) ) ;
#1269 = ORIENTED_EDGE ( 'NONE', *, *, #2048, .F. ) ;
#1270 = EDGE_CURVE ( 'NONE', #413, #1504, #1288, .T. ) ;
#1271 = EDGE_CURVE ( 'NONE', #77, #1292, #2047, .T. ) ;
#1272 = CARTESIAN_POINT ( 'NONE',  ( -5.000000000000000000, -1.301042606982605321E-15, 10.00000000000000000 ) ) ;
#1273 = CARTESIAN_POINT ( 'NONE',  ( -4.999999999999999112, 1.428285685708572617, 0.000000000000000000 ) ) ;
#1274 = EDGE_CURVE ( 'NONE', #972, #985, #1014, .T. ) ;
#1275 = CARTESIAN_POINT ( 'NONE',  ( -4.999999999999999112, 2.291287847477920359, 0.2999999999999999334 ) ) ;
#1276 = ORIENTED_EDGE ( 'NONE', *, *, #385, .F. ) ;
#1277 = CARTESIAN_POINT ( 'NONE',  ( -4.616087517742979429, 2.990273570852248319, 10.24137931034482740 ) ) ;
#1278 = ORIENTED_EDGE ( 'NONE', *, *, #436, .F. ) ;
#1279 = VERTEX_POINT ( 'NONE', #843 ) ;
#1280 = DIRECTION ( 'NONE',  ( 1.000000000000000000, 0.000000000000000000, -0.000000000000000000 ) ) ;
#1281 = EDGE_LOOP ( 'NONE', ( #659, #2030, #1429, #459 ) ) ;
#1282 = CARTESIAN_POINT ( 'NONE',  ( -4.799999999999817746, 2.685144316419843857, 2.606936828424431862 ) ) ;
#1283 = LINE ( 'NONE', #2004, #1729 ) ;
#1284 = DIRECTION ( 'NONE',  ( 1.000000000000000000, -0.000000000000000000, -0.000000000000000000 ) ) ;
#1285 = CARTESIAN_POINT ( 'NONE',  ( -4.613038093992195776, -2.995765806279245602, 4.485196778764370507 ) ) ;
#1286 = AXIS2_PLACEMENT_3D ( 'NONE', #1430, #949, #407 ) ;
#1287 = EDGE_CURVE ( 'NONE', #2107, #429, #703, .T. ) ;
#1288 = CIRCLE ( 'NONE', #334, 3.000000000000000888 ) ;
#1289 = PRODUCT_DEFINITION_CONTEXT ( 'detailed design', #758, 'design' ) ;
#1290 = ORIENTED_EDGE ( 'NONE', *, *, #2038, .T. ) ;
#1291 = DIRECTION ( 'NONE',  ( 0.000000000000000000, 0.000000000000000000, 1.000000000000000000 ) ) ;
#1292 = VERTEX_POINT ( 'NONE', #1730 ) ;
#1293 = AXIS2_PLACEMENT_3D ( 'NONE', #1156, #323, #1671 ) ;
#1294 = ORIENTED_EDGE ( 'NONE', *, *, #1357, .F. ) ;
#1295 = AXIS2_PLACEMENT_3D ( 'NONE', #660, #1188, #1864 ) ;
#1296 = CARTESIAN_POINT ( 'NONE',  ( -4.799999999999998046, -2.685144316419515231, 2.606936828424506469 ) ) ;
#1297 = AXIS2_PLACEMENT_3D ( 'NONE', #1246, #424, #1789 ) ;
#1298 = ORIENTED_EDGE ( 'NONE', *, *, #1134, .F. ) ;
#1299 = DIRECTION ( 'NONE',  ( 0.000000000000000000, 0.000000000000000000, 1.000000000000000000 ) ) ;
#1300 = DIRECTION ( 'NONE',  ( 1.000000000000000000, -0.000000000000000000, -0.000000000000000000 ) ) ;
#1301 = VECTOR ( 'NONE', #151, 1000.000000000000000 ) ;
#1302 = FACE_OUTER_BOUND ( 'NONE', #973, .T. ) ;
#1303 = SURFACE_SIDE_STYLE ('',( #2027 ) ) ;
#1304 = EDGE_CURVE ( 'NONE', #429, #268, #273, .T. ) ;
#1305 = VERTEX_POINT ( 'NONE', #698 ) ;
#1306 = CARTESIAN_POINT ( 'NONE',  ( -1.449999999999999956, -1.301042606982605321E-15, 10.00000000000000000 ) ) ;
#1307 = ORIENTED_EDGE ( 'NONE', *, *, #2076, .T. ) ;
#1308 = CARTESIAN_POINT ( 'NONE',  ( 1.135139064070121444E-15, -5.500000000000000000, 0.4999999999999995559 ) ) ;
#1309 = ORIENTED_EDGE ( 'NONE', *, *, #875, .T. ) ;
#1310 = CARTESIAN_POINT ( 'NONE',  ( -1.249999999999999778, -1.301042606982605321E-15, 11.82500000000000107 ) ) ;
#1311 = DIRECTION ( 'NONE',  ( 1.000000000000000000, -0.000000000000000000, -0.000000000000000000 ) ) ;
#1312 = ORIENTED_EDGE ( 'NONE', *, *, #1287, .T. ) ;
#1313 = DIRECTION ( 'NONE',  ( -0.000000000000000000, -0.000000000000000000, -1.000000000000000000 ) ) ;
#1314 = DIRECTION ( 'NONE',  ( 0.000000000000000000, 0.000000000000000000, 1.000000000000000000 ) ) ;
#1315 = ORIENTED_EDGE ( 'NONE', *, *, #1443, .T. ) ;
#1316 = ORIENTED_EDGE ( 'NONE', *, *, #508, .F. ) ;
#1317 = PRODUCT_RELATED_PRODUCT_CATEGORY ( 'part', '', ( #1125 ) ) ;
#1318 = CARTESIAN_POINT ( 'NONE',  ( -1.249999999999999778, -1.301042606982605321E-15, 10.00000000000000000 ) ) ;
#1319 = ADVANCED_FACE ( 'NONE', ( #2080 ), #1765, .T. ) ;
#1320 = VERTEX_POINT ( 'NONE', #1235 ) ;
#1321 = DIRECTION ( 'NONE',  ( 1.000000000000000000, 0.000000000000000000, 0.000000000000000000 ) ) ;
#1322 = DIRECTION ( 'NONE',  ( 0.000000000000000000, 0.000000000000000000, 1.000000000000000000 ) ) ;
#1323 = DIRECTION ( 'NONE',  ( 0.000000000000000000, 1.000000000000000000, 0.000000000000000000 ) ) ;
#1324 = CARTESIAN_POINT ( 'NONE',  ( -5.000000000000000000, -2.291287847477919470, 6.269498843357279583 ) ) ;
#1325 = ORIENTED_EDGE ( 'NONE', *, *, #186, .F. ) ;
#1326 = FACE_OUTER_BOUND ( 'NONE', #1491, .T. ) ;
#1327 = ORIENTED_EDGE ( 'NONE', *, *, #1554, .F. ) ;
#1328 = AXIS2_PLACEMENT_3D ( 'NONE', #173, #1510, #651 ) ;
#1329 = CARTESIAN_POINT ( 'NONE',  ( 0.000000000000000000, 0.000000000000000000, 2.700000000000000178 ) ) ;
#1330 = CIRCLE ( 'NONE', #754, 0.9000000000000000222 ) ;
#1331 = EDGE_CURVE ( 'NONE', #1911, #2067, #181, .T. ) ;
#1332 = CARTESIAN_POINT ( 'NONE',  ( -4.999999999999999112, 0.000000000000000000, 4.000000000000000000 ) ) ;
#1333 = CIRCLE ( 'NONE', #1990, 0.9750000000000001998 ) ;
#1334 = CARTESIAN_POINT ( 'NONE',  ( -3.599999999999999201, 0.000000000000000000, 7.025000000000000355 ) ) ;
#1335 = AXIS2_PLACEMENT_3D ( 'NONE', #1413, #421, #1257 ) ;
#1336 = B_SPLINE_CURVE_WITH_KNOTS ( 'NONE', 3,
 ( #771, #1835, #2025, #1485, #2147, #1459, #934, #611, #2191, #484 ),
 .UNSPECIFIED., .F., .F.,
 ( 4, 2, 2, 2, 4 ),
 ( 0.001720625377164931597, 0.002150680835662058515, 0.002580736294159185432, 0.003010791752656312350, 0.003440847211153439267 ),
 .UNSPECIFIED. ) ;
#1337 =( LENGTH_UNIT ( ) NAMED_UNIT ( * ) SI_UNIT ( .MILLI., .METRE. ) );
#1338 = FACE_OUTER_BOUND ( 'NONE', #1281, .T. ) ;
#1339 = CARTESIAN_POINT ( 'NONE',  ( 0.2620464592638139800, -5.495091398905294078, 2.473895476707217433 ) ) ;
#1340 = ORIENTED_EDGE ( 'NONE', *, *, #782, .F. ) ;
#1341 = DIRECTION ( 'NONE',  ( 1.000000000000000000, 0.000000000000000000, 0.000000000000000000 ) ) ;
#1342 = EDGE_LOOP ( 'NONE', ( #960, #1162 ) ) ;
#1343 = DIRECTION ( 'NONE',  ( 0.000000000000000000, 0.000000000000000000, -1.000000000000000000 ) ) ;
#1344 = ADVANCED_FACE ( 'NONE', ( #557, #391 ), #1950, .T. ) ;
#1345 = CARTESIAN_POINT ( 'NONE',  ( 4.999999999999999112, 2.291287847477920359, 0.000000000000000000 ) ) ;
#1346 = CARTESIAN_POINT ( 'NONE',  ( 4.999999999999999112, 2.291287847477920359, 0.2999999999999999334 ) ) ;
#1347 = ADVANCED_FACE ( 'NONE', ( #402 ), #243, .T. ) ;
#1348 = CARTESIAN_POINT ( 'NONE',  ( -0.5043754538452746017, -5.478150595747714569, 0.6267498940349349734 ) ) ;
#1349 = CARTESIAN_POINT ( 'NONE',  ( 0.5039270992735875865, -5.478207307847460683, 2.373612170806468136 ) ) ;
#1350 = ORIENTED_EDGE ( 'NONE', *, *, #598, .F. ) ;
#1351 = DIRECTION ( 'NONE',  ( 1.000000000000000000, 0.000000000000000000, 0.000000000000000000 ) ) ;
#1352 = FACE_OUTER_BOUND ( 'NONE', #300, .T. ) ;
#1353 = DIRECTION ( 'NONE',  ( 0.000000000000000000, 0.000000000000000000, -1.000000000000000000 ) ) ;
#1354 = CARTESIAN_POINT ( 'NONE',  ( 4.739155382845849473, 2.793910970246655801, 5.183414271009408658 ) ) ;
#1355 = VERTEX_POINT ( 'NONE', #1261 ) ;
#1356 = CARTESIAN_POINT ( 'NONE',  ( 4.413765022551189965, -3.281566443895916230, 2.700000000000000178 ) ) ;
#1357 = EDGE_CURVE ( 'NONE', #237, #31, #131, .T. ) ;
#1358 = FACE_OUTER_BOUND ( 'NONE', #250, .T. ) ;
#1359 = AXIS2_PLACEMENT_3D ( 'NONE', #1654, #1519, #800 ) ;
#1360 = ORIENTED_EDGE ( 'NONE', *, *, #598, .T. ) ;
#1361 = B_SPLINE_CURVE_WITH_KNOTS ( 'NONE', 3,
 ( #477, #448, #1151, #1849 ),
 .UNSPECIFIED., .F., .F.,
 ( 4, 4 ),
 ( 2.953172478474753064E-17, 0.007549730680264996399 ),
 .UNSPECIFIED. ) ;
#1362 = STYLED_ITEM ( 'NONE', ( #1997 ), #1054 ) ;
#1363 = ORIENTED_EDGE ( 'NONE', *, *, #1674, .F. ) ;
#1364 = DIRECTION ( 'NONE',  ( 0.000000000000000000, 0.000000000000000000, 1.000000000000000000 ) ) ;
#1365 = ORIENTED_EDGE ( 'NONE', *, *, #694, .T. ) ;
#1366 = AXIS2_PLACEMENT_3D ( 'NONE', #2103, #1401, #2092 ) ;
#1367 = CIRCLE ( 'NONE', #412, 5.500000000000000000 ) ;
#1368 = DIRECTION ( 'NONE',  ( 0.000000000000000000, 0.000000000000000000, 1.000000000000000000 ) ) ;
#1369 = CARTESIAN_POINT ( 'NONE',  ( 5.122956143805612355E-13, 5.500000000000454747, 2.050000000004548184 ) ) ;
#1370 = DIRECTION ( 'NONE',  ( 1.000000000000000000, 0.000000000000000000, 0.000000000000000000 ) ) ;
#1371 = EDGE_CURVE ( 'NONE', #1292, #527, #1090, .T. ) ;
#1372 = EDGE_CURVE ( 'NONE', #1818, #1739, #1238, .T. ) ;
#1373 = VECTOR ( 'NONE', #1542, 1000.000000000000000 ) ;
#1374 = CARTESIAN_POINT ( 'NONE',  ( 5.000000000000000000, -2.177704503192460006, 0.1379315362595154026 ) ) ;
#1375 = EDGE_CURVE ( 'NONE', #592, #432, #894, .T. ) ;
#1376 = CARTESIAN_POINT ( 'NONE',  ( -4.407520752176958823, 3.289965098209437500, 5.219582296258760579 ) ) ;
#1377 = CARTESIAN_POINT ( 'NONE',  ( -5.000000000000000000, -1.590643962668341072, -1.905824131322174993E-18 ) ) ;
#1378 = DIRECTION ( 'NONE',  ( -1.000000000000000000, 0.000000000000000000, -0.000000000000000000 ) ) ;
#1379 = B_SPLINE_CURVE_WITH_KNOTS ( 'NONE', 3,
 ( #1275, #318, #1507, #298, #1470, #137, #614, #458, #626, #1665 ),
 .UNSPECIFIED., .F., .F.,
 ( 4, 2, 2, 2, 4 ),
 ( 0.000000000000000000, 0.0001230637719459858363, 0.0002461275438919716726, 0.0004922550877839433452, 0.0009845101755678866903 ),
 .UNSPECIFIED. ) ;
#1380 = CARTESIAN_POINT ( 'NONE',  ( 4.799999999999987388, -2.685144316419532107, 5.393063171575461112 ) ) ;
#1381 = DIRECTION ( 'NONE',  ( 0.000000000000000000, 0.000000000000000000, 1.000000000000000000 ) ) ;
#1382 = VERTEX_POINT ( 'NONE', #1058 ) ;
#1383 = FACE_OUTER_BOUND ( 'NONE', #774, .T. ) ;
#1384 = VERTEX_POINT ( 'NONE', #1780 ) ;
#1385 = CARTESIAN_POINT ( 'NONE',  ( 4.999999999999999112, -1.751990590631014921, 0.008295050552704547053 ) ) ;
#1386 = ORIENTED_EDGE ( 'NONE', *, *, #326, .F. ) ;
#1387 = LINE ( 'NONE', #544, #869 ) ;
#1388 = CARTESIAN_POINT ( 'NONE',  ( -5.000000000000001776, -2.269464655020977162, 0.2199481715518623870 ) ) ;
#1389 = ADVANCED_FACE ( 'NONE', ( #252 ), #912, .F. ) ;
#1390 = DIRECTION ( 'NONE',  ( 1.000000000000000000, -0.000000000000000000, -0.000000000000000000 ) ) ;
#1391 = FACE_OUTER_BOUND ( 'NONE', #1931, .T. ) ;
#1392 = CARTESIAN_POINT ( 'NONE',  ( -1.449999999999999956, -1.301042606982605321E-15, 10.00000000000000000 ) ) ;
#1393 = DIRECTION ( 'NONE',  ( 1.000000000000000000, -0.000000000000000000, -0.000000000000000000 ) ) ;
#1394 = VERTEX_POINT ( 'NONE', #921 ) ;
#1395 = CARTESIAN_POINT ( 'NONE',  ( -1.449999999999999956, 3.276082999478232338, 4.037778610088894382 ) ) ;
#1396 = ORIENTED_EDGE ( 'NONE', *, *, #818, .T. ) ;
#1397 = CYLINDRICAL_SURFACE ( 'NONE', #902, 1.825000000000000178 ) ;
#1398 = CARTESIAN_POINT ( 'NONE',  ( 3.000000000000000444, 0.000000000000000000, -7.500000000000000000 ) ) ;
#1399 = AXIS2_PLACEMENT_3D ( 'NONE', #918, #1620, #602 ) ;
#1400 = EDGE_CURVE ( 'NONE', #30, #1251, #930, .T. ) ;
#1401 = DIRECTION ( 'NONE',  ( 1.000000000000000000, -0.000000000000000000, -0.000000000000000000 ) ) ;
#1402 = AXIS2_PLACEMENT_3D ( 'NONE', #1748, #384, #665 ) ;
#1403 = DIRECTION ( 'NONE',  ( 1.000000000000000000, 0.000000000000000000, -0.000000000000000000 ) ) ;
#1404 = AXIS2_PLACEMENT_3D ( 'NONE', #1880, #1048, #1179 ) ;
#1405 = CARTESIAN_POINT ( 'NONE',  ( 4.999999999999999112, 2.291287847477920359, 3.000000000000000000 ) ) ;
#1406 = AXIS2_PLACEMENT_3D ( 'NONE', #1941, #1594, #712 ) ;
#1407 = APPLICATION_CONTEXT ( 'automotive_design' ) ;
#1408 = ORIENTED_EDGE ( 'NONE', *, *, #574, .F. ) ;
#1409 = DIRECTION ( 'NONE',  ( -0.000000000000000000, -0.000000000000000000, 1.000000000000000000 ) ) ;
#1410 = ORIENTED_EDGE ( 'NONE', *, *, #1103, .T. ) ;
#1411 = EDGE_LOOP ( 'NONE', ( #1276, #1498 ) ) ;
#1412 = CARTESIAN_POINT ( 'NONE',  ( 3.599999999999999201, 0.000000000000000000, 4.000000000000000000 ) ) ;
#1413 = CARTESIAN_POINT ( 'NONE',  ( 0.000000000000000000, 0.000000000000000000, 0.000000000000000000 ) ) ;
#1414 = ORIENTED_EDGE ( 'NONE', *, *, #1064, .F. ) ;
#1415 = CYLINDRICAL_SURFACE ( 'NONE', #1366, 0.9750000000000001998 ) ;
#1416 = CARTESIAN_POINT ( 'NONE',  ( -4.999999999999999112, 2.291287847477920359, 6.269498843357277806 ) ) ;
#1417 = EDGE_CURVE ( 'NONE', #1292, #77, #1804, .T. ) ;
#1418 = LINE ( 'NONE', #2105, #179 ) ;
#1419 = ADVANCED_FACE ( 'NONE', ( #2135 ), #1415, .F. ) ;
#1420 = ORIENTED_EDGE ( 'NONE', *, *, #1134, .T. ) ;
#1421 = FACE_OUTER_BOUND ( 'NONE', #886, .T. ) ;
#1422 = ORIENTED_EDGE ( 'NONE', *, *, #1241, .F. ) ;
#1423 = DIRECTION ( 'NONE',  ( 1.000000000000000000, -0.000000000000000000, -0.000000000000000000 ) ) ;
#1424 =( NAMED_UNIT ( * ) PLANE_ANGLE_UNIT ( ) SI_UNIT ( $, .RADIAN. ) );
#1425 = CARTESIAN_POINT ( 'NONE',  ( 0.2862693570519036501, 5.493509816888321851, 1.991579979643737452 ) ) ;
#1426 = DIRECTION ( 'NONE',  ( -0.000000000000000000, -0.000000000000000000, -1.000000000000000000 ) ) ;
#1427 = CARTESIAN_POINT ( 'NONE',  ( -4.855102394326727300, -2.586642537147932686, 5.702579814039776984 ) ) ;
#1428 = EDGE_CURVE ( 'NONE', #1815, #1384, #1079, .T. ) ;
#1429 = ORIENTED_EDGE ( 'NONE', *, *, #1533, .F. ) ;
#1430 = CARTESIAN_POINT ( 'NONE',  ( -3.599999999999999201, 0.000000000000000000, 4.000000000000000000 ) ) ;
#1431 = ORIENTED_EDGE ( 'NONE', *, *, #1791, .F. ) ;
#1432 = DIRECTION ( 'NONE',  ( -0.000000000000000000, -0.000000000000000000, -1.000000000000000000 ) ) ;
#1433 = EDGE_LOOP ( 'NONE', ( #866, #852 ) ) ;
#1434 = DIRECTION ( 'NONE',  ( 1.000000000000000000, 0.000000000000000000, 0.000000000000000000 ) ) ;
#1435 = CARTESIAN_POINT ( 'NONE',  ( 4.212932612767745333, 3.282078204817742151, 2.976414504874667966 ) ) ;
#1436 = VECTOR ( 'NONE', #1152, 1000.000000000000000 ) ;
#1437 = CARTESIAN_POINT ( 'NONE',  ( -4.598462210893449864, -3.017359112493148920, 3.753129625468220265 ) ) ;
#1438 = VECTOR ( 'NONE', #98, 1000.000000000000000 ) ;
#1439 = ORIENTED_EDGE ( 'NONE', *, *, #2038, .F. ) ;
#1440 = DIRECTION ( 'NONE',  ( -1.000000000000000000, 0.000000000000000000, 0.000000000000000000 ) ) ;
#1441 = EDGE_LOOP ( 'NONE', ( #1232, #1558, #7, #620 ) ) ;
#1442 = VECTOR ( 'NONE', #306, 1000.000000000000000 ) ;
#1443 = EDGE_CURVE ( 'NONE', #499, #413, #676, .T. ) ;
#1444 = EDGE_CURVE ( 'NONE', #1008, #1798, #2021, .T. ) ;
#1445 = ORIENTED_EDGE ( 'NONE', *, *, #1633, .T. ) ;
#1446 = CYLINDRICAL_SURFACE ( 'NONE', #1555, 1.024999999999999911 ) ;
#1447 = EDGE_CURVE ( 'NONE', #1774, #592, #1484, .T. ) ;
#1448 = ORIENTED_EDGE ( 'NONE', *, *, #2011, .T. ) ;
#1449 = DIRECTION ( 'NONE',  ( -1.000000000000000000, 0.000000000000000000, 0.000000000000000000 ) ) ;
#1450 = DIRECTION ( 'NONE',  ( 0.000000000000000000, 0.000000000000000000, 1.000000000000000000 ) ) ;
#1451 = CARTESIAN_POINT ( 'NONE',  ( -1.449999999999999956, 1.308934502411512879, 5.846560182149437068 ) ) ;
#1452 = ORIENTED_EDGE ( 'NONE', *, *, #1011, .T. ) ;
#1453 = DIRECTION ( 'NONE',  ( 0.000000000000000000, -1.776356839400250465E-15, -1.000000000000000000 ) ) ;
#1454 = ORIENTED_EDGE ( 'NONE', *, *, #186, .T. ) ;
#1455 = CARTESIAN_POINT ( 'NONE',  ( 0.000000000000000000, 0.000000000000000000, 3.000000000000000000 ) ) ;
#1456 = ORIENTED_EDGE ( 'NONE', *, *, #264, .T. ) ;
#1457 = EDGE_CURVE ( 'NONE', #1980, #1874, #2090, .T. ) ;
#1458 = LINE ( 'NONE', #2146, #1110 ) ;
#1459 = CARTESIAN_POINT ( 'NONE',  ( -0.5501111358959311914, 5.472419734511915657, 1.355088822900758716 ) ) ;
#1460 = ORIENTED_EDGE ( 'NONE', *, *, #1851, .F. ) ;
#1461 = CARTESIAN_POINT ( 'NONE',  ( -4.799999999999998046, -2.685144316419515231, 2.606936828424506469 ) ) ;
#1462 = ORIENTED_EDGE ( 'NONE', *, *, #810, .T. ) ;
#1463 = CARTESIAN_POINT ( 'NONE',  ( 4.632805641839875754, 2.964465790348149721, 10.56109322390899052 ) ) ;
#1464 = ORIENTED_EDGE ( 'NONE', *, *, #1582, .T. ) ;
#1465 = DIRECTION ( 'NONE',  ( 0.000000000000000000, 0.000000000000000000, 1.000000000000000000 ) ) ;
#1466 = DIRECTION ( 'NONE',  ( 1.000000000000000000, -0.000000000000000000, -0.000000000000000000 ) ) ;
#1467 = CARTESIAN_POINT ( 'NONE',  ( 0.000000000000000000, 0.000000000000000000, 0.2999999999999999334 ) ) ;
#1468 = EDGE_CURVE ( 'NONE', #2130, #948, #1834, .T. ) ;
#1469 = ORIENTED_EDGE ( 'NONE', *, *, #218, .T. ) ;
#1470 = CARTESIAN_POINT ( 'NONE',  ( -4.999999999999999112, 2.177704503192459562, 0.1379315362595150696 ) ) ;
#1471 = CIRCLE ( 'NONE', #1910, 1.024999999999999911 ) ;
#1472 = B_SPLINE_SURFACE_WITH_KNOTS ( 'NONE', 3, 1, ( 
 ( #647, #655 ),
 ( #1816, #947 ),
 ( #187, #1200 ),
 ( #1917, #493 ) ),
 .UNSPECIFIED., .F., .F., .F.,
 ( 4, 4 ),
 ( 2, 2 ),
 ( 0.000000000000000000, 1.000000000000000000 ),
 ( 0.000000000000000000, 1.000000000000000000 ),
 .UNSPECIFIED. ) ;
#1473 = AXIS2_PLACEMENT_3D ( 'NONE', #1683, #1828, #1158 ) ;
#1474 = ORIENTED_EDGE ( 'NONE', *, *, #1037, .T. ) ;
#1475 = DIRECTION ( 'NONE',  ( -1.000000000000000000, 0.000000000000000000, 0.000000000000000000 ) ) ;
#1476 = ORIENTED_EDGE ( 'NONE', *, *, #810, .F. ) ;
#1477 = AXIS2_PLACEMENT_3D ( 'NONE', #903, #1971, #1963 ) ;
#1478 = VERTEX_POINT ( 'NONE', #1660 ) ;
#1479 = ORIENTED_EDGE ( 'NONE', *, *, #508, .T. ) ;
#1480 = CIRCLE ( 'NONE', #339, 1.024999999999999911 ) ;
#1481 = PLANE ( 'NONE',  #1174 ) ;
#1482 = VECTOR ( 'NONE', #1390, 1000.000000000000000 ) ;
#1483 = ORIENTED_EDGE ( 'NONE', *, *, #1371, .T. ) ;
#1484 = LINE ( 'NONE', #1310, #966 ) ;
#1485 = CARTESIAN_POINT ( 'NONE',  ( -0.4901088356412482971, 5.479063835717064457, 1.787847485626485655 ) ) ;
#1486 = CYLINDRICAL_SURFACE ( 'NONE', #1736, 0.9750000000000001998 ) ;
#1487 = CARTESIAN_POINT ( 'NONE',  ( 4.212716147152073098, -3.282078085403592915, 2.976437934485827608 ) ) ;
#1488 = CARTESIAN_POINT ( 'NONE',  ( -0.2624729792175938825, -5.495058484034772484, 2.473696878263968113 ) ) ;
#1489 = EDGE_CURVE ( 'NONE', #1906, #1575, #315, .T. ) ;
#1490 = ORIENTED_EDGE ( 'NONE', *, *, #914, .F. ) ;
#1491 = EDGE_LOOP ( 'NONE', ( #1097, #2116, #1414, #697 ) ) ;
#1492 = DIRECTION ( 'NONE',  ( 0.000000000000000000, 0.000000000000000000, -1.000000000000000000 ) ) ;
#1493 = ORIENTED_EDGE ( 'NONE', *, *, #1595, .T. ) ;
#1494 = DIRECTION ( 'NONE',  ( 0.000000000000000000, 0.000000000000000000, -1.000000000000000000 ) ) ;
#1495 = CARTESIAN_POINT ( 'NONE',  ( 0.9000000000000000222, 0.000000000000000000, -0.4000000000000001887 ) ) ;
#1496 = ORIENTED_EDGE ( 'NONE', *, *, #1934, .T. ) ;
#1497 = CYLINDRICAL_SURFACE ( 'NONE', #1473, 1.000000000000000000 ) ;
#1498 = ORIENTED_EDGE ( 'NONE', *, *, #1196, .F. ) ;
#1499 = CARTESIAN_POINT ( 'NONE',  ( -0.6144569340966862248, -5.466359931694374730, 2.299645653510782761 ) ) ;
#1500 = VERTEX_POINT ( 'NONE', #631 ) ;
#1501 = ADVANCED_FACE ( 'NONE', ( #1124, #455 ), #2013, .T. ) ;
#1502 = LINE ( 'NONE', #1161, #514 ) ;
#1503 = AXIS2_PLACEMENT_3D ( 'NONE', #1170, #1872, #1698 ) ;
#1504 = VERTEX_POINT ( 'NONE', #2158 ) ;
#1505 = DIRECTION ( 'NONE',  ( 1.000000000000000000, -0.000000000000000000, -0.000000000000000000 ) ) ;
#1506 = CARTESIAN_POINT ( 'NONE',  ( -5.172442859629964751, 1.194030629168670061E-16, 4.975000000000000533 ) ) ;
#1507 = CARTESIAN_POINT ( 'NONE',  ( -4.999999999999999112, 2.269451169149898195, 0.2199933722147777160 ) ) ;
#1508 = DIRECTION ( 'NONE',  ( 1.000000000000000000, -0.000000000000000000, -0.000000000000000000 ) ) ;
#1509 = AXIS2_PLACEMENT_3D ( 'NONE', #235, #1409, #529 ) ;
#1510 = DIRECTION ( 'NONE',  ( 0.000000000000000000, -1.000000000000000000, 0.000000000000000000 ) ) ;
#1511 =( GEOMETRIC_REPRESENTATION_CONTEXT ( 3 ) GLOBAL_UNCERTAINTY_ASSIGNED_CONTEXT ( ( #1653 ) ) GLOBAL_UNIT_ASSIGNED_CONTEXT ( ( #1337, #311, #287 ) ) REPRESENTATION_CONTEXT ( 'NONE', 'WORKASPACE' ) );
#1512 = EDGE_CURVE ( 'NONE', #766, #1382, #158, .T. ) ;
#1513 = ORIENTED_EDGE ( 'NONE', *, *, #2064, .T. ) ;
#1514 = PLANE ( 'NONE',  #1177 ) ;
#1515 = EDGE_CURVE ( 'NONE', #1123, #1753, #1458, .T. ) ;
#1516 = CARTESIAN_POINT ( 'NONE',  ( 4.681711547735020851, -2.889801882257419852, 10.86426141058551131 ) ) ;
#1517 = CARTESIAN_POINT ( 'NONE',  ( 1.224646725652951697E-15, -5.500000000000000000, 2.499999999999999556 ) ) ;
#1518 = FACE_OUTER_BOUND ( 'NONE', #958, .T. ) ;
#1519 = DIRECTION ( 'NONE',  ( 1.000000000000000000, -0.000000000000000000, -0.000000000000000000 ) ) ;
#1520 = DIRECTION ( 'NONE',  ( 0.000000000000000000, 0.000000000000000000, 1.000000000000000000 ) ) ;
#1521 = FACE_OUTER_BOUND ( 'NONE', #170, .T. ) ;
#1522 = B_SPLINE_CURVE_WITH_KNOTS ( 'NONE', 3,
 ( #2085, #1556, #693, #1043 ),
 .UNSPECIFIED., .F., .F.,
 ( 4, 4 ),
 ( 2.168404344971008868E-19, 0.0009814593241182600729 ),
 .UNSPECIFIED. ) ;
#1523 = ADVANCED_FACE ( 'NONE', ( #2190 ), #1635, .T. ) ;
#1524 = CARTESIAN_POINT ( 'NONE',  ( -1.249999999999999778, -1.301042606982605321E-15, 10.00000000000000000 ) ) ;
#1525 = CARTESIAN_POINT ( 'NONE',  ( 4.800000000000002487, 2.685144316419506350, 5.393063171575510850 ) ) ;
#1526 = CARTESIAN_POINT ( 'NONE',  ( -4.413765022551188189, 3.281566443895918450, 2.700000000000000178 ) ) ;
#1527 = DIRECTION ( 'NONE',  ( 1.000000000000000000, 0.000000000000000000, 0.000000000000000000 ) ) ;
#1528 = ORIENTED_EDGE ( 'NONE', *, *, #496, .F. ) ;
#1529 = FACE_OUTER_BOUND ( 'NONE', #845, .T. ) ;
#1530 = CARTESIAN_POINT ( 'NONE',  ( 3.599999999999998312, 0.000000000000000000, 3.024999999999999911 ) ) ;
#1531 = CARTESIAN_POINT ( 'NONE',  ( 4.999999999999999112, 0.000000000000000000, 4.000000000000000000 ) ) ;
#1532 = CARTESIAN_POINT ( 'NONE',  ( 1.102182119232617714E-15, 6.000000000000000000, 1.499999999999999556 ) ) ;
#1533 = EDGE_CURVE ( 'NONE', #1607, #873, #722, .T. ) ;
#1534 = ADVANCED_FACE ( 'NONE', ( #1856 ), #1915, .F. ) ;
#1535 = ORIENTED_EDGE ( 'NONE', *, *, #1945, .F. ) ;
#1536 = ORIENTED_EDGE ( 'NONE', *, *, #208, .T. ) ;
#1537 = DIRECTION ( 'NONE',  ( -0.000000000000000000, -0.000000000000000000, -1.000000000000000000 ) ) ;
#1538 = ORIENTED_EDGE ( 'NONE', *, *, #1891, .T. ) ;
#1539 = CARTESIAN_POINT ( 'NONE',  ( -1.249999999999999778, -1.301042606982605321E-15, 10.00000000000000000 ) ) ;
#1540 = VECTOR ( 'NONE', #1432, 1000.000000000000000 ) ;
#1541 = AXIS2_PLACEMENT_3D ( 'NONE', #1128, #1313, #467 ) ;
#1542 = DIRECTION ( 'NONE',  ( -0.000000000000000000, -0.000000000000000000, -1.000000000000000000 ) ) ;
#1543 = FACE_OUTER_BOUND ( 'NONE', #1987, .T. ) ;
#1544 = SURFACE_SIDE_STYLE ('',( #202 ) ) ;
#1545 = CIRCLE ( 'NONE', #575, 4.200000000000000178 ) ;
#1546 = PRODUCT_DEFINITION_SHAPE ( 'NONE', 'NONE',  #205 ) ;
#1547 = VECTOR ( 'NONE', #1311, 1000.000000000000000 ) ;
#1548 = DIRECTION ( 'NONE',  ( 0.000000000000000000, 0.000000000000000000, 1.000000000000000000 ) ) ;
#1549 = CARTESIAN_POINT ( 'NONE',  ( 4.200000000000000178, 0.000000000000000000, -0.4000000000000000222 ) ) ;
#1550 = EDGE_LOOP ( 'NONE', ( #457, #468, #802, #1408 ) ) ;
#1551 = ORIENTED_EDGE ( 'NONE', *, *, #133, .F. ) ;
#1552 = DIRECTION ( 'NONE',  ( -1.000000000000000000, -0.000000000000000000, -0.000000000000000000 ) ) ;
#1553 = B_SPLINE_CURVE_WITH_KNOTS ( 'NONE', 3,
 ( #1308, #981, #2001, #489, #2040, #817, #963, #321, #1155, #1658, #2187, #23, #811, #498, #1349, #1339, #164, #1143 ),
 .UNSPECIFIED., .F., .F.,
 ( 4, 2, 2, 2, 2, 2, 2, 2, 4 ),
 ( 3.201791174507494544E-20, 0.0003916222367952256248, 0.0007832444735904510328, 0.001174866710385676387, 0.001566488947180901632, 0.001958111183976127094, 0.002349733420771352339, 0.002741355657566577151, 0.003132977894361801963 ),
 .UNSPECIFIED. ) ;
#1554 = EDGE_CURVE ( 'NONE', #1634, #1305, #989, .T. ) ;
#1555 = AXIS2_PLACEMENT_3D ( 'NONE', #291, #941, #1088 ) ;
#1556 = CARTESIAN_POINT ( 'NONE',  ( 4.924196699264670407, -2.456704211071800703, 2.005223547611552526 ) ) ;
#1557 = ORIENTED_EDGE ( 'NONE', *, *, #1749, .T. ) ;
#1558 = ORIENTED_EDGE ( 'NONE', *, *, #1022, .T. ) ;
#1559 = CYLINDRICAL_SURFACE ( 'NONE', #1958, 3.024999999999999911 ) ;
#1560 = CARTESIAN_POINT ( 'NONE',  ( -5.000000000000000000, -2.291287847477923023, 0.2582154197124368888 ) ) ;
#1561 = CARTESIAN_POINT ( 'NONE',  ( -1.249999999999999778, -1.077544566138213202E-15, 8.174999999999998934 ) ) ;
#1562 = CARTESIAN_POINT ( 'NONE',  ( 4.924196699264665966, -2.456704211071810917, 5.994776452388431487 ) ) ;
#1563 = DIRECTION ( 'NONE',  ( 1.000000000000000000, 0.000000000000000000, 0.000000000000000000 ) ) ;
#1564 = ORIENTED_EDGE ( 'NONE', *, *, #1443, .F. ) ;
#1565 = CARTESIAN_POINT ( 'NONE',  ( 4.999999999999999112, 1.428285685708572617, 0.000000000000000000 ) ) ;
#1566 = CARTESIAN_POINT ( 'NONE',  ( -1.249999999999999778, -1.077544566138213202E-15, 8.175000000000000711 ) ) ;
#1567 = EDGE_CURVE ( 'NONE', #2067, #1911, #1584, .T. ) ;
#1568 = ORIENTED_EDGE ( 'NONE', *, *, #2014, .F. ) ;
#1569 = DIRECTION ( 'NONE',  ( 1.000000000000000000, 0.000000000000000000, 0.000000000000000000 ) ) ;
#1570 = FACE_BOUND ( 'NONE', #980, .T. ) ;
#1571 = ORIENTED_EDGE ( 'NONE', *, *, #681, .F. ) ;
#1572 = LINE ( 'NONE', #19, #539 ) ;
#1573 = DIRECTION ( 'NONE',  ( 0.000000000000000000, 0.000000000000000000, 1.000000000000000000 ) ) ;
#1574 = FACE_OUTER_BOUND ( 'NONE', #805, .T. ) ;
#1575 = VERTEX_POINT ( 'NONE', #1813 ) ;
#1576 = CARTESIAN_POINT ( 'NONE',  ( 1.449999999999999956, -1.301042606982605321E-15, 8.174999999999998934 ) ) ;
#1577 = ORIENTED_EDGE ( 'NONE', *, *, #1007, .T. ) ;
#1578 = CARTESIAN_POINT ( 'NONE',  ( 1.449999999999999956, -1.301042606982605321E-15, 10.00000000000000000 ) ) ;
#1579 = EDGE_CURVE ( 'NONE', #1394, #1320, #284, .T. ) ;
#1580 = CIRCLE ( 'NONE', #2086, 0.5500000000000000444 ) ;
#1581 = AXIS2_PLACEMENT_3D ( 'NONE', #881, #2044, #2056 ) ;
#1582 = EDGE_CURVE ( 'NONE', #2130, #948, #793, .T. ) ;
#1583 = DIRECTION ( 'NONE',  ( -1.000000000000000000, -0.000000000000000000, -0.000000000000000000 ) ) ;
#1584 = CIRCLE ( 'NONE', #1072, 3.024999999999999911 ) ;
#1585 = CARTESIAN_POINT ( 'NONE',  ( -3.599999999999999201, 3.704556567420743261E-16, 0.9750000000000001998 ) ) ;
#1586 = CIRCLE ( 'NONE', #610, 1.024999999999999911 ) ;
#1587 = CARTESIAN_POINT ( 'NONE',  ( -1.449999999999999956, -3.276082999478249658, 4.037778610088965436 ) ) ;
#1588 = CIRCLE ( 'NONE', #648, 0.5500000000000000444 ) ;
#1589 = ORIENTED_EDGE ( 'NONE', *, *, #1622, .F. ) ;
#1590 = CARTESIAN_POINT ( 'NONE',  ( 4.800000000000002487, 0.000000000000000000, 4.000000000000000000 ) ) ;
#1591 = ORIENTED_EDGE ( 'NONE', *, *, #2148, .F. ) ;
#1592 = CARTESIAN_POINT ( 'NONE',  ( -4.413765022551188189, 3.281566443895918450, 2.700000000000000178 ) ) ;
#1593 = CARTESIAN_POINT ( 'NONE',  ( 0.4903856098630365867, 5.479037860475853172, 1.212607564640676872 ) ) ;
#1594 = DIRECTION ( 'NONE',  ( 1.000000000000000000, 0.000000000000000000, 0.000000000000000000 ) ) ;
#1595 = EDGE_CURVE ( 'NONE', #129, #2107, #2126, .T. ) ;
#1596 = CARTESIAN_POINT ( 'NONE',  ( 1.169537693185722164E-15, 6.000000000000000000, 2.049999999999999822 ) ) ;
#1597 = ORIENTED_EDGE ( 'NONE', *, *, #706, .T. ) ;
#1598 = DIRECTION ( 'NONE',  ( 1.000000000000000000, 0.000000000000000000, 0.000000000000000000 ) ) ;
#1599 = ORIENTED_EDGE ( 'NONE', *, *, #970, .F. ) ;
#1600 = CARTESIAN_POINT ( 'NONE',  ( -4.855102394326736182, -2.586642537147914922, 2.297420185960195482 ) ) ;
#1601 = VERTEX_POINT ( 'NONE', #175 ) ;
#1602 = DIRECTION ( 'NONE',  ( 1.000000000000000000, 0.000000000000000000, 0.000000000000000000 ) ) ;
#1603 = CARTESIAN_POINT ( 'NONE',  ( -1.449999999999999956, -1.181639544065738512E-15, 10.97499999999999964 ) ) ;
#1604 = CARTESIAN_POINT ( 'NONE',  ( -1.449999999999999956, 3.276082999478232338, 4.037778610088894382 ) ) ;
#1605 = EDGE_CURVE ( 'NONE', #776, #1107, #26, .T. ) ;
#1606 = ADVANCED_FACE ( 'NONE', ( #330, #1521 ), #1514, .F. ) ;
#1607 = VERTEX_POINT ( 'NONE', #1530 ) ;
#1608 = CARTESIAN_POINT ( 'NONE',  ( 5.000000000000000000, -1.181639544065738512E-15, 10.97499999999999964 ) ) ;
#1609 = EDGE_CURVE ( 'NONE', #121, #607, #1020, .T. ) ;
#1610 = ORIENTED_EDGE ( 'NONE', *, *, #706, .F. ) ;
#1611 = DIRECTION ( 'NONE',  ( 0.000000000000000000, 0.000000000000000000, 1.000000000000000000 ) ) ;
#1612 = VERTEX_POINT ( 'NONE', #512 ) ;
#1613 = CARTESIAN_POINT ( 'NONE',  ( -4.799999999999997158, 0.000000000000000000, 4.000000000000000000 ) ) ;
#1614 = CARTESIAN_POINT ( 'NONE',  ( -4.632808999039620623, 2.964460607836425954, 10.56115742629574150 ) ) ;
#1615 = AXIS2_PLACEMENT_3D ( 'NONE', #1539, #1062, #2063 ) ;
#1616 = AXIS2_PLACEMENT_3D ( 'NONE', #22, #1393, #2071 ) ;
#1617 = FACE_OUTER_BOUND ( 'NONE', #848, .T. ) ;
#1618 = AXIS2_PLACEMENT_3D ( 'NONE', #1082, #1583, #1245 ) ;
#1619 = ORIENTED_EDGE ( 'NONE', *, *, #1823, .T. ) ;
#1620 = DIRECTION ( 'NONE',  ( 1.000000000000000000, 0.000000000000000000, -0.000000000000000000 ) ) ;
#1621 = AXIS2_PLACEMENT_3D ( 'NONE', #2182, #632, #1322 ) ;
#1622 = EDGE_CURVE ( 'NONE', #4, #1711, #1002, .T. ) ;
#1623 = LINE ( 'NONE', #144, #1540 ) ;
#1624 = EDGE_LOOP ( 'NONE', ( #1172, #136 ) ) ;
#1625 = DIRECTION ( 'NONE',  ( 0.000000000000000000, 0.000000000000000000, 1.000000000000000000 ) ) ;
#1626 = DIRECTION ( 'NONE',  ( -1.000000000000000000, -0.000000000000000000, -0.000000000000000000 ) ) ;
#1627 = CYLINDRICAL_SURFACE ( 'NONE', #684, 1.024999999999999911 ) ;
#1628 = CARTESIAN_POINT ( 'NONE',  ( 5.000000000000000000, -2.291287847477919026, 11.93649167310371340 ) ) ;
#1629 = ORIENTED_EDGE ( 'NONE', *, *, #1512, .T. ) ;
#1630 = CARTESIAN_POINT ( 'NONE',  ( 4.686171016994700622, -2.879999447362318943, 3.044112004265909555 ) ) ;
#1631 = ORIENTED_EDGE ( 'NONE', *, *, #1903, .F. ) ;
#1632 = DIRECTION ( 'NONE',  ( 1.000000000000000000, 0.000000000000000000, 0.000000000000000000 ) ) ;
#1633 = EDGE_CURVE ( 'NONE', #1932, #2132, #1545, .T. ) ;
#1634 = VERTEX_POINT ( 'NONE', #41 ) ;
#1635 = CYLINDRICAL_SURFACE ( 'NONE', #1293, 4.200000000000000178 ) ;
#1636 = LINE ( 'NONE', #781, #1442 ) ;
#1637 = DIRECTION ( 'NONE',  ( 0.000000000000000000, 0.000000000000000000, -1.000000000000000000 ) ) ;
#1638 = CARTESIAN_POINT ( 'NONE',  ( 4.484953663866403595, -3.192704997840606573, 7.733602876778885360 ) ) ;
#1639 = ORIENTED_EDGE ( 'NONE', *, *, #1196, .T. ) ;
#1640 = CARTESIAN_POINT ( 'NONE',  ( -3.599999999999999201, 1.194030629168670308E-16, 4.975000000000000533 ) ) ;
#1641 = ORIENTED_EDGE ( 'NONE', *, *, #2000, .T. ) ;
#1642 = CIRCLE ( 'NONE', #260, 1.825000000000000178 ) ;
#1643 = ORIENTED_EDGE ( 'NONE', *, *, #1052, .F. ) ;
#1644 = CARTESIAN_POINT ( 'NONE',  ( 1.449999999999999956, 2.417572691171606891, 5.009560414901448766 ) ) ;
#1645 = EDGE_CURVE ( 'NONE', #1634, #237, #1038, .T. ) ;
#1646 = CARTESIAN_POINT ( 'NONE',  ( -4.738842355029212250, 2.794470542970798999, 2.817664311463047966 ) ) ;
#1647 = DIRECTION ( 'NONE',  ( 0.000000000000000000, 0.000000000000000000, 1.000000000000000000 ) ) ;
#1648 = EDGE_CURVE ( 'NONE', #956, #582, #1841, .T. ) ;
#1649 = CARTESIAN_POINT ( 'NONE',  ( -4.616087517742977653, -2.990273570852250984, 10.24137931034482740 ) ) ;
#1650 = DIRECTION ( 'NONE',  ( 0.000000000000000000, 0.000000000000000000, -1.000000000000000000 ) ) ;
#1651 = AXIS2_PLACEMENT_3D ( 'NONE', #907, #2139, #1120 ) ;
#1652 = VECTOR ( 'NONE', #1537, 1000.000000000000000 ) ;
#1653 = UNCERTAINTY_MEASURE_WITH_UNIT (LENGTH_MEASURE( 1.000000000000000082E-05 ), #1337, 'distance_accuracy_value', 'NONE');
#1654 = CARTESIAN_POINT ( 'NONE',  ( 1.249999999999999778, -1.301042606982605321E-15, 10.00000000000000000 ) ) ;
#1655 = AXIS2_PLACEMENT_3D ( 'NONE', #134, #1505, #1494 ) ;
#1656 = ORIENTED_EDGE ( 'NONE', *, *, #779, .F. ) ;
#1657 = VECTOR ( 'NONE', #2159, 1000.000000000000000 ) ;
#1658 = CARTESIAN_POINT ( 'NONE',  ( 1.000050280877384790, -5.408317616259179061, 1.630366091863857170 ) ) ;
#1659 = AXIS2_PLACEMENT_3D ( 'NONE', #855, #2043, #1902 ) ;
#1660 = CARTESIAN_POINT ( 'NONE',  ( 4.616087517742979429, 2.990273570852248319, 10.24137931034482740 ) ) ;
#1661 = VECTOR ( 'NONE', #1019, 1000.000000000000000 ) ;
#1662 = LINE ( 'NONE', #159, #756 ) ;
#1663 = CIRCLE ( 'NONE', #1183, 0.9750000000000001998 ) ;
#1664 = CARTESIAN_POINT ( 'NONE',  ( -3.000000000000000444, 3.673940397442060361E-16, -7.500000000000000000 ) ) ;
#1665 = CARTESIAN_POINT ( 'NONE',  ( -4.999999999999999112, 1.428285685708572617, 0.000000000000000000 ) ) ;
#1666 = ADVANCED_FACE ( 'NONE', ( #1175 ), #1047, .T. ) ;
#1667 = DIRECTION ( 'NONE',  ( 0.000000000000000000, 0.000000000000000000, 1.000000000000000000 ) ) ;
#1668 = ORIENTED_EDGE ( 'NONE', *, *, #1331, .T. ) ;
#1669 = DIRECTION ( 'NONE',  ( 0.000000000000000000, 0.000000000000000000, 1.000000000000000000 ) ) ;
#1670 = EDGE_LOOP ( 'NONE', ( #772, #470, #2151, #1551 ) ) ;
#1671 = DIRECTION ( 'NONE',  ( 1.000000000000000000, 0.000000000000000000, 0.000000000000000000 ) ) ;
#1672 = LINE ( 'NONE', #2172, #275 ) ;
#1673 = FACE_OUTER_BOUND ( 'NONE', #165, .T. ) ;
#1674 = EDGE_CURVE ( 'NONE', #972, #1601, #1330, .T. ) ;
#1675 = EDGE_CURVE ( 'NONE', #396, #652, #1163, .T. ) ;
#1676 = CARTESIAN_POINT ( 'NONE',  ( -0.9999257949736073403, -5.408340633707990008, 1.632654643919304149 ) ) ;
#1677 = EDGE_CURVE ( 'NONE', #1874, #30, #201, .T. ) ;
#1678 = CYLINDRICAL_SURFACE ( 'NONE', #1328, 1.000000000000000000 ) ;
#1679 = CIRCLE ( 'NONE', #1136, 0.9000000000000000222 ) ;
#1680 = VERTEX_POINT ( 'NONE', #500 ) ;
#1681 = CARTESIAN_POINT ( 'NONE',  ( -4.999999999999999112, 2.291287847477920359, 3.000000000000000000 ) ) ;
#1682 = CARTESIAN_POINT ( 'NONE',  ( -4.999999999999999112, 2.291287847477920359, 1.730501156642726635 ) ) ;
#1683 = CARTESIAN_POINT ( 'NONE',  ( 1.102182119232617714E-15, -1.000000000000000000, 1.499999999999999556 ) ) ;
#1684 = B_SPLINE_CURVE_WITH_KNOTS ( 'NONE', 3,
 ( #1024, #1354, #517, #335, #347, #699, #504, #2037, #1894, #2045, #690, #1190 ),
 .UNSPECIFIED., .F., .F.,
 ( 4, 2, 2, 2, 2, 4 ),
 ( 0.0007298252965574002996, 0.001459761954459759016, 0.001824730283410938049, 0.002189698612362117082, 0.002919635270264475148, 0.003649571928166833214 ),
 .UNSPECIFIED. ) ;
#1685 = DIRECTION ( 'NONE',  ( 0.000000000000000000, 0.000000000000000000, 1.000000000000000000 ) ) ;
#1686 = CIRCLE ( 'NONE', #472, 3.024999999999999911 ) ;
#1687 = CARTESIAN_POINT ( 'NONE',  ( 4.999999999999999112, 2.291287847477920359, 1.730501156642730187 ) ) ;
#1688 = CIRCLE ( 'NONE', #307, 3.000000000000000444 ) ;
#1689 = ADVANCED_FACE ( 'NONE', ( #1543 ), #827, .T. ) ;
#1690 = ORIENTED_EDGE ( 'NONE', *, *, #1945, .T. ) ;
#1691 = AXIS2_PLACEMENT_3D ( 'NONE', #1531, #215, #57 ) ;
#1692 = CARTESIAN_POINT ( 'NONE',  ( 0.000000000000000000, 0.000000000000000000, -7.500000000000000000 ) ) ;
#1693 = AXIS2_PLACEMENT_3D ( 'NONE', #213, #2066, #1197 ) ;
#1694 = DIRECTION ( 'NONE',  ( -1.000000000000000000, 0.000000000000000000, 0.000000000000000000 ) ) ;
#1695 = CARTESIAN_POINT ( 'NONE',  ( -4.999999999999999112, -1.181639544065738512E-15, 10.97499999999999964 ) ) ;
#1696 = DIRECTION ( 'NONE',  ( 1.000000000000000000, 0.000000000000000000, -0.000000000000000000 ) ) ;
#1697 = CYLINDRICAL_SURFACE ( 'NONE', #1402, 1.024999999999999911 ) ;
#1698 = DIRECTION ( 'NONE',  ( 1.000000000000000000, 0.000000000000000000, 0.000000000000000000 ) ) ;
#1699 = ORIENTED_EDGE ( 'NONE', *, *, #450, .T. ) ;
#1700 = B_SPLINE_CURVE_WITH_KNOTS ( 'NONE', 3,
 ( #478, #161, #1487, #2184, #2174, #635 ),
 .UNSPECIFIED., .F., .F.,
 ( 4, 2, 4 ),
 ( 0.000000000000000000, 0.0002666451431114067643, 0.0005332902862228135286 ),
 .UNSPECIFIED. ) ;
#1701 = LINE ( 'NONE', #2161, #1301 ) ;
#1702 = EDGE_CURVE ( 'NONE', #1680, #607, #1165, .T. ) ;
#1703 = DIRECTION ( 'NONE',  ( 0.000000000000000000, 0.000000000000000000, 1.000000000000000000 ) ) ;
#1704 = ORIENTED_EDGE ( 'NONE', *, *, #2175, .F. ) ;
#1705 =( LENGTH_UNIT ( ) NAMED_UNIT ( * ) SI_UNIT ( .MILLI., .METRE. ) );
#1706 = LINE ( 'NONE', #369, #2018 ) ;
#1707 = CYLINDRICAL_SURFACE ( 'NONE', #507, 5.500000000000000000 ) ;
#1708 = VERTEX_POINT ( 'NONE', #545 ) ;
#1709 = CARTESIAN_POINT ( 'NONE',  ( 4.999999999999999112, 2.291287847477920359, 6.269498843357271589 ) ) ;
#1710 = CARTESIAN_POINT ( 'NONE',  ( 4.999999999999999112, -2.291287847477921691, 0.2583098266865204717 ) ) ;
#1711 = VERTEX_POINT ( 'NONE', #1398 ) ;
#1712 = CARTESIAN_POINT ( 'NONE',  ( -4.033365821337738133, 3.282066445284823164, 3.000000000000000000 ) ) ;
#1713 = CARTESIAN_POINT ( 'NONE',  ( 0.000000000000000000, 0.000000000000000000, -7.500000000000000000 ) ) ;
#1714 = FILL_AREA_STYLE ('',( #1021 ) ) ;
#1715 = ADVANCED_FACE ( 'NONE', ( #1570, #1928 ), #1223, .F. ) ;
#1716 = DIRECTION ( 'NONE',  ( 1.000000000000000000, 0.000000000000000000, 0.000000000000000000 ) ) ;
#1717 = DIRECTION ( 'NONE',  ( 0.000000000000000000, 0.000000000000000000, 1.000000000000000000 ) ) ;
#1718 = EDGE_CURVE ( 'NONE', #1794, #561, #1178, .T. ) ;
#1719 = ORIENTED_EDGE ( 'NONE', *, *, #1428, .T. ) ;
#1720 = DIRECTION ( 'NONE',  ( -1.000000000000000000, -0.000000000000000000, -0.000000000000000000 ) ) ;
#1721 = ORIENTED_EDGE ( 'NONE', *, *, #1228, .T. ) ;
#1722 = DIRECTION ( 'NONE',  ( -1.000000000000000000, -0.000000000000000000, -0.000000000000000000 ) ) ;
#1723 = AXIS2_PLACEMENT_3D ( 'NONE', #217, #1896, #1025 ) ;
#1724 = ORIENTED_EDGE ( 'NONE', *, *, #1973, .F. ) ;
#1725 = AXIS2_PLACEMENT_3D ( 'NONE', #957, #784, #1650 ) ;
#1726 = CYLINDRICAL_SURFACE ( 'NONE', #1848, 1.825000000000000178 ) ;
#1727 = DIRECTION ( 'NONE',  ( -1.000000000000000000, 0.000000000000000000, 0.000000000000000000 ) ) ;
#1728 = AXIS2_PLACEMENT_3D ( 'NONE', #727, #1449, #125 ) ;
#1729 = VECTOR ( 'NONE', #167, 1000.000000000000000 ) ;
#1730 = CARTESIAN_POINT ( 'NONE',  ( 1.249999999999999778, -1.301042606982605321E-15, 8.174999999999998934 ) ) ;
#1731 = CARTESIAN_POINT ( 'NONE',  ( 5.000000000000000000, 2.178293673445095724, 0.1382798229524750122 ) ) ;
#1732 = B_SPLINE_CURVE_WITH_KNOTS ( 'NONE', 3,
 ( #637, #1840, #978, #162 ),
 .UNSPECIFIED., .F., .F.,
 ( 4, 4 ),
 ( 3.469446951953614189E-18, 0.007549730680264970378 ),
 .UNSPECIFIED. ) ;
#1733 = ORIENTED_EDGE ( 'NONE', *, *, #914, .T. ) ;
#1734 = CARTESIAN_POINT ( 'NONE',  ( -4.033365821337749679, -3.282066445284809397, 3.000000000000000000 ) ) ;
#1735 = ADVANCED_FACE ( 'NONE', ( #708, #675 ), #1707, .T. ) ;
#1736 = AXIS2_PLACEMENT_3D ( 'NONE', #466, #625, #1836 ) ;
#1737 = ORIENTED_EDGE ( 'NONE', *, *, #953, .F. ) ;
#1738 = PLANE ( 'NONE',  #1615 ) ;
#1739 = VERTEX_POINT ( 'NONE', #1369 ) ;
#1740 = VERTEX_POINT ( 'NONE', #494 ) ;
#1741 = CARTESIAN_POINT ( 'NONE',  ( -4.484953663866401818, 3.192704997840607906, 7.733602876778858715 ) ) ;
#1742 = CARTESIAN_POINT ( 'NONE',  ( 0.000000000000000000, 0.000000000000000000, -0.4000000000000000222 ) ) ;
#1743 = VERTEX_POINT ( 'NONE', #859 ) ;
#1744 = APPLICATION_PROTOCOL_DEFINITION ( 'draft international standard', 'automotive_design', 1998, #758 ) ;
#1745 = FACE_OUTER_BOUND ( 'NONE', #383, .T. ) ;
#1746 = CARTESIAN_POINT ( 'NONE',  ( 0.000000000000000000, 0.000000000000000000, 3.000000000000000000 ) ) ;
#1747 = ORIENTED_EDGE ( 'NONE', *, *, #93, .T. ) ;
#1748 = CARTESIAN_POINT ( 'NONE',  ( -1.249999999999999778, -1.301042606982605321E-15, 10.00000000000000000 ) ) ;
#1749 = EDGE_CURVE ( 'NONE', #1806, #640, #1684, .T. ) ;
#1750 = ORIENTED_EDGE ( 'NONE', *, *, #267, .F. ) ;
#1751 = CARTESIAN_POINT ( 'NONE',  ( -4.359761887632935817, 3.281992231783664948, 2.873474045562818713 ) ) ;
#1752 = EDGE_CURVE ( 'NONE', #1926, #634, #240, .T. ) ;
#1753 = VERTEX_POINT ( 'NONE', #1867 ) ;
#1754 = CARTESIAN_POINT ( 'NONE',  ( -4.999999999999999112, 2.291287847477920359, 3.000000000000000000 ) ) ;
#1755 = CARTESIAN_POINT ( 'NONE',  ( 0.000000000000000000, 0.000000000000000000, -7.500000000000000000 ) ) ;
#1756 = DIRECTION ( 'NONE',  ( -1.000000000000000000, 0.000000000000000000, 0.000000000000000000 ) ) ;
#1757 = CARTESIAN_POINT ( 'NONE',  ( 1.449999999999999956, 2.990273570852255869, 10.24137931034483096 ) ) ;
#1758 = ORIENTED_EDGE ( 'NONE', *, *, #1702, .F. ) ;
#1759 = CARTESIAN_POINT ( 'NONE',  ( -1.449999999999999956, 3.276082999478232338, 4.037778610088894382 ) ) ;
#1760 = ORIENTED_EDGE ( 'NONE', *, *, #1962, .F. ) ;
#1761 = CARTESIAN_POINT ( 'NONE',  ( -4.413765022551183748, -3.281566443895923779, 2.700000000000000178 ) ) ;
#1762 = AXIS2_PLACEMENT_3D ( 'NONE', #1130, #1508, #786 ) ;
#1763 = ADVANCED_FACE ( 'NONE', ( #1049 ), #1015, .F. ) ;
#1764 = AXIS2_PLACEMENT_3D ( 'NONE', #44, #1716, #346 ) ;
#1765 = CYLINDRICAL_SURFACE ( 'NONE', #152, 3.000000000000000888 ) ;
#1766 = CARTESIAN_POINT ( 'NONE',  ( -4.821905003218009966, 2.649265950189804375, 11.44197525280105943 ) ) ;
#1767 = AXIS2_PLACEMENT_3D ( 'NONE', #1225, #1426, #1059 ) ;
#1768 = CARTESIAN_POINT ( 'NONE',  ( 4.407520752176958823, -3.289965098209437944, 5.219582296258760579 ) ) ;
#1769 =( GEOMETRIC_REPRESENTATION_CONTEXT ( 3 ) GLOBAL_UNCERTAINTY_ASSIGNED_CONTEXT ( ( #138 ) ) GLOBAL_UNIT_ASSIGNED_CONTEXT ( ( #368, #1424, #1067 ) ) REPRESENTATION_CONTEXT ( 'NONE', 'WORKASPACE' ) );
#1770 = EDGE_LOOP ( 'NONE', ( #399, #604, #1132, #1065 ) ) ;
#1771 = DIRECTION ( 'NONE',  ( -1.000000000000000000, 0.000000000000000000, 0.000000000000000000 ) ) ;
#1772 = CIRCLE ( 'NONE', #979, 0.9750000000000001998 ) ;
#1773 = CONICAL_SURFACE ( 'NONE', #863, 3.225000000000000533, 0.7853981633974428389 ) ;
#1774 = VERTEX_POINT ( 'NONE', #370 ) ;
#1775 = CARTESIAN_POINT ( 'NONE',  ( 1.449999999999999956, 3.276082999478232338, 4.037778610088894382 ) ) ;
#1776 = ORIENTED_EDGE ( 'NONE', *, *, #1417, .T. ) ;
#1777 = ORIENTED_EDGE ( 'NONE', *, *, #1274, .T. ) ;
#1778 = ADVANCED_FACE ( 'NONE', ( #1201 ), #1212, .T. ) ;
#1779 = ADVANCED_FACE ( 'NONE', ( #1518 ), #1918, .F. ) ;
#1780 = CARTESIAN_POINT ( 'NONE',  ( -4.799999999999817746, 2.685144316419843857, 2.606936828424431862 ) ) ;
#1781 = CARTESIAN_POINT ( 'NONE',  ( 4.200000000000000178, 0.000000000000000000, 0.000000000000000000 ) ) ;
#1782 = ADVANCED_FACE ( 'NONE', ( #1180 ), #204, .T. ) ;
#1783 = CARTESIAN_POINT ( 'NONE',  ( -1.449999999999999956, 0.000000000000000000, 6.066615150441368343 ) ) ;
#1784 = ORIENTED_EDGE ( 'NONE', *, *, #358, .F. ) ;
#1785 = CARTESIAN_POINT ( 'NONE',  ( 4.909109766353936699, 2.489626597770924654, 11.70181409894097513 ) ) ;
#1786 = ORIENTED_EDGE ( 'NONE', *, *, #1052, .T. ) ;
#1787 = FACE_OUTER_BOUND ( 'NONE', #1433, .T. ) ;
#1788 = CARTESIAN_POINT ( 'NONE',  ( 0.4916688245930176948, 5.478947163457465130, 1.786116738581944530 ) ) ;
#1789 = DIRECTION ( 'NONE',  ( 0.000000000000000000, 0.000000000000000000, 1.000000000000000000 ) ) ;
#1790 = CARTESIAN_POINT ( 'NONE',  ( 1.449999999999999956, 0.000000000000000000, 6.066615150441368343 ) ) ;
#1791 = EDGE_CURVE ( 'NONE', #1806, #129, #82, .T. ) ;
#1792 = EDGE_LOOP ( 'NONE', ( #1975, #184, #731, #1568 ) ) ;
#1793 = CARTESIAN_POINT ( 'NONE',  ( -1.449999999999999956, -1.806950572528448928, 5.334094443960364806 ) ) ;
#1794 = VERTEX_POINT ( 'NONE', #1549 ) ;
#1795 = ORIENTED_EDGE ( 'NONE', *, *, #1609, .F. ) ;
#1796 = VERTEX_POINT ( 'NONE', #1167 ) ;
#1797 = DIRECTION ( 'NONE',  ( -1.000000000000000000, 0.000000000000000000, -0.000000000000000000 ) ) ;
#1798 = VERTEX_POINT ( 'NONE', #45 ) ;
#1799 = CARTESIAN_POINT ( 'NONE',  ( -4.822114366604854929, -2.648873883963878573, 11.44251892163273077 ) ) ;
#1800 = CARTESIAN_POINT ( 'NONE',  ( 3.599999999999999201, 3.704556567420743261E-16, 7.025000000000000355 ) ) ;
#1801 = TOROIDAL_SURFACE ( 'NONE', #1983, 5.200000000000000178, 0.2999999999999999889 ) ;
#1802 = AXIS2_PLACEMENT_3D ( 'NONE', #203, #1189, #333 ) ;
#1803 = LINE ( 'NONE', #1790, #964 ) ;
#1804 = CIRCLE ( 'NONE', #1728, 1.825000000000000178 ) ;
#1805 = EDGE_CURVE ( 'NONE', #928, #1008, #1937, .T. ) ;
#1806 = VERTEX_POINT ( 'NONE', #1525 ) ;
#1807 = CARTESIAN_POINT ( 'NONE',  ( 1.249999999999999778, -1.301042606982605321E-15, 10.00000000000000000 ) ) ;
#1808 = AXIS2_PLACEMENT_3D ( 'NONE', #644, #955, #274 ) ;
#1809 = ORIENTED_EDGE ( 'NONE', *, *, #1645, .T. ) ;
#1810 = CARTESIAN_POINT ( 'NONE',  ( 1.449999999999999956, 0.000000000000000000, 6.066615150441368343 ) ) ;
#1811 = CONICAL_SURFACE ( 'NONE', #2097, 3.024999999999999911, 0.7853981633974504994 ) ;
#1812 = EDGE_LOOP ( 'NONE', ( #1737, #917, #1721, #294 ) ) ;
#1813 = CARTESIAN_POINT ( 'NONE',  ( 1.135139064070121444E-15, -5.500000000000000000, 0.4999999999999995559 ) ) ;
#1814 = LINE ( 'NONE', #1826, #1547 ) ;
#1815 = VERTEX_POINT ( 'NONE', #20 ) ;
#1816 = CARTESIAN_POINT ( 'NONE',  ( 1.449999999999999956, -2.417572691171607779, 5.009560414901448766 ) ) ;
#1817 = B_SPLINE_CURVE_WITH_KNOTS ( 'NONE', 3,
 ( #580, #905, #1427, #128 ),
 .UNSPECIFIED., .F., .F.,
 ( 4, 4 ),
 ( 0.000000000000000000, 0.0009814593241184075244 ),
 .UNSPECIFIED. ) ;
#1818 = VERTEX_POINT ( 'NONE', #663 ) ;
#1819 = DIRECTION ( 'NONE',  ( 0.000000000000000000, 0.000000000000000000, -1.000000000000000000 ) ) ;
#1820 = EDGE_LOOP ( 'NONE', ( #1420, #1194 ) ) ;
#1821 = EDGE_CURVE ( 'NONE', #776, #1906, #723, .T. ) ;
#1822 = CARTESIAN_POINT ( 'NONE',  ( 1.449999999999999956, -3.276082999478249658, 4.037778610088965436 ) ) ;
#1823 = EDGE_CURVE ( 'NONE', #670, #1634, #847, .T. ) ;
#1824 = EDGE_LOOP ( 'NONE', ( #999, #622 ) ) ;
#1825 = DIRECTION ( 'NONE',  ( 1.000000000000000000, 0.000000000000000000, 0.000000000000000000 ) ) ;
#1826 = CARTESIAN_POINT ( 'NONE',  ( 3.599999999999999201, 0.000000000000000000, 0.9750000000000001998 ) ) ;
#1827 = ORIENTED_EDGE ( 'NONE', *, *, #1989, .T. ) ;
#1828 = DIRECTION ( 'NONE',  ( 0.000000000000000000, -1.000000000000000000, 0.000000000000000000 ) ) ;
#1829 = ORIENTED_EDGE ( 'NONE', *, *, #172, .T. ) ;
#1830 = FACE_BOUND ( 'NONE', #13, .T. ) ;
#1831 = EDGE_LOOP ( 'NONE', ( #1631, #1690, #1187, #555 ) ) ;
#1832 = PLANE ( 'NONE',  #672 ) ;
#1833 = ADVANCED_FACE ( 'NONE', ( #244, #728 ), #113, .T. ) ;
#1834 = LINE ( 'NONE', #483, #38 ) ;
#1835 = CARTESIAN_POINT ( 'NONE',  ( -0.1435940827348032578, 5.500000000000020428, 2.050000000000202327 ) ) ;
#1836 = DIRECTION ( 'NONE',  ( 0.000000000000000000, 0.000000000000000000, -1.000000000000000000 ) ) ;
#1837 = AXIS2_PLACEMENT_3D ( 'NONE', #992, #11, #2166 ) ;
#1838 = VECTOR ( 'NONE', #1118, 1000.000000000000000 ) ;
#1839 = ORIENTED_EDGE ( 'NONE', *, *, #1533, .T. ) ;
#1840 = CARTESIAN_POINT ( 'NONE',  ( 4.484953663866403595, 3.192704997840604797, 7.733602876778858715 ) ) ;
#1841 = CIRCLE ( 'NONE', #210, 3.000000000000000888 ) ;
#1842 = CIRCLE ( 'NONE', #1808, 0.9000000000000000222 ) ;
#1843 = DIRECTION ( 'NONE',  ( 0.000000000000000000, 0.000000000000000000, -1.000000000000000000 ) ) ;
#1844 = ORIENTED_EDGE ( 'NONE', *, *, #1274, .F. ) ;
#1845 = CARTESIAN_POINT ( 'NONE',  ( 1.102182119232617714E-15, -1.000000000000000000, 0.4999999999999995559 ) ) ;
#1846 = CARTESIAN_POINT ( 'NONE',  ( -4.033365821337749679, -3.282066445284809397, 3.000000000000000000 ) ) ;
#1847 = EDGE_CURVE ( 'NONE', #1085, #1123, #1480, .T. ) ;
#1848 = AXIS2_PLACEMENT_3D ( 'NONE', #1243, #40, #238 ) ;
#1849 = CARTESIAN_POINT ( 'NONE',  ( -4.413765022551183748, -3.281566443895923779, 2.700000000000000178 ) ) ;
#1850 = CARTESIAN_POINT ( 'NONE',  ( 3.000000000000000444, 0.000000000000000000, -7.500000000000000000 ) ) ;
#1851 = EDGE_CURVE ( 'NONE', #60, #1267, #2104, .T. ) ;
#1852 = CARTESIAN_POINT ( 'NONE',  ( -0.2638952871540451439, -5.494987518234280444, 0.5266965409351981320 ) ) ;
#1853 = DIRECTION ( 'NONE',  ( 1.000000000000000000, 0.000000000000000000, 0.000000000000000000 ) ) ;
#1854 = ORIENTED_EDGE ( 'NONE', *, *, #1515, .T. ) ;
#1855 = B_SPLINE_CURVE_WITH_KNOTS ( 'NONE', 3,
 ( #650, #154, #1488, #1860, #1499, #986, #488, #495, #1676, #1869, #140, #460, #299, #325, #1348, #1852, #2177, #320 ),
 .UNSPECIFIED., .F., .F.,
 ( 4, 2, 2, 2, 2, 2, 2, 2, 4 ),
 ( 0.003132977894361801963, 0.003524500858659154919, 0.003916023822956507874, 0.004307546787253860830, 0.004699069751551214653, 0.005090592715848567609, 0.005482115680145921432, 0.005873638644443275256, 0.006265161608740629079 ),
 .UNSPECIFIED. ) ;
#1856 = FACE_OUTER_BOUND ( 'NONE', #1968, .T. ) ;
#1857 = CARTESIAN_POINT ( 'NONE',  ( 1.249999999999999778, -1.077544566138213202E-15, 11.82500000000000107 ) ) ;
#1858 = DIRECTION ( 'NONE',  ( -0.000000000000000000, 1.000000000000000000, -0.000000000000000000 ) ) ;
#1859 = ORIENTED_EDGE ( 'NONE', *, *, #1567, .F. ) ;
#1860 = CARTESIAN_POINT ( 'NONE',  ( -0.5032156751244268866, -5.478260106282919040, 2.373928864307285558 ) ) ;
#1861 = EDGE_CURVE ( 'NONE', #1740, #1218, #1333, .T. ) ;
#1862 = CARTESIAN_POINT ( 'NONE',  ( 1.449999999999999956, -1.301042606982605321E-15, 9.025000000000000355 ) ) ;
#1863 = VERTEX_POINT ( 'NONE', #904 ) ;
#1864 = DIRECTION ( 'NONE',  ( 0.000000000000000000, 0.000000000000000000, -1.000000000000000000 ) ) ;
#1865 = CARTESIAN_POINT ( 'NONE',  ( 5.000000000000000000, -1.301042606982605321E-15, 9.025000000000000355 ) ) ;
#1866 = CYLINDRICAL_SURFACE ( 'NONE', #1035, 0.9750000000000001998 ) ;
#1867 = CARTESIAN_POINT ( 'NONE',  ( -1.449999999999999956, -1.301042606982605321E-15, 11.02500000000000036 ) ) ;
#1868 = VECTOR ( 'NONE', #350, 1000.000000000000000 ) ;
#1869 = CARTESIAN_POINT ( 'NONE',  ( -1.000073890788316877, -5.408313250786612514, 1.368466494874974071 ) ) ;
#1870 = AXIS2_PLACEMENT_3D ( 'NONE', #2083, #1921, #1907 ) ;
#1871 = EDGE_CURVE ( 'NONE', #1879, #928, #862, .T. ) ;
#1872 = DIRECTION ( 'NONE',  ( 0.000000000000000000, 0.000000000000000000, 1.000000000000000000 ) ) ;
#1873 = VECTOR ( 'NONE', #196, 1000.000000000000000 ) ;
#1874 = VERTEX_POINT ( 'NONE', #1585 ) ;
#1875 = VECTOR ( 'NONE', #854, 1000.000000000000000 ) ;
#1876 = CARTESIAN_POINT ( 'NONE',  ( -5.172442859629964751, -1.181639544065738512E-15, 10.97499999999999964 ) ) ;
#1877 = PRESENTATION_LAYER_ASSIGNMENT (  '', '', ( #616 ) ) ;
#1878 = DIRECTION ( 'NONE',  ( 1.000000000000000000, -0.000000000000000000, -0.000000000000000000 ) ) ;
#1879 = VERTEX_POINT ( 'NONE', #1273 ) ;
#1880 = CARTESIAN_POINT ( 'NONE',  ( 1.249999999999999778, -1.301042606982605321E-15, 10.00000000000000000 ) ) ;
#1881 = B_SPLINE_CURVE_WITH_KNOTS ( 'NONE', 3,
 ( #2117, #1785, #593, #266, #1463, #257 ),
 .UNSPECIFIED., .F., .F.,
 ( 4, 2, 4 ),
 ( 0.000000000000000000, 0.0009492615940431422226, 0.001898523188086284445 ),
 .UNSPECIFIED. ) ;
#1882 = CARTESIAN_POINT ( 'NONE',  ( 0.000000000000000000, 0.000000000000000000, 3.000000000000000000 ) ) ;
#1883 = ORIENTED_EDGE ( 'NONE', *, *, #163, .T. ) ;
#1884 = VECTOR ( 'NONE', #1139, 1000.000000000000000 ) ;
#1885 = CARTESIAN_POINT ( 'NONE',  ( 4.999999999999999112, 2.291287847477920359, 3.000000000000000000 ) ) ;
#1886 = CARTESIAN_POINT ( 'NONE',  ( 4.200000000000000178, 0.000000000000000000, -0.4000000000000000222 ) ) ;
#1887 = EDGE_LOOP ( 'NONE', ( #1955, #1013 ) ) ;
#1888 = ORIENTED_EDGE ( 'NONE', *, *, #2014, .T. ) ;
#1889 = ORIENTED_EDGE ( 'NONE', *, *, #901, .F. ) ;
#1890 = DIRECTION ( 'NONE',  ( -0.000000000000000000, -0.000000000000000000, -1.000000000000000000 ) ) ;
#1891 = EDGE_CURVE ( 'NONE', #2070, #69, #1588, .T. ) ;
#1892 = FACE_OUTER_BOUND ( 'NONE', #94, .T. ) ;
#1893 = CARTESIAN_POINT ( 'NONE',  ( -3.599999999999999201, 0.000000000000000000, 3.024999999999999911 ) ) ;
#1894 = CARTESIAN_POINT ( 'NONE',  ( 4.613038093992201105, 2.995765806279239385, 3.514803221235591302 ) ) ;
#1895 = ORIENTED_EDGE ( 'NONE', *, *, #50, .T. ) ;
#1896 = DIRECTION ( 'NONE',  ( 1.000000000000000000, 0.000000000000000000, 0.000000000000000000 ) ) ;
#1897 = B_SPLINE_CURVE_WITH_KNOTS ( 'NONE', 3,
 ( #506, #1016, #718, #1039, #227, #1734 ),
 .UNSPECIFIED., .F., .F.,
 ( 4, 2, 4 ),
 ( 0.000000000000000000, 0.0002668148849464603871, 0.0005336297698929207741 ),
 .UNSPECIFIED. ) ;
#1898 = CARTESIAN_POINT ( 'NONE',  ( -4.999999999999999112, 0.000000000000000000, 7.225000000000004086 ) ) ;
#1899 = ORIENTED_EDGE ( 'NONE', *, *, #21, .T. ) ;
#1900 = DIRECTION ( 'NONE',  ( 0.000000000000000000, 0.000000000000000000, -1.000000000000000000 ) ) ;
#1901 = CARTESIAN_POINT ( 'NONE',  ( -4.999999999999996447, -1.989476608200420937, 0.05833259516409368406 ) ) ;
#1902 = DIRECTION ( 'NONE',  ( 1.000000000000000000, 0.000000000000000000, 0.000000000000000000 ) ) ;
#1903 = EDGE_CURVE ( 'NONE', #1279, #2084, #566, .T. ) ;
#1904 = LINE ( 'NONE', #711, #997 ) ;
#1905 = CARTESIAN_POINT ( 'NONE',  ( 4.999999999999999112, 1.751997326039295810, 0.008299423556452183159 ) ) ;
#1906 = VERTEX_POINT ( 'NONE', #1262 ) ;
#1907 = DIRECTION ( 'NONE',  ( 0.000000000000000000, 0.000000000000000000, 1.000000000000000000 ) ) ;
#1908 = ORIENTED_EDGE ( 'NONE', *, *, #1304, .F. ) ;
#1909 = CARTESIAN_POINT ( 'NONE',  ( 1.449999999999999956, -2.990273570852250984, 10.24137931034482740 ) ) ;
#1910 = AXIS2_PLACEMENT_3D ( 'NONE', #1306, #1999, #808 ) ;
#1911 = VERTEX_POINT ( 'NONE', #434 ) ;
#1912 = VECTOR ( 'NONE', #730, 1000.000000000000000 ) ;
#1913 = DIRECTION ( 'NONE',  ( 0.000000000000000000, 0.000000000000000000, -1.000000000000000000 ) ) ;
#1914 = DIRECTION ( 'NONE',  ( 1.000000000000000000, 0.000000000000000000, 0.000000000000000000 ) ) ;
#1915 = CONICAL_SURFACE ( 'NONE', #2197, 3.225000000000004086, 0.7853981633974439491 ) ;
#1916 = CIRCLE ( 'NONE', #182, 4.200000000000000178 ) ;
#1917 = CARTESIAN_POINT ( 'NONE',  ( 1.449999999999999956, 0.000000000000000000, 6.066615150441368343 ) ) ;
#1918 = CYLINDRICAL_SURFACE ( 'NONE', #153, 0.5500000000000000444 ) ;
#1919 = EDGE_CURVE ( 'NONE', #1267, #1229, #612, .T. ) ;
#1920 = COLOUR_RGB ( '',0.7921568627450980005, 0.8196078431372548767, 0.9333333333333333481 ) ;
#1921 = DIRECTION ( 'NONE',  ( 1.000000000000000000, -0.000000000000000000, -0.000000000000000000 ) ) ;
#1922 = ADVANCED_FACE ( 'NONE', ( #1069 ), #2093, .F. ) ;
#1923 = EDGE_LOOP ( 'NONE', ( #704, #1610 ) ) ;
#1924 = DIRECTION ( 'NONE',  ( 1.000000000000000000, -0.000000000000000000, -0.000000000000000000 ) ) ;
#1925 = ORIENTED_EDGE ( 'NONE', *, *, #150, .F. ) ;
#1926 = VERTEX_POINT ( 'NONE', #1603 ) ;
#1927 = CARTESIAN_POINT ( 'NONE',  ( -4.616087517742979429, 2.990273570852248319, 10.24137931034482740 ) ) ;
#1928 = FACE_OUTER_BOUND ( 'NONE', #1078, .T. ) ;
#1929 = CARTESIAN_POINT ( 'NONE',  ( -4.686171016994695293, 2.879999447362323384, 4.955887995734071794 ) ) ;
#1930 = CARTESIAN_POINT ( 'NONE',  ( 4.999999999999999112, 0.000000000000000000, 4.000000000000000000 ) ) ;
#1931 = EDGE_LOOP ( 'NONE', ( #80, #145, #2138, #2062 ) ) ;
#1932 = VERTEX_POINT ( 'NONE', #1781 ) ;
#1933 = FACE_BOUND ( 'NONE', #2180, .T. ) ;
#1934 = EDGE_CURVE ( 'NONE', #1254, #956, #479, .T. ) ;
#1935 = ORIENTED_EDGE ( 'NONE', *, *, #1752, .F. ) ;
#1936 = CARTESIAN_POINT ( 'NONE',  ( -4.200000000000000178, 5.143516556418883914E-16, -0.4000000000000000222 ) ) ;
#1937 = B_SPLINE_CURVE_WITH_KNOTS ( 'NONE', 3,
 ( #835, #526, #1905, #10, #1036, #1731, #216, #872, #656, #1346 ),
 .UNSPECIFIED., .F., .F.,
 ( 4, 2, 2, 2, 4 ),
 ( 0.000000000000000000, 0.0004835431317903557164, 0.0007253146976855339269, 0.0008462004806331223546, 0.0009670862635807107822 ),
 .UNSPECIFIED. ) ;
#1938 = EDGE_LOOP ( 'NONE', ( #1859, #283, #1493, #1571, #1365, #1439 ) ) ;
#1939 = CARTESIAN_POINT ( 'NONE',  ( -4.999999999999999112, 0.000000000000000000, 4.000000000000000000 ) ) ;
#1940 = DIRECTION ( 'NONE',  ( 0.000000000000000000, 0.000000000000000000, -1.000000000000000000 ) ) ;
#1941 = CARTESIAN_POINT ( 'NONE',  ( 1.449999999999999956, -86.71793355471518794, 3.000000000000000000 ) ) ;
#1942 = DIRECTION ( 'NONE',  ( -1.000000000000000000, -0.000000000000000000, -0.000000000000000000 ) ) ;
#1943 = ORIENTED_EDGE ( 'NONE', *, *, #120, .T. ) ;
#1944 = DIRECTION ( 'NONE',  ( -1.000000000000000000, 0.000000000000000000, 0.000000000000000000 ) ) ;
#1945 = EDGE_CURVE ( 'NONE', #1279, #1394, #1586, .T. ) ;
#1946 = EDGE_CURVE ( 'NONE', #1815, #1305, #530, .T. ) ;
#1947 = CARTESIAN_POINT ( 'NONE',  ( -1.249999999999999778, -1.301042606982605321E-15, 10.00000000000000000 ) ) ;
#1948 = AXIS2_PLACEMENT_3D ( 'NONE', #1141, #1153, #2185 ) ;
#1949 = MECHANICAL_DESIGN_GEOMETRIC_PRESENTATION_REPRESENTATION (  '', ( #1362 ), #1511 ) ;
#1950 = PLANE ( 'NONE',  #542 ) ;
#1951 = AXIS2_PLACEMENT_3D ( 'NONE', #2125, #261, #1625 ) ;
#1952 = DIRECTION ( 'NONE',  ( 0.7071067811865460184, 0.000000000000000000, -0.7071067811865490160 ) ) ;
#1953 = AXIS2_PLACEMENT_3D ( 'NONE', #464, #135, #796 ) ;
#1954 = CARTESIAN_POINT ( 'NONE',  ( 0.000000000000000000, 0.000000000000000000, -7.500000000000000000 ) ) ;
#1955 = ORIENTED_EDGE ( 'NONE', *, *, #1040, .T. ) ;
#1956 = ORIENTED_EDGE ( 'NONE', *, *, #1213, .F. ) ;
#1957 = CARTESIAN_POINT ( 'NONE',  ( 4.799999999999987388, -2.685144316419532107, 5.393063171575461112 ) ) ;
#1958 = AXIS2_PLACEMENT_3D ( 'NONE', #1412, #2075, #2101 ) ;
#1959 = ORIENTED_EDGE ( 'NONE', *, *, #1919, .F. ) ;
#1960 = CARTESIAN_POINT ( 'NONE',  ( -5.000000000000000000, -86.71793355471518794, 3.000000000000000000 ) ) ;
#1961 = SHAPE_DEFINITION_REPRESENTATION ( #1546, #1115 ) ;
#1962 = EDGE_CURVE ( 'NONE', #1612, #1796, #357, .T. ) ;
#1963 = DIRECTION ( 'NONE',  ( 0.000000000000000000, 0.000000000000000000, -1.000000000000000000 ) ) ;
#1964 = DIRECTION ( 'NONE',  ( -1.000000000000000000, -0.000000000000000000, -0.000000000000000000 ) ) ;
#1965 = CARTESIAN_POINT ( 'NONE',  ( 4.999999999999999112, -2.291287847477921691, 0.2999999999999999334 ) ) ;
#1966 = ORIENTED_EDGE ( 'NONE', *, *, #1375, .T. ) ;
#1967 = DIRECTION ( 'NONE',  ( 0.000000000000000000, 0.000000000000000000, 1.000000000000000000 ) ) ;
#1968 = EDGE_LOOP ( 'NONE', ( #2082, #1198, #1599, #418 ) ) ;
#1969 = CARTESIAN_POINT ( 'NONE',  ( 4.999999999999999112, 2.291287847477920359, 6.269498843357271589 ) ) ;
#1970 = ORIENTED_EDGE ( 'NONE', *, *, #1447, .F. ) ;
#1971 = DIRECTION ( 'NONE',  ( 1.000000000000000000, 0.000000000000000000, 0.000000000000000000 ) ) ;
#1972 = CARTESIAN_POINT ( 'NONE',  ( 1.102182119232617714E-15, -1.000000000000000000, 1.499999999999999556 ) ) ;
#1973 = EDGE_CURVE ( 'NONE', #1879, #1680, #624, .T. ) ;
#1974 = DIRECTION ( 'NONE',  ( 1.000000000000000000, 0.000000000000000000, 0.000000000000000000 ) ) ;
#1975 = ORIENTED_EDGE ( 'NONE', *, *, #2079, .F. ) ;
#1976 = CARTESIAN_POINT ( 'NONE',  ( 4.593417606087755622, -3.024981767971149260, 3.877081255591265485 ) ) ;
#1977 = ORIENTED_EDGE ( 'NONE', *, *, #2106, .F. ) ;
#1978 = ORIENTED_EDGE ( 'NONE', *, *, #1919, .T. ) ;
#1979 = DIRECTION ( 'NONE',  ( -1.000000000000000000, 0.000000000000000000, 0.000000000000000000 ) ) ;
#1980 = VERTEX_POINT ( 'NONE', #1334 ) ;
#1981 = DIRECTION ( 'NONE',  ( -1.000000000000000000, -0.000000000000000000, -0.000000000000000000 ) ) ;
#1982 = CARTESIAN_POINT ( 'NONE',  ( -3.000000000000000444, 3.673940397442060361E-16, -0.4000000000000001887 ) ) ;
#1983 = AXIS2_PLACEMENT_3D ( 'NONE', #1329, #1669, #1853 ) ;
#1984 = ORIENTED_EDGE ( 'NONE', *, *, #2119, .T. ) ;
#1985 = CARTESIAN_POINT ( 'NONE',  ( -4.593417606087755622, -3.024981767971148816, 3.877081255591245057 ) ) ;
#1986 = AXIS2_PLACEMENT_3D ( 'NONE', #1010, #1703, #193 ) ;
#1987 = EDGE_LOOP ( 'NONE', ( #1760, #764, #1028, #2170 ) ) ;
#1988 = CARTESIAN_POINT ( 'NONE',  ( -1.449999999999999956, -1.301042606982605321E-15, 11.82500000000000107 ) ) ;
#1989 = EDGE_CURVE ( 'NONE', #1264, #633, #1074, .T. ) ;
#1990 = AXIS2_PLACEMENT_3D ( 'NONE', #1091, #1403, #590 ) ;
#1991 = DIRECTION ( 'NONE',  ( 0.000000000000000000, 0.000000000000000000, -1.000000000000000000 ) ) ;
#1992 = B_SPLINE_CURVE_WITH_KNOTS ( 'NONE', 3,
 ( #1592, #1376, #1741, #1927 ),
 .UNSPECIFIED., .F., .F.,
 ( 4, 4 ),
 ( -0.0002996408621989157220, 0.007250089818066052759 ),
 .UNSPECIFIED. ) ;
#1993 = AXIS2_PLACEMENT_3D ( 'NONE', #797, #1323, #297 ) ;
#1994 = CARTESIAN_POINT ( 'NONE',  ( -4.593381651811575317, 3.025036363864090028, 3.755511034115136759 ) ) ;
#1995 = CARTESIAN_POINT ( 'NONE',  ( -3.599999999999999201, 0.000000000000000000, 4.000000000000000000 ) ) ;
#1996 = ORIENTED_EDGE ( 'NONE', *, *, #1605, .T. ) ;
#1997 = PRESENTATION_STYLE_ASSIGNMENT (( #2006 ) ) ;
#1998 = ORIENTED_EDGE ( 'NONE', *, *, #753, .T. ) ;
#1999 = DIRECTION ( 'NONE',  ( -1.000000000000000000, 0.000000000000000000, 0.000000000000000000 ) ) ;
#2000 = EDGE_CURVE ( 'NONE', #1739, #1818, #1336, .T. ) ;
#2001 = CARTESIAN_POINT ( 'NONE',  ( 0.2623834122310235717, -5.495077708263974792, 0.5261761152159861732 ) ) ;
#2002 = ORIENTED_EDGE ( 'NONE', *, *, #1444, .T. ) ;
#2003 = CARTESIAN_POINT ( 'NONE',  ( -4.613038093992196664, 2.995765806279242494, 3.514803221235616615 ) ) ;
#2004 = CARTESIAN_POINT ( 'NONE',  ( 4.999999999999999112, -2.291287847477921691, 3.000000000000000000 ) ) ;
#2005 = ORIENTED_EDGE ( 'NONE', *, *, #1861, .F. ) ;
#2006 = SURFACE_STYLE_USAGE ( .BOTH. , #1303 ) ;
#2007 = EDGE_LOOP ( 'NONE', ( #352, #1496, #1474, #769, #1096, #1298, #1061, #1454, #117, #1564 ) ) ;
#2008 = CARTESIAN_POINT ( 'NONE',  ( 1.224646799147353059E-15, -1.000000000000000000, 2.499999999999999556 ) ) ;
#2009 = ORIENTED_EDGE ( 'NONE', *, *, #487, .F. ) ;
#2010 = DIRECTION ( 'NONE',  ( -1.000000000000000000, -0.000000000000000000, -0.000000000000000000 ) ) ;
#2011 = EDGE_CURVE ( 'NONE', #607, #936, #1367, .T. ) ;
#2012 = ORIENTED_EDGE ( 'NONE', *, *, #1633, .F. ) ;
#2013 = PLANE ( 'NONE',  #79 ) ;
#2014 = EDGE_CURVE ( 'NONE', #1740, #634, #1126, .T. ) ;
#2015 = CARTESIAN_POINT ( 'NONE',  ( 1.102182119232617714E-15, -1.000000000000000000, 0.9499999999999995115 ) ) ;
#2016 = DIRECTION ( 'NONE',  ( 1.000000000000000000, 0.000000000000000000, 0.000000000000000000 ) ) ;
#2017 = LINE ( 'NONE', #9, #1436 ) ;
#2018 = VECTOR ( 'NONE', #858, 1000.000000000000000 ) ;
#2019 = ORIENTED_EDGE ( 'NONE', *, *, #267, .T. ) ;
#2020 = FACE_OUTER_BOUND ( 'NONE', #86, .T. ) ;
#2021 = CIRCLE ( 'NONE', #445, 5.500000000000000000 ) ;
#2022 = AXIS2_PLACEMENT_3D ( 'NONE', #223, #64, #390 ) ;
#2023 = FACE_OUTER_BOUND ( 'NONE', #247, .T. ) ;
#2024 = DIRECTION ( 'NONE',  ( -1.000000000000000000, -0.000000000000000000, -0.000000000000000000 ) ) ;
#2025 = CARTESIAN_POINT ( 'NONE',  ( -0.2871751356524930299, 5.493439508003995719, 1.990503096033126473 ) ) ;
#2026 = EDGE_CURVE ( 'NONE', #633, #873, #126, .T. ) ;
#2027 = SURFACE_STYLE_FILL_AREA ( #825 ) ;
#2028 = CYLINDRICAL_SURFACE ( 'NONE', #1837, 0.9750000000000001998 ) ;
#2029 = CARTESIAN_POINT ( 'NONE',  ( 1.449999999999999956, -1.181639544065738512E-15, 10.97499999999999964 ) ) ;
#2030 = ORIENTED_EDGE ( 'NONE', *, *, #2026, .T. ) ;
#2031 = DIRECTION ( 'NONE',  ( 0.000000000000000000, 0.000000000000000000, -1.000000000000000000 ) ) ;
#2032 = EDGE_LOOP ( 'NONE', ( #1956, #1129, #1290, #595, #1056, #735 ) ) ;
#2033 = DIRECTION ( 'NONE',  ( 0.000000000000000000, 0.000000000000000000, -1.000000000000000000 ) ) ;
#2034 = EDGE_LOOP ( 'NONE', ( #1883, #1777, #788, #51 ) ) ;
#2035 = DIRECTION ( 'NONE',  ( 1.000000000000000000, -0.000000000000000000, -0.000000000000000000 ) ) ;
#2036 = CONICAL_SURFACE ( 'NONE', #1171, 3.024999999999999911, 0.7853981633974526089 ) ;
#2037 = CARTESIAN_POINT ( 'NONE',  ( 4.593381651811574429, 3.025036363864086919, 3.755511034115116331 ) ) ;
#2038 = EDGE_CURVE ( 'NONE', #1911, #60, #1814, .T. ) ;
#2039 = FACE_OUTER_BOUND ( 'NONE', #540, .T. ) ;
#2040 = CARTESIAN_POINT ( 'NONE',  ( 0.6152488767522317215, -5.466267455619483684, 0.7009917371336066294 ) ) ;
#2041 = VERTEX_POINT ( 'NONE', #148 ) ;
#2042 = DIRECTION ( 'NONE',  ( 0.000000000000000000, 0.000000000000000000, -1.000000000000000000 ) ) ;
#2043 = DIRECTION ( 'NONE',  ( -0.000000000000000000, -0.000000000000000000, 1.000000000000000000 ) ) ;
#2044 = DIRECTION ( 'NONE',  ( 1.000000000000000000, 0.000000000000000000, 0.000000000000000000 ) ) ;
#2045 = CARTESIAN_POINT ( 'NONE',  ( 4.686529882200616726, 2.879439335345643780, 3.041429296160426787 ) ) ;
#2046 = VECTOR ( 'NONE', #1924, 1000.000000000000000 ) ;
#2047 = CIRCLE ( 'NONE', #1404, 1.825000000000000178 ) ;
#2048 = EDGE_CURVE ( 'NONE', #1218, #1926, #1672, .T. ) ;
#2049 = DIRECTION ( 'NONE',  ( 1.000000000000000000, 0.000000000000000000, 0.000000000000000000 ) ) ;
#2050 = VECTOR ( 'NONE', #2054, 1000.000000000000000 ) ;
#2051 = ORIENTED_EDGE ( 'NONE', *, *, #1973, .T. ) ;
#2052 = AXIS2_PLACEMENT_3D ( 'NONE', #1746, #1381, #1696 ) ;
#2053 = CARTESIAN_POINT ( 'NONE',  ( -4.799999999999997158, 3.704556567420743261E-16, 0.9750000000000001998 ) ) ;
#2054 = DIRECTION ( 'NONE',  ( -0.000000000000000000, -0.000000000000000000, -1.000000000000000000 ) ) ;
#2055 =( GEOMETRIC_REPRESENTATION_CONTEXT ( 3 ) GLOBAL_UNCERTAINTY_ASSIGNED_CONTEXT ( ( #799 ) ) GLOBAL_UNIT_ASSIGNED_CONTEXT ( ( #1705, #870, #833 ) ) REPRESENTATION_CONTEXT ( 'NONE', 'WORKASPACE' ) );
#2056 = DIRECTION ( 'NONE',  ( 0.000000000000000000, 0.000000000000000000, -1.000000000000000000 ) ) ;
#2057 = DIRECTION ( 'NONE',  ( -1.000000000000000000, 0.000000000000000000, 0.000000000000000000 ) ) ;
#2058 = ORIENTED_EDGE ( 'NONE', *, *, #1821, .T. ) ;
#2059 = CIRCLE ( 'NONE', #47, 3.000000000000000444 ) ;
#2060 = EDGE_LOOP ( 'NONE', ( #1479, #1053, #2153, #1203 ) ) ;
#2061 = LINE ( 'NONE', #207, #107 ) ;
#2062 = ORIENTED_EDGE ( 'NONE', *, *, #2119, .F. ) ;
#2063 = DIRECTION ( 'NONE',  ( 0.000000000000000000, 0.000000000000000000, 1.000000000000000000 ) ) ;
#2064 = EDGE_CURVE ( 'NONE', #940, #429, #1283, .T. ) ;
#2065 = DIRECTION ( 'NONE',  ( -1.000000000000000000, -0.000000000000000000, -0.000000000000000000 ) ) ;
#2066 = DIRECTION ( 'NONE',  ( 0.000000000000000000, 0.000000000000000000, 1.000000000000000000 ) ) ;
#2067 = VERTEX_POINT ( 'NONE', #1800 ) ;
#2068 = CARTESIAN_POINT ( 'NONE',  ( 4.855102394326741511, -2.586642537147933130, 5.702579814039782313 ) ) ;
#2069 = CARTESIAN_POINT ( 'NONE',  ( 4.800000000000002487, 0.000000000000000000, 4.000000000000000000 ) ) ;
#2070 = VERTEX_POINT ( 'NONE', #2015 ) ;
#2071 = DIRECTION ( 'NONE',  ( 0.000000000000000000, 0.000000000000000000, 1.000000000000000000 ) ) ;
#2072 = ORIENTED_EDGE ( 'NONE', *, *, #694, .F. ) ;
#2073 = CARTESIAN_POINT ( 'NONE',  ( -4.123362662912762211, 3.282066445284823164, 3.000000000000000000 ) ) ;
#2074 = ORIENTED_EDGE ( 'NONE', *, *, #1108, .F. ) ;
#2075 = DIRECTION ( 'NONE',  ( 1.000000000000000000, -0.000000000000000000, -0.000000000000000000 ) ) ;
#2076 = EDGE_CURVE ( 'NONE', #2118, #985, #1842, .T. ) ;
#2077 = CARTESIAN_POINT ( 'NONE',  ( 1.224646799147353059E-15, -1.000000000000000000, 2.499999999999999556 ) ) ;
#2078 = CARTESIAN_POINT ( 'NONE',  ( -4.924196699264659749, 2.456704211071822463, 2.005223547611582724 ) ) ;
#2079 = EDGE_CURVE ( 'NONE', #1218, #1740, #1148, .T. ) ;
#2080 = FACE_OUTER_BOUND ( 'NONE', #884, .T. ) ;
#2081 = DIRECTION ( 'NONE',  ( -0.000000000000000000, -0.000000000000000000, 1.000000000000000000 ) ) ;
#2082 = ORIENTED_EDGE ( 'NONE', *, *, #254, .F. ) ;
#2083 = CARTESIAN_POINT ( 'NONE',  ( 1.449999999999999956, -1.301042606982605321E-15, 10.00000000000000000 ) ) ;
#2084 = VERTEX_POINT ( 'NONE', #1116 ) ;
#2085 = CARTESIAN_POINT ( 'NONE',  ( 4.999999999999999112, -2.291287847477921691, 1.730501156642731742 ) ) ;
#2086 = AXIS2_PLACEMENT_3D ( 'NONE', #1193, #198, #387 ) ;
#2087 = AXIS2_PLACEMENT_3D ( 'NONE', #1954, #1084, #255 ) ;
#2088 = DIRECTION ( 'NONE',  ( -1.000000000000000000, 0.000000000000000000, 0.000000000000000000 ) ) ;
#2089 = DIRECTION ( 'NONE',  ( 0.000000000000000000, 0.000000000000000000, -1.000000000000000000 ) ) ;
#2090 = CIRCLE ( 'NONE', #1655, 3.024999999999999911 ) ;
#2091 = AXIS2_PLACEMENT_3D ( 'NONE', #1031, #671, #1378 ) ;
#2092 = DIRECTION ( 'NONE',  ( 0.000000000000000000, 0.000000000000000000, -1.000000000000000000 ) ) ;
#2093 = CYLINDRICAL_SURFACE ( 'NONE', #795, 0.5500000000000000444 ) ;
#2094 = EDGE_CURVE ( 'NONE', #1085, #2123, #1138, .T. ) ;
#2095 = ORIENTED_EDGE ( 'NONE', *, *, #436, .T. ) ;
#2096 = FACE_OUTER_BOUND ( 'NONE', #228, .T. ) ;
#2097 = AXIS2_PLACEMENT_3D ( 'NONE', #160, #2016, #599 ) ;
#2098 = ORIENTED_EDGE ( 'NONE', *, *, #1718, .F. ) ;
#2099 = CARTESIAN_POINT ( 'NONE',  ( -1.449999999999999956, 2.417572691171606891, 5.009560414901448766 ) ) ;
#2100 = VERTEX_POINT ( 'NONE', #1982 ) ;
#2101 = DIRECTION ( 'NONE',  ( 0.000000000000000000, 0.000000000000000000, -1.000000000000000000 ) ) ;
#2102 = ORIENTED_EDGE ( 'NONE', *, *, #1605, .F. ) ;
#2103 = CARTESIAN_POINT ( 'NONE',  ( -5.172442859629964751, -1.301042606982605321E-15, 10.00000000000000000 ) ) ;
#2104 = LINE ( 'NONE', #913, #39 ) ;
#2105 = CARTESIAN_POINT ( 'NONE',  ( -5.000000000000000000, 2.990273570852248319, 10.24137931034482740 ) ) ;
#2106 = EDGE_CURVE ( 'NONE', #561, #2132, #1636, .T. ) ;
#2107 = VERTEX_POINT ( 'NONE', #969 ) ;
#2108 = ORIENTED_EDGE ( 'NONE', *, *, #574, .T. ) ;
#2109 = CYLINDRICAL_SURFACE ( 'NONE', #1651, 1.024999999999999911 ) ;
#2110 = ORIENTED_EDGE ( 'NONE', *, *, #1108, .T. ) ;
#2111 = CARTESIAN_POINT ( 'NONE',  ( -5.000000000000000000, -2.291287847477919470, 1.730501156642725968 ) ) ;
#2112 = CARTESIAN_POINT ( 'NONE',  ( 3.599999999999999201, 0.000000000000000000, 4.000000000000000000 ) ) ;
#2113 = CARTESIAN_POINT ( 'NONE',  ( -4.909097451144427637, 2.489653471761295922, 11.70178230120674456 ) ) ;
#2114 = DIRECTION ( 'NONE',  ( 0.000000000000000000, 0.000000000000000000, -1.000000000000000000 ) ) ;
#2115 = EDGE_CURVE ( 'NONE', #1601, #2118, #1662, .T. ) ;
#2116 = ORIENTED_EDGE ( 'NONE', *, *, #1871, .F. ) ;
#2117 = CARTESIAN_POINT ( 'NONE',  ( 5.000000000000000000, 2.291287847477919026, 11.93649167310370984 ) ) ;
#2118 = VERTEX_POINT ( 'NONE', #1495 ) ;
#2119 = EDGE_CURVE ( 'NONE', #652, #2183, #376, .T. ) ;
#2120 = ORIENTED_EDGE ( 'NONE', *, *, #861, .F. ) ;
#2121 = DIRECTION ( 'NONE',  ( 1.000000000000000000, -0.000000000000000000, -0.000000000000000000 ) ) ;
#2122 = CIRCLE ( 'NONE', #537, 1.825000000000000178 ) ;
#2123 = VERTEX_POINT ( 'NONE', #475 ) ;
#2124 = AXIS2_PLACEMENT_3D ( 'NONE', #1524, #502, #1548 ) ;
#2125 = CARTESIAN_POINT ( 'NONE',  ( 4.999999999999999112, 2.291287847477920359, 3.000000000000000000 ) ) ;
#2126 = CIRCLE ( 'NONE', #2162, 3.024999999999999911 ) ;
#2127 = CARTESIAN_POINT ( 'NONE',  ( 4.123257525891451003, 3.282066445284814726, 3.000000000000001332 ) ) ;
#2128 = AXIS2_PLACEMENT_3D ( 'NONE', #197, #360, #1717 ) ;
#2129 = CARTESIAN_POINT ( 'NONE',  ( -4.593381651811574429, -3.025036363864088695, 4.244488965884848142 ) ) ;
#2130 = VERTEX_POINT ( 'NONE', #1846 ) ;
#2131 = DIRECTION ( 'NONE',  ( -1.000000000000000000, 0.000000000000000000, 0.000000000000000000 ) ) ;
#2132 = VERTEX_POINT ( 'NONE', #316 ) ;
#2133 = CARTESIAN_POINT ( 'NONE',  ( 0.000000000000000000, 0.000000000000000000, -0.4000000000000000222 ) ) ;
#2134 = EDGE_CURVE ( 'NONE', #561, #1794, #1916, .T. ) ;
#2135 = FACE_OUTER_BOUND ( 'NONE', #1792, .T. ) ;
#2136 = DIRECTION ( 'NONE',  ( 0.000000000000000000, 0.000000000000000000, 1.000000000000000000 ) ) ;
#2137 = CARTESIAN_POINT ( 'NONE',  ( -4.799999999999993605, 0.000000000000000000, 4.000000000000000000 ) ) ;
#2138 = ORIENTED_EDGE ( 'NONE', *, *, #133, .T. ) ;
#2139 = DIRECTION ( 'NONE',  ( -1.000000000000000000, -0.000000000000000000, -0.000000000000000000 ) ) ;
#2140 = EDGE_LOOP ( 'NONE', ( #1099, #1908, #221, #938, #1431 ) ) ;
#2141 = VERTEX_POINT ( 'NONE', #27 ) ;
#2142 = ORIENTED_EDGE ( 'NONE', *, *, #1823, .F. ) ;
#2143 = DIRECTION ( 'NONE',  ( 1.000000000000000000, 0.000000000000000000, -0.000000000000000000 ) ) ;
#2144 = EDGE_LOOP ( 'NONE', ( #617, #1641 ) ) ;
#2145 = ADVANCED_FACE ( 'NONE', ( #524 ), #696, .F. ) ;
#2146 = CARTESIAN_POINT ( 'NONE',  ( -1.249999999999999778, -1.301042606982605321E-15, 11.02500000000000036 ) ) ;
#2147 = CARTESIAN_POINT ( 'NONE',  ( -0.5498885415473838689, 5.472442106079065560, 1.645753569286965368 ) ) ;
#2148 = EDGE_CURVE ( 'NONE', #1863, #940, #714, .T. ) ;
#2149 = ORIENTED_EDGE ( 'NONE', *, *, #163, .F. ) ;
#2150 = CARTESIAN_POINT ( 'NONE',  ( -4.686171016994698846, -2.879999447362319831, 3.044112004265913995 ) ) ;
#2151 = ORIENTED_EDGE ( 'NONE', *, *, #987, .F. ) ;
#2152 = CARTESIAN_POINT ( 'NONE',  ( -1.449999999999999956, -1.301042606982605321E-15, 9.025000000000000355 ) ) ;
#2153 = ORIENTED_EDGE ( 'NONE', *, *, #888, .T. ) ;
#2154 = ORIENTED_EDGE ( 'NONE', *, *, #1400, .F. ) ;
#2155 = CARTESIAN_POINT ( 'NONE',  ( 1.449999999999999956, 1.308934502411512879, 5.846560182149437068 ) ) ;
#2156 = ORIENTED_EDGE ( 'NONE', *, *, #970, .T. ) ;
#2157 = CIRCLE ( 'NONE', #603, 3.024999999999999911 ) ;
#2158 = CARTESIAN_POINT ( 'NONE',  ( -1.449999999999999956, -2.990273570852250984, 10.24137931034482740 ) ) ;
#2159 = DIRECTION ( 'NONE',  ( 1.000000000000000000, -0.000000000000000000, -0.000000000000000000 ) ) ;
#2160 = CIRCLE ( 'NONE', #1248, 3.024999999999999911 ) ;
#2161 = CARTESIAN_POINT ( 'NONE',  ( 1.102182119232617714E-15, 6.000000000000000000, 0.9499999999999995115 ) ) ;
#2162 = AXIS2_PLACEMENT_3D ( 'NONE', #841, #1351, #1364 ) ;
#2163 = ADVANCED_FACE ( 'NONE', ( #1352 ), #492, .T. ) ;
#2164 = VECTOR ( 'NONE', #1149, 1000.000000000000000 ) ;
#2165 = ORIENTED_EDGE ( 'NONE', *, *, #326, .T. ) ;
#2166 = DIRECTION ( 'NONE',  ( 0.000000000000000000, 0.000000000000000000, -1.000000000000000000 ) ) ;
#2167 = ORIENTED_EDGE ( 'NONE', *, *, #371, .F. ) ;
#2168 = DIRECTION ( 'NONE',  ( 0.000000000000000000, 0.000000000000000000, 1.000000000000000000 ) ) ;
#2169 = CIRCLE ( 'NONE', #899, 3.225000000000004086 ) ;
#2170 = ORIENTED_EDGE ( 'NONE', *, *, #394, .F. ) ;
#2171 = DIRECTION ( 'NONE',  ( 0.000000000000000000, 0.000000000000000000, -1.000000000000000000 ) ) ;
#2172 = CARTESIAN_POINT ( 'NONE',  ( -5.172442859629964751, -1.181639544065738512E-15, 10.97499999999999964 ) ) ;
#2173 = VERTEX_POINT ( 'NONE', #1561 ) ;
#2174 = CARTESIAN_POINT ( 'NONE',  ( 4.413540387906247808, -3.281868581475037683, 2.790640770175153662 ) ) ;
#2175 = EDGE_CURVE ( 'NONE', #77, #1500, #1164, .T. ) ;
#2176 = ADVANCED_FACE ( 'NONE', ( #990 ), #661, .F. ) ;
#2177 = CARTESIAN_POINT ( 'NONE',  ( -0.1324076130182278987, -5.500000000000000000, 0.4999999999999995559 ) ) ;
#2178 = EDGE_CURVE ( 'NONE', #864, #1384, #820, .T. ) ;
#2179 = CARTESIAN_POINT ( 'NONE',  ( -1.449999999999999956, -1.077544566138213202E-15, 8.174999999999998934 ) ) ;
#2180 = EDGE_LOOP ( 'NONE', ( #451, #1984 ) ) ;
#2181 = DIRECTION ( 'NONE',  ( -1.000000000000000000, -0.000000000000000000, -0.000000000000000000 ) ) ;
#2182 = CARTESIAN_POINT ( 'NONE',  ( 5.000000000000000000, -1.301042606982605321E-15, 10.00000000000000000 ) ) ;
#2183 = VERTEX_POINT ( 'NONE', #1865 ) ;
#2184 = CARTESIAN_POINT ( 'NONE',  ( 4.359761887632937594, -3.281992231783664060, 2.873474045562816936 ) ) ;
#2185 = DIRECTION ( 'NONE',  ( 1.000000000000000000, 0.000000000000000000, 0.000000000000000000 ) ) ;
#2186 = ORIENTED_EDGE ( 'NONE', *, *, #861, .T. ) ;
#2187 = CARTESIAN_POINT ( 'NONE',  ( 0.9740689977371136399, -5.413297229732483729, 1.761560360220701060 ) ) ;
#2188 = ADVANCED_FACE ( 'NONE', ( #1892 ), #501, .F. ) ;
#2189 = ORIENTED_EDGE ( 'NONE', *, *, #1554, .T. ) ;
#2190 = FACE_OUTER_BOUND ( 'NONE', #1550, .T. ) ;
#2191 = CARTESIAN_POINT ( 'NONE',  ( -0.1454228057332687396, 5.500000000000000000, 0.9499999999999996225 ) ) ;
#2192 = FACE_OUTER_BOUND ( 'NONE', #1239, .T. ) ;
#2193 = AXIS2_PLACEMENT_3D ( 'NONE', #1005, #1160, #1314 ) ;
#2194 = AXIS2_PLACEMENT_3D ( 'NONE', #678, #71, #1370 ) ;
#2195 = ORIENTED_EDGE ( 'NONE', *, *, #1847, .F. ) ;
#2196 = CARTESIAN_POINT ( 'NONE',  ( 1.449999999999999956, -1.806950572528448928, 5.334094443960364806 ) ) ;
#2197 = AXIS2_PLACEMENT_3D ( 'NONE', #1332, #2024, #609 ) ;
ENDSEC;
END-ISO-10303-21;
