ISO-10303-21;
HEADER;
FILE_DESCRIPTION (( 'STEP AP214' ),
    '1' );
FILE_NAME ('固定座.step',
    '2026-04-16T06:23:13',
    ( '' ),
    ( '' ),
    'SwSTEP 2.0',
    'SolidWorks 2020',
    '' );
FILE_SCHEMA (( 'AUTOMOTIVE_DESIGN' ));
ENDSEC;

DATA;
#1 = B_SPLINE_CURVE_WITH_KNOTS ( 'NONE', 3,
 ( #1333, #1502, #767, #1616 ),
 .UNSPECIFIED., .F., .F.,
 ( 4, 4 ),
 ( 9.670522598191138252E-05, 0.0005678394139292291046 ),
 .UNSPECIFIED. ) ;
#2 = DIRECTION ( 'NONE',  ( -0.000000000000000000, -0.000000000000000000, -1.000000000000000000 ) ) ;
#3 = ORIENTED_EDGE ( 'NONE', *, *, #293, .F. ) ;
#4 = EDGE_CURVE ( 'NONE', #19, #1589, #1400, .T. ) ;
#5 = SURFACE_STYLE_USAGE ( .BOTH. , #297 ) ;
#6 = ORIENTED_EDGE ( 'NONE', *, *, #301, .F. ) ;
#7 = VECTOR ( 'NONE', #693, 1000.000000000000000 ) ;
#8 = DIRECTION ( 'NONE',  ( 0.000000000000000000, 0.000000000000000000, 1.000000000000000000 ) ) ;
#9 = TOROIDAL_SURFACE ( 'NONE', #876, 6.099999999999997868, 0.5000000000000000000 ) ;
#10 = VECTOR ( 'NONE', #453, 1000.000000000000000 ) ;
#11 = CARTESIAN_POINT ( 'NONE',  ( -5.515751031917739411, 2.023617971333519616, -4.000000000000000000 ) ) ;
#12 = ORIENTED_EDGE ( 'NONE', *, *, #1148, .F. ) ;
#13 = DIRECTION ( 'NONE',  ( -0.000000000000000000, -0.000000000000000000, 1.000000000000000000 ) ) ;
#14 = ORIENTED_EDGE ( 'NONE', *, *, #964, .T. ) ;
#15 = EDGE_CURVE ( 'NONE', #1412, #1623, #648, .T. ) ;
#16 = CARTESIAN_POINT ( 'NONE',  ( 0.4582575694955842716, 3.909463493590583649, -6.699999999999999289 ) ) ;
#17 = CYLINDRICAL_SURFACE ( 'NONE', #253, 2.000000000000000444 ) ;
#18 = DIRECTION ( 'NONE',  ( -1.000000000000000000, 0.000000000000000000, 0.000000000000000000 ) ) ;
#19 = VERTEX_POINT ( 'NONE', #16 ) ;
#20 = CARTESIAN_POINT ( 'NONE',  ( -0.3539181630768935549, 2.378767016911690124, -4.645414611475354505 ) ) ;
#21 = EDGE_LOOP ( 'NONE', ( #76, #1011 ) ) ;
#22 = CARTESIAN_POINT ( 'NONE',  ( -0.8689792702441685446, 3.933922382233250747, -5.017548045544490520 ) ) ;
#23 = DIRECTION ( 'NONE',  ( -0.000000000000000000, -0.000000000000000000, 1.000000000000000000 ) ) ;
#24 = EDGE_CURVE ( 'NONE', #900, #1203, #590, .T. ) ;
#25 = DIRECTION ( 'NONE',  ( -0.6427876096865405842, -0.7660444431189771253, 0.000000000000000000 ) ) ;
#26 = ORIENTED_EDGE ( 'NONE', *, *, #1456, .T. ) ;
#27 = EDGE_CURVE ( 'NONE', #19, #380, #55, .T. ) ;
#28 = ORIENTED_EDGE ( 'NONE', *, *, #551, .T. ) ;
#29 = DIRECTION ( 'NONE',  ( 1.000000000000000000, 0.000000000000000000, 0.000000000000000000 ) ) ;
#30 = VECTOR ( 'NONE', #1205, 1000.000000000000000 ) ;
#31 = VERTEX_POINT ( 'NONE', #357 ) ;
#32 = CARTESIAN_POINT ( 'NONE',  ( 0.7717257987960912669, 2.600076356831787283, -4.899726693362264740 ) ) ;
#33 = AXIS2_PLACEMENT_3D ( 'NONE', #913, #62, #1494 ) ;
#34 = DIRECTION ( 'NONE',  ( 1.000000000000000000, 0.000000000000000000, 0.000000000000000000 ) ) ;
#35 = CIRCLE ( 'NONE', #1090, 14.99999999999998046 ) ;
#36 = CARTESIAN_POINT ( 'NONE',  ( 5.000000000000000888, 15.00000000000000000, 4.000000000000000000 ) ) ;
#37 = ORIENTED_EDGE ( 'NONE', *, *, #286, .F. ) ;
#38 = AXIS2_PLACEMENT_3D ( 'NONE', #202, #183, #448 ) ;
#39 = CIRCLE ( 'NONE', #1821, 5.000000000000000888 ) ;
#40 = FACE_OUTER_BOUND ( 'NONE', #1157, .T. ) ;
#41 = EDGE_CURVE ( 'NONE', #165, #515, #1646, .T. ) ;
#42 = AXIS2_PLACEMENT_3D ( 'NONE', #1704, #986, #415 ) ;
#43 = ORIENTED_EDGE ( 'NONE', *, *, #84, .T. ) ;
#44 = VERTEX_POINT ( 'NONE', #1071 ) ;
#45 = CARTESIAN_POINT ( 'NONE',  ( 5.050000000000004263, 7.999999999999998224, 4.000000000000000000 ) ) ;
#46 =( NAMED_UNIT ( * ) PLANE_ANGLE_UNIT ( ) SI_UNIT ( $, .RADIAN. ) );
#47 = ORIENTED_EDGE ( 'NONE', *, *, #1820, .F. ) ;
#48 = CARTESIAN_POINT ( 'NONE',  ( -3.221829655369093270, 10.41962734356862086, -4.699999999999999289 ) ) ;
#49 = LINE ( 'NONE', #444, #1395 ) ;
#50 = EDGE_LOOP ( 'NONE', ( #236, #229, #1635, #1221, #1256, #1825, #149, #1319, #1585, #1334 ) ) ;
#51 = EDGE_CURVE ( 'NONE', #927, #1816, #1807, .T. ) ;
#52 = ORIENTED_EDGE ( 'NONE', *, *, #1103, .F. ) ;
#53 = CARTESIAN_POINT ( 'NONE',  ( 9.999999999999994671, 11.17898364348855900, -4.000000000000000000 ) ) ;
#54 = EDGE_LOOP ( 'NONE', ( #674, #704, #568, #1394 ) ) ;
#55 = LINE ( 'NONE', #617, #1322 ) ;
#56 = CARTESIAN_POINT ( 'NONE',  ( -9.999999999999994671, 0.000000000000000000, 4.000000000000000000 ) ) ;
#57 = EDGE_LOOP ( 'NONE', ( #296, #851, #1479, #347 ) ) ;
#58 = DIRECTION ( 'NONE',  ( -0.000000000000000000, -0.000000000000000000, 1.000000000000000000 ) ) ;
#59 = ORIENTED_EDGE ( 'NONE', *, *, #591, .T. ) ;
#60 = DIRECTION ( 'NONE',  ( -0.000000000000000000, 1.000000000000000000, -0.000000000000000000 ) ) ;
#61 = ORIENTED_EDGE ( 'NONE', *, *, #1192, .F. ) ;
#62 = DIRECTION ( 'NONE',  ( 0.000000000000000000, 1.000000000000000000, 0.000000000000000000 ) ) ;
#63 = CARTESIAN_POINT ( 'NONE',  ( 7.748997961724793271, 5.733355922952191541, -6.859300176586611286 ) ) ;
#64 = EDGE_CURVE ( 'NONE', #625, #1170, #1594, .T. ) ;
#65 = CARTESIAN_POINT ( 'NONE',  ( -4.829267835893432448, 12.16167599398542265, -4.000000000000000000 ) ) ;
#66 = CARTESIAN_POINT ( 'NONE',  ( 7.394707855647653538, 5.409468433417103483, -7.200000000000000178 ) ) ;
#67 = AXIS2_PLACEMENT_3D ( 'NONE', #1654, #511, #1098 ) ;
#68 = AXIS2_PLACEMENT_3D ( 'NONE', #1168, #592, #200 ) ;
#69 = ORIENTED_EDGE ( 'NONE', *, *, #325, .F. ) ;
#70 = CARTESIAN_POINT ( 'NONE',  ( -3.524788121422268272, 10.02145917973142986, -7.200000000000000178 ) ) ;
#71 = AXIS2_PLACEMENT_3D ( 'NONE', #1435, #1415, #396 ) ;
#72 = PLANE ( 'NONE',  #841 ) ;
#73 = CARTESIAN_POINT ( 'NONE',  ( -4.760800568907908037, 12.04840190868864269, -4.011620911428907199 ) ) ;
#74 = EDGE_CURVE ( 'NONE', #31, #1197, #1014, .T. ) ;
#75 = FACE_OUTER_BOUND ( 'NONE', #1874, .T. ) ;
#76 = ORIENTED_EDGE ( 'NONE', *, *, #1804, .F. ) ;
#77 = FACE_OUTER_BOUND ( 'NONE', #1846, .T. ) ;
#78 = VERTEX_POINT ( 'NONE', #1841 ) ;
#79 = CARTESIAN_POINT ( 'NONE',  ( -1.058300524425835887, 2.946369841412919133, -6.000000000000000000 ) ) ;
#80 = ORIENTED_EDGE ( 'NONE', *, *, #976, .T. ) ;
#81 = DIRECTION ( 'NONE',  ( 0.000000000000000000, 0.000000000000000000, 1.000000000000000000 ) ) ;
#82 = ADVANCED_FACE ( 'NONE', ( #940 ), #668, .T. ) ;
#83 = CARTESIAN_POINT ( 'NONE',  ( 1.058300524425836331, 2.946369841412919133, -6.000000000000000000 ) ) ;
#84 = EDGE_CURVE ( 'NONE', #157, #1822, #1151, .T. ) ;
#85 = ORIENTED_EDGE ( 'NONE', *, *, #1747, .F. ) ;
#86 = DIRECTION ( 'NONE',  ( -0.000000000000000000, -0.000000000000000000, -1.000000000000000000 ) ) ;
#87 = CARTESIAN_POINT ( 'NONE',  ( 1.836970198721033385E-16, 5.000000000000000000, -5.699999999999999289 ) ) ;
#88 = DIRECTION ( 'NONE',  ( -0.000000000000000000, -0.000000000000000000, 1.000000000000000000 ) ) ;
#89 = ORIENTED_EDGE ( 'NONE', *, *, #1465, .F. ) ;
#90 = CARTESIAN_POINT ( 'NONE',  ( 6.000000000000005329, 11.17898364348855900, -4.000000000000000000 ) ) ;
#91 = PLANE ( 'NONE',  #1823 ) ;
#92 = ORIENTED_EDGE ( 'NONE', *, *, #412, .T. ) ;
#93 = CARTESIAN_POINT ( 'NONE',  ( 0.000000000000000000, 15.00000000000000000, -6.699999999999999289 ) ) ;
#94 = B_SPLINE_CURVE_WITH_KNOTS ( 'NONE', 3,
 ( #328, #1022, #1320, #1760, #1786, #32, #1645, #1066, #885, #458 ),
 .UNSPECIFIED., .F., .F.,
 ( 4, 2, 2, 2, 4 ),
 ( 0.0001864843791455280417, 0.0007204568511920144032, 0.001254429323238500900, 0.001788401795284987397, 0.002322374267331473677 ),
 .UNSPECIFIED. ) ;
#95 = VERTEX_POINT ( 'NONE', #955 ) ;
#96 = CARTESIAN_POINT ( 'NONE',  ( -5.000000000000000888, 15.00000000000000000, 0.7999999999999999334 ) ) ;
#97 = EDGE_CURVE ( 'NONE', #1127, #707, #1059, .T. ) ;
#98 = AXIS2_PLACEMENT_3D ( 'NONE', #622, #207, #1357 ) ;
#99 = ORIENTED_EDGE ( 'NONE', *, *, #1285, .T. ) ;
#100 = PLANE ( 'NONE',  #1475 ) ;
#101 = AXIS2_PLACEMENT_3D ( 'NONE', #962, #691, #1706 ) ;
#102 = ORIENTED_EDGE ( 'NONE', *, *, #356, .T. ) ;
#103 = CARTESIAN_POINT ( 'NONE',  ( -9.999999999999994671, 5.604662425962229300, -4.036192668931699146 ) ) ;
#104 = PLANE ( 'NONE',  #726 ) ;
#105 = CARTESIAN_POINT ( 'NONE',  ( 1.836970198721033385E-16, 5.000000000000000000, -5.699999999999999289 ) ) ;
#106 = CARTESIAN_POINT ( 'NONE',  ( 0.000000000000000000, 15.00000000000000000, 0.7999999999999999334 ) ) ;
#107 = ORIENTED_EDGE ( 'NONE', *, *, #794, .T. ) ;
#108 = CARTESIAN_POINT ( 'NONE',  ( 3.599610614244624696, 10.71015111853372836, -6.000000000000000000 ) ) ;
#109 = DIRECTION ( 'NONE',  ( 1.000000000000000000, 0.000000000000000000, 0.000000000000000000 ) ) ;
#110 = CARTESIAN_POINT ( 'NONE',  ( 0.000000000000000000, 15.00000000000000000, -4.699999999999999289 ) ) ;
#111 = ORIENTED_EDGE ( 'NONE', *, *, #24, .F. ) ;
#112 = CARTESIAN_POINT ( 'NONE',  ( -9.999999999999994671, 5.798990368095136461, -4.012100802605112371 ) ) ;
#113 = CYLINDRICAL_SURFACE ( 'NONE', #758, 0.4999999999999997780 ) ;
#114 = ORIENTED_EDGE ( 'NONE', *, *, #1666, .F. ) ;
#115 = CARTESIAN_POINT ( 'NONE',  ( 0.000000000000000000, 15.00000000000000000, 0.7999999999999999334 ) ) ;
#116 = ORIENTED_EDGE ( 'NONE', *, *, #1285, .F. ) ;
#117 = ORIENTED_EDGE ( 'NONE', *, *, #24, .T. ) ;
#118 = DIRECTION ( 'NONE',  ( 0.000000000000000000, 0.000000000000000000, 1.000000000000000000 ) ) ;
#119 = B_SPLINE_CURVE_WITH_KNOTS ( 'NONE', 3,
 ( #375, #914, #1393, #949, #1496, #775, #498, #1532, #1093, #1802, #1231, #1200, #793, #1515 ),
 .UNSPECIFIED., .F., .F.,
 ( 4, 2, 2, 2, 2, 2, 4 ),
 ( 0.003711494887854335702, 0.004515067334939687309, 0.004916853558482361594, 0.005318639782025036747, 0.005720426005567711900, 0.006122212229110385318, 0.006925784676195730419 ),
 .UNSPECIFIED. ) ;
#120 = CARTESIAN_POINT ( 'NONE',  ( 5.812865636454241702, 3.268015118556458987, -4.272166366442814223 ) ) ;
#121 = CARTESIAN_POINT ( 'NONE',  ( 6.793988405988368839, 2.644769466363825039, -4.000000000000000000 ) ) ;
#122 = EDGE_CURVE ( 'NONE', #1127, #1571, #222, .T. ) ;
#123 = DIRECTION ( 'NONE',  ( 0.000000000000000000, 0.000000000000000000, 1.000000000000000000 ) ) ;
#124 = FACE_OUTER_BOUND ( 'NONE', #1064, .T. ) ;
#125 = CIRCLE ( 'NONE', #553, 14.09999999999999964 ) ;
#126 = CARTESIAN_POINT ( 'NONE',  ( -5.977379212143872245, 5.646875508460807325, -6.699999999999999289 ) ) ;
#127 = CARTESIAN_POINT ( 'NONE',  ( 1.039450516680669123, 3.948189937220587975, -5.283196280647476151 ) ) ;
#128 = CARTESIAN_POINT ( 'NONE',  ( -0.1811989615423460764, 2.328285685708568753, -4.599999999999999645 ) ) ;
#129 = CIRCLE ( 'NONE', #1358, 5.999999999999984013 ) ;
#130 = CIRCLE ( 'NONE', #600, 11.09999999999999787 ) ;
#131 = CARTESIAN_POINT ( 'NONE',  ( -5.641798307384089384, 3.186491527519582423, -4.273057077462273590 ) ) ;
#132 = CIRCLE ( 'NONE', #965, 1.100000000000000311 ) ;
#133 = CARTESIAN_POINT ( 'NONE',  ( 0.000000000000000000, 5.000000000000000888, -4.699999999999999289 ) ) ;
#134 = ADVANCED_FACE ( 'NONE', ( #1379 ), #790, .F. ) ;
#135 = CARTESIAN_POINT ( 'NONE',  ( -7.777730077207141157, 5.730862238260378660, -6.699999999999999289 ) ) ;
#136 = FACE_OUTER_BOUND ( 'NONE', #1771, .T. ) ;
#137 = ORIENTED_EDGE ( 'NONE', *, *, #950, .F. ) ;
#138 = DIRECTION ( 'NONE',  ( 1.000000000000000000, 0.000000000000000000, 0.000000000000000000 ) ) ;
#139 = VERTEX_POINT ( 'NONE', #1527 ) ;
#140 = DIRECTION ( 'NONE',  ( 1.000000000000000000, 0.000000000000000000, 0.000000000000000000 ) ) ;
#141 = ORIENTED_EDGE ( 'NONE', *, *, #527, .T. ) ;
#142 = DIRECTION ( 'NONE',  ( 1.000000000000000000, 0.000000000000000000, 0.000000000000000000 ) ) ;
#143 = EDGE_CURVE ( 'NONE', #824, #1337, #1873, .T. ) ;
#144 = ORIENTED_EDGE ( 'NONE', *, *, #446, .F. ) ;
#145 = DIRECTION ( 'NONE',  ( 0.6427876096865404731, 0.7660444431189770143, -0.000000000000000000 ) ) ;
#146 = ORIENTED_EDGE ( 'NONE', *, *, #1456, .F. ) ;
#147 = EDGE_CURVE ( 'NONE', #660, #425, #817, .T. ) ;
#148 = LINE ( 'NONE', #714, #977 ) ;
#149 = ORIENTED_EDGE ( 'NONE', *, *, #1721, .F. ) ;
#150 = APPLICATION_PROTOCOL_DEFINITION ( 'draft international standard', 'automotive_design', 1998, #1469 ) ;
#151 = DIRECTION ( 'NONE',  ( 0.000000000000000000, 0.000000000000000000, 1.000000000000000000 ) ) ;
#152 = CARTESIAN_POINT ( 'NONE',  ( 9.999999999999994671, 0.000000000000000000, 4.000000000000000000 ) ) ;
#153 = AXIS2_PLACEMENT_3D ( 'NONE', #1208, #1056, #198 ) ;
#154 = AXIS2_PLACEMENT_3D ( 'NONE', #1844, #979, #1457 ) ;
#155 = DIRECTION ( 'NONE',  ( -1.000000000000000000, 0.000000000000000000, 0.000000000000000000 ) ) ;
#156 = ADVANCED_FACE ( 'NONE', ( #487 ), #1067, .F. ) ;
#157 = VERTEX_POINT ( 'NONE', #1607 ) ;
#158 = CARTESIAN_POINT ( 'NONE',  ( 3.221829655369093715, 10.41962734356861908, -4.699999999999999289 ) ) ;
#159 = VECTOR ( 'NONE', #464, 1000.000000000000000 ) ;
#160 = CIRCLE ( 'NONE', #1508, 12.09999999999999964 ) ;
#161 = VECTOR ( 'NONE', #470, 1000.000000000000000 ) ;
#162 = FACE_OUTER_BOUND ( 'NONE', #982, .T. ) ;
#163 = CIRCLE ( 'NONE', #1604, 14.99999999999998046 ) ;
#164 = CARTESIAN_POINT ( 'NONE',  ( 6.950000000000006395, 7.999999999999998224, -2.000000000000000000 ) ) ;
#165 = VERTEX_POINT ( 'NONE', #310 ) ;
#166 = B_SPLINE_CURVE_WITH_KNOTS ( 'NONE', 3,
 ( #1163, #1740, #1012, #1454, #167, #733 ),
 .UNSPECIFIED., .F., .F.,
 ( 4, 2, 4 ),
 ( 0.0005678394139292291046, 0.0008033268453328760040, 0.001038814276736522687 ),
 .UNSPECIFIED. ) ;
#167 = CARTESIAN_POINT ( 'NONE',  ( -0.3862349889125056834, 2.905951164462578618, -6.733004892726802026 ) ) ;
#168 = ORIENTED_EDGE ( 'NONE', *, *, #713, .F. ) ;
#169 = CARTESIAN_POINT ( 'NONE',  ( -0.6501872818137142129, 3.917393970482307086, -6.612046756519105450 ) ) ;
#170 = DIRECTION ( 'NONE',  ( 1.000000000000000000, 0.000000000000000000, 0.000000000000000000 ) ) ;
#171 = ORIENTED_EDGE ( 'NONE', *, *, #1374, .T. ) ;
#172 = EDGE_CURVE ( 'NONE', #195, #389, #504, .T. ) ;
#173 = CARTESIAN_POINT ( 'NONE',  ( 0.000000000000000000, 15.00000000000000000, -4.000000000000000000 ) ) ;
#174 = CYLINDRICAL_SURFACE ( 'NONE', #68, 12.09999999999999964 ) ;
#175 = ORIENTED_EDGE ( 'NONE', *, *, #27, .T. ) ;
#176 = ORIENTED_EDGE ( 'NONE', *, *, #1350, .F. ) ;
#177 = CARTESIAN_POINT ( 'NONE',  ( 8.502851330525960094, 14.29919761328043215, -4.000000000000000000 ) ) ;
#178 = CARTESIAN_POINT ( 'NONE',  ( -3.221829655369094603, 10.41962734356861908, -4.699999999999999289 ) ) ;
#179 = EDGE_CURVE ( 'NONE', #1136, #250, #345, .T. ) ;
#180 = CARTESIAN_POINT ( 'NONE',  ( -9.999999999999994671, 5.059678073623564920, -4.000000000000000000 ) ) ;
#181 = ORIENTED_EDGE ( 'NONE', *, *, #1223, .T. ) ;
#182 = CLOSED_SHELL ( 'NONE', ( #134, #1363, #854, #1259, #1522, #537, #985, #209, #1077, #1089, #1366, #1196, #1687, #1389, #702, #1189, #1165, #225, #1112, #1308, #1490, #1047, #468, #1446, #82, #343, #1711, #678, #840, #459, #1757, #1794, #271, #156, #764, #1328, #436, #478, #388, #1307, #1514, #816, #863, #243, #826, #1583, #725, #1317, #1341, #549, #782, #772 ) ) ;
#183 = DIRECTION ( 'NONE',  ( -0.000000000000000000, -0.000000000000000000, -1.000000000000000000 ) ) ;
#184 = ORIENTED_EDGE ( 'NONE', *, *, #51, .T. ) ;
#185 = AXIS2_PLACEMENT_3D ( 'NONE', #968, #1674, #1668 ) ;
#186 = CARTESIAN_POINT ( 'NONE',  ( 3.599610614244624696, 10.71015111853372836, -6.699999999999999289 ) ) ;
#187 = ORIENTED_EDGE ( 'NONE', *, *, #282, .T. ) ;
#188 = PRODUCT_DEFINITION_CONTEXT ( 'detailed design', #1469, 'design' ) ;
#189 = CARTESIAN_POINT ( 'NONE',  ( -3.216588392685139741, 10.38875731369046029, -7.200000000000000178 ) ) ;
#190 = AXIS2_PLACEMENT_3D ( 'NONE', #1161, #267, #1144 ) ;
#191 = EDGE_CURVE ( 'NONE', #250, #1822, #999, .T. ) ;
#192 = DIRECTION ( 'NONE',  ( 1.000000000000000000, 0.000000000000000000, -0.000000000000000000 ) ) ;
#193 = ORIENTED_EDGE ( 'NONE', *, *, #1177, .F. ) ;
#194 = CIRCLE ( 'NONE', #1025, 5.000000000000000888 ) ;
#195 = VERTEX_POINT ( 'NONE', #735 ) ;
#196 = FILL_AREA_STYLE_COLOUR ( '', #692 ) ;
#197 = ORIENTED_EDGE ( 'NONE', *, *, #1640, .T. ) ;
#198 = DIRECTION ( 'NONE',  ( 1.000000000000000000, 0.000000000000000000, 0.000000000000000000 ) ) ;
#199 = CARTESIAN_POINT ( 'NONE',  ( 6.049999999999999822, 2.549999999999998490, -4.000000000000000000 ) ) ;
#200 = DIRECTION ( 'NONE',  ( 1.000000000000000000, 0.000000000000000000, 0.000000000000000000 ) ) ;
#201 = ORIENTED_EDGE ( 'NONE', *, *, #1236, .T. ) ;
#202 = CARTESIAN_POINT ( 'NONE',  ( 17.88854381999829712, 25.99999999999997513, 4.000000000000000000 ) ) ;
#203 = EDGE_CURVE ( 'NONE', #1170, #814, #989, .T. ) ;
#204 = LINE ( 'NONE', #177, #275 ) ;
#205 = CARTESIAN_POINT ( 'NONE',  ( -6.950000000000006395, 7.999999999999998224, 4.000000000000000000 ) ) ;
#206 = CARTESIAN_POINT ( 'NONE',  ( 1.014681302960558806, 2.942540103454774680, -6.153874149839165142 ) ) ;
#207 = DIRECTION ( 'NONE',  ( 0.000000000000000000, 0.000000000000000000, -1.000000000000000000 ) ) ;
#208 = AXIS2_PLACEMENT_3D ( 'NONE', #1598, #882, #1048 ) ;
#209 = ADVANCED_FACE ( 'NONE', ( #1026 ), #1271, .F. ) ;
#210 = ORIENTED_EDGE ( 'NONE', *, *, #976, .F. ) ;
#211 = CARTESIAN_POINT ( 'NONE',  ( 3.599610614244625584, 10.71015111853373014, -6.779531687304618970 ) ) ;
#212 = ORIENTED_EDGE ( 'NONE', *, *, #15, .F. ) ;
#213 = CARTESIAN_POINT ( 'NONE',  ( 5.299999999994586375, 2.735661983095548422, -4.133277165939058584 ) ) ;
#214 = EDGE_CURVE ( 'NONE', #31, #1450, #1217, .T. ) ;
#215 = CARTESIAN_POINT ( 'NONE',  ( 3.221829655369093715, 10.41962734356861908, -6.699999999999999289 ) ) ;
#216 = DIRECTION ( 'NONE',  ( -0.000000000000000000, 1.000000000000000000, -0.000000000000000000 ) ) ;
#217 = VECTOR ( 'NONE', #1438, 1000.000000000000000 ) ;
#218 = VECTOR ( 'NONE', #831, 1000.000000000000000 ) ;
#219 = ORIENTED_EDGE ( 'NONE', *, *, #227, .T. ) ;
#220 = FACE_OUTER_BOUND ( 'NONE', #712, .T. ) ;
#221 = AXIS2_PLACEMENT_3D ( 'NONE', #1297, #1172, #727 ) ;
#222 = LINE ( 'NONE', #248, #1418 ) ;
#223 = VERTEX_POINT ( 'NONE', #1705 ) ;
#224 = PLANE ( 'NONE',  #1287 ) ;
#225 = ADVANCED_FACE ( 'NONE', ( #1407 ), #1280, .F. ) ;
#226 = CARTESIAN_POINT ( 'NONE',  ( -6.000000000000005329, 11.17898364348855900, 4.000000000000000000 ) ) ;
#227 = EDGE_CURVE ( 'NONE', #515, #95, #1113, .T. ) ;
#228 = DIRECTION ( 'NONE',  ( -1.000000000000000000, 0.000000000000000000, 0.000000000000000000 ) ) ;
#229 = ORIENTED_EDGE ( 'NONE', *, *, #1009, .T. ) ;
#230 = DIRECTION ( 'NONE',  ( 0.000000000000000000, 0.000000000000000000, -1.000000000000000000 ) ) ;
#231 = FACE_OUTER_BOUND ( 'NONE', #372, .T. ) ;
#232 = CARTESIAN_POINT ( 'NONE',  ( 0.000000000000000000, 15.00000000000000000, -4.699999999999999289 ) ) ;
#233 = CARTESIAN_POINT ( 'NONE',  ( -5.050000000000004263, 7.999999999999998224, -4.000000000000000000 ) ) ;
#234 = EDGE_CURVE ( 'NONE', #927, #1337, #671, .T. ) ;
#235 = DIRECTION ( 'NONE',  ( -0.000000000000000000, -0.000000000000000000, 1.000000000000000000 ) ) ;
#236 = ORIENTED_EDGE ( 'NONE', *, *, #1062, .F. ) ;
#237 = CARTESIAN_POINT ( 'NONE',  ( 3.649960505326120597, 10.75282651685200541, -5.473375611659839990 ) ) ;
#238 = CARTESIAN_POINT ( 'NONE',  ( 6.049999999999999822, 2.549999999999998490, 4.000000000000000000 ) ) ;
#239 = FACE_OUTER_BOUND ( 'NONE', #54, .T. ) ;
#240 = DIRECTION ( 'NONE',  ( -1.000000000000000000, 0.000000000000000000, 0.000000000000000000 ) ) ;
#241 = DIRECTION ( 'NONE',  ( 0.5000000000000011102, -0.8660254037844380415, 0.000000000000000000 ) ) ;
#242 = DIRECTION ( 'NONE',  ( 1.000000000000000000, 0.000000000000000000, 0.000000000000000000 ) ) ;
#243 = ADVANCED_FACE ( 'NONE', ( #265 ), #1862, .F. ) ;
#244 = ORIENTED_EDGE ( 'NONE', *, *, #689, .F. ) ;
#245 = AXIS2_PLACEMENT_3D ( 'NONE', #1305, #269, #433 ) ;
#246 = CARTESIAN_POINT ( 'NONE',  ( 6.799999999999998934, 2.549999999999998490, -4.000000000000000000 ) ) ;
#247 = VECTOR ( 'NONE', #1171, 1000.000000000000000 ) ;
#248 = CARTESIAN_POINT ( 'NONE',  ( -3.599610614244627360, 10.71015111853373014, -7.200000000000000178 ) ) ;
#249 = MECHANICAL_DESIGN_GEOMETRIC_PRESENTATION_REPRESENTATION (  '', ( #1692 ), #1425 ) ;
#250 = VERTEX_POINT ( 'NONE', #1122 ) ;
#251 = CARTESIAN_POINT ( 'NONE',  ( 3.099999999999999645, 15.00000000000000000, -4.000000000000000000 ) ) ;
#252 = CARTESIAN_POINT ( 'NONE',  ( -7.870756453647595130, 5.722831073223225040, -5.473331170771412069 ) ) ;
#253 = AXIS2_PLACEMENT_3D ( 'NONE', #737, #25, #896 ) ;
#254 = DIRECTION ( 'NONE',  ( 1.000000000000000000, 0.000000000000000000, 0.000000000000000000 ) ) ;
#255 = CARTESIAN_POINT ( 'NONE',  ( -0.8125335620750464560, 3.929193694636258449, -6.470695742556970664 ) ) ;
#256 = DIRECTION ( 'NONE',  ( 1.000000000000000000, 0.000000000000000000, 0.000000000000000000 ) ) ;
#257 = EDGE_LOOP ( 'NONE', ( #780, #1519, #1409, #1044 ) ) ;
#258 = CARTESIAN_POINT ( 'NONE',  ( 4.104875648455859505, 11.18962409618090525, -4.478488712803978977 ) ) ;
#259 = ORIENTED_EDGE ( 'NONE', *, *, #122, .F. ) ;
#260 = FACE_OUTER_BOUND ( 'NONE', #1712, .T. ) ;
#261 = EDGE_CURVE ( 'NONE', #95, #532, #752, .T. ) ;
#262 = CARTESIAN_POINT ( 'NONE',  ( -9.999999999999994671, 6.193911727778766085, -4.000000000000000000 ) ) ;
#263 = CARTESIAN_POINT ( 'NONE',  ( -3.544766646206170435, 10.17647783191515565, -7.199999999999997513 ) ) ;
#264 = DIRECTION ( 'NONE',  ( 0.000000000000000000, 0.000000000000000000, 1.000000000000000000 ) ) ;
#265 = FACE_OUTER_BOUND ( 'NONE', #1004, .T. ) ;
#266 = DIRECTION ( 'NONE',  ( -1.000000000000000000, 0.000000000000000000, 0.000000000000000000 ) ) ;
#267 = DIRECTION ( 'NONE',  ( 0.000000000000000000, 0.000000000000000000, 1.000000000000000000 ) ) ;
#268 = CARTESIAN_POINT ( 'NONE',  ( 0.6416445027753143737, 3.918277387636909914, -6.599587038634460612 ) ) ;
#269 = DIRECTION ( 'NONE',  ( 0.000000000000000000, 0.000000000000000000, 1.000000000000000000 ) ) ;
#270 = ORIENTED_EDGE ( 'NONE', *, *, #1736, .T. ) ;
#271 = ADVANCED_FACE ( 'NONE', ( #1835, #961 ), #1564, .T. ) ;
#272 = DIRECTION ( 'NONE',  ( -1.000000000000000000, 0.000000000000000000, 0.000000000000000000 ) ) ;
#273 = CARTESIAN_POINT ( 'NONE',  ( 6.049999999999999822, 2.549999999999998490, -4.000000000000000000 ) ) ;
#274 = CARTESIAN_POINT ( 'NONE',  ( -7.748997961724793271, 5.733355922952190653, -6.859300176586608622 ) ) ;
#275 = VECTOR ( 'NONE', #779, 1000.000000000000000 ) ;
#276 = CARTESIAN_POINT ( 'NONE',  ( 0.000000000000000000, 15.00000000000000000, -4.000000000000000000 ) ) ;
#277 = ORIENTED_EDGE ( 'NONE', *, *, #379, .F. ) ;
#278 = CARTESIAN_POINT ( 'NONE',  ( -0.4582575694955839385, 2.908680799846528053, -6.699999999999999289 ) ) ;
#279 = AXIS2_PLACEMENT_3D ( 'NONE', #1569, #1421, #1859 ) ;
#280 = AXIS2_PLACEMENT_3D ( 'NONE', #93, #519, #657 ) ;
#281 = CARTESIAN_POINT ( 'NONE',  ( 6.000000000000005329, 7.999999999999998224, 4.000000000000000000 ) ) ;
#282 = EDGE_CURVE ( 'NONE', #338, #1136, #956, .T. ) ;
#283 = AXIS2_PLACEMENT_3D ( 'NONE', #1346, #1008, #1618 ) ;
#284 = CARTESIAN_POINT ( 'NONE',  ( -1.099925585197703892, 3.954631571893608033, -5.491165516041951022 ) ) ;
#285 = CARTESIAN_POINT ( 'NONE',  ( -7.655819330869644723, 5.741716177508799035, -6.990398041186800526 ) ) ;
#286 = EDGE_CURVE ( 'NONE', #1100, #777, #1426, .T. ) ;
#287 = DIRECTION ( 'NONE',  ( -0.6427876096865404731, -0.7660444431189770143, 0.000000000000000000 ) ) ;
#288 = ORIENTED_EDGE ( 'NONE', *, *, #514, .T. ) ;
#289 = DIRECTION ( 'NONE',  ( 0.000000000000000000, -1.000000000000000000, 0.000000000000000000 ) ) ;
#290 = ORIENTED_EDGE ( 'NONE', *, *, #367, .F. ) ;
#291 = CARTESIAN_POINT ( 'NONE',  ( -7.777730077207141157, 5.730862238260378660, -6.699999999999999289 ) ) ;
#292 = FACE_OUTER_BOUND ( 'NONE', #1262, .T. ) ;
#293 = EDGE_CURVE ( 'NONE', #912, #1145, #700, .T. ) ;
#294 = LINE ( 'NONE', #550, #1329 ) ;
#295 = CARTESIAN_POINT ( 'NONE',  ( -5.515751031917739411, 2.023617971333519616, -4.000000000000000000 ) ) ;
#296 = ORIENTED_EDGE ( 'NONE', *, *, #1295, .F. ) ;
#297 = SURFACE_SIDE_STYLE ('',( #1773 ) ) ;
#298 = CYLINDRICAL_SURFACE ( 'NONE', #1332, 0.7499999999999988898 ) ;
#299 = VERTEX_POINT ( 'NONE', #990 ) ;
#300 = CARTESIAN_POINT ( 'NONE',  ( -4.894304365578388882, 12.27864284279326768, -4.000000000000000000 ) ) ;
#301 = EDGE_CURVE ( 'NONE', #380, #466, #1021, .T. ) ;
#302 = CARTESIAN_POINT ( 'NONE',  ( -1.102343053149451135, 2.920912937301343604, -5.647391295645324938 ) ) ;
#303 = ORIENTED_EDGE ( 'NONE', *, *, #1192, .T. ) ;
#304 = CIRCLE ( 'NONE', #1020, 0.9500000000000011768 ) ;
#305 = VECTOR ( 'NONE', #1232, 1000.000000000000000 ) ;
#306 = CYLINDRICAL_SURFACE ( 'NONE', #696, 3.999999999999988898 ) ;
#307 = AXIS2_PLACEMENT_3D ( 'NONE', #316, #1743, #729 ) ;
#308 = CARTESIAN_POINT ( 'NONE',  ( -9.999999999999994671, 0.000000000000000000, 4.000000000000000000 ) ) ;
#309 = FACE_OUTER_BOUND ( 'NONE', #1282, .T. ) ;
#310 = CARTESIAN_POINT ( 'NONE',  ( 7.066384239949875301, 5.800749281958450077, -7.200000000000000178 ) ) ;
#311 = ORIENTED_EDGE ( 'NONE', *, *, #662, .F. ) ;
#312 = EDGE_CURVE ( 'NONE', #317, #515, #160, .T. ) ;
#313 = CARTESIAN_POINT ( 'NONE',  ( -0.4582575694955839385, 3.909463493590583649, -4.699999999999999289 ) ) ;
#314 = SHAPE_DEFINITION_REPRESENTATION ( #1039, #1809 ) ;
#315 = ORIENTED_EDGE ( 'NONE', *, *, #607, .T. ) ;
#316 = CARTESIAN_POINT ( 'NONE',  ( 0.000000000000000000, 15.00000000000000000, -0.7999999999999999334 ) ) ;
#317 = VERTEX_POINT ( 'NONE', #756 ) ;
#318 = CARTESIAN_POINT ( 'NONE',  ( 5.111012519999520443, 18.14285714285712103, -4.000000000000000000 ) ) ;
#319 = ORIENTED_EDGE ( 'NONE', *, *, #64, .F. ) ;
#320 = CARTESIAN_POINT ( 'NONE',  ( -6.950000000000006395, 7.999999999999998224, -4.000000000000000000 ) ) ;
#321 = ORIENTED_EDGE ( 'NONE', *, *, #1562, .T. ) ;
#322 = PLANE ( 'NONE',  #1570 ) ;
#323 = EDGE_CURVE ( 'NONE', #1324, #338, #1781, .T. ) ;
#324 = DIRECTION ( 'NONE',  ( 0.000000000000000000, -1.000000000000000000, 0.000000000000000000 ) ) ;
#325 = EDGE_CURVE ( 'NONE', #1788, #665, #1201, .T. ) ;
#326 = LINE ( 'NONE', #342, #1429 ) ;
#327 = ORIENTED_EDGE ( 'NONE', *, *, #293, .T. ) ;
#328 = CARTESIAN_POINT ( 'NONE',  ( 1.058300524425836331, 2.946369841412919133, -6.000000000000000000 ) ) ;
#329 = EDGE_LOOP ( 'NONE', ( #539, #832, #1759, #210 ) ) ;
#330 = DIRECTION ( 'NONE',  ( 0.000000000000000000, 0.000000000000000000, -1.000000000000000000 ) ) ;
#331 =( LENGTH_UNIT ( ) NAMED_UNIT ( * ) SI_UNIT ( .MILLI., .METRE. ) );
#332 = CARTESIAN_POINT ( 'NONE',  ( 7.655819330869641171, 5.741716177508799035, -6.990398041186799638 ) ) ;
#333 = EDGE_CURVE ( 'NONE', #139, #1495, #869, .T. ) ;
#334 = CARTESIAN_POINT ( 'NONE',  ( -3.599610614244627360, 10.71015111853373014, -6.000000000000000000 ) ) ;
#335 = EDGE_CURVE ( 'NONE', #1412, #1127, #505, .T. ) ;
#336 = DIRECTION ( 'NONE',  ( 0.000000000000000000, 0.000000000000000000, 1.000000000000000000 ) ) ;
#337 = STYLED_ITEM ( 'NONE', ( #575 ), #1809 ) ;
#338 = VERTEX_POINT ( 'NONE', #1463 ) ;
#339 = ORIENTED_EDGE ( 'NONE', *, *, #803, .F. ) ;
#340 = DIRECTION ( 'NONE',  ( -0.000000000000000000, 0.000000000000000000, -1.000000000000000000 ) ) ;
#341 = CARTESIAN_POINT ( 'NONE',  ( -4.320858757131340155, 11.42919835588100241, -4.240491152347425796 ) ) ;
#342 = CARTESIAN_POINT ( 'NONE',  ( 7.777730077207141157, 5.730862238260375108, -6.000000000000000000 ) ) ;
#343 = ADVANCED_FACE ( 'NONE', ( #596 ), #322, .T. ) ;
#344 = ORIENTED_EDGE ( 'NONE', *, *, #1761, .T. ) ;
#345 = LINE ( 'NONE', #557, #1050 ) ;
#346 = PLANE ( 'NONE',  #98 ) ;
#347 = ORIENTED_EDGE ( 'NONE', *, *, #1699, .F. ) ;
#348 = CARTESIAN_POINT ( 'NONE',  ( -9.999999999999994671, 5.604662425962229300, -4.036192668931699146 ) ) ;
#349 = CARTESIAN_POINT ( 'NONE',  ( 5.300000000000000711, 2.549999999978180387, -4.082598153006612662 ) ) ;
#350 = CARTESIAN_POINT ( 'NONE',  ( -4.543089899024917777, 11.72350105073141435, -4.096072606679785011 ) ) ;
#351 = DIRECTION ( 'NONE',  ( 1.000000000000000000, 0.000000000000000000, 0.000000000000000000 ) ) ;
#352 = ORIENTED_EDGE ( 'NONE', *, *, #1135, .T. ) ;
#353 = FACE_OUTER_BOUND ( 'NONE', #1344, .T. ) ;
#354 = EDGE_CURVE ( 'NONE', #78, #777, #1237, .T. ) ;
#355 = CARTESIAN_POINT ( 'NONE',  ( -6.950000000000006395, 7.999999999999998224, -2.000000000000000000 ) ) ;
#356 = EDGE_CURVE ( 'NONE', #1387, #1741, #751, .T. ) ;
#357 = CARTESIAN_POINT ( 'NONE',  ( -0.4582575694955839385, 3.909463493590583649, -4.699999999999999289 ) ) ;
#358 = VECTOR ( 'NONE', #393, 1000.000000000000000 ) ;
#359 = CARTESIAN_POINT ( 'NONE',  ( 6.000000000000005329, 7.999999999999998224, -2.000000000000000000 ) ) ;
#360 = CARTESIAN_POINT ( 'NONE',  ( 3.599610614244626028, 10.71015111853372659, -6.699999999999999289 ) ) ;
#361 = AXIS2_PLACEMENT_3D ( 'NONE', #1614, #606, #1188 ) ;
#362 = CIRCLE ( 'NONE', #1094, 0.7499999999999988898 ) ;
#363 = ORIENTED_EDGE ( 'NONE', *, *, #286, .T. ) ;
#364 = CYLINDRICAL_SURFACE ( 'NONE', #959, 0.7499999999999988898 ) ;
#365 = VECTOR ( 'NONE', #1104, 1000.000000000000000 ) ;
#366 = CARTESIAN_POINT ( 'NONE',  ( 0.000000000000000000, 15.00000000000000000, -4.000000000000000000 ) ) ;
#367 = EDGE_CURVE ( 'NONE', #317, #1015, #1, .T. ) ;
#368 = DIRECTION ( 'NONE',  ( 0.000000000000000000, 0.000000000000000000, -1.000000000000000000 ) ) ;
#369 = CARTESIAN_POINT ( 'NONE',  ( 5.000000000000000888, 15.00000000000000000, 0.7999999999999999334 ) ) ;
#370 = ORIENTED_EDGE ( 'NONE', *, *, #747, .F. ) ;
#371 = CARTESIAN_POINT ( 'NONE',  ( 3.599610614244624252, 10.71015111853372659, -5.866143978394243064 ) ) ;
#372 = EDGE_LOOP ( 'NONE', ( #6, #1313, #1115 ) ) ;
#373 = CARTESIAN_POINT ( 'NONE',  ( 3.599610614244624696, 10.71015111853372836, -7.200000000000000178 ) ) ;
#374 = CARTESIAN_POINT ( 'NONE',  ( -9.471819719578402186, 5.622125072454894124, -4.143478929942020272 ) ) ;
#375 = CARTESIAN_POINT ( 'NONE',  ( 7.777730077207136716, 5.730862238260373331, -6.000000000000000000 ) ) ;
#376 = VERTEX_POINT ( 'NONE', #1762 ) ;
#377 = EDGE_CURVE ( 'NONE', #165, #1707, #1086, .T. ) ;
#378 = DIRECTION ( 'NONE',  ( 0.000000000000000000, 0.000000000000000000, -1.000000000000000000 ) ) ;
#379 = EDGE_CURVE ( 'NONE', #432, #1203, #204, .T. ) ;
#380 = VERTEX_POINT ( 'NONE', #1473 ) ;
#381 = DIRECTION ( 'NONE',  ( 0.5000000000000014433, 0.8660254037844379305, 0.000000000000000000 ) ) ;
#382 = CARTESIAN_POINT ( 'NONE',  ( 1.836970198721033385E-16, 5.000000000000000000, -5.699999999999999289 ) ) ;
#383 = CARTESIAN_POINT ( 'NONE',  ( 6.793988405988368839, 2.644769466363825039, -4.000000000000000000 ) ) ;
#384 = LINE ( 'NONE', #838, #1669 ) ;
#385 = AXIS2_PLACEMENT_3D ( 'NONE', #1637, #1198, #1772 ) ;
#386 = DIRECTION ( 'NONE',  ( -0.000000000000000000, -0.000000000000000000, 1.000000000000000000 ) ) ;
#387 = CYLINDRICAL_SURFACE ( 'NONE', #101, 14.99999999999997868 ) ;
#388 = ADVANCED_FACE ( 'NONE', ( #774 ), #72, .F. ) ;
#389 = VERTEX_POINT ( 'NONE', #1352 ) ;
#390 = AXIS2_PLACEMENT_3D ( 'NONE', #1378, #86, #815 ) ;
#391 = CARTESIAN_POINT ( 'NONE',  ( 4.619131525328818988, 11.83132496010387591, -4.058946963597988677 ) ) ;
#392 = AXIS2_PLACEMENT_3D ( 'NONE', #763, #1613, #29 ) ;
#393 = DIRECTION ( 'NONE',  ( -0.000000000000000000, -0.000000000000000000, 1.000000000000000000 ) ) ;
#394 = CIRCLE ( 'NONE', #1430, 0.9500000000000011768 ) ;
#395 = CARTESIAN_POINT ( 'NONE',  ( -3.583302963787176498, 10.53346747847771780, -7.037932358672273736 ) ) ;
#396 = DIRECTION ( 'NONE',  ( 1.000000000000000000, 0.000000000000000000, 0.000000000000000000 ) ) ;
#397 = ORIENTED_EDGE ( 'NONE', *, *, #1437, .F. ) ;
#398 = CARTESIAN_POINT ( 'NONE',  ( 0.000000000000000000, 15.00000000000000000, -6.000000000000000000 ) ) ;
#399 = CARTESIAN_POINT ( 'NONE',  ( 3.599610614244624696, 10.71015111853372836, -7.200000000000000178 ) ) ;
#400 = EDGE_LOOP ( 'NONE', ( #917, #1509 ) ) ;
#401 = CARTESIAN_POINT ( 'NONE',  ( 5.977379212143876686, 5.646875508460809101, -6.699999999999999289 ) ) ;
#402 = EDGE_CURVE ( 'NONE', #621, #1470, #512, .T. ) ;
#403 = CARTESIAN_POINT ( 'NONE',  ( 0.000000000000000000, 5.000000000000000888, -6.699999999999999289 ) ) ;
#404 = DIRECTION ( 'NONE',  ( -1.000000000000000000, 0.000000000000000000, 0.000000000000000000 ) ) ;
#405 = ORIENTED_EDGE ( 'NONE', *, *, #1628, .F. ) ;
#406 = AXIS2_PLACEMENT_3D ( 'NONE', #1118, #118, #1257 ) ;
#407 = DIRECTION ( 'NONE',  ( 1.000000000000000000, 0.000000000000000000, 0.000000000000000000 ) ) ;
#408 = CARTESIAN_POINT ( 'NONE',  ( 0.000000000000000000, 15.00000000000000000, -6.699999999999999289 ) ) ;
#409 = ORIENTED_EDGE ( 'NONE', *, *, #97, .F. ) ;
#410 = LINE ( 'NONE', #126, #7 ) ;
#411 = CARTESIAN_POINT ( 'NONE',  ( 0.000000000000000000, 15.00000000000000000, -6.699999999999999289 ) ) ;
#412 = EDGE_CURVE ( 'NONE', #1822, #1075, #426, .T. ) ;
#413 = CARTESIAN_POINT ( 'NONE',  ( -1.031668772538562262, 2.822353430144170172, -5.309600055263844709 ) ) ;
#414 = EDGE_CURVE ( 'NONE', #1741, #1387, #655, .T. ) ;
#415 = DIRECTION ( 'NONE',  ( 1.000000000000000000, 0.000000000000000000, -0.000000000000000000 ) ) ;
#416 = ORIENTED_EDGE ( 'NONE', *, *, #1001, .F. ) ;
#417 = DIRECTION ( 'NONE',  ( 0.000000000000000000, 0.000000000000000000, 1.000000000000000000 ) ) ;
#418 = FACE_OUTER_BOUND ( 'NONE', #946, .T. ) ;
#419 = ORIENTED_EDGE ( 'NONE', *, *, #427, .F. ) ;
#420 = DIRECTION ( 'NONE',  ( -0.000000000000000000, -0.000000000000000000, 1.000000000000000000 ) ) ;
#421 = LINE ( 'NONE', #403, #1206 ) ;
#422 = VECTOR ( 'NONE', #1586, 1000.000000000000114 ) ;
#423 = VECTOR ( 'NONE', #717, 1000.000000000000114 ) ;
#424 = CARTESIAN_POINT ( 'NONE',  ( -5.977379212143872245, 5.646875508460807325, -6.699999999999999289 ) ) ;
#425 = VERTEX_POINT ( 'NONE', #45 ) ;
#426 = B_SPLINE_CURVE_WITH_KNOTS ( 'NONE', 3,
 ( #348, #1648, #921, #1220 ),
 .UNSPECIFIED., .F., .F.,
 ( 4, 4 ),
 ( 2.581898575011956535E-16, 0.0005461848163196331065 ),
 .UNSPECIFIED. ) ;
#427 = EDGE_CURVE ( 'NONE', #1170, #927, #670, .T. ) ;
#428 = CIRCLE ( 'NONE', #221, 0.7499999999999988898 ) ;
#429 = MECHANICAL_DESIGN_GEOMETRIC_PRESENTATION_REPRESENTATION (  '', ( #337 ), #761 ) ;
#430 = CYLINDRICAL_SURFACE ( 'NONE', #629, 3.099999999999999645 ) ;
#431 = DIRECTION ( 'NONE',  ( 1.000000000000000000, 0.000000000000000000, 0.000000000000000000 ) ) ;
#432 = VERTEX_POINT ( 'NONE', #1129 ) ;
#433 = DIRECTION ( 'NONE',  ( 1.000000000000000000, 0.000000000000000000, 0.000000000000000000 ) ) ;
#434 = ORIENTED_EDGE ( 'NONE', *, *, #1074, .F. ) ;
#435 = FILL_AREA_STYLE ('',( #1182 ) ) ;
#436 = ADVANCED_FACE ( 'NONE', ( #947 ), #1101, .F. ) ;
#437 = DIRECTION ( 'NONE',  ( 0.000000000000000000, 0.000000000000000000, 1.000000000000000000 ) ) ;
#438 = VERTEX_POINT ( 'NONE', #523 ) ;
#439 = DIRECTION ( 'NONE',  ( 0.000000000000000000, 0.000000000000000000, 1.000000000000000000 ) ) ;
#440 = ORIENTED_EDGE ( 'NONE', *, *, #1675, .F. ) ;
#441 = CARTESIAN_POINT ( 'NONE',  ( -0.6486479581532645922, 2.516174982517283443, -4.796305231713161810 ) ) ;
#442 = EDGE_LOOP ( 'NONE', ( #1013, #1592, #738, #1035 ) ) ;
#443 = CARTESIAN_POINT ( 'NONE',  ( 1.836970198721033385E-16, 5.000000000000000000, -5.699999999999999289 ) ) ;
#444 = CARTESIAN_POINT ( 'NONE',  ( -5.000000000000000888, 15.00000000000000000, 0.7999999999999999334 ) ) ;
#445 = VERTEX_POINT ( 'NONE', #355 ) ;
#446 = EDGE_CURVE ( 'NONE', #485, #1387, #642, .T. ) ;
#447 = B_SPLINE_CURVE_WITH_KNOTS ( 'NONE', 3,
 ( #562, #1137, #1447, #1294, #1731, #1719, #1702, #278 ),
 .UNSPECIFIED., .F., .F.,
 ( 4, 2, 2, 4 ),
 ( 0.000000000000000000, 0.0002365591511305561859, 0.0004731183022611123719, 0.0009462366045222229006 ),
 .UNSPECIFIED. ) ;
#448 = DIRECTION ( 'NONE',  ( -1.000000000000000000, 0.000000000000000000, 0.000000000000000000 ) ) ;
#449 = ORIENTED_EDGE ( 'NONE', *, *, #379, .T. ) ;
#450 = CARTESIAN_POINT ( 'NONE',  ( 0.000000000000000000, 15.00000000000000000, -6.699999999999999289 ) ) ;
#451 = AXIS2_PLACEMENT_3D ( 'NONE', #105, #1575, #1750 ) ;
#452 = TOROIDAL_SURFACE ( 'NONE', #574, 11.59999999999999964, 0.5000000000000000000 ) ;
#453 = DIRECTION ( 'NONE',  ( -0.000000000000000000, -0.000000000000000000, 1.000000000000000000 ) ) ;
#454 = VECTOR ( 'NONE', #461, 999.9999999999998863 ) ;
#455 = PRODUCT_DEFINITION_FORMATION_WITH_SPECIFIED_SOURCE ( '任何', '', #626, .NOT_KNOWN. ) ;
#456 = CARTESIAN_POINT ( 'NONE',  ( 0.5986705596952802688, 2.914654545720364975, -6.626182122237478822 ) ) ;
#457 = ORIENTED_EDGE ( 'NONE', *, *, #919, .T. ) ;
#458 = CARTESIAN_POINT ( 'NONE',  ( 6.031327667784382933E-16, 2.328285685708569197, -4.599999999999998757 ) ) ;
#459 = ADVANCED_FACE ( 'NONE', ( #928 ), #1380, .F. ) ;
#460 = DIRECTION ( 'NONE',  ( -1.000000000000000000, 0.000000000000000000, 0.000000000000000000 ) ) ;
#461 = DIRECTION ( 'NONE',  ( 0.5000000000000014433, 0.8660254037844379305, -0.000000000000000000 ) ) ;
#462 = VERTEX_POINT ( 'NONE', #79 ) ;
#463 = FACE_OUTER_BOUND ( 'NONE', #908, .T. ) ;
#464 = DIRECTION ( 'NONE',  ( 0.000000000000000000, 0.000000000000000000, 1.000000000000000000 ) ) ;
#465 = EDGE_CURVE ( 'NONE', #1495, #139, #899, .T. ) ;
#466 = VERTEX_POINT ( 'NONE', #1510 ) ;
#467 = CARTESIAN_POINT ( 'NONE',  ( 3.583302963787174722, 10.53346747847771603, -7.037932358672272848 ) ) ;
#468 = ADVANCED_FACE ( 'NONE', ( #239 ), #652, .T. ) ;
#469 = CARTESIAN_POINT ( 'NONE',  ( -6.000000000000005329, 11.17898364348855900, -4.000000000000000000 ) ) ;
#470 = DIRECTION ( 'NONE',  ( 0.000000000000000000, 0.000000000000000000, 1.000000000000000000 ) ) ;
#471 = ORIENTED_EDGE ( 'NONE', *, *, #1135, .F. ) ;
#472 = CARTESIAN_POINT ( 'NONE',  ( -8.502851330525956541, 14.29919761328042682, 4.000000000000000000 ) ) ;
#473 = ORIENTED_EDGE ( 'NONE', *, *, #227, .F. ) ;
#474 = AXIS2_PLACEMENT_3D ( 'NONE', #1545, #1854, #970 ) ;
#475 = DIRECTION ( 'NONE',  ( -0.000000000000000000, -0.000000000000000000, 1.000000000000000000 ) ) ;
#476 = VECTOR ( 'NONE', #1828, 1000.000000000000000 ) ;
#477 = CARTESIAN_POINT ( 'NONE',  ( -6.000000000000005329, 7.999999999999998224, 4.000000000000000000 ) ) ;
#478 = ADVANCED_FACE ( 'NONE', ( #260 ), #100, .F. ) ;
#479 = VECTOR ( 'NONE', #1452, 1000.000000000000000 ) ;
#480 = VERTEX_POINT ( 'NONE', #1831 ) ;
#481 = VECTOR ( 'NONE', #787, 1000.000000000000114 ) ;
#482 = DIRECTION ( 'NONE',  ( 0.000000000000000000, 0.000000000000000000, 1.000000000000000000 ) ) ;
#483 = ORIENTED_EDGE ( 'NONE', *, *, #4, .F. ) ;
#484 = AXIS2_PLACEMENT_3D ( 'NONE', #688, #546, #404 ) ;
#485 = VERTEX_POINT ( 'NONE', #1239 ) ;
#486 = CARTESIAN_POINT ( 'NONE',  ( 0.4582575694955842716, 5.000000000000000000, -4.699999999999999289 ) ) ;
#487 = FACE_OUTER_BOUND ( 'NONE', #746, .T. ) ;
#488 = ORIENTED_EDGE ( 'NONE', *, *, #1593, .F. ) ;
#489 = CARTESIAN_POINT ( 'NONE',  ( 3.597241013273755339, 10.68262350112554593, -6.855971506161085749 ) ) ;
#490 = LINE ( 'NONE', #931, #1758 ) ;
#491 = B_SPLINE_CURVE_WITH_KNOTS ( 'NONE', 3,
 ( #640, #1076, #1410, #391, #1388, #1216, #1116, #797, #258, #825, #1227, #1401, #237, #1681, #371, #108 ),
 .UNSPECIFIED., .F., .F.,
 ( 4, 2, 2, 2, 2, 2, 2, 4 ),
 ( 8.673617379884035472E-19, 0.0003959803220080575746, 0.0007919606440161142819, 0.001187940966024170989, 0.001583921288032227696, 0.002375881932048342846, 0.002771862254056400420, 0.003167842576064458862 ),
 .UNSPECIFIED. ) ;
#492 = PRODUCT_DEFINITION ( '未知', '', #455, #188 ) ;
#493 = DIRECTION ( 'NONE',  ( 0.000000000000000000, 0.000000000000000000, -1.000000000000000000 ) ) ;
#494 = VERTEX_POINT ( 'NONE', #533 ) ;
#495 = DIRECTION ( 'NONE',  ( 0.000000000000000000, -0.000000000000000000, 1.000000000000000000 ) ) ;
#496 = ORIENTED_EDGE ( 'NONE', *, *, #646, .F. ) ;
#497 = CARTESIAN_POINT ( 'NONE',  ( 5.515751031917739411, 2.023617971333519616, -4.000000000000000000 ) ) ;
#498 = CARTESIAN_POINT ( 'NONE',  ( 8.421791352914944184, 5.680365456167926652, -4.717843299108204214 ) ) ;
#499 = DIRECTION ( 'NONE',  ( 0.000000000000000000, 0.000000000000000000, 1.000000000000000000 ) ) ;
#500 = ORIENTED_EDGE ( 'NONE', *, *, #1159, .F. ) ;
#501 = CARTESIAN_POINT ( 'NONE',  ( 1.836970198721033385E-16, 5.000000000000000000, -5.699999999999999289 ) ) ;
#502 = EDGE_CURVE ( 'NONE', #1816, #1588, #125, .T. ) ;
#503 = DIRECTION ( 'NONE',  ( -1.000000000000000000, 0.000000000000000000, 0.000000000000000000 ) ) ;
#504 = CIRCLE ( 'NONE', #651, 5.000000000000000888 ) ;
#505 = CIRCLE ( 'NONE', #1422, 5.599999999999997868 ) ;
#506 = CARTESIAN_POINT ( 'NONE',  ( 3.221829655369093715, 10.41962734356861908, -6.699999999999999289 ) ) ;
#507 = DIRECTION ( 'NONE',  ( 0.000000000000000000, 0.000000000000000000, 1.000000000000000000 ) ) ;
#508 = VECTOR ( 'NONE', #1134, 999.9999999999998863 ) ;
#509 = AXIS2_PLACEMENT_3D ( 'NONE', #1497, #1224, #1114 ) ;
#510 = ORIENTED_EDGE ( 'NONE', *, *, #573, .T. ) ;
#511 = DIRECTION ( 'NONE',  ( 0.000000000000000000, 0.000000000000000000, -1.000000000000000000 ) ) ;
#512 = B_SPLINE_CURVE_WITH_KNOTS ( 'NONE', 3,
 ( #186, #211, #489, #1069, #467, #1191, #1321, #1045 ),
 .UNSPECIFIED., .F., .F.,
 ( 4, 2, 2, 4 ),
 ( 0.000000000000000000, 0.0002344504345644758550, 0.0004689008691289517101, 0.0009378017382579079738 ),
 .UNSPECIFIED. ) ;
#513 = VECTOR ( 'NONE', #1309, 1000.000000000000114 ) ;
#514 = EDGE_CURVE ( 'NONE', #376, #44, #1413, .T. ) ;
#515 = VERTEX_POINT ( 'NONE', #1390 ) ;
#516 = CARTESIAN_POINT ( 'NONE',  ( 9.999999999999994671, 11.17898364348855900, 4.000000000000000000 ) ) ;
#517 = CARTESIAN_POINT ( 'NONE',  ( -8.322825606334122384, 5.687373747132091317, -4.808054249968392924 ) ) ;
#518 = CARTESIAN_POINT ( 'NONE',  ( -4.617608909132132844, 11.82906302304031243, -4.059552074150283296 ) ) ;
#519 = DIRECTION ( 'NONE',  ( 0.000000000000000000, 0.000000000000000000, -1.000000000000000000 ) ) ;
#520 = EDGE_LOOP ( 'NONE', ( #244, #1611, #1228, #559, #796, #1700, #419, #319, #137, #839, #146, #910, #886, #1301, #1608 ) ) ;
#521 = DIRECTION ( 'NONE',  ( 0.000000000000000000, 1.000000000000000000, 0.000000000000000000 ) ) ;
#522 = VECTOR ( 'NONE', #1109, 1000.000000000000000 ) ;
#523 = CARTESIAN_POINT ( 'NONE',  ( -5.300000000000000711, 2.549999999999998490, -4.082598153012568787 ) ) ;
#524 = CARTESIAN_POINT ( 'NONE',  ( -8.142337133296100760, 5.700789637675258703, -5.006827341582578583 ) ) ;
#525 = CARTESIAN_POINT ( 'NONE',  ( -5.000000000000000888, 15.00000000000000000, -4.000000000000000000 ) ) ;
#526 = ORIENTED_EDGE ( 'NONE', *, *, #1148, .T. ) ;
#527 = EDGE_CURVE ( 'NONE', #621, #1623, #1737, .T. ) ;
#528 = CARTESIAN_POINT ( 'NONE',  ( -0.4582575694955839385, 3.909463493590583649, -6.699999999999999289 ) ) ;
#529 = CARTESIAN_POINT ( 'NONE',  ( -0.4582575694955839385, 5.000000000000000000, -4.699999999999999289 ) ) ;
#530 = EDGE_LOOP ( 'NONE', ( #1746, #1775, #37, #1799, #1876, #321, #270, #1487 ) ) ;
#531 = DIRECTION ( 'NONE',  ( 0.000000000000000000, -1.000000000000000000, 0.000000000000000000 ) ) ;
#532 = VERTEX_POINT ( 'NONE', #666 ) ;
#533 = CARTESIAN_POINT ( 'NONE',  ( -5.111012519999514225, 18.14285714285712103, 4.000000000000000000 ) ) ;
#534 = CARTESIAN_POINT ( 'NONE',  ( -3.597241013273757559, 10.68262350112554770, -6.855971506161086637 ) ) ;
#535 = DIRECTION ( 'NONE',  ( -0.000000000000000000, -0.000000000000000000, 1.000000000000000000 ) ) ;
#536 = CARTESIAN_POINT ( 'NONE',  ( -9.999999999999994671, 5.604662425962229300, -4.036192668931699146 ) ) ;
#537 = ADVANCED_FACE ( 'NONE', ( #1520 ), #1683, .F. ) ;
#538 = CARTESIAN_POINT ( 'NONE',  ( 3.221829655369093715, 10.41962734356861908, -4.699999999999999289 ) ) ;
#539 = ORIENTED_EDGE ( 'NONE', *, *, #942, .F. ) ;
#540 = AXIS2_PLACEMENT_3D ( 'NONE', #1369, #1085, #381 ) ;
#541 = CARTESIAN_POINT ( 'NONE',  ( -5.050000000000004263, 7.999999999999998224, -2.000000000000000000 ) ) ;
#542 = CIRCLE ( 'NONE', #659, 1.100000000000000311 ) ;
#543 = ORIENTED_EDGE ( 'NONE', *, *, #627, .T. ) ;
#544 = CARTESIAN_POINT ( 'NONE',  ( 9.999999999999994671, 5.242140715164426368, -4.000000000000000000 ) ) ;
#545 = CARTESIAN_POINT ( 'NONE',  ( -7.797089229593069604, 5.729154101628132878, -5.731506638333792480 ) ) ;
#546 = DIRECTION ( 'NONE',  ( 0.000000000000000000, 0.000000000000000000, 1.000000000000000000 ) ) ;
#547 = DIRECTION ( 'NONE',  ( 0.000000000000000000, 0.000000000000000000, 1.000000000000000000 ) ) ;
#548 = CARTESIAN_POINT ( 'NONE',  ( 5.111012519999520443, 18.14285714285712103, -4.000000000000000000 ) ) ;
#549 = ADVANCED_FACE ( 'NONE', ( #231 ), #224, .F. ) ;
#550 = CARTESIAN_POINT ( 'NONE',  ( -7.777730077207142934, 5.730862238260378660, -6.699999999999999289 ) ) ;
#551 = EDGE_CURVE ( 'NONE', #1588, #1143, #1423, .T. ) ;
#552 = CARTESIAN_POINT ( 'NONE',  ( -9.999999999999994671, 11.17898364348855900, 4.000000000000000000 ) ) ;
#553 = AXIS2_PLACEMENT_3D ( 'NONE', #1403, #1811, #109 ) ;
#554 = ORIENTED_EDGE ( 'NONE', *, *, #563, .T. ) ;
#555 = CARTESIAN_POINT ( 'NONE',  ( -5.300000000000000711, 2.735422863168607943, -4.133211894840565392 ) ) ;
#556 = DIRECTION ( 'NONE',  ( -1.000000000000000000, 0.000000000000000000, 0.000000000000000000 ) ) ;
#557 = CARTESIAN_POINT ( 'NONE',  ( -9.999999999999994671, 11.17898364348855900, -4.000000000000000000 ) ) ;
#558 = CARTESIAN_POINT ( 'NONE',  ( 5.300000000000000711, 2.549999999999998490, 4.000000000000000000 ) ) ;
#559 = ORIENTED_EDGE ( 'NONE', *, *, #551, .F. ) ;
#560 = DIRECTION ( 'NONE',  ( 1.000000000000000000, 0.000000000000000000, 0.000000000000000000 ) ) ;
#561 = ORIENTED_EDGE ( 'NONE', *, *, #214, .F. ) ;
#562 = CARTESIAN_POINT ( 'NONE',  ( -1.058300524425835887, 2.946369841412919133, -6.000000000000000000 ) ) ;
#563 = EDGE_CURVE ( 'NONE', #1028, #900, #1267, .T. ) ;
#564 = ORIENTED_EDGE ( 'NONE', *, *, #1125, .T. ) ;
#565 = DIRECTION ( 'NONE',  ( -0.000000000000000000, -0.000000000000000000, 1.000000000000000000 ) ) ;
#566 = DIRECTION ( 'NONE',  ( 0.000000000000000000, -1.000000000000000000, 0.000000000000000000 ) ) ;
#567 = CARTESIAN_POINT ( 'NONE',  ( 9.999999999999994671, 0.000000000000000000, -4.000000000000000000 ) ) ;
#568 = ORIENTED_EDGE ( 'NONE', *, *, #1125, .F. ) ;
#569 = LINE ( 'NONE', #1701, #508 ) ;
#570 = CARTESIAN_POINT ( 'NONE',  ( 3.599610614244624696, 10.71015111853372836, -6.699999999999999289 ) ) ;
#571 = AXIS2_PLACEMENT_3D ( 'NONE', #1499, #1778, #1169 ) ;
#572 = VERTEX_POINT ( 'NONE', #858 ) ;
#573 = EDGE_CURVE ( 'NONE', #1038, #462, #1218, .T. ) ;
#574 = AXIS2_PLACEMENT_3D ( 'NONE', #731, #1310, #18 ) ;
#575 = PRESENTATION_STYLE_ASSIGNMENT (( #5 ) ) ;
#576 = AXIS2_PLACEMENT_3D ( 'NONE', #1323, #1486, #601 ) ;
#577 = LINE ( 'NONE', #1427, #1209 ) ;
#578 = CARTESIAN_POINT ( 'NONE',  ( 6.950000000000006395, 7.999999999999998224, -4.000000000000000000 ) ) ;
#579 = CARTESIAN_POINT ( 'NONE',  ( -1.082884316395486657, 2.948528281616536795, -5.913276533553811554 ) ) ;
#580 = ORIENTED_EDGE ( 'NONE', *, *, #312, .T. ) ;
#581 = DIRECTION ( 'NONE',  ( 1.000000000000000000, 0.000000000000000000, 0.000000000000000000 ) ) ;
#582 = EDGE_CURVE ( 'NONE', #647, #1145, #148, .T. ) ;
#583 = CYLINDRICAL_SURFACE ( 'NONE', #392, 12.09999999999999964 ) ;
#584 = ORIENTED_EDGE ( 'NONE', *, *, #1476, .F. ) ;
#585 = CARTESIAN_POINT ( 'NONE',  ( -0.9622130178295086322, 2.754827144802157068, -5.160649759988330310 ) ) ;
#586 = ORIENTED_EDGE ( 'NONE', *, *, #1213, .F. ) ;
#587 = DIRECTION ( 'NONE',  ( 1.000000000000000000, 0.000000000000000000, 0.000000000000000000 ) ) ;
#588 = ORIENTED_EDGE ( 'NONE', *, *, #1248, .F. ) ;
#589 = DIRECTION ( 'NONE',  ( 0.000000000000000000, 0.000000000000000000, 1.000000000000000000 ) ) ;
#590 = CIRCLE ( 'NONE', #208, 3.999999999999988898 ) ;
#591 = EDGE_CURVE ( 'NONE', #707, #1470, #1540, .T. ) ;
#592 = DIRECTION ( 'NONE',  ( -0.000000000000000000, -0.000000000000000000, 1.000000000000000000 ) ) ;
#593 = AXIS2_PLACEMENT_3D ( 'NONE', #616, #903, #1624 ) ;
#594 = ORIENTED_EDGE ( 'NONE', *, *, #335, .T. ) ;
#595 =( LENGTH_UNIT ( ) NAMED_UNIT ( * ) SI_UNIT ( .MILLI., .METRE. ) );
#596 = FACE_OUTER_BOUND ( 'NONE', #716, .T. ) ;
#597 = APPLICATION_PROTOCOL_DEFINITION ( 'draft international standard', 'automotive_design', 1998, #1728 ) ;
#598 = VECTOR ( 'NONE', #60, 1000.000000000000000 ) ;
#599 = ORIENTED_EDGE ( 'NONE', *, *, #1560, .F. ) ;
#600 = AXIS2_PLACEMENT_3D ( 'NONE', #891, #1629, #1053 ) ;
#601 = DIRECTION ( 'NONE',  ( 0.5000000000000012212, -0.8660254037844380415, 0.000000000000000000 ) ) ;
#602 = AXIS2_PLACEMENT_3D ( 'NONE', #477, #81, #1082 ) ;
#603 = CARTESIAN_POINT ( 'NONE',  ( 0.8125335620750471222, 3.929193694636254897, -4.929304257443027026 ) ) ;
#604 = CARTESIAN_POINT ( 'NONE',  ( 0.7246750571770973481, 2.921555263618221598, -6.531303689456234629 ) ) ;
#605 = EDGE_CURVE ( 'NONE', #462, #665, #447, .T. ) ;
#606 = DIRECTION ( 'NONE',  ( 0.000000000000000000, 0.000000000000000000, 1.000000000000000000 ) ) ;
#607 = EDGE_CURVE ( 'NONE', #494, #685, #35, .T. ) ;
#608 = CARTESIAN_POINT ( 'NONE',  ( 0.000000000000000000, 15.00000000000000000, -6.699999999999999289 ) ) ;
#609 = UNCERTAINTY_MEASURE_WITH_UNIT (LENGTH_MEASURE( 1.000000000000000082E-05 ), #331, 'distance_accuracy_value', 'NONE');
#610 = CARTESIAN_POINT ( 'NONE',  ( 7.593227102399163542, 5.747438351197406092, -7.042956111195015190 ) ) ;
#611 = DIRECTION ( 'NONE',  ( 0.000000000000000000, 1.000000000000000000, 0.000000000000000000 ) ) ;
#612 = DIRECTION ( 'NONE',  ( 0.6427876096865404731, -0.7660444431189770143, 0.000000000000000000 ) ) ;
#613 = ORIENTED_EDGE ( 'NONE', *, *, #179, .T. ) ;
#614 = EDGE_CURVE ( 'NONE', #389, #1768, #874, .T. ) ;
#615 = ORIENTED_EDGE ( 'NONE', *, *, #582, .F. ) ;
#616 = CARTESIAN_POINT ( 'NONE',  ( 0.000000000000000000, 15.00000000000000000, 0.7999999999999999334 ) ) ;
#617 = CARTESIAN_POINT ( 'NONE',  ( 0.4582575694955842716, 5.000000000000000000, -6.699999999999999289 ) ) ;
#618 = FACE_OUTER_BOUND ( 'NONE', #1331, .T. ) ;
#619 = ORIENTED_EDGE ( 'NONE', *, *, #889, .T. ) ;
#620 = FACE_BOUND ( 'NONE', #400, .T. ) ;
#621 = VERTEX_POINT ( 'NONE', #570 ) ;
#622 = CARTESIAN_POINT ( 'NONE',  ( 0.000000000000000000, 15.00000000000000000, -0.7999999999999999334 ) ) ;
#623 = ORIENTED_EDGE ( 'NONE', *, *, #1001, .T. ) ;
#624 = DIRECTION ( 'NONE',  ( 0.000000000000000000, 0.000000000000000000, -1.000000000000000000 ) ) ;
#625 = VERTEX_POINT ( 'NONE', #295 ) ;
#626 = PRODUCT ( '固定座', '固定座', '', ( #1610 ) ) ;
#627 = EDGE_CURVE ( 'NONE', #78, #1038, #864, .T. ) ;
#628 = CARTESIAN_POINT ( 'NONE',  ( -3.649534481466528035, 10.75246216463454196, -5.475679010596261165 ) ) ;
#629 = AXIS2_PLACEMENT_3D ( 'NONE', #1855, #1698, #142 ) ;
#630 = AXIS2_PLACEMENT_3D ( 'NONE', #110, #565, #679 ) ;
#631 = EDGE_LOOP ( 'NONE', ( #705, #543, #510, #1777, #1226, #12, #1351, #1254, #561, #1326 ) ) ;
#632 = CARTESIAN_POINT ( 'NONE',  ( 1.836970198721033385E-16, 5.000000000000000000, -5.699999999999999289 ) ) ;
#633 = ORIENTED_EDGE ( 'NONE', *, *, #27, .F. ) ;
#634 = CARTESIAN_POINT ( 'NONE',  ( 0.000000000000000000, 15.00000000000000000, 0.7999999999999999334 ) ) ;
#635 = CARTESIAN_POINT ( 'NONE',  ( 7.225367145803885727, 5.783390566172561087, -7.199999999999999289 ) ) ;
#636 = LINE ( 'NONE', #644, #1453 ) ;
#637 = EDGE_CURVE ( 'NONE', #1568, #380, #421, .T. ) ;
#638 = CARTESIAN_POINT ( 'NONE',  ( -5.977379212143872245, 5.646875508460807325, -4.699999999999999289 ) ) ;
#639 = ORIENTED_EDGE ( 'NONE', *, *, #1736, .F. ) ;
#640 = CARTESIAN_POINT ( 'NONE',  ( 4.894304365578387106, 12.27864284279326590, -4.000000000000000000 ) ) ;
#641 = ORIENTED_EDGE ( 'NONE', *, *, #335, .F. ) ;
#642 = LINE ( 'NONE', #251, #358 ) ;
#643 = VERTEX_POINT ( 'NONE', #835 ) ;
#644 = CARTESIAN_POINT ( 'NONE',  ( 5.000000000000000888, 15.00000000000000000, -0.7999999999999999334 ) ) ;
#645 = FACE_OUTER_BOUND ( 'NONE', #1002, .T. ) ;
#646 = EDGE_CURVE ( 'NONE', #223, #1626, #1057, .T. ) ;
#647 = VERTEX_POINT ( 'NONE', #552 ) ;
#648 = CIRCLE ( 'NONE', #1716, 5.600000000000000533 ) ;
#649 = CARTESIAN_POINT ( 'NONE',  ( 6.000000000000005329, 7.999999999999998224, -2.000000000000000000 ) ) ;
#650 = EDGE_CURVE ( 'NONE', #1015, #665, #166, .T. ) ;
#651 = AXIS2_PLACEMENT_3D ( 'NONE', #936, #1663, #1797 ) ;
#652 = CYLINDRICAL_SURFACE ( 'NONE', #925, 5.999999999999984013 ) ;
#653 = ORIENTED_EDGE ( 'NONE', *, *, #64, .T. ) ;
#654 = CARTESIAN_POINT ( 'NONE',  ( 6.377817201462586461, 3.249587257793860040, -4.129611226963624482 ) ) ;
#655 = CIRCLE ( 'NONE', #1175, 3.099999999999999645 ) ;
#656 = CARTESIAN_POINT ( 'NONE',  ( -9.999999999999994671, 0.000000000000000000, -4.000000000000000000 ) ) ;
#657 = DIRECTION ( 'NONE',  ( -1.000000000000000000, 0.000000000000000000, 0.000000000000000000 ) ) ;
#658 = CIRCLE ( 'NONE', #1152, 5.599999999999997868 ) ;
#659 = AXIS2_PLACEMENT_3D ( 'NONE', #1584, #1298, #8 ) ;
#660 = VERTEX_POINT ( 'NONE', #1561 ) ;
#661 = LINE ( 'NONE', #1247, #1507 ) ;
#662 = EDGE_CURVE ( 'NONE', #299, #376, #1818, .T. ) ;
#663 = AXIS2_PLACEMENT_3D ( 'NONE', #1315, #1037, #1751 ) ;
#664 = DIRECTION ( 'NONE',  ( 0.000000000000000000, 0.000000000000000000, 1.000000000000000000 ) ) ;
#665 = VERTEX_POINT ( 'NONE', #850 ) ;
#666 = CARTESIAN_POINT ( 'NONE',  ( 1.058300524425836331, 2.946369841412919133, -6.000000000000000000 ) ) ;
#667 = EDGE_CURVE ( 'NONE', #1434, #1324, #129, .T. ) ;
#668 = CYLINDRICAL_SURFACE ( 'NONE', #836, 3.999999999999989786 ) ;
#669 = FACE_OUTER_BOUND ( 'NONE', #683, .T. ) ;
#670 = B_SPLINE_CURVE_WITH_KNOTS ( 'NONE', 3,
 ( #497, #1079, #888, #1371, #1539, #1229 ),
 .UNSPECIFIED., .F., .F.,
 ( 4, 2, 4 ),
 ( 0.000000000000000000, 0.0002940804583793203979, 0.0005881609167586407958 ),
 .UNSPECIFIED. ) ;
#671 = LINE ( 'NONE', #822, #718 ) ;
#672 = DIRECTION ( 'NONE',  ( 1.000000000000000000, 0.000000000000000000, 0.000000000000000000 ) ) ;
#673 = MANIFOLD_SOLID_BREP ( '切除-拉伸4', #182 ) ;
#674 = ORIENTED_EDGE ( 'NONE', *, *, #887, .T. ) ;
#675 = PLANE ( 'NONE',  #540 ) ;
#676 = CARTESIAN_POINT ( 'NONE',  ( 0.000000000000000000, 15.00000000000000000, -6.699999999999999289 ) ) ;
#677 = CARTESIAN_POINT ( 'NONE',  ( 6.593998875044044361, 3.074558706115326334, -4.054676323735185051 ) ) ;
#678 = ADVANCED_FACE ( 'NONE', ( #309 ), #706, .T. ) ;
#679 = DIRECTION ( 'NONE',  ( -1.000000000000000000, 0.000000000000000000, 0.000000000000000000 ) ) ;
#680 = EDGE_LOOP ( 'NONE', ( #773, #1348, #800, #1139 ) ) ;
#681 = CARTESIAN_POINT ( 'NONE',  ( -0.5542234983397383852, 3.913428776359464401, -4.743977113306508286 ) ) ;
#682 = DIRECTION ( 'NONE',  ( -0.6427876096865405842, -0.7660444431189771253, 0.000000000000000000 ) ) ;
#683 = EDGE_LOOP ( 'NONE', ( #197, #1462, #1689, #554, #117, #1068, #1368, #315 ) ) ;
#684 = DIRECTION ( 'NONE',  ( -1.000000000000000000, 0.000000000000000000, 0.000000000000000000 ) ) ;
#685 = VERTEX_POINT ( 'NONE', #472 ) ;
#686 = CARTESIAN_POINT ( 'NONE',  ( 9.999999999999994671, 5.604662425962323447, -4.036192668931685823 ) ) ;
#687 = DIRECTION ( 'NONE',  ( 1.000000000000000000, 0.000000000000000000, 0.000000000000000000 ) ) ;
#688 = CARTESIAN_POINT ( 'NONE',  ( 6.049999999999999822, 2.549999999999998490, 4.000000000000000000 ) ) ;
#689 = EDGE_CURVE ( 'NONE', #532, #1038, #94, .T. ) ;
#690 = CARTESIAN_POINT ( 'NONE',  ( -6.000000000000005329, 7.999999999999998224, -4.000000000000000000 ) ) ;
#691 = DIRECTION ( 'NONE',  ( 0.000000000000000000, 0.000000000000000000, 1.000000000000000000 ) ) ;
#692 = COLOUR_RGB ( '',0.7921568627450980005, 0.8196078431372548767, 0.9333333333333333481 ) ;
#693 = DIRECTION ( 'NONE',  ( 0.000000000000000000, 0.000000000000000000, 1.000000000000000000 ) ) ;
#694 = AXIS2_PLACEMENT_3D ( 'NONE', #823, #860, #256 ) ;
#695 = DIRECTION ( 'NONE',  ( -0.000000000000000000, -0.000000000000000000, -1.000000000000000000 ) ) ;
#696 = AXIS2_PLACEMENT_3D ( 'NONE', #469, #589, #581 ) ;
#697 = B_SPLINE_CURVE_WITH_KNOTS ( 'NONE', 3,
 ( #1018, #1602, #456, #604, #802, #811, #206, #83 ),
 .UNSPECIFIED., .F., .F.,
 ( 4, 2, 2, 4 ),
 ( 5.421010862427522170E-20, 0.0002365621765162097463, 0.0004731243530324194383, 0.0009462487060648387682 ),
 .UNSPECIFIED. ) ;
#698 = ORIENTED_EDGE ( 'NONE', *, *, #887, .F. ) ;
#699 = CARTESIAN_POINT ( 'NONE',  ( 9.999999999999994671, 5.604662425962323447, -4.036192668931685823 ) ) ;
#700 = LINE ( 'NONE', #879, #1300 ) ;
#701 = CARTESIAN_POINT ( 'NONE',  ( -7.777730077207141157, 5.730862238260378660, -7.200000000000000178 ) ) ;
#702 = ADVANCED_FACE ( 'NONE', ( #901 ), #783, .F. ) ;
#703 = DIRECTION ( 'NONE',  ( -0.000000000000000000, -0.000000000000000000, 1.000000000000000000 ) ) ;
#704 = ORIENTED_EDGE ( 'NONE', *, *, #998, .F. ) ;
#705 = ORIENTED_EDGE ( 'NONE', *, *, #1437, .T. ) ;
#706 = PLANE ( 'NONE',  #571 ) ;
#707 = VERTEX_POINT ( 'NONE', #70 ) ;
#708 = CARTESIAN_POINT ( 'NONE',  ( -6.656969968548200889, 3.000815009190028082, -4.033654507968049252 ) ) ;
#709 = FACE_OUTER_BOUND ( 'NONE', #530, .T. ) ;
#710 = EDGE_LOOP ( 'NONE', ( #1801, #728, #59, #201 ) ) ;
#711 = CARTESIAN_POINT ( 'NONE',  ( -3.099999999999999645, 15.00000000000000000, -4.000000000000000000 ) ) ;
#712 = EDGE_LOOP ( 'NONE', ( #958, #1559 ) ) ;
#713 = EDGE_CURVE ( 'NONE', #1589, #777, #778, .T. ) ;
#714 = CARTESIAN_POINT ( 'NONE',  ( -9.999999999999994671, 11.17898364348855900, 4.000000000000000000 ) ) ;
#715 = ORIENTED_EDGE ( 'NONE', *, *, #143, .T. ) ;
#716 = EDGE_LOOP ( 'NONE', ( #972, #741, #471, #1763, #28, #1672, #739 ) ) ;
#717 = DIRECTION ( 'NONE',  ( -0.6427876096865404731, 0.7660444431189770143, -0.000000000000000000 ) ) ;
#718 = VECTOR ( 'NONE', #123, 1000.000000000000000 ) ;
#719 = ORIENTED_EDGE ( 'NONE', *, *, #191, .T. ) ;
#720 = CARTESIAN_POINT ( 'NONE',  ( -3.599610614244626916, 10.71015111853373014, -6.000000000000000000 ) ) ;
#721 = AXIS2_PLACEMENT_3D ( 'NONE', #1003, #1264, #1864 ) ;
#722 = CARTESIAN_POINT ( 'NONE',  ( 3.184081677783122135E-16, 5.000000000000000000, -4.599999999999998757 ) ) ;
#723 = VECTOR ( 'NONE', #216, 1000.000000000000000 ) ;
#724 = ORIENTED_EDGE ( 'NONE', *, *, #1414, .F. ) ;
#725 = ADVANCED_FACE ( 'NONE', ( #1605 ), #1055, .T. ) ;
#726 = AXIS2_PLACEMENT_3D ( 'NONE', #1658, #368, #941 ) ;
#727 = DIRECTION ( 'NONE',  ( 1.000000000000000000, 0.000000000000000000, 0.000000000000000000 ) ) ;
#728 = ORIENTED_EDGE ( 'NONE', *, *, #1533, .T. ) ;
#729 = DIRECTION ( 'NONE',  ( -1.000000000000000000, 0.000000000000000000, 0.000000000000000000 ) ) ;
#730 = ORIENTED_EDGE ( 'NONE', *, *, #1339, .F. ) ;
#731 = CARTESIAN_POINT ( 'NONE',  ( 0.000000000000000000, 15.00000000000000000, -6.699999999999999289 ) ) ;
#732 = VERTEX_POINT ( 'NONE', #911 ) ;
#733 = CARTESIAN_POINT ( 'NONE',  ( -0.4582575694955839385, 2.908680799846528053, -6.699999999999999289 ) ) ;
#734 = ORIENTED_EDGE ( 'NONE', *, *, #1866, .T. ) ;
#735 = CARTESIAN_POINT ( 'NONE',  ( 5.000000000000000888, 15.00000000000000000, -0.7999999999999999334 ) ) ;
#736 = EDGE_CURVE ( 'NONE', #445, #1626, #1349, .T. ) ;
#737 = CARTESIAN_POINT ( 'NONE',  ( -5.131699500482581833, 11.99572633790681131, -6.000000000000000000 ) ) ;
#738 = ORIENTED_EDGE ( 'NONE', *, *, #1535, .T. ) ;
#739 = ORIENTED_EDGE ( 'NONE', *, *, #1655, .T. ) ;
#740 = CARTESIAN_POINT ( 'NONE',  ( -9.999999999999994671, 11.17898364348855900, -4.000000000000000000 ) ) ;
#741 = ORIENTED_EDGE ( 'NONE', *, *, #563, .F. ) ;
#742 = SURFACE_SIDE_STYLE ('',( #1204 ) ) ;
#743 = ORIENTED_EDGE ( 'NONE', *, *, #1560, .T. ) ;
#744 = CARTESIAN_POINT ( 'NONE',  ( 0.000000000000000000, 15.00000000000000000, 4.000000000000000000 ) ) ;
#745 =( NAMED_UNIT ( * ) PLANE_ANGLE_UNIT ( ) SI_UNIT ( $, .RADIAN. ) );
#746 = EDGE_LOOP ( 'NONE', ( #1402, #1084, #1619, #881 ) ) ;
#747 = EDGE_CURVE ( 'NONE', #1203, #1051, #846, .T. ) ;
#748 = DIRECTION ( 'NONE',  ( 1.000000000000000000, 0.000000000000000000, 0.000000000000000000 ) ) ;
#749 = EDGE_CURVE ( 'NONE', #814, #824, #893, .T. ) ;
#750 = CARTESIAN_POINT ( 'NONE',  ( -6.000000000000005329, 11.17898364348855900, -4.000000000000000000 ) ) ;
#751 = CIRCLE ( 'NONE', #593, 3.099999999999999645 ) ;
#752 = CIRCLE ( 'NONE', #1661, 12.09999999999999964 ) ;
#753 = ORIENTED_EDGE ( 'NONE', *, *, #1374, .F. ) ;
#754 = SURFACE_STYLE_USAGE ( .BOTH. , #742 ) ;
#755 = ORIENTED_EDGE ( 'NONE', *, *, #333, .F. ) ;
#756 = CARTESIAN_POINT ( 'NONE',  ( 0.4582575694955842716, 2.908680799846528942, -6.699999999999999289 ) ) ;
#757 = AXIS2_PLACEMENT_3D ( 'NONE', #1591, #1708, #560 ) ;
#758 = AXIS2_PLACEMENT_3D ( 'NONE', #980, #682, #1281 ) ;
#759 = CARTESIAN_POINT ( 'NONE',  ( -0.4582575694955839385, 5.000000000000000000, -6.699999999999999289 ) ) ;
#760 = VECTOR ( 'NONE', #241, 1000.000000000000114 ) ;
#761 =( GEOMETRIC_REPRESENTATION_CONTEXT ( 3 ) GLOBAL_UNCERTAINTY_ASSIGNED_CONTEXT ( ( #1029 ) ) GLOBAL_UNIT_ASSIGNED_CONTEXT ( ( #1046, #46, #866 ) ) REPRESENTATION_CONTEXT ( 'NONE', 'WORKASPACE' ) );
#762 = ORIENTED_EDGE ( 'NONE', *, *, #803, .T. ) ;
#763 = CARTESIAN_POINT ( 'NONE',  ( 0.000000000000000000, 15.00000000000000000, -7.200000000000000178 ) ) ;
#764 = ADVANCED_FACE ( 'NONE', ( #1471, #771 ), #346, .T. ) ;
#765 = VERTEX_POINT ( 'NONE', #1748 ) ;
#766 = FILL_AREA_STYLE ('',( #196 ) ) ;
#767 = CARTESIAN_POINT ( 'NONE',  ( 0.1571860006516012653, 2.910102051443363091, -6.799999999999988276 ) ) ;
#768 = DIRECTION ( 'NONE',  ( 0.000000000000000000, 0.000000000000000000, 1.000000000000000000 ) ) ;
#769 = CARTESIAN_POINT ( 'NONE',  ( -3.221829655369094603, 10.41962734356861908, -6.699999999999999289 ) ) ;
#770 = EDGE_LOOP ( 'NONE', ( #61, #580, #219, #1596 ) ) ;
#771 = FACE_OUTER_BOUND ( 'NONE', #21, .T. ) ;
#772 = ADVANCED_FACE ( 'NONE', ( #77 ), #924, .F. ) ;
#773 = ORIENTED_EDGE ( 'NONE', *, *, #736, .F. ) ;
#774 = FACE_OUTER_BOUND ( 'NONE', #1360, .T. ) ;
#775 = CARTESIAN_POINT ( 'NONE',  ( 8.323013299458215997, 5.687360785770420257, -4.807901864944271964 ) ) ;
#776 = DIRECTION ( 'NONE',  ( 1.000000000000000000, 0.000000000000000000, 0.000000000000000000 ) ) ;
#777 = VERTEX_POINT ( 'NONE', #1255 ) ;
#778 = LINE ( 'NONE', #486, #598 ) ;
#779 = DIRECTION ( 'NONE',  ( 0.000000000000000000, 0.000000000000000000, 1.000000000000000000 ) ) ;
#780 = ORIENTED_EDGE ( 'NONE', *, *, #605, .F. ) ;
#781 = CARTESIAN_POINT ( 'NONE',  ( 5.370163564128835887, 2.918190627226255440, -4.201908256827090682 ) ) ;
#782 = ADVANCED_FACE ( 'NONE', ( #353 ), #806, .F. ) ;
#783 = TOROIDAL_SURFACE ( 'NONE', #361, 14.09999999999999964, 2.000000000000000000 ) ;
#784 = DIRECTION ( 'NONE',  ( -0.000000000000000000, 1.000000000000000000, -0.000000000000000000 ) ) ;
#785 = VECTOR ( 'NONE', #1660, 1000.000000000000114 ) ;
#786 = AXIS2_PLACEMENT_3D ( 'NONE', #1694, #1842, #254 ) ;
#787 = DIRECTION ( 'NONE',  ( -0.6427876096865404731, 0.7660444431189770143, -0.000000000000000000 ) ) ;
#788 = ORIENTED_EDGE ( 'NONE', *, *, #234, .F. ) ;
#789 = DIRECTION ( 'NONE',  ( -0.6427876096865405842, 0.7660444431189771253, 0.000000000000000000 ) ) ;
#790 = CYLINDRICAL_SURFACE ( 'NONE', #1263, 1.100000000000000311 ) ;
#791 = EDGE_LOOP ( 'NONE', ( #1621, #939, #409, #641, #1644, #1215 ) ) ;
#792 = DIRECTION ( 'NONE',  ( 1.000000000000000000, 0.000000000000000000, 0.000000000000000000 ) ) ;
#793 = CARTESIAN_POINT ( 'NONE',  ( 9.735741707452563176, 5.612076934474730550, -4.074317091863552065 ) ) ;
#794 = EDGE_CURVE ( 'NONE', #912, #1383, #1838, .T. ) ;
#795 = DIRECTION ( 'NONE',  ( -1.000000000000000000, 0.000000000000000000, 0.000000000000000000 ) ) ;
#796 = ORIENTED_EDGE ( 'NONE', *, *, #502, .F. ) ;
#797 = CARTESIAN_POINT ( 'NONE',  ( 4.176256309380925735, 11.26753187840262527, -4.394617100811426980 ) ) ;
#798 = DIRECTION ( 'NONE',  ( -0.000000000000000000, -0.000000000000000000, 1.000000000000000000 ) ) ;
#799 = DIRECTION ( 'NONE',  ( 1.000000000000000000, 0.000000000000000000, 0.000000000000000000 ) ) ;
#800 = ORIENTED_EDGE ( 'NONE', *, *, #1699, .T. ) ;
#801 = CARTESIAN_POINT ( 'NONE',  ( -7.066384239949880630, 5.800749281958450965, -7.200000000000000178 ) ) ;
#802 = CARTESIAN_POINT ( 'NONE',  ( 0.7834526240564835264, 2.925280129957439357, -6.476171237977483841 ) ) ;
#803 = EDGE_CURVE ( 'NONE', #572, #732, #491, .T. ) ;
#804 = ORIENTED_EDGE ( 'NONE', *, *, #637, .T. ) ;
#805 = AXIS2_PLACEMENT_3D ( 'NONE', #232, #1381, #240 ) ;
#806 = CYLINDRICAL_SURFACE ( 'NONE', #1092, 1.100000000000000311 ) ;
#807 = CARTESIAN_POINT ( 'NONE',  ( -6.799999999999998934, 2.549999999999998490, -4.000000000000000000 ) ) ;
#808 = ORIENTED_EDGE ( 'NONE', *, *, #1236, .F. ) ;
#809 = CARTESIAN_POINT ( 'NONE',  ( -7.777730077207141157, 5.730862238260378660, -6.000000000000000000 ) ) ;
#810 = DIRECTION ( 'NONE',  ( -0.000000000000000000, -0.000000000000000000, -1.000000000000000000 ) ) ;
#811 = CARTESIAN_POINT ( 'NONE',  ( 0.9377500662292734823, 2.935951897068158178, -6.296308672169726783 ) ) ;
#812 = AXIS2_PLACEMENT_3D ( 'NONE', #1419, #861, #1445 ) ;
#813 = VECTOR ( 'NONE', #1756, 1000.000000000000000 ) ;
#814 = VERTEX_POINT ( 'NONE', #246 ) ;
#815 = DIRECTION ( 'NONE',  ( -1.000000000000000000, 0.000000000000000000, 0.000000000000000000 ) ) ;
#816 = ADVANCED_FACE ( 'NONE', ( #1806 ), #675, .T. ) ;
#817 = LINE ( 'NONE', #1538, #30 ) ;
#818 = ORIENTED_EDGE ( 'NONE', *, *, #143, .F. ) ;
#819 = CARTESIAN_POINT ( 'NONE',  ( 0.000000000000000000, 15.00000000000000000, 4.000000000000000000 ) ) ;
#820 = CARTESIAN_POINT ( 'NONE',  ( -3.599610614244627804, 10.71015111853373014, -6.779531687304618970 ) ) ;
#821 = CYLINDRICAL_SURFACE ( 'NONE', #71, 5.000000000000000888 ) ;
#822 = CARTESIAN_POINT ( 'NONE',  ( 5.300000000000000711, 2.549999999999998490, -4.000000000000000000 ) ) ;
#823 = CARTESIAN_POINT ( 'NONE',  ( 0.000000000000000000, 15.00000000000000000, -4.000000000000000000 ) ) ;
#824 = VERTEX_POINT ( 'NONE', #953 ) ;
#825 = CARTESIAN_POINT ( 'NONE',  ( 3.908095854603219177, 10.98469661644383599, -4.754935933573409379 ) ) ;
#826 = ADVANCED_FACE ( 'NONE', ( #1817 ), #1506, .F. ) ;
#827 = EDGE_LOOP ( 'NONE', ( #1512, #755 ) ) ;
#828 = DIRECTION ( 'NONE',  ( 0.000000000000000000, 0.000000000000000000, 1.000000000000000000 ) ) ;
#829 = CARTESIAN_POINT ( 'NONE',  ( 9.999999999999994671, 11.17898364348855900, -4.000000000000000000 ) ) ;
#830 = DIRECTION ( 'NONE',  ( -0.000000000000000000, -0.000000000000000000, -1.000000000000000000 ) ) ;
#831 = DIRECTION ( 'NONE',  ( -0.000000000000000000, -0.000000000000000000, 1.000000000000000000 ) ) ;
#832 = ORIENTED_EDGE ( 'NONE', *, *, #147, .T. ) ;
#833 = CARTESIAN_POINT ( 'NONE',  ( 7.956554105462877877E-14, 2.910102051443364424, -6.799999999999999822 ) ) ;
#834 = CARTESIAN_POINT ( 'NONE',  ( 0.7998498368963949945, 3.928571728827485732, -6.462367855065855871 ) ) ;
#835 = CARTESIAN_POINT ( 'NONE',  ( 5.000000000000000888, 15.00000000000000000, -4.000000000000000000 ) ) ;
#836 = AXIS2_PLACEMENT_3D ( 'NONE', #90, #1372, #687 ) ;
#837 = EDGE_LOOP ( 'NONE', ( #724, #85, #405, #434, #339 ) ) ;
#838 = CARTESIAN_POINT ( 'NONE',  ( 9.999999999999994671, 11.17898364348855900, -4.000000000000000000 ) ) ;
#839 = ORIENTED_EDGE ( 'NONE', *, *, #1744, .F. ) ;
#840 = ADVANCED_FACE ( 'NONE', ( #1664 ), #364, .F. ) ;
#841 = AXIS2_PLACEMENT_3D ( 'NONE', #1181, #1036, #1343 ) ;
#842 = AXIS2_PLACEMENT_3D ( 'NONE', #1609, #547, #1252 ) ;
#843 = DIRECTION ( 'NONE',  ( 0.000000000000000000, 0.000000000000000000, 1.000000000000000000 ) ) ;
#844 = CYLINDRICAL_SURFACE ( 'NONE', #1023, 11.09999999999999787 ) ;
#845 = ORIENTED_EDGE ( 'NONE', *, *, #97, .T. ) ;
#846 = CIRCLE ( 'NONE', #38, 14.99999999999998046 ) ;
#847 = LINE ( 'NONE', #1858, #422 ) ;
#848 = ORIENTED_EDGE ( 'NONE', *, *, #312, .F. ) ;
#849 = AXIS2_PLACEMENT_3D ( 'NONE', #951, #499, #351 ) ;
#850 = CARTESIAN_POINT ( 'NONE',  ( -0.4582575694955839385, 2.908680799846528053, -6.699999999999999289 ) ) ;
#851 = ORIENTED_EDGE ( 'NONE', *, *, #736, .T. ) ;
#852 = CARTESIAN_POINT ( 'NONE',  ( 9.999999999999994671, 6.193911727778760756, -4.000000000000000000 ) ) ;
#853 = ORIENTED_EDGE ( 'NONE', *, *, #1617, .T. ) ;
#854 = ADVANCED_FACE ( 'NONE', ( #945 ), #1518, .F. ) ;
#855 = DIRECTION ( 'NONE',  ( 0.000000000000000000, 0.000000000000000000, 1.000000000000000000 ) ) ;
#856 = ORIENTED_EDGE ( 'NONE', *, *, #1533, .F. ) ;
#857 = CARTESIAN_POINT ( 'NONE',  ( -5.300000000000000711, 2.549999999999998490, -4.082598153012568787 ) ) ;
#858 = CARTESIAN_POINT ( 'NONE',  ( 4.894304365578387106, 12.27864284279326590, -4.000000000000000000 ) ) ;
#859 = FACE_BOUND ( 'NONE', #1525, .T. ) ;
#860 = DIRECTION ( 'NONE',  ( -0.000000000000000000, -0.000000000000000000, 1.000000000000000000 ) ) ;
#861 = DIRECTION ( 'NONE',  ( -0.000000000000000000, -0.000000000000000000, 1.000000000000000000 ) ) ;
#862 = ORIENTED_EDGE ( 'NONE', *, *, #1223, .F. ) ;
#863 = ADVANCED_FACE ( 'NONE', ( #220 ), #1526, .F. ) ;
#864 = LINE ( 'NONE', #722, #873 ) ;
#865 = ORIENTED_EDGE ( 'NONE', *, *, #1780, .F. ) ;
#866 =( NAMED_UNIT ( * ) SI_UNIT ( $, .STERADIAN. ) SOLID_ANGLE_UNIT ( ) );
#867 = ORIENTED_EDGE ( 'NONE', *, *, #1272, .F. ) ;
#868 = LINE ( 'NONE', #1612, #1211 ) ;
#869 = CIRCLE ( 'NONE', #1597, 5.000000000000000888 ) ;
#870 = LINE ( 'NONE', #578, #217 ) ;
#871 = VERTEX_POINT ( 'NONE', #96 ) ;
#872 = AXIS2_PLACEMENT_3D ( 'NONE', #649, #1235, #967 ) ;
#873 = VECTOR ( 'NONE', #1277, 1000.000000000000000 ) ;
#874 = LINE ( 'NONE', #995, #992 ) ;
#875 = EDGE_CURVE ( 'NONE', #1450, #1730, #1574, .T. ) ;
#876 = AXIS2_PLACEMENT_3D ( 'NONE', #1795, #493, #795 ) ;
#877 = ORIENTED_EDGE ( 'NONE', *, *, #926, .F. ) ;
#878 = CIRCLE ( 'NONE', #1095, 5.000000000000000888 ) ;
#879 = CARTESIAN_POINT ( 'NONE',  ( -9.999999999999994671, 0.000000000000000000, -4.000000000000000000 ) ) ;
#880 = CARTESIAN_POINT ( 'NONE',  ( 0.000000000000000000, 0.000000000000000000, 0.000000000000000000 ) ) ;
#881 = ORIENTED_EDGE ( 'NONE', *, *, #1833, .F. ) ;
#882 = DIRECTION ( 'NONE',  ( 0.000000000000000000, 0.000000000000000000, 1.000000000000000000 ) ) ;
#883 = PLANE ( 'NONE',  #576 ) ;
#884 = CARTESIAN_POINT ( 'NONE',  ( -3.599610614244627360, 10.71015111853373014, -6.699999999999999289 ) ) ;
#885 = CARTESIAN_POINT ( 'NONE',  ( 0.1809392144060447960, 2.328285685708569197, -4.599999999999998757 ) ) ;
#886 = ORIENTED_EDGE ( 'NONE', *, *, #84, .F. ) ;
#887 = EDGE_CURVE ( 'NONE', #1324, #494, #661, .T. ) ;
#888 = CARTESIAN_POINT ( 'NONE',  ( 5.391498341971056263, 2.178017482837681928, -4.006669218333883009 ) ) ;
#889 = EDGE_CURVE ( 'NONE', #1127, #1788, #294, .T. ) ;
#890 = FACE_OUTER_BOUND ( 'NONE', #1517, .T. ) ;
#891 = CARTESIAN_POINT ( 'NONE',  ( 0.000000000000000000, 15.00000000000000000, -4.699999999999999289 ) ) ;
#892 = EDGE_LOOP ( 'NONE', ( #788, #184, #1080, #1017, #715 ) ) ;
#893 = LINE ( 'NONE', #1622, #159 ) ;
#894 = EDGE_LOOP ( 'NONE', ( #862, #288, #1682, #730, #1653 ) ) ;
#895 = CARTESIAN_POINT ( 'NONE',  ( 0.000000000000000000, 15.00000000000000000, -7.200000000000000178 ) ) ;
#896 = DIRECTION ( 'NONE',  ( 0.7660444431189770143, -0.6427876096865404731, 0.000000000000000000 ) ) ;
#897 = EDGE_CURVE ( 'NONE', #462, #157, #1299, .T. ) ;
#898 = DIRECTION ( 'NONE',  ( 0.000000000000000000, 0.000000000000000000, 1.000000000000000000 ) ) ;
#899 = CIRCLE ( 'NONE', #988, 5.000000000000000888 ) ;
#900 = VERTEX_POINT ( 'NONE', #1292 ) ;
#901 = FACE_OUTER_BOUND ( 'NONE', #520, .T. ) ;
#902 = ORIENTED_EDGE ( 'NONE', *, *, #1857, .F. ) ;
#903 = DIRECTION ( 'NONE',  ( 0.000000000000000000, 0.000000000000000000, 1.000000000000000000 ) ) ;
#904 = CARTESIAN_POINT ( 'NONE',  ( 0.000000000000000000, 15.00000000000000000, -4.000000000000000000 ) ) ;
#905 = AXIS2_PLACEMENT_3D ( 'NONE', #1537, #789, #1798 ) ;
#906 = DIRECTION ( 'NONE',  ( 0.000000000000000000, 0.000000000000000000, 1.000000000000000000 ) ) ;
#907 =( GEOMETRIC_REPRESENTATION_CONTEXT ( 3 ) GLOBAL_UNCERTAINTY_ASSIGNED_CONTEXT ( ( #609 ) ) GLOBAL_UNIT_ASSIGNED_CONTEXT ( ( #331, #745, #1733 ) ) REPRESENTATION_CONTEXT ( 'NONE', 'WORKASPACE' ) );
#908 = EDGE_LOOP ( 'NONE', ( #848, #1097, #1482, #69, #176, #1810, #1303 ) ) ;
#909 = LINE ( 'NONE', #318, #161 ) ;
#910 = ORIENTED_EDGE ( 'NONE', *, *, #412, .F. ) ;
#911 = CARTESIAN_POINT ( 'NONE',  ( 3.599610614244624696, 10.71015111853372836, -6.000000000000000000 ) ) ;
#912 = VERTEX_POINT ( 'NONE', #1579 ) ;
#913 = CARTESIAN_POINT ( 'NONE',  ( 1.836970198721033385E-16, 5.000000000000000000, -5.699999999999999289 ) ) ;
#914 = CARTESIAN_POINT ( 'NONE',  ( 7.777730077207138493, 5.730862238260377772, -5.727965471041468248 ) ) ;
#915 = CARTESIAN_POINT ( 'NONE',  ( 0.000000000000000000, 15.00000000000000000, -7.200000000000000178 ) ) ;
#916 =( BOUNDED_CURVE ( )  B_SPLINE_CURVE ( 3, ( #699, #1279, #1140, #852 ),
 .UNSPECIFIED., .F., .F. ) 
 B_SPLINE_CURVE_WITH_KNOTS ( ( 4, 4 ),
 ( 4.521857203794711566, 4.712388980384689674 ),
 .UNSPECIFIED. ) 
 CURVE ( )  GEOMETRIC_REPRESENTATION_ITEM ( )  RATIONAL_B_SPLINE_CURVE ( ( 1.000000000000000000, 0.9969770907705355345, 0.9969770907705355345, 1.000000000000000000 ) ) 
 REPRESENTATION_ITEM ( '' )  );
#917 = ORIENTED_EDGE ( 'NONE', *, *, #1213, .T. ) ;
#918 = VERTEX_POINT ( 'NONE', #541 ) ;
#919 = EDGE_CURVE ( 'NONE', #157, #1571, #1718, .T. ) ;
#920 = ORIENTED_EDGE ( 'NONE', *, *, #4, .T. ) ;
#921 = CARTESIAN_POINT ( 'NONE',  ( -9.999999999999994671, 5.242140715164196330, -3.999999999999985345 ) ) ;
#922 = CARTESIAN_POINT ( 'NONE',  ( -3.679518096946654104, 10.77817627766936681, -5.347040872925282073 ) ) ;
#923 = LINE ( 'NONE', #66, #785 ) ;
#924 = PLANE ( 'NONE',  #1270 ) ;
#925 = AXIS2_PLACEMENT_3D ( 'NONE', #366, #828, #792 ) ;
#926 = EDGE_CURVE ( 'NONE', #480, #1741, #1875, .T. ) ;
#927 = VERTEX_POINT ( 'NONE', #973 ) ;
#928 = FACE_OUTER_BOUND ( 'NONE', #892, .T. ) ;
#929 = DIRECTION ( 'NONE',  ( -0.000000000000000000, 1.000000000000000000, -0.000000000000000000 ) ) ;
#930 = AXIS2_PLACEMENT_3D ( 'NONE', #115, #1729, #431 ) ;
#931 = CARTESIAN_POINT ( 'NONE',  ( 9.999999999999994671, 11.17898364348855900, -4.000000000000000000 ) ) ;
#932 = AXIS2_PLACEMENT_3D ( 'NONE', #106, #235, #672 ) ;
#933 = AXIS2_PLACEMENT_3D ( 'NONE', #1120, #1722, #1582 ) ;
#934 = DIRECTION ( 'NONE',  ( 0.000000000000000000, 0.000000000000000000, 1.000000000000000000 ) ) ;
#935 = VERTEX_POINT ( 'NONE', #401 ) ;
#936 = CARTESIAN_POINT ( 'NONE',  ( 0.000000000000000000, 15.00000000000000000, -0.7999999999999999334 ) ) ;
#937 = CARTESIAN_POINT ( 'NONE',  ( -6.049999999999999822, 2.549999999999998490, -4.000000000000000000 ) ) ;
#938 = DIRECTION ( 'NONE',  ( 0.000000000000000000, 0.000000000000000000, 1.000000000000000000 ) ) ;
#939 = ORIENTED_EDGE ( 'NONE', *, *, #591, .F. ) ;
#940 = FACE_OUTER_BOUND ( 'NONE', #1058, .T. ) ;
#941 = DIRECTION ( 'NONE',  ( -1.000000000000000000, 0.000000000000000000, -0.000000000000000000 ) ) ;
#942 = EDGE_CURVE ( 'NONE', #660, #1173, #304, .T. ) ;
#943 = LINE ( 'NONE', #1398, #723 ) ;
#944 = ORIENTED_EDGE ( 'NONE', *, *, #354, .F. ) ;
#945 = FACE_OUTER_BOUND ( 'NONE', #1190, .T. ) ;
#946 = EDGE_LOOP ( 'NONE', ( #99, #920, #1006, #1827 ) ) ;
#947 = FACE_OUTER_BOUND ( 'NONE', #1448, .T. ) ;
#948 = DIRECTION ( 'NONE',  ( 1.000000000000000000, 0.000000000000000000, 0.000000000000000000 ) ) ;
#949 = CARTESIAN_POINT ( 'NONE',  ( 8.061077448597025352, 5.707182531581785234, -5.115505856590632838 ) ) ;
#950 = EDGE_CURVE ( 'NONE', #438, #625, #1856, .T. ) ;
#951 = CARTESIAN_POINT ( 'NONE',  ( 0.000000000000000000, 15.00000000000000000, -6.699999999999999289 ) ) ;
#952 = ORIENTED_EDGE ( 'NONE', *, *, #1009, .F. ) ;
#953 = CARTESIAN_POINT ( 'NONE',  ( 6.799999999999998934, 2.549999999999998490, 4.000000000000000000 ) ) ;
#954 = DIRECTION ( 'NONE',  ( 0.000000000000000000, 0.000000000000000000, -1.000000000000000000 ) ) ;
#955 = CARTESIAN_POINT ( 'NONE',  ( 7.777730077207136716, 5.730862238260373331, -6.000000000000000000 ) ) ;
#956 = CIRCLE ( 'NONE', #1359, 3.999999999999988898 ) ;
#957 = CARTESIAN_POINT ( 'NONE',  ( -5.911071343239536979, 3.292951183592797371, -4.259170033060953209 ) ) ;
#958 = ORIENTED_EDGE ( 'NONE', *, *, #1666, .T. ) ;
#959 = AXIS2_PLACEMENT_3D ( 'NONE', #937, #1673, #1690 ) ;
#960 = AXIS2_PLACEMENT_3D ( 'NONE', #1147, #13, #155 ) ;
#961 = FACE_OUTER_BOUND ( 'NONE', #1530, .T. ) ;
#962 = CARTESIAN_POINT ( 'NONE',  ( 17.88854381999829712, 25.99999999999997513, -4.000000000000000000 ) ) ;
#963 = AXIS2_PLACEMENT_3D ( 'NONE', #750, #482, #192 ) ;
#964 = EDGE_CURVE ( 'NONE', #1730, #1412, #569, .T. ) ;
#965 = AXIS2_PLACEMENT_3D ( 'NONE', #443, #611, #1166 ) ;
#966 = ORIENTED_EDGE ( 'NONE', *, *, #74, .F. ) ;
#967 = DIRECTION ( 'NONE',  ( -1.000000000000000000, 0.000000000000000000, -0.000000000000000000 ) ) ;
#968 = CARTESIAN_POINT ( 'NONE',  ( 6.049999999999999822, 2.549999999999998490, -4.000000000000000000 ) ) ;
#969 = CARTESIAN_POINT ( 'NONE',  ( -8.746557966410554386, 5.659375731085487971, -4.479575222181935601 ) ) ;
#970 = DIRECTION ( 'NONE',  ( 1.000000000000000000, 0.000000000000000000, -0.000000000000000000 ) ) ;
#971 = LINE ( 'NONE', #701, #218 ) ;
#972 = ORIENTED_EDGE ( 'NONE', *, *, #1724, .T. ) ;
#973 = CARTESIAN_POINT ( 'NONE',  ( 5.300000000000000711, 2.549999999978180387, -4.082598153006612662 ) ) ;
#974 = VERTEX_POINT ( 'NONE', #300 ) ;
#975 = DIRECTION ( 'NONE',  ( -0.000000000000000000, 1.000000000000000000, -0.000000000000000000 ) ) ;
#976 = EDGE_CURVE ( 'NONE', #1173, #765, #870, .T. ) ;
#977 = VECTOR ( 'NONE', #289, 1000.000000000000000 ) ;
#978 = CARTESIAN_POINT ( 'NONE',  ( 17.88854381999829712, 25.99999999999997513, -4.000000000000000000 ) ) ;
#979 = DIRECTION ( 'NONE',  ( 0.000000000000000000, 0.000000000000000000, -1.000000000000000000 ) ) ;
#980 = CARTESIAN_POINT ( 'NONE',  ( 0.3830222215594867863, 14.67860619515673193, -6.699999999999999289 ) ) ;
#981 = CARTESIAN_POINT ( 'NONE',  ( -5.318413185329502468, 2.358541524249943677, -4.035034686209119315 ) ) ;
#982 = EDGE_LOOP ( 'NONE', ( #1865, #952, #1467, #1356, #43 ) ) ;
#983 = CARTESIAN_POINT ( 'NONE',  ( -1.059188859601295718, 2.853084490396582407, -5.390974079273811448 ) ) ;
#984 = ORIENTED_EDGE ( 'NONE', *, *, #122, .T. ) ;
#985 = ADVANCED_FACE ( 'NONE', ( #1558 ), #1153, .F. ) ;
#986 = DIRECTION ( 'NONE',  ( 0.000000000000000000, 0.000000000000000000, 1.000000000000000000 ) ) ;
#987 = VERTEX_POINT ( 'NONE', #1567 ) ;
#988 = AXIS2_PLACEMENT_3D ( 'NONE', #819, #938, #1249 ) ;
#989 = CIRCLE ( 'NONE', #1386, 0.7499999999999988898 ) ;
#990 = CARTESIAN_POINT ( 'NONE',  ( -6.793988405988368839, 2.644769466363825039, -4.000000000000000000 ) ) ;
#991 = CARTESIAN_POINT ( 'NONE',  ( -7.225367145803874180, 5.783390566172404768, -7.200000000000001066 ) ) ;
#992 = VECTOR ( 'NONE', #2, 1000.000000000000000 ) ;
#993 = AXIS2_PLACEMENT_3D ( 'NONE', #1033, #1632, #1769 ) ;
#994 = CARTESIAN_POINT ( 'NONE',  ( -5.300000000000002487, 2.455497422461233814, -4.056802363971829806 ) ) ;
#995 = CARTESIAN_POINT ( 'NONE',  ( -5.000000000000000888, 15.00000000000000000, -0.7999999999999999334 ) ) ;
#996 = CIRCLE ( 'NONE', #630, 5.600000000000000533 ) ;
#997 = CARTESIAN_POINT ( 'NONE',  ( -5.562767728905835263, 3.128115348694313624, -4.261576816562397063 ) ) ;
#998 = EDGE_CURVE ( 'NONE', #1051, #494, #1754, .T. ) ;
#999 =( BOUNDED_CURVE ( )  B_SPLINE_CURVE ( 3, ( #262, #1709, #112, #536 ),
 .UNSPECIFIED., .F., .F. ) 
 B_SPLINE_CURVE_WITH_KNOTS ( ( 4, 4 ),
 ( 4.712388980384689674, 4.902920756974699756 ),
 .UNSPECIFIED. ) 
 CURVE ( )  GEOMETRIC_REPRESENTATION_ITEM ( )  RATIONAL_B_SPLINE_CURVE ( ( 1.000000000000000000, 0.9969770907705345353, 0.9969770907705345353, 1.000000000000000000 ) ) 
 REPRESENTATION_ITEM ( '' )  );
#1000 = DIRECTION ( 'NONE',  ( 0.5000000000000011102, -0.8660254037844380415, 0.000000000000000000 ) ) ;
#1001 = EDGE_CURVE ( 'NONE', #1238, #871, #1241, .T. ) ;
#1002 = EDGE_LOOP ( 'NONE', ( #966, #1472, #1734, #1185 ) ) ;
#1003 = CARTESIAN_POINT ( 'NONE',  ( 0.000000000000000000, 15.00000000000000000, -6.000000000000000000 ) ) ;
#1004 = EDGE_LOOP ( 'NONE', ( #1867, #1717 ) ) ;
#1005 = CARTESIAN_POINT ( 'NONE',  ( -17.88854381999829712, 25.99999999999997513, 4.000000000000000000 ) ) ;
#1006 = ORIENTED_EDGE ( 'NONE', *, *, #1138, .F. ) ;
#1007 = CARTESIAN_POINT ( 'NONE',  ( 5.977379212143876686, 5.646875508460809101, -4.699999999999999289 ) ) ;
#1008 = DIRECTION ( 'NONE',  ( 0.000000000000000000, 0.000000000000000000, 1.000000000000000000 ) ) ;
#1009 = EDGE_CURVE ( 'NONE', #974, #250, #847, .T. ) ;
#1010 = DIRECTION ( 'NONE',  ( 1.000000000000000000, 0.000000000000000000, 0.000000000000000000 ) ) ;
#1011 = ORIENTED_EDGE ( 'NONE', *, *, #172, .F. ) ;
#1012 = CARTESIAN_POINT ( 'NONE',  ( -0.1582938338526465039, 2.908921329656732002, -6.791383074114749618 ) ) ;
#1013 = ORIENTED_EDGE ( 'NONE', *, *, #1617, .F. ) ;
#1014 = CIRCLE ( 'NONE', #805, 11.09999999999999787 ) ;
#1015 = VERTEX_POINT ( 'NONE', #833 ) ;
#1016 = LINE ( 'NONE', #1599, #1578 ) ;
#1017 = ORIENTED_EDGE ( 'NONE', *, *, #749, .T. ) ;
#1018 = CARTESIAN_POINT ( 'NONE',  ( 0.4582575694955842716, 2.908680799846528942, -6.699999999999999289 ) ) ;
#1019 = EDGE_CURVE ( 'NONE', #918, #445, #1630, .T. ) ;
#1020 = AXIS2_PLACEMENT_3D ( 'NONE', #1302, #420, #684 ) ;
#1021 = CIRCLE ( 'NONE', #451, 1.100000000000000311 ) ;
#1022 = CARTESIAN_POINT ( 'NONE',  ( 1.106847395449239269, 2.950632223648590902, -5.828742736455663653 ) ) ;
#1023 = AXIS2_PLACEMENT_3D ( 'NONE', #408, #1160, #1576 ) ;
#1024 = DIRECTION ( 'NONE',  ( -0.000000000000000000, -0.000000000000000000, -1.000000000000000000 ) ) ;
#1025 = AXIS2_PLACEMENT_3D ( 'NONE', #904, #23, #170 ) ;
#1026 = FACE_OUTER_BOUND ( 'NONE', #57, .T. ) ;
#1027 = DIRECTION ( 'NONE',  ( 1.000000000000000000, 0.000000000000000000, 0.000000000000000000 ) ) ;
#1028 = VERTEX_POINT ( 'NONE', #152 ) ;
#1029 = UNCERTAINTY_MEASURE_WITH_UNIT (LENGTH_MEASURE( 1.000000000000000082E-05 ), #1046, 'distance_accuracy_value', 'NONE');
#1030 = CARTESIAN_POINT ( 'NONE',  ( -3.599610614244627360, 10.71015111853373014, -6.000000000000000000 ) ) ;
#1031 = CARTESIAN_POINT ( 'NONE',  ( 0.6501872818137145460, 3.917393970482307086, -4.787953243480892240 ) ) ;
#1032 = DIRECTION ( 'NONE',  ( -0.000000000000000000, -0.000000000000000000, 1.000000000000000000 ) ) ;
#1033 = CARTESIAN_POINT ( 'NONE',  ( -0.3830222215594887847, 14.67860619515673015, -6.699999999999999289 ) ) ;
#1034 = EDGE_CURVE ( 'NONE', #1730, #1197, #410, .T. ) ;
#1035 = ORIENTED_EDGE ( 'NONE', *, *, #1428, .F. ) ;
#1036 = DIRECTION ( 'NONE',  ( 0.7660444431189771253, -0.6427876096865405842, 0.000000000000000000 ) ) ;
#1037 = DIRECTION ( 'NONE',  ( 0.000000000000000000, 0.000000000000000000, 1.000000000000000000 ) ) ;
#1038 = VERTEX_POINT ( 'NONE', #1739 ) ;
#1039 = PRODUCT_DEFINITION_SHAPE ( 'NONE', 'NONE',  #492 ) ;
#1040 = CARTESIAN_POINT ( 'NONE',  ( 9.999999999999994671, 5.059678073623564920, -4.000000000000000000 ) ) ;
#1041 = CARTESIAN_POINT ( 'NONE',  ( -9.999999999999994671, 11.17898364348855900, -4.000000000000000000 ) ) ;
#1042 = ORIENTED_EDGE ( 'NONE', *, *, #1744, .T. ) ;
#1043 =( NAMED_UNIT ( * ) SI_UNIT ( $, .STERADIAN. ) SOLID_ANGLE_UNIT ( ) );
#1044 = ORIENTED_EDGE ( 'NONE', *, *, #325, .T. ) ;
#1045 = CARTESIAN_POINT ( 'NONE',  ( 3.524788121422265164, 10.02145917973142630, -7.200000000000000178 ) ) ;
#1046 =( LENGTH_UNIT ( ) NAMED_UNIT ( * ) SI_UNIT ( .MILLI., .METRE. ) );
#1047 = ADVANCED_FACE ( 'NONE', ( #136 ), #1283, .F. ) ;
#1048 = DIRECTION ( 'NONE',  ( -1.000000000000000000, 0.000000000000000000, 0.000000000000000000 ) ) ;
#1049 = CARTESIAN_POINT ( 'NONE',  ( -0.4582575694955839385, 5.000000000000000000, -6.699999999999999289 ) ) ;
#1050 = VECTOR ( 'NONE', #566, 1000.000000000000000 ) ;
#1051 = VERTEX_POINT ( 'NONE', #1274 ) ;
#1052 = VECTOR ( 'NONE', #386, 1000.000000000000000 ) ;
#1053 = DIRECTION ( 'NONE',  ( -1.000000000000000000, 0.000000000000000000, 0.000000000000000000 ) ) ;
#1054 = ORIENTED_EDGE ( 'NONE', *, *, #147, .F. ) ;
#1055 = CYLINDRICAL_SURFACE ( 'NONE', #993, 0.4999999999999997780 ) ;
#1056 = DIRECTION ( 'NONE',  ( -0.000000000000000000, -0.000000000000000000, -1.000000000000000000 ) ) ;
#1057 = CIRCLE ( 'NONE', #245, 0.9500000000000011768 ) ;
#1058 = EDGE_LOOP ( 'NONE', ( #449, #111, #1162, #1377 ) ) ;
#1059 = B_SPLINE_CURVE_WITH_KNOTS ( 'NONE', 3,
 ( #1541, #820, #534, #1119, #395, #1553, #263, #1808 ),
 .UNSPECIFIED., .F., .F.,
 ( 4, 2, 2, 4 ),
 ( 0.000000000000000000, 0.0002344504345644780505, 0.0004689008691289561011, 0.0009378017382579078654 ),
 .UNSPECIFIED. ) ;
#1060 = DIRECTION ( 'NONE',  ( -0.000000000000000000, -0.000000000000000000, 1.000000000000000000 ) ) ;
#1061 = CIRCLE ( 'NONE', #602, 0.9500000000000011768 ) ;
#1062 = EDGE_CURVE ( 'NONE', #974, #572, #658, .T. ) ;
#1063 = CARTESIAN_POINT ( 'NONE',  ( 5.515751031917739411, 2.023617971333519616, -4.000000000000000000 ) ) ;
#1064 = EDGE_LOOP ( 'NONE', ( #564, #370, #277, #1485 ) ) ;
#1065 = ORIENTED_EDGE ( 'NONE', *, *, #1074, .T. ) ;
#1066 = CARTESIAN_POINT ( 'NONE',  ( 0.3534832740368540893, 2.378617259245360938, -4.645270715679021833 ) ) ;
#1067 = CYLINDRICAL_SURFACE ( 'NONE', #1233, 5.000000000000000888 ) ;
#1068 = ORIENTED_EDGE ( 'NONE', *, *, #747, .T. ) ;
#1069 = CARTESIAN_POINT ( 'NONE',  ( 3.589027234532540245, 10.59340794011246167, -6.985364425755256512 ) ) ;
#1070 = ORIENTED_EDGE ( 'NONE', *, *, #1325, .T. ) ;
#1071 = CARTESIAN_POINT ( 'NONE',  ( -6.799999999999998934, 2.549999999999998490, 4.000000000000000000 ) ) ;
#1072 = CARTESIAN_POINT ( 'NONE',  ( 3.221829655369093715, 10.41962734356861908, -6.699999999999999289 ) ) ;
#1073 = LINE ( 'NONE', #1803, #1577 ) ;
#1074 = EDGE_CURVE ( 'NONE', #732, #95, #326, .T. ) ;
#1075 = VERTEX_POINT ( 'NONE', #180 ) ;
#1076 = CARTESIAN_POINT ( 'NONE',  ( 4.829291719068538491, 12.16171894738014991, -4.000000000000000000 ) ) ;
#1077 = ADVANCED_FACE ( 'NONE', ( #1620 ), #583, .T. ) ;
#1078 = EDGE_LOOP ( 'NONE', ( #1342, #311, #1042, #1167, #1480 ) ) ;
#1079 = CARTESIAN_POINT ( 'NONE',  ( 5.445949923976474594, 2.094462278049482595, -3.999999999999999112 ) ) ;
#1080 = ORIENTED_EDGE ( 'NONE', *, *, #1866, .F. ) ;
#1081 = CARTESIAN_POINT ( 'NONE',  ( 0.000000000000000000, 15.00000000000000000, -0.7999999999999999334 ) ) ;
#1082 = DIRECTION ( 'NONE',  ( 1.000000000000000000, 0.000000000000000000, 0.000000000000000000 ) ) ;
#1083 = DIRECTION ( 'NONE',  ( 1.000000000000000000, 0.000000000000000000, 0.000000000000000000 ) ) ;
#1084 = ORIENTED_EDGE ( 'NONE', *, *, #172, .T. ) ;
#1085 = DIRECTION ( 'NONE',  ( 0.8660254037844379305, -0.5000000000000014433, 0.000000000000000000 ) ) ;
#1086 = CIRCLE ( 'NONE', #1659, 11.59999999999999964 ) ;
#1087 = ORIENTED_EDGE ( 'NONE', *, *, #1385, .T. ) ;
#1088 = CARTESIAN_POINT ( 'NONE',  ( 0.000000000000000000, 15.00000000000000000, -7.200000000000000178 ) ) ;
#1089 = ADVANCED_FACE ( 'NONE', ( #1194 ), #174, .T. ) ;
#1090 = AXIS2_PLACEMENT_3D ( 'NONE', #1005, #695, #1587 ) ;
#1091 = CARTESIAN_POINT ( 'NONE',  ( 6.192784646629942991, 3.310453612332296291, -4.198297635489724122 ) ) ;
#1092 = AXIS2_PLACEMENT_3D ( 'NONE', #632, #531, #230 ) ;
#1093 = CARTESIAN_POINT ( 'NONE',  ( 8.747507236772037231, 5.659319982173927066, -4.479010846666872325 ) ) ;
#1094 = AXIS2_PLACEMENT_3D ( 'NONE', #1826, #507, #1083 ) ;
#1095 = AXIS2_PLACEMENT_3D ( 'NONE', #1111, #535, #140 ) ;
#1096 = DIRECTION ( 'NONE',  ( -0.000000000000000000, -0.000000000000000000, 1.000000000000000000 ) ) ;
#1097 = ORIENTED_EDGE ( 'NONE', *, *, #367, .T. ) ;
#1098 = DIRECTION ( 'NONE',  ( -1.000000000000000000, 0.000000000000000000, 0.000000000000000000 ) ) ;
#1099 = DIRECTION ( 'NONE',  ( 0.000000000000000000, -1.000000000000000000, 0.000000000000000000 ) ) ;
#1100 = VERTEX_POINT ( 'NONE', #1766 ) ;
#1101 = CYLINDRICAL_SURFACE ( 'NONE', #1720, 5.599999999999997868 ) ;
#1102 = CARTESIAN_POINT ( 'NONE',  ( -9.100668493514801227, 5.639747694664067446, -4.291665260247095048 ) ) ;
#1103 = EDGE_CURVE ( 'NONE', #871, #139, #49, .T. ) ;
#1104 = DIRECTION ( 'NONE',  ( 0.000000000000000000, 0.000000000000000000, 1.000000000000000000 ) ) ;
#1105 = CARTESIAN_POINT ( 'NONE',  ( -6.000000000000005329, 7.999999999999998224, -2.000000000000000000 ) ) ;
#1106 = ORIENTED_EDGE ( 'NONE', *, *, #333, .T. ) ;
#1107 = CARTESIAN_POINT ( 'NONE',  ( -9.999999999999994671, 0.000000000000000000, -4.000000000000000000 ) ) ;
#1108 = DIRECTION ( 'NONE',  ( 0.000000000000000000, 0.000000000000000000, -1.000000000000000000 ) ) ;
#1109 = DIRECTION ( 'NONE',  ( 0.000000000000000000, 0.000000000000000000, 1.000000000000000000 ) ) ;
#1110 = CARTESIAN_POINT ( 'NONE',  ( 6.750108984934258594, 2.835258878925664305, -4.006540501265528853 ) ) ;
#1111 = CARTESIAN_POINT ( 'NONE',  ( 0.000000000000000000, 15.00000000000000000, -0.7999999999999999334 ) ) ;
#1112 = ADVANCED_FACE ( 'NONE', ( #40 ), #1776, .F. ) ;
#1113 = LINE ( 'NONE', #1686, #1052 ) ;
#1114 = DIRECTION ( 'NONE',  ( 1.000000000000000000, 0.000000000000000000, -0.000000000000000000 ) ) ;
#1115 = ORIENTED_EDGE ( 'NONE', *, *, #1524, .F. ) ;
#1116 = CARTESIAN_POINT ( 'NONE',  ( 4.321535609811418155, 11.43674797221463990, -4.251581677032580053 ) ) ;
#1117 = ORIENTED_EDGE ( 'NONE', *, *, #1770, .T. ) ;
#1118 = CARTESIAN_POINT ( 'NONE',  ( -6.049999999999999822, 2.549999999999998490, -4.000000000000000000 ) ) ;
#1119 = CARTESIAN_POINT ( 'NONE',  ( -3.589027234532541133, 10.59340794011246345, -6.985364425755254736 ) ) ;
#1120 = CARTESIAN_POINT ( 'NONE',  ( 0.000000000000000000, 15.00000000000000000, -0.7999999999999999334 ) ) ;
#1121 = VECTOR ( 'NONE', #703, 1000.000000000000000 ) ;
#1122 = CARTESIAN_POINT ( 'NONE',  ( -9.999999999999994671, 6.193911727778766085, -4.000000000000000000 ) ) ;
#1123 = CARTESIAN_POINT ( 'NONE',  ( 0.000000000000000000, 15.00000000000000000, -4.699999999999999289 ) ) ;
#1124 = CIRCLE ( 'NONE', #280, 11.09999999999999787 ) ;
#1125 = EDGE_CURVE ( 'NONE', #1434, #1051, #909, .T. ) ;
#1126 = CIRCLE ( 'NONE', #484, 0.7499999999999988898 ) ;
#1127 = VERTEX_POINT ( 'NONE', #884 ) ;
#1128 = CARTESIAN_POINT ( 'NONE',  ( -5.445909644507940683, 2.094503159506917900, -4.000000000000000000 ) ) ;
#1129 = CARTESIAN_POINT ( 'NONE',  ( 8.502851330525960094, 14.29919761328043215, -4.000000000000000000 ) ) ;
#1130 = CARTESIAN_POINT ( 'NONE',  ( 5.639121320017084216, 3.184789041481810301, -4.272834279539437397 ) ) ;
#1131 = CARTESIAN_POINT ( 'NONE',  ( -6.781668850919185587, 2.741484225769767580, -3.999999999999999112 ) ) ;
#1132 = CARTESIAN_POINT ( 'NONE',  ( -1.038062852715180950, 3.948067102446641830, -5.280609867987156036 ) ) ;
#1133 = CARTESIAN_POINT ( 'NONE',  ( -0.4582575694955839385, 3.909463493590583649, -6.699999999999999289 ) ) ;
#1134 = DIRECTION ( 'NONE',  ( 0.5000000000000014433, 0.8660254037844379305, -0.000000000000000000 ) ) ;
#1135 = EDGE_CURVE ( 'NONE', #1383, #1028, #1461, .T. ) ;
#1136 = VERTEX_POINT ( 'NONE', #1041 ) ;
#1137 = CARTESIAN_POINT ( 'NONE',  ( -1.036490800757476238, 2.944454962518168184, -6.076937473319357963 ) ) ;
#1138 = EDGE_CURVE ( 'NONE', #1837, #1589, #130, .T. ) ;
#1139 = ORIENTED_EDGE ( 'NONE', *, *, #646, .T. ) ;
#1140 = CARTESIAN_POINT ( 'NONE',  ( 9.999999999999994671, 5.996002351376584549, -4.000000000000000000 ) ) ;
#1141 = CARTESIAN_POINT ( 'NONE',  ( -1.039450516680668679, 3.948189937220589751, -6.116803719352524205 ) ) ;
#1142 = CARTESIAN_POINT ( 'NONE',  ( -7.593227102399168871, 5.747438351197407869, -7.042956111195011637 ) ) ;
#1143 = VERTEX_POINT ( 'NONE', #1745 ) ;
#1144 = DIRECTION ( 'NONE',  ( 1.000000000000000000, 0.000000000000000000, 0.000000000000000000 ) ) ;
#1145 = VERTEX_POINT ( 'NONE', #308 ) ;
#1146 = CARTESIAN_POINT ( 'NONE',  ( 1.100074274868320989, 3.954646379795941247, -5.491950187610093792 ) ) ;
#1147 = CARTESIAN_POINT ( 'NONE',  ( 0.000000000000000000, 15.00000000000000000, -7.200000000000000178 ) ) ;
#1148 = EDGE_CURVE ( 'NONE', #466, #1015, #1488, .T. ) ;
#1149 = CARTESIAN_POINT ( 'NONE',  ( -6.750680500247900007, 2.834066104635462935, -4.006385569753104114 ) ) ;
#1150 = CARTESIAN_POINT ( 'NONE',  ( 3.099999999999999645, 15.00000000000000000, 0.7999999999999999334 ) ) ;
#1151 = B_SPLINE_CURVE_WITH_KNOTS ( 'NONE', 3,
 ( #809, #1850, #545, #252, #1240, #1832, #524, #517, #1703, #1684, #969, #1676, #1102, #374, #1392, #103 ),
 .UNSPECIFIED., .F., .F.,
 ( 4, 2, 2, 2, 2, 2, 2, 4 ),
 ( 0.003700002888689226787, 0.004100849373349889360, 0.004501695858010553233, 0.004902542342671215372, 0.005303388827331879246, 0.005704235311992541385, 0.006105081796653205259, 0.006906774765974525200 ),
 .UNSPECIFIED. ) ;
#1152 = AXIS2_PLACEMENT_3D ( 'NONE', #276, #58, #1338 ) ;
#1153 = CYLINDRICAL_SURFACE ( 'NONE', #190, 0.9500000000000011768 ) ;
#1154 = VECTOR ( 'NONE', #1735, 1000.000000000000000 ) ;
#1155 = DIRECTION ( 'NONE',  ( 1.000000000000000000, -0.000000000000000000, 0.000000000000000000 ) ) ;
#1156 = COLOUR_RGB ( '',0.7921568627450980005, 0.8196078431372548767, 0.9333333333333333481 ) ;
#1157 = EDGE_LOOP ( 'NONE', ( #1054, #114, #80, #1117 ) ) ;
#1158 = ORIENTED_EDGE ( 'NONE', *, *, #203, .F. ) ;
#1159 = EDGE_CURVE ( 'NONE', #1412, #1536, #1468, .T. ) ;
#1160 = DIRECTION ( 'NONE',  ( 0.000000000000000000, 0.000000000000000000, 1.000000000000000000 ) ) ;
#1161 = CARTESIAN_POINT ( 'NONE',  ( 6.000000000000005329, 7.999999999999998224, -4.000000000000000000 ) ) ;
#1162 = ORIENTED_EDGE ( 'NONE', *, *, #1724, .F. ) ;
#1163 = CARTESIAN_POINT ( 'NONE',  ( 7.956554105462877877E-14, 2.910102051443364424, -6.799999999999999822 ) ) ;
#1164 = ORIENTED_EDGE ( 'NONE', *, *, #1678, .T. ) ;
#1165 = ADVANCED_FACE ( 'NONE', ( #620, #1202 ), #1176, .F. ) ;
#1166 = DIRECTION ( 'NONE',  ( 0.000000000000000000, 0.000000000000000000, 1.000000000000000000 ) ) ;
#1167 = ORIENTED_EDGE ( 'NONE', *, *, #1339, .T. ) ;
#1168 = CARTESIAN_POINT ( 'NONE',  ( 0.000000000000000000, 15.00000000000000000, -7.200000000000000178 ) ) ;
#1169 = DIRECTION ( 'NONE',  ( 0.000000000000000000, 0.000000000000000000, 1.000000000000000000 ) ) ;
#1170 = VERTEX_POINT ( 'NONE', #1063 ) ;
#1171 = DIRECTION ( 'NONE',  ( 1.000000000000000000, -0.000000000000000000, 0.000000000000000000 ) ) ;
#1172 = DIRECTION ( 'NONE',  ( 0.000000000000000000, 0.000000000000000000, 1.000000000000000000 ) ) ;
#1173 = VERTEX_POINT ( 'NONE', #164 ) ;
#1174 = CARTESIAN_POINT ( 'NONE',  ( 0.4582575694955842716, 3.909463493590583649, -4.699999999999999289 ) ) ;
#1175 = AXIS2_PLACEMENT_3D ( 'NONE', #634, #1656, #1800 ) ;
#1176 = PLANE ( 'NONE',  #963 ) ;
#1177 = EDGE_CURVE ( 'NONE', #1136, #647, #1642, .T. ) ;
#1178 = PRESENTATION_LAYER_ASSIGNMENT (  '', '', ( #1692 ) ) ;
#1179 = PRESENTATION_STYLE_ASSIGNMENT (( #754 ) ) ;
#1180 = CIRCLE ( 'NONE', #307, 3.099999999999999645 ) ;
#1181 = CARTESIAN_POINT ( 'NONE',  ( -3.599610614244627360, 10.71015111853373014, -7.200000000000000178 ) ) ;
#1182 = FILL_AREA_STYLE_COLOUR ( '', #1156 ) ;
#1183 = AXIS2_PLACEMENT_3D ( 'NONE', #880, #1742, #1027 ) ;
#1184 = LINE ( 'NONE', #1627, #10 ) ;
#1185 = ORIENTED_EDGE ( 'NONE', *, *, #1034, .T. ) ;
#1186 = CARTESIAN_POINT ( 'NONE',  ( 6.000000000000005329, 7.999999999999998224, -4.000000000000000000 ) ) ;
#1187 = ORIENTED_EDGE ( 'NONE', *, *, #203, .T. ) ;
#1188 = DIRECTION ( 'NONE',  ( 1.000000000000000000, 0.000000000000000000, 0.000000000000000000 ) ) ;
#1189 = ADVANCED_FACE ( 'NONE', ( #463 ), #452, .T. ) ;
#1190 = EDGE_LOOP ( 'NONE', ( #1353, #1164, #586, #1638 ) ) ;
#1191 = CARTESIAN_POINT ( 'NONE',  ( 3.562742033571791200, 10.33328771134522839, -7.161988833154714129 ) ) ;
#1192 = EDGE_CURVE ( 'NONE', #317, #532, #697, .T. ) ;
#1193 = CARTESIAN_POINT ( 'NONE',  ( -3.599610614244627804, 10.71015111853373192, -5.866136686794878763 ) ) ;
#1194 = FACE_OUTER_BOUND ( 'NONE', #257, .T. ) ;
#1195 = ORIENTED_EDGE ( 'NONE', *, *, #414, .F. ) ;
#1196 = ADVANCED_FACE ( 'NONE', ( #645 ), #1815, .F. ) ;
#1197 = VERTEX_POINT ( 'NONE', #638 ) ;
#1198 = DIRECTION ( 'NONE',  ( -0.000000000000000000, -0.000000000000000000, 1.000000000000000000 ) ) ;
#1199 = EDGE_CURVE ( 'NONE', #1100, #31, #1504, .T. ) ;
#1200 = CARTESIAN_POINT ( 'NONE',  ( 9.472770593038289277, 5.622082176689502830, -4.143133163991283396 ) ) ;
#1201 = CIRCLE ( 'NONE', #385, 12.09999999999999964 ) ;
#1202 = FACE_OUTER_BOUND ( 'NONE', #50, .T. ) ;
#1203 = VERTEX_POINT ( 'NONE', #1652 ) ;
#1204 = SURFACE_STYLE_FILL_AREA ( #766 ) ;
#1205 = DIRECTION ( 'NONE',  ( 0.000000000000000000, 0.000000000000000000, 1.000000000000000000 ) ) ;
#1206 = VECTOR ( 'NONE', #1155, 1000.000000000000000 ) ;
#1207 = ORIENTED_EDGE ( 'NONE', *, *, #1350, .T. ) ;
#1208 = CARTESIAN_POINT ( 'NONE',  ( -17.88854381999829712, 25.99999999999997513, -4.000000000000000000 ) ) ;
#1209 = VECTOR ( 'NONE', #151, 1000.000000000000000 ) ;
#1210 = CARTESIAN_POINT ( 'NONE',  ( 7.777730077207138493, 5.730862238260375996, -6.781287344330818811 ) ) ;
#1211 = VECTOR ( 'NONE', #1590, 1000.000000000000000 ) ;
#1212 = LINE ( 'NONE', #1072, #760 ) ;
#1213 = EDGE_CURVE ( 'NONE', #1768, #643, #39, .T. ) ;
#1214 = FACE_OUTER_BOUND ( 'NONE', #710, .T. ) ;
#1215 = ORIENTED_EDGE ( 'NONE', *, *, #527, .F. ) ;
#1216 = CARTESIAN_POINT ( 'NONE',  ( 4.395565666545724781, 11.52807363481544733, -4.191837959090451093 ) ) ;
#1217 = B_SPLINE_CURVE_WITH_KNOTS ( 'NONE', 3,
 ( #313, #681, #1260, #1555, #22, #1132, #284, #1314, #1141, #255, #169, #528 ),
 .UNSPECIFIED., .F., .F.,
 ( 4, 2, 2, 2, 2, 4 ),
 ( 0.000000000000000000, 0.0003124039826546468859, 0.0006248079653092937719, 0.001249615930618587110, 0.001874423895927880557, 0.002499231861237173787 ),
 .UNSPECIFIED. ) ;
#1218 = B_SPLINE_CURVE_WITH_KNOTS ( 'NONE', 3,
 ( #1580, #128, #20, #441, #1286, #1312, #585, #413, #983, #1868, #302, #1439, #579, #1595 ),
 .UNSPECIFIED., .F., .F.,
 ( 4, 2, 2, 2, 2, 2, 4 ),
 ( 0.002322374267331473677, 0.002857113283108866746, 0.003391852298886260247, 0.003659221806774957866, 0.003926591314663656351, 0.004193960822552353536, 0.004461330330441051588 ),
 .UNSPECIFIED. ) ;
#1219 = ORIENTED_EDGE ( 'NONE', *, *, #1780, .T. ) ;
#1220 = CARTESIAN_POINT ( 'NONE',  ( -9.999999999999994671, 5.059678073623564920, -4.000000000000000000 ) ) ;
#1221 = ORIENTED_EDGE ( 'NONE', *, *, #282, .F. ) ;
#1222 = FACE_OUTER_BOUND ( 'NONE', #1498, .T. ) ;
#1223 = EDGE_CURVE ( 'NONE', #376, #625, #362, .T. ) ;
#1224 = DIRECTION ( 'NONE',  ( 0.000000000000000000, 0.000000000000000000, 1.000000000000000000 ) ) ;
#1225 = EDGE_CURVE ( 'NONE', #44, #987, #1601, .T. ) ;
#1226 = ORIENTED_EDGE ( 'NONE', *, *, #650, .F. ) ;
#1227 = CARTESIAN_POINT ( 'NONE',  ( 3.795243238005813868, 10.88093864441837688, -4.979729450512272670 ) ) ;
#1228 = ORIENTED_EDGE ( 'NONE', *, *, #1628, .T. ) ;
#1229 = CARTESIAN_POINT ( 'NONE',  ( 5.300000000000000711, 2.549999999978180387, -4.082598153006612662 ) ) ;
#1230 = CARTESIAN_POINT ( 'NONE',  ( 6.656872230449709882, 3.000811839574559770, -4.033694405296642138 ) ) ;
#1231 = CARTESIAN_POINT ( 'NONE',  ( 9.100718878471834472, 5.639744178406277619, -4.291628238848071319 ) ) ;
#1232 = DIRECTION ( 'NONE',  ( 0.000000000000000000, -1.000000000000000000, 0.000000000000000000 ) ) ;
#1233 = AXIS2_PLACEMENT_3D ( 'NONE', #1081, #1024, #1634 ) ;
#1234 = EDGE_LOOP ( 'NONE', ( #496, #440 ) ) ;
#1235 = DIRECTION ( 'NONE',  ( 0.000000000000000000, 0.000000000000000000, -1.000000000000000000 ) ) ;
#1236 = EDGE_CURVE ( 'NONE', #1470, #165, #923, .T. ) ;
#1237 = CIRCLE ( 'NONE', #33, 1.100000000000000311 ) ;
#1238 = VERTEX_POINT ( 'NONE', #369 ) ;
#1239 = CARTESIAN_POINT ( 'NONE',  ( 3.099999999999999645, 15.00000000000000000, -0.7999999999999999334 ) ) ;
#1240 = CARTESIAN_POINT ( 'NONE',  ( -7.925653215740520174, 5.718176346112516129, -5.347821789503078627 ) ) ;
#1241 = CIRCLE ( 'NONE', #930, 5.000000000000000888 ) ;
#1242 = DIRECTION ( 'NONE',  ( 0.000000000000000000, -0.000000000000000000, -1.000000000000000000 ) ) ;
#1243 = CIRCLE ( 'NONE', #1362, 0.9500000000000011768 ) ;
#1244 = CIRCLE ( 'NONE', #933, 3.099999999999999645 ) ;
#1245 = CARTESIAN_POINT ( 'NONE',  ( 0.000000000000000000, 15.00000000000000000, -4.000000000000000000 ) ) ;
#1246 = ORIENTED_EDGE ( 'NONE', *, *, #234, .T. ) ;
#1247 = CARTESIAN_POINT ( 'NONE',  ( -5.111012519999514225, 18.14285714285712103, -4.000000000000000000 ) ) ;
#1248 = EDGE_CURVE ( 'NONE', #1383, #1588, #943, .T. ) ;
#1249 = DIRECTION ( 'NONE',  ( 1.000000000000000000, 0.000000000000000000, 0.000000000000000000 ) ) ;
#1250 = CARTESIAN_POINT ( 'NONE',  ( 5.908042069798933760, 3.292557899431852064, -4.259739129467678076 ) ) ;
#1251 = FACE_BOUND ( 'NONE', #1830, .T. ) ;
#1252 = DIRECTION ( 'NONE',  ( 1.000000000000000000, 0.000000000000000000, 0.000000000000000000 ) ) ;
#1253 = PLANE ( 'NONE',  #1544 ) ;
#1254 = ORIENTED_EDGE ( 'NONE', *, *, #1593, .T. ) ;
#1255 = CARTESIAN_POINT ( 'NONE',  ( 0.4582575694955842716, 5.000000000000000000, -4.699999999999999289 ) ) ;
#1256 = ORIENTED_EDGE ( 'NONE', *, *, #323, .F. ) ;
#1257 = DIRECTION ( 'NONE',  ( 1.000000000000000000, 0.000000000000000000, 0.000000000000000000 ) ) ;
#1258 = PLANE ( 'NONE',  #42 ) ;
#1259 = ADVANCED_FACE ( 'NONE', ( #1375 ), #1523, .F. ) ;
#1260 = CARTESIAN_POINT ( 'NONE',  ( -0.6416445027753138186, 3.918277387636909914, -4.800412961365539743 ) ) ;
#1261 = LINE ( 'NONE', #1845, #423 ) ;
#1262 = EDGE_LOOP ( 'NONE', ( #1207, #1805, #845, #856 ) ) ;
#1263 = AXIS2_PLACEMENT_3D ( 'NONE', #87, #1099, #1108 ) ;
#1264 = DIRECTION ( 'NONE',  ( -0.000000000000000000, -0.000000000000000000, -1.000000000000000000 ) ) ;
#1265 = CARTESIAN_POINT ( 'NONE',  ( 0.4582575694955842716, 3.909463493590583649, -6.699999999999999289 ) ) ;
#1266 = ORIENTED_EDGE ( 'NONE', *, *, #427, .T. ) ;
#1267 = LINE ( 'NONE', #516, #1440 ) ;
#1268 = CARTESIAN_POINT ( 'NONE',  ( 0.000000000000000000, 15.00000000000000000, -4.000000000000000000 ) ) ;
#1269 = CARTESIAN_POINT ( 'NONE',  ( -6.594427657184521507, 3.074157267755206480, -4.054529076161387913 ) ) ;
#1270 = AXIS2_PLACEMENT_3D ( 'NONE', #501, #521, #495 ) ;
#1271 = CYLINDRICAL_SURFACE ( 'NONE', #842, 0.9500000000000011768 ) ;
#1272 = EDGE_CURVE ( 'NONE', #515, #621, #1384, .T. ) ;
#1273 = PLANE ( 'NONE',  #1542 ) ;
#1274 = CARTESIAN_POINT ( 'NONE',  ( 5.111012519999520443, 18.14285714285712103, 4.000000000000000000 ) ) ;
#1275 = CARTESIAN_POINT ( 'NONE',  ( 0.4582575694955842716, 3.909463493590583649, -4.699999999999999289 ) ) ;
#1276 = ORIENTED_EDGE ( 'NONE', *, *, #1761, .F. ) ;
#1277 = DIRECTION ( 'NONE',  ( 0.000000000000000000, -1.000000000000000000, 0.000000000000000000 ) ) ;
#1278 = ORIENTED_EDGE ( 'NONE', *, *, #627, .F. ) ;
#1279 = CARTESIAN_POINT ( 'NONE',  ( 9.999999999999994671, 5.798990368095195080, -4.012100802605108818 ) ) ;
#1280 = CYLINDRICAL_SURFACE ( 'NONE', #1814, 0.9500000000000011768 ) ;
#1281 = DIRECTION ( 'NONE',  ( 0.7660444431189774583, -0.6427876096865400291, 0.000000000000000000 ) ) ;
#1282 = EDGE_LOOP ( 'NONE', ( #327, #615, #193, #613, #719, #92, #743 ) ) ;
#1283 = CYLINDRICAL_SURFACE ( 'NONE', #1725, 14.99999999999998046 ) ;
#1284 = CARTESIAN_POINT ( 'NONE',  ( 0.8689792702441690997, 3.933922382233249859, -6.382451954455508059 ) ) ;
#1285 = EDGE_CURVE ( 'NONE', #935, #19, #1124, .T. ) ;
#1286 = CARTESIAN_POINT ( 'NONE',  ( -0.7719055342486975668, 2.600180153228688784, -4.899812849800063930 ) ) ;
#1287 = AXIS2_PLACEMENT_3D ( 'NONE', #382, #1819, #1691 ) ;
#1288 = ORIENTED_EDGE ( 'NONE', *, *, #964, .F. ) ;
#1289 = CARTESIAN_POINT ( 'NONE',  ( -3.099999999999999645, 15.00000000000000000, 0.7999999999999999334 ) ) ;
#1290 = CARTESIAN_POINT ( 'NONE',  ( -7.777730077207137604, 5.730862238260377772, -6.781287344330815259 ) ) ;
#1291 = EDGE_LOOP ( 'NONE', ( #1600, #14, #1458, #1455 ) ) ;
#1292 = CARTESIAN_POINT ( 'NONE',  ( 9.999999999999994671, 11.17898364348855900, 4.000000000000000000 ) ) ;
#1293 = EDGE_LOOP ( 'NONE', ( #865, #1723, #1106, #1767 ) ) ;
#1294 = CARTESIAN_POINT ( 'NONE',  ( -0.9322704710468447953, 2.935909926717585883, -6.289147226461490270 ) ) ;
#1295 = EDGE_CURVE ( 'NONE', #445, #918, #1330, .T. ) ;
#1296 = ORIENTED_EDGE ( 'NONE', *, *, #41, .F. ) ;
#1297 = CARTESIAN_POINT ( 'NONE',  ( -6.049999999999999822, 2.549999999999998490, 4.000000000000000000 ) ) ;
#1298 = DIRECTION ( 'NONE',  ( 0.000000000000000000, 1.000000000000000000, 0.000000000000000000 ) ) ;
#1299 = CIRCLE ( 'NONE', #721, 12.09999999999999964 ) ;
#1300 = VECTOR ( 'NONE', #1714, 1000.000000000000000 ) ;
#1301 = ORIENTED_EDGE ( 'NONE', *, *, #897, .F. ) ;
#1302 = CARTESIAN_POINT ( 'NONE',  ( 6.000000000000005329, 7.999999999999998224, -2.000000000000000000 ) ) ;
#1303 = ORIENTED_EDGE ( 'NONE', *, *, #41, .T. ) ;
#1304 = AXIS2_PLACEMENT_3D ( 'NONE', #1186, #336, #1347 ) ;
#1305 = CARTESIAN_POINT ( 'NONE',  ( -6.000000000000005329, 7.999999999999998224, 4.000000000000000000 ) ) ;
#1306 = CIRCLE ( 'NONE', #786, 5.000000000000000888 ) ;
#1307 = ADVANCED_FACE ( 'NONE', ( #1214 ), #1253, .T. ) ;
#1308 = ADVANCED_FACE ( 'NONE', ( #75 ), #1836, .F. ) ;
#1309 = DIRECTION ( 'NONE',  ( 0.6427876096865404731, 0.7660444431189770143, 0.000000000000000000 ) ) ;
#1310 = DIRECTION ( 'NONE',  ( 0.000000000000000000, 0.000000000000000000, -1.000000000000000000 ) ) ;
#1311 = ORIENTED_EDGE ( 'NONE', *, *, #1062, .T. ) ;
#1312 = CARTESIAN_POINT ( 'NONE',  ( -0.9201029888181636585, 2.717694958516330583, -5.091769042833975689 ) ) ;
#1313 = ORIENTED_EDGE ( 'NONE', *, *, #637, .F. ) ;
#1314 = CARTESIAN_POINT ( 'NONE',  ( -1.100074274868320545, 3.954646379795939470, -5.908049812389901234 ) ) ;
#1315 = CARTESIAN_POINT ( 'NONE',  ( 6.049999999999999822, 2.549999999999998490, -4.000000000000000000 ) ) ;
#1316 = FACE_OUTER_BOUND ( 'NONE', #442, .T. ) ;
#1317 = ADVANCED_FACE ( 'NONE', ( #1688 ), #9, .T. ) ;
#1318 = DIRECTION ( 'NONE',  ( -0.000000000000000000, -0.000000000000000000, 1.000000000000000000 ) ) ;
#1319 = ORIENTED_EDGE ( 'NONE', *, *, #1573, .F. ) ;
#1320 = CARTESIAN_POINT ( 'NONE',  ( 1.111919665919088862, 2.926704440041631550, -5.643437243566842731 ) ) ;
#1321 = CARTESIAN_POINT ( 'NONE',  ( 3.544766646206110039, 10.17647783191516098, -7.199999999999997513 ) ) ;
#1322 = VECTOR ( 'NONE', #929, 1000.000000000000000 ) ;
#1323 = CARTESIAN_POINT ( 'NONE',  ( 3.221829655369093715, 10.41962734356861908, -6.699999999999999289 ) ) ;
#1324 = VERTEX_POINT ( 'NONE', #1355 ) ;
#1325 = EDGE_CURVE ( 'NONE', #338, #685, #1073, .T. ) ;
#1326 = ORIENTED_EDGE ( 'NONE', *, *, #1199, .F. ) ;
#1327 = CARTESIAN_POINT ( 'NONE',  ( 9.999999999999994671, 0.000000000000000000, -4.000000000000000000 ) ) ;
#1328 = ADVANCED_FACE ( 'NONE', ( #1516 ), #430, .F. ) ;
#1329 = VECTOR ( 'NONE', #287, 1000.000000000000114 ) ;
#1330 = CIRCLE ( 'NONE', #1633, 0.9500000000000011768 ) ;
#1331 = EDGE_LOOP ( 'NONE', ( #1548, #1443, #1399, #187 ) ) ;
#1332 = AXIS2_PLACEMENT_3D ( 'NONE', #199, #437, #1336 ) ;
#1333 = CARTESIAN_POINT ( 'NONE',  ( 0.4582575694955842716, 2.908680799846528942, -6.699999999999999289 ) ) ;
#1334 = ORIENTED_EDGE ( 'NONE', *, *, #1414, .T. ) ;
#1335 = UNCERTAINTY_MEASURE_WITH_UNIT (LENGTH_MEASURE( 1.000000000000000082E-05 ), #595, 'distance_accuracy_value', 'NONE');
#1336 = DIRECTION ( 'NONE',  ( 1.000000000000000000, 0.000000000000000000, 0.000000000000000000 ) ) ;
#1337 = VERTEX_POINT ( 'NONE', #558 ) ;
#1338 = DIRECTION ( 'NONE',  ( -1.000000000000000000, 0.000000000000000000, 0.000000000000000000 ) ) ;
#1339 = EDGE_CURVE ( 'NONE', #438, #987, #577, .T. ) ;
#1340 =( NAMED_UNIT ( * ) PLANE_ANGLE_UNIT ( ) SI_UNIT ( $, .RADIAN. ) );
#1341 = ADVANCED_FACE ( 'NONE', ( #292 ), #113, .T. ) ;
#1342 = ORIENTED_EDGE ( 'NONE', *, *, #514, .F. ) ;
#1343 = DIRECTION ( 'NONE',  ( 0.6427876096865404731, 0.7660444431189770143, 0.000000000000000000 ) ) ;
#1344 = EDGE_LOOP ( 'NONE', ( #1278, #1667, #168, #483, #175, #1662, #526, #290, #303, #1501 ) ) ;
#1345 = CARTESIAN_POINT ( 'NONE',  ( 7.386365682596181870, 5.767105031610165078, -7.164873686270502695 ) ) ;
#1346 = CARTESIAN_POINT ( 'NONE',  ( 6.000000000000005329, 11.17898364348855900, -4.000000000000000000 ) ) ;
#1347 = DIRECTION ( 'NONE',  ( 1.000000000000000000, 0.000000000000000000, 0.000000000000000000 ) ) ;
#1348 = ORIENTED_EDGE ( 'NONE', *, *, #1019, .F. ) ;
#1349 = LINE ( 'NONE', #320, #1665 ) ;
#1350 = EDGE_CURVE ( 'NONE', #1707, #1788, #1376, .T. ) ;
#1351 = ORIENTED_EDGE ( 'NONE', *, *, #1524, .T. ) ;
#1352 = CARTESIAN_POINT ( 'NONE',  ( -5.000000000000000888, 15.00000000000000000, -0.7999999999999999334 ) ) ;
#1353 = ORIENTED_EDGE ( 'NONE', *, *, #1804, .T. ) ;
#1354 = DIRECTION ( 'NONE',  ( 0.000000000000000000, 0.000000000000000000, 1.000000000000000000 ) ) ;
#1355 = CARTESIAN_POINT ( 'NONE',  ( -5.111012519999514225, 18.14285714285712103, -4.000000000000000000 ) ) ;
#1356 = ORIENTED_EDGE ( 'NONE', *, *, #919, .F. ) ;
#1357 = DIRECTION ( 'NONE',  ( 1.000000000000000000, 0.000000000000000000, 0.000000000000000000 ) ) ;
#1358 = AXIS2_PLACEMENT_3D ( 'NONE', #1710, #1433, #138 ) ;
#1359 = AXIS2_PLACEMENT_3D ( 'NONE', #1396, #843, #1416 ) ;
#1360 = EDGE_LOOP ( 'NONE', ( #259, #619, #1087, #457 ) ) ;
#1361 = DIRECTION ( 'NONE',  ( -1.000000000000000000, 0.000000000000000000, 0.000000000000000000 ) ) ;
#1362 = AXIS2_PLACEMENT_3D ( 'NONE', #1556, #855, #266 ) ;
#1363 = ADVANCED_FACE ( 'NONE', ( #1444 ), #1547, .F. ) ;
#1364 = AXIS2_PLACEMENT_3D ( 'NONE', #226, #1354, #1373 ) ;
#1365 = DIRECTION ( 'NONE',  ( -1.000000000000000000, 0.000000000000000000, 0.000000000000000000 ) ) ;
#1366 = ADVANCED_FACE ( 'NONE', ( #418 ), #844, .F. ) ;
#1367 = DIRECTION ( 'NONE',  ( -1.000000000000000000, 0.000000000000000000, -0.000000000000000000 ) ) ;
#1368 = ORIENTED_EDGE ( 'NONE', *, *, #998, .T. ) ;
#1369 = CARTESIAN_POINT ( 'NONE',  ( -3.221829655369094603, 10.41962734356861908, -6.699999999999999289 ) ) ;
#1370 = ORIENTED_EDGE ( 'NONE', *, *, #502, .T. ) ;
#1371 = CARTESIAN_POINT ( 'NONE',  ( 5.318305525949336143, 2.358640068601063344, -4.035029693712925969 ) ) ;
#1372 = DIRECTION ( 'NONE',  ( 0.000000000000000000, 0.000000000000000000, 1.000000000000000000 ) ) ;
#1373 = DIRECTION ( 'NONE',  ( 1.000000000000000000, 0.000000000000000000, 0.000000000000000000 ) ) ;
#1374 = EDGE_CURVE ( 'NONE', #621, #732, #1408, .T. ) ;
#1375 = FACE_OUTER_BOUND ( 'NONE', #1293, .T. ) ;
#1376 = B_SPLINE_CURVE_WITH_KNOTS ( 'NONE', 3,
 ( #1436, #991, #1565, #1142, #285, #274, #1290, #135 ),
 .UNSPECIFIED., .F., .F.,
 ( 4, 2, 2, 4 ),
 ( -4.474225839614084173E-06, 0.0004753079634166774980, 0.0007151990580448222253, 0.0009550901526729670609 ),
 .UNSPECIFIED. ) ;
#1377 = ORIENTED_EDGE ( 'NONE', *, *, #1573, .T. ) ;
#1378 = CARTESIAN_POINT ( 'NONE',  ( 0.000000000000000000, 15.00000000000000000, -0.7999999999999999334 ) ) ;
#1379 = FACE_OUTER_BOUND ( 'NONE', #631, .T. ) ;
#1380 = CYLINDRICAL_SURFACE ( 'NONE', #185, 0.7499999999999988898 ) ;
#1381 = DIRECTION ( 'NONE',  ( 0.000000000000000000, 0.000000000000000000, -1.000000000000000000 ) ) ;
#1382 = FACE_OUTER_BOUND ( 'NONE', #1647, .T. ) ;
#1383 = VERTEX_POINT ( 'NONE', #567 ) ;
#1384 = LINE ( 'NONE', #360, #481 ) ;
#1385 = EDGE_CURVE ( 'NONE', #1788, #157, #971, .T. ) ;
#1386 = AXIS2_PLACEMENT_3D ( 'NONE', #273, #1697, #556 ) ;
#1387 = VERTEX_POINT ( 'NONE', #1150 ) ;
#1388 = CARTESIAN_POINT ( 'NONE',  ( 4.544439392673001343, 11.72534874826324902, -4.095301382615009089 ) ) ;
#1389 = ADVANCED_FACE ( 'NONE', ( #709 ), #1273, .T. ) ;
#1390 = CARTESIAN_POINT ( 'NONE',  ( 7.777730077207136716, 5.730862238260373331, -6.699999999999999289 ) ) ;
#1391 = ORIENTED_EDGE ( 'NONE', *, *, #1476, .T. ) ;
#1392 = CARTESIAN_POINT ( 'NONE',  ( -9.734802203515943830, 5.612103294896078509, -4.074452633666540535 ) ) ;
#1393 = CARTESIAN_POINT ( 'NONE',  ( 7.858523343032660868, 5.723624833636028697, -5.462803826046848776 ) ) ;
#1394 = ORIENTED_EDGE ( 'NONE', *, *, #667, .T. ) ;
#1395 = VECTOR ( 'NONE', #1032, 1000.000000000000000 ) ;
#1396 = CARTESIAN_POINT ( 'NONE',  ( -6.000000000000005329, 11.17898364348855900, -4.000000000000000000 ) ) ;
#1397 = PRESENTATION_LAYER_ASSIGNMENT (  '', '', ( #337 ) ) ;
#1398 = CARTESIAN_POINT ( 'NONE',  ( 9.999999999999994671, 11.17898364348855900, -4.000000000000000000 ) ) ;
#1399 = ORIENTED_EDGE ( 'NONE', *, *, #1325, .F. ) ;
#1400 = B_SPLINE_CURVE_WITH_KNOTS ( 'NONE', 3,
 ( #1265, #1432, #268, #834, #1284, #1420, #1460, #1146, #127, #603, #1031, #1275 ),
 .UNSPECIFIED., .F., .F.,
 ( 4, 2, 2, 2, 2, 4 ),
 ( 0.000000000000000000, 0.0003124039826546468859, 0.0006248079653092937719, 0.001249615930618587110, 0.001874423895927880557, 0.002499231861237173787 ),
 .UNSPECIFIED. ) ;
#1401 = CARTESIAN_POINT ( 'NONE',  ( 3.680109623108126726, 10.77869361647657165, -5.344891576953138213 ) ) ;
#1402 = ORIENTED_EDGE ( 'NONE', *, *, #1678, .F. ) ;
#1403 = CARTESIAN_POINT ( 'NONE',  ( 0.000000000000000000, 15.00000000000000000, -4.000000000000000000 ) ) ;
#1404 = EDGE_CURVE ( 'NONE', #425, #765, #1243, .T. ) ;
#1405 = CARTESIAN_POINT ( 'NONE',  ( 5.560375903012189980, 3.125828727164326803, -4.260981311787032766 ) ) ;
#1406 = DIRECTION ( 'NONE',  ( -1.000000000000000000, 0.000000000000000000, 0.000000000000000000 ) ) ;
#1407 = FACE_OUTER_BOUND ( 'NONE', #680, .T. ) ;
#1408 = LINE ( 'NONE', #399, #1693 ) ;
#1409 = ORIENTED_EDGE ( 'NONE', *, *, #1385, .F. ) ;
#1410 = CARTESIAN_POINT ( 'NONE',  ( 4.761102538596078126, 12.04893575574485176, -4.011616504843188658 ) ) ;
#1411 = AXIS2_PLACEMENT_3D ( 'NONE', #676, #954, #503 ) ;
#1412 = VERTEX_POINT ( 'NONE', #1872 ) ;
#1413 = LINE ( 'NONE', #807, #522 ) ;
#1414 = EDGE_CURVE ( 'NONE', #1581, #572, #1261, .T. ) ;
#1415 = DIRECTION ( 'NONE',  ( -0.000000000000000000, -0.000000000000000000, 1.000000000000000000 ) ) ;
#1416 = DIRECTION ( 'NONE',  ( 1.000000000000000000, 0.000000000000000000, 0.000000000000000000 ) ) ;
#1417 = DIRECTION ( 'NONE',  ( 0.000000000000000000, 0.000000000000000000, -1.000000000000000000 ) ) ;
#1418 = VECTOR ( 'NONE', #798, 1000.000000000000000 ) ;
#1419 = CARTESIAN_POINT ( 'NONE',  ( -6.000000000000005329, 7.999999999999998224, -2.000000000000000000 ) ) ;
#1420 = CARTESIAN_POINT ( 'NONE',  ( 1.038062852715180950, 3.948067102446640053, -6.119390132012840766 ) ) ;
#1421 = DIRECTION ( 'NONE',  ( 0.000000000000000000, 0.000000000000000000, 1.000000000000000000 ) ) ;
#1422 = AXIS2_PLACEMENT_3D ( 'NONE', #608, #330, #1361 ) ;
#1423 = B_SPLINE_CURVE_WITH_KNOTS ( 'NONE', 3,
 ( #1552, #544, #1848, #686 ),
 .UNSPECIFIED., .F., .F.,
 ( 4, 4 ),
 ( 0.000000000000000000, 0.0005461848163199836291 ),
 .UNSPECIFIED. ) ;
#1424 = CARTESIAN_POINT ( 'NONE',  ( -5.815608378886794938, 3.268895440527082918, -4.271915343282734590 ) ) ;
#1425 =( GEOMETRIC_REPRESENTATION_CONTEXT ( 3 ) GLOBAL_UNCERTAINTY_ASSIGNED_CONTEXT ( ( #1335 ) ) GLOBAL_UNIT_ASSIGNED_CONTEXT ( ( #595, #1340, #1043 ) ) REPRESENTATION_CONTEXT ( 'NONE', 'WORKASPACE' ) );
#1426 = LINE ( 'NONE', #133, #247 ) ;
#1427 = CARTESIAN_POINT ( 'NONE',  ( -5.300000000000000711, 2.549999999999998490, -4.000000000000000000 ) ) ;
#1428 = EDGE_CURVE ( 'NONE', #1852, #1837, #1726, .T. ) ;
#1429 = VECTOR ( 'NONE', #612, 1000.000000000000114 ) ;
#1430 = AXIS2_PLACEMENT_3D ( 'NONE', #359, #1060, #1365 ) ;
#1431 = CARTESIAN_POINT ( 'NONE',  ( -17.88854381999829712, 25.99999999999997513, -4.000000000000000000 ) ) ;
#1432 = CARTESIAN_POINT ( 'NONE',  ( 0.5542234983397387182, 3.913428776359464401, -6.656022886693490292 ) ) ;
#1433 = DIRECTION ( 'NONE',  ( 0.000000000000000000, 0.000000000000000000, 1.000000000000000000 ) ) ;
#1434 = VERTEX_POINT ( 'NONE', #548 ) ;
#1435 = CARTESIAN_POINT ( 'NONE',  ( 0.000000000000000000, 15.00000000000000000, 0.7999999999999999334 ) ) ;
#1436 = CARTESIAN_POINT ( 'NONE',  ( -7.066384239949880630, 5.800749281958450965, -7.200000000000000178 ) ) ;
#1437 = EDGE_CURVE ( 'NONE', #1100, #78, #542, .T. ) ;
#1438 = DIRECTION ( 'NONE',  ( 0.000000000000000000, 0.000000000000000000, 1.000000000000000000 ) ) ;
#1439 = CARTESIAN_POINT ( 'NONE',  ( -1.096453349678916833, 2.944140272708702266, -5.825371187194721578 ) ) ;
#1440 = VECTOR ( 'NONE', #975, 1000.000000000000000 ) ;
#1441 = EDGE_LOOP ( 'NONE', ( #1650, #1195 ) ) ;
#1442 = CARTESIAN_POINT ( 'NONE',  ( -6.377751606941147067, 3.249748629966207503, -4.129631209733112485 ) ) ;
#1443 = ORIENTED_EDGE ( 'NONE', *, *, #1640, .F. ) ;
#1444 = FACE_OUTER_BOUND ( 'NONE', #1557, .T. ) ;
#1445 = DIRECTION ( 'NONE',  ( -1.000000000000000000, 0.000000000000000000, 0.000000000000000000 ) ) ;
#1446 = ADVANCED_FACE ( 'NONE', ( #124 ), #387, .F. ) ;
#1447 = CARTESIAN_POINT ( 'NONE',  ( -1.006797108298597143, 2.941900767111809589, -6.150091400000883723 ) ) ;
#1448 = EDGE_LOOP ( 'NONE', ( #753, #141, #853, #639, #500, #594, #984, #1695, #1311, #762 ) ) ;
#1449 = CARTESIAN_POINT ( 'NONE',  ( 9.999999999999994671, 6.193911727778760756, -4.000000000000000000 ) ) ;
#1450 = VERTEX_POINT ( 'NONE', #1133 ) ;
#1451 = AXIS2_PLACEMENT_3D ( 'NONE', #1671, #1534, #242 ) ;
#1452 = DIRECTION ( 'NONE',  ( 0.000000000000000000, -1.000000000000000000, 0.000000000000000000 ) ) ;
#1453 = VECTOR ( 'NONE', #810, 1000.000000000000000 ) ;
#1454 = CARTESIAN_POINT ( 'NONE',  ( -0.3118131070520673842, 2.906838154864747281, -6.757802693591991705 ) ) ;
#1455 = ORIENTED_EDGE ( 'NONE', *, *, #1562, .F. ) ;
#1456 = EDGE_CURVE ( 'NONE', #1075, #299, #1755, .T. ) ;
#1457 = DIRECTION ( 'NONE',  ( -1.000000000000000000, 0.000000000000000000, -0.000000000000000000 ) ) ;
#1458 = ORIENTED_EDGE ( 'NONE', *, *, #1159, .T. ) ;
#1459 = LINE ( 'NONE', #189, #513 ) ;
#1460 = CARTESIAN_POINT ( 'NONE',  ( 1.099925585197704336, 3.954631571893608033, -5.908834483958046668 ) ) ;
#1461 = LINE ( 'NONE', #1327, #1784 ) ;
#1462 = ORIENTED_EDGE ( 'NONE', *, *, #582, .T. ) ;
#1463 = CARTESIAN_POINT ( 'NONE',  ( -8.502851330525956541, 14.29919761328042682, -4.000000000000000000 ) ) ;
#1464 = ORIENTED_EDGE ( 'NONE', *, *, #1404, .F. ) ;
#1465 = EDGE_CURVE ( 'NONE', #1145, #1028, #1474, .T. ) ;
#1466 = LINE ( 'NONE', #759, #1636 ) ;
#1467 = ORIENTED_EDGE ( 'NONE', *, *, #1606, .F. ) ;
#1468 = LINE ( 'NONE', #769, #1511 ) ;
#1469 = APPLICATION_CONTEXT ( 'automotive_design' ) ;
#1470 = VERTEX_POINT ( 'NONE', #1752 ) ;
#1471 = FACE_BOUND ( 'NONE', #1869, .T. ) ;
#1472 = ORIENTED_EDGE ( 'NONE', *, *, #214, .T. ) ;
#1473 = CARTESIAN_POINT ( 'NONE',  ( 0.4582575694955842716, 5.000000000000000000, -6.699999999999999289 ) ) ;
#1474 = LINE ( 'NONE', #56, #1154 ) ;
#1475 = AXIS2_PLACEMENT_3D ( 'NONE', #373, #1529, #1840 ) ;
#1476 = EDGE_CURVE ( 'NONE', #485, #480, #1180, .T. ) ;
#1477 = ORIENTED_EDGE ( 'NONE', *, *, #446, .T. ) ;
#1478 = CARTESIAN_POINT ( 'NONE',  ( 1.836970198721033385E-16, 5.000000000000000000, -6.799999999999999822 ) ) ;
#1479 = ORIENTED_EDGE ( 'NONE', *, *, #1675, .T. ) ;
#1480 = ORIENTED_EDGE ( 'NONE', *, *, #1857, .T. ) ;
#1481 = VECTOR ( 'NONE', #1000, 1000.000000000000114 ) ;
#1482 = ORIENTED_EDGE ( 'NONE', *, *, #650, .T. ) ;
#1483 = CIRCLE ( 'NONE', #663, 0.7499999999999988898 ) ;
#1484 = DIRECTION ( 'NONE',  ( -1.000000000000000000, 0.000000000000000000, 0.000000000000000000 ) ) ;
#1485 = ORIENTED_EDGE ( 'NONE', *, *, #1721, .T. ) ;
#1486 = DIRECTION ( 'NONE',  ( -0.8660254037844380415, -0.5000000000000012212, 0.000000000000000000 ) ) ;
#1487 = ORIENTED_EDGE ( 'NONE', *, *, #1428, .T. ) ;
#1488 = LINE ( 'NONE', #1478, #479 ) ;
#1489 = EDGE_LOOP ( 'NONE', ( #902, #1791 ) ) ;
#1490 = ADVANCED_FACE ( 'NONE', ( #618 ), #306, .T. ) ;
#1491 = ORIENTED_EDGE ( 'NONE', *, *, #926, .T. ) ;
#1492 = DIRECTION ( 'NONE',  ( 0.000000000000000000, 0.000000000000000000, 1.000000000000000000 ) ) ;
#1493 = ORIENTED_EDGE ( 'NONE', *, *, #1550, .T. ) ;
#1494 = DIRECTION ( 'NONE',  ( 0.000000000000000000, 0.000000000000000000, 1.000000000000000000 ) ) ;
#1495 = VERTEX_POINT ( 'NONE', #36 ) ;
#1496 = CARTESIAN_POINT ( 'NONE',  ( 8.142924445848841231, 5.700744996333261483, -5.006126441293867302 ) ) ;
#1497 = CARTESIAN_POINT ( 'NONE',  ( -6.000000000000005329, 11.17898364348855900, -4.000000000000000000 ) ) ;
#1498 = EDGE_LOOP ( 'NONE', ( #633, #116, #1566, #212, #1288, #1871, #488, #804 ) ) ;
#1499 = CARTESIAN_POINT ( 'NONE',  ( -9.999999999999994671, 11.17898364348855900, -4.000000000000000000 ) ) ;
#1500 = PRODUCT_RELATED_PRODUCT_CATEGORY ( 'part', '', ( #626 ) ) ;
#1501 = ORIENTED_EDGE ( 'NONE', *, *, #689, .T. ) ;
#1502 = CARTESIAN_POINT ( 'NONE',  ( 0.3152212551173411703, 2.903259764085952988, -6.765547473776578613 ) ) ;
#1503 = CARTESIAN_POINT ( 'NONE',  ( -4.894304365578388882, 12.27864284279326768, -4.000000000000000000 ) ) ;
#1504 = LINE ( 'NONE', #529, #305 ) ;
#1505 = ORIENTED_EDGE ( 'NONE', *, *, #1820, .T. ) ;
#1506 = CYLINDRICAL_SURFACE ( 'NONE', #905, 2.000000000000000444 ) ;
#1507 = VECTOR ( 'NONE', #1549, 1000.000000000000000 ) ;
#1508 = AXIS2_PLACEMENT_3D ( 'NONE', #450, #475, #1484 ) ;
#1509 = ORIENTED_EDGE ( 'NONE', *, *, #1833, .T. ) ;
#1510 = CARTESIAN_POINT ( 'NONE',  ( 1.836970198721033385E-16, 5.000000000000000000, -6.799999999999999822 ) ) ;
#1511 = VECTOR ( 'NONE', #1783, 1000.000000000000000 ) ;
#1512 = ORIENTED_EDGE ( 'NONE', *, *, #465, .F. ) ;
#1513 = CARTESIAN_POINT ( 'NONE',  ( 7.066384239949875301, 5.800749281958450077, -7.200000000000000178 ) ) ;
#1514 = ADVANCED_FACE ( 'NONE', ( #1316 ), #883, .T. ) ;
#1515 = CARTESIAN_POINT ( 'NONE',  ( 9.999999999999994671, 5.604662425962323447, -4.036192668931685823 ) ) ;
#1516 = FACE_OUTER_BOUND ( 'NONE', #1641, .T. ) ;
#1517 = EDGE_LOOP ( 'NONE', ( #1266, #1246, #1505, #1860, #1158 ) ) ;
#1518 = CYLINDRICAL_SURFACE ( 'NONE', #390, 5.000000000000000888 ) ;
#1519 = ORIENTED_EDGE ( 'NONE', *, *, #897, .T. ) ;
#1520 = FACE_OUTER_BOUND ( 'NONE', #894, .T. ) ;
#1521 = LINE ( 'NONE', #233, #1787 ) ;
#1522 = ADVANCED_FACE ( 'NONE', ( #890 ), #298, .F. ) ;
#1523 = CYLINDRICAL_SURFACE ( 'NONE', #932, 5.000000000000000888 ) ;
#1524 = EDGE_CURVE ( 'NONE', #466, #1568, #132, .T. ) ;
#1525 = EDGE_LOOP ( 'NONE', ( #818, #47 ) ) ;
#1526 = PLANE ( 'NONE',  #872 ) ;
#1527 = CARTESIAN_POINT ( 'NONE',  ( -5.000000000000000888, 15.00000000000000000, 4.000000000000000000 ) ) ;
#1528 = EDGE_LOOP ( 'NONE', ( #1732, #867, #1296, #808 ) ) ;
#1529 = DIRECTION ( 'NONE',  ( -0.7660444431189771253, -0.6427876096865405842, 0.000000000000000000 ) ) ;
#1530 = EDGE_LOOP ( 'NONE', ( #623, #1219 ) ) ;
#1531 = DIRECTION ( 'NONE',  ( 0.000000000000000000, 0.000000000000000000, 1.000000000000000000 ) ) ;
#1532 = CARTESIAN_POINT ( 'NONE',  ( 8.634231647627478523, 5.666327541813712898, -4.553121475612726066 ) ) ;
#1533 = EDGE_CURVE ( 'NONE', #1707, #707, #1459, .T. ) ;
#1534 = DIRECTION ( 'NONE',  ( 0.000000000000000000, 0.000000000000000000, 1.000000000000000000 ) ) ;
#1535 = EDGE_CURVE ( 'NONE', #935, #1837, #1016, .T. ) ;
#1536 = VERTEX_POINT ( 'NONE', #48 ) ;
#1537 = CARTESIAN_POINT ( 'NONE',  ( 5.131699500482579168, 11.99572633790680953, -6.000000000000000000 ) ) ;
#1538 = CARTESIAN_POINT ( 'NONE',  ( 5.050000000000004263, 7.999999999999998224, -4.000000000000000000 ) ) ;
#1539 = CARTESIAN_POINT ( 'NONE',  ( 5.300000000002722977, 2.455286835749412866, -4.056744881409001025 ) ) ;
#1540 = CIRCLE ( 'NONE', #960, 6.099999999999997868 ) ;
#1541 = CARTESIAN_POINT ( 'NONE',  ( -3.599610614244627360, 10.71015111853373014, -6.699999999999999289 ) ) ;
#1542 = AXIS2_PLACEMENT_3D ( 'NONE', #1123, #1417, #1863 ) ;
#1543 = FACE_BOUND ( 'NONE', #1234, .T. ) ;
#1544 = AXIS2_PLACEMENT_3D ( 'NONE', #915, #378, #1367 ) ;
#1545 = CARTESIAN_POINT ( 'NONE',  ( 0.000000000000000000, 15.00000000000000000, 0.7999999999999999334 ) ) ;
#1546 = CIRCLE ( 'NONE', #283, 3.999999999999988898 ) ;
#1547 = CYLINDRICAL_SURFACE ( 'NONE', #694, 3.099999999999999645 ) ;
#1548 = ORIENTED_EDGE ( 'NONE', *, *, #1177, .T. ) ;
#1549 = DIRECTION ( 'NONE',  ( 0.000000000000000000, 0.000000000000000000, 1.000000000000000000 ) ) ;
#1550 = EDGE_CURVE ( 'NONE', #1238, #1495, #1184, .T. ) ;
#1551 = ORIENTED_EDGE ( 'NONE', *, *, #465, .T. ) ;
#1552 = CARTESIAN_POINT ( 'NONE',  ( 9.999999999999994671, 5.059678073623564920, -4.000000000000000000 ) ) ;
#1553 = CARTESIAN_POINT ( 'NONE',  ( -3.562742033571792533, 10.33328771134523549, -7.161988833154715017 ) ) ;
#1554 = FACE_BOUND ( 'NONE', #827, .T. ) ;
#1555 = CARTESIAN_POINT ( 'NONE',  ( -0.7998498368963943284, 3.928571728827485732, -4.937632144934146261 ) ) ;
#1556 = CARTESIAN_POINT ( 'NONE',  ( 6.000000000000005329, 7.999999999999998224, 4.000000000000000000 ) ) ;
#1557 = EDGE_LOOP ( 'NONE', ( #1391, #1491, #1785, #144 ) ) ;
#1558 = FACE_OUTER_BOUND ( 'NONE', #329, .T. ) ;
#1559 = ORIENTED_EDGE ( 'NONE', *, *, #942, .T. ) ;
#1560 = EDGE_CURVE ( 'NONE', #1075, #912, #868, .T. ) ;
#1561 = CARTESIAN_POINT ( 'NONE',  ( 5.050000000000004263, 7.999999999999998224, -2.000000000000000000 ) ) ;
#1562 = EDGE_CURVE ( 'NONE', #1197, #1536, #1764, .T. ) ;
#1563 = CARTESIAN_POINT ( 'NONE',  ( -6.191622720144587255, 3.309969431374499838, -4.198377005357950331 ) ) ;
#1564 = PLANE ( 'NONE',  #474 ) ;
#1565 = CARTESIAN_POINT ( 'NONE',  ( -7.386365682596187199, 5.767105031610169519, -7.164873686270504471 ) ) ;
#1566 = ORIENTED_EDGE ( 'NONE', *, *, #1643, .F. ) ;
#1567 = CARTESIAN_POINT ( 'NONE',  ( -5.300000000000000711, 2.549999999999998490, 4.000000000000000000 ) ) ;
#1568 = VERTEX_POINT ( 'NONE', #1049 ) ;
#1569 = CARTESIAN_POINT ( 'NONE',  ( -6.049999999999999822, 2.549999999999998490, -4.000000000000000000 ) ) ;
#1570 = AXIS2_PLACEMENT_3D ( 'NONE', #53, #1790, #340 ) ;
#1571 = VERTEX_POINT ( 'NONE', #334 ) ;
#1572 = DIRECTION ( 'NONE',  ( 0.000000000000000000, 0.000000000000000000, 1.000000000000000000 ) ) ;
#1573 = EDGE_CURVE ( 'NONE', #1749, #432, #1546, .T. ) ;
#1574 = CIRCLE ( 'NONE', #67, 11.09999999999999787 ) ;
#1575 = DIRECTION ( 'NONE',  ( 0.000000000000000000, 1.000000000000000000, 0.000000000000000000 ) ) ;
#1576 = DIRECTION ( 'NONE',  ( 1.000000000000000000, 0.000000000000000000, 0.000000000000000000 ) ) ;
#1577 = VECTOR ( 'NONE', #934, 1000.000000000000000 ) ;
#1578 = VECTOR ( 'NONE', #768, 1000.000000000000000 ) ;
#1579 = CARTESIAN_POINT ( 'NONE',  ( -9.999999999999994671, 0.000000000000000000, -4.000000000000000000 ) ) ;
#1580 = CARTESIAN_POINT ( 'NONE',  ( 6.031327667784382933E-16, 2.328285685708569197, -4.599999999999998757 ) ) ;
#1581 = VERTEX_POINT ( 'NONE', #1449 ) ;
#1582 = DIRECTION ( 'NONE',  ( -1.000000000000000000, 0.000000000000000000, 0.000000000000000000 ) ) ;
#1583 = ADVANCED_FACE ( 'NONE', ( #162 ), #17, .F. ) ;
#1584 = CARTESIAN_POINT ( 'NONE',  ( 1.836970198721033385E-16, 5.000000000000000000, -5.699999999999999289 ) ) ;
#1585 = ORIENTED_EDGE ( 'NONE', *, *, #1655, .F. ) ;
#1586 = DIRECTION ( 'NONE',  ( -0.6427876096865404731, -0.7660444431189770143, 0.000000000000000000 ) ) ;
#1587 = DIRECTION ( 'NONE',  ( 1.000000000000000000, 0.000000000000000000, 0.000000000000000000 ) ) ;
#1588 = VERTEX_POINT ( 'NONE', #1040 ) ;
#1589 = VERTEX_POINT ( 'NONE', #1174 ) ;
#1590 = DIRECTION ( 'NONE',  ( 0.000000000000000000, -1.000000000000000000, 0.000000000000000000 ) ) ;
#1591 = CARTESIAN_POINT ( 'NONE',  ( 0.000000000000000000, 15.00000000000000000, 4.000000000000000000 ) ) ;
#1592 = ORIENTED_EDGE ( 'NONE', *, *, #1643, .T. ) ;
#1593 = EDGE_CURVE ( 'NONE', #1568, #1450, #1466, .T. ) ;
#1594 = CIRCLE ( 'NONE', #1843, 14.09999999999999964 ) ;
#1595 = CARTESIAN_POINT ( 'NONE',  ( -1.058300524425835887, 2.946369841412919133, -6.000000000000000000 ) ) ;
#1596 = ORIENTED_EDGE ( 'NONE', *, *, #261, .T. ) ;
#1597 = AXIS2_PLACEMENT_3D ( 'NONE', #744, #1779, #34 ) ;
#1598 = CARTESIAN_POINT ( 'NONE',  ( 6.000000000000005329, 11.17898364348855900, 4.000000000000000000 ) ) ;
#1599 = CARTESIAN_POINT ( 'NONE',  ( 5.977379212143876686, 5.646875508460809101, -6.699999999999999289 ) ) ;
#1600 = ORIENTED_EDGE ( 'NONE', *, *, #1034, .F. ) ;
#1601 = CIRCLE ( 'NONE', #1451, 0.7499999999999988898 ) ;
#1602 = CARTESIAN_POINT ( 'NONE',  ( 0.5309338035258553967, 2.911435208510752215, -6.666695565633196097 ) ) ;
#1603 = ORIENTED_EDGE ( 'NONE', *, *, #662, .T. ) ;
#1604 = AXIS2_PLACEMENT_3D ( 'NONE', #978, #1685, #272 ) ;
#1605 = FACE_OUTER_BOUND ( 'NONE', #1528, .T. ) ;
#1606 = EDGE_CURVE ( 'NONE', #1571, #974, #1738, .T. ) ;
#1607 = CARTESIAN_POINT ( 'NONE',  ( -7.777730077207141157, 5.730862238260378660, -6.000000000000000000 ) ) ;
#1608 = ORIENTED_EDGE ( 'NONE', *, *, #573, .F. ) ;
#1609 = CARTESIAN_POINT ( 'NONE',  ( -6.000000000000005329, 7.999999999999998224, -4.000000000000000000 ) ) ;
#1610 = PRODUCT_CONTEXT ( 'NONE', #1728, 'mechanical' ) ;
#1611 = ORIENTED_EDGE ( 'NONE', *, *, #261, .F. ) ;
#1612 = CARTESIAN_POINT ( 'NONE',  ( -9.999999999999994671, 11.17898364348855900, -4.000000000000000000 ) ) ;
#1613 = DIRECTION ( 'NONE',  ( -0.000000000000000000, -0.000000000000000000, 1.000000000000000000 ) ) ;
#1614 = CARTESIAN_POINT ( 'NONE',  ( 0.000000000000000000, 15.00000000000000000, -6.000000000000000000 ) ) ;
#1615 = ORIENTED_EDGE ( 'NONE', *, *, #794, .F. ) ;
#1616 = CARTESIAN_POINT ( 'NONE',  ( 7.956554105462877877E-14, 2.910102051443364424, -6.799999999999999822 ) ) ;
#1617 = EDGE_CURVE ( 'NONE', #1623, #1852, #1813, .T. ) ;
#1618 = DIRECTION ( 'NONE',  ( -1.000000000000000000, 0.000000000000000000, 0.000000000000000000 ) ) ;
#1619 = ORIENTED_EDGE ( 'NONE', *, *, #614, .T. ) ;
#1620 = FACE_OUTER_BOUND ( 'NONE', #770, .T. ) ;
#1621 = ORIENTED_EDGE ( 'NONE', *, *, #402, .T. ) ;
#1622 = CARTESIAN_POINT ( 'NONE',  ( 6.799999999999998934, 2.549999999999998490, -4.000000000000000000 ) ) ;
#1623 = VERTEX_POINT ( 'NONE', #215 ) ;
#1624 = DIRECTION ( 'NONE',  ( 1.000000000000000000, 0.000000000000000000, 0.000000000000000000 ) ) ;
#1625 = CARTESIAN_POINT ( 'NONE',  ( -9.999999999999994671, 5.604662425962229300, -4.036192668931699146 ) ) ;
#1626 = VERTEX_POINT ( 'NONE', #205 ) ;
#1627 = CARTESIAN_POINT ( 'NONE',  ( 5.000000000000000888, 15.00000000000000000, 0.7999999999999999334 ) ) ;
#1628 = EDGE_CURVE ( 'NONE', #95, #1143, #119, .T. ) ;
#1629 = DIRECTION ( 'NONE',  ( 0.000000000000000000, 0.000000000000000000, -1.000000000000000000 ) ) ;
#1630 = CIRCLE ( 'NONE', #812, 0.9500000000000011768 ) ;
#1631 = ORIENTED_EDGE ( 'NONE', *, *, #1770, .F. ) ;
#1632 = DIRECTION ( 'NONE',  ( -0.6427876096865405842, 0.7660444431189771253, 0.000000000000000000 ) ) ;
#1633 = AXIS2_PLACEMENT_3D ( 'NONE', #1105, #1679, #228 ) ;
#1634 = DIRECTION ( 'NONE',  ( -1.000000000000000000, 0.000000000000000000, 0.000000000000000000 ) ) ;
#1635 = ORIENTED_EDGE ( 'NONE', *, *, #179, .F. ) ;
#1636 = VECTOR ( 'NONE', #324, 1000.000000000000000 ) ;
#1637 = CARTESIAN_POINT ( 'NONE',  ( 0.000000000000000000, 15.00000000000000000, -6.699999999999999289 ) ) ;
#1638 = ORIENTED_EDGE ( 'NONE', *, *, #614, .F. ) ;
#1639 = DIRECTION ( 'NONE',  ( 0.000000000000000000, 0.000000000000000000, 1.000000000000000000 ) ) ;
#1640 = EDGE_CURVE ( 'NONE', #685, #647, #1789, .T. ) ;
#1641 = EDGE_LOOP ( 'NONE', ( #877, #344, #1477, #102 ) ) ;
#1642 = LINE ( 'NONE', #740, #813 ) ;
#1643 = EDGE_CURVE ( 'NONE', #1623, #935, #1212, .T. ) ;
#1644 = ORIENTED_EDGE ( 'NONE', *, *, #15, .T. ) ;
#1645 = CARTESIAN_POINT ( 'NONE',  ( 0.6482546920909024735, 2.515938789083849159, -4.796025364067007857 ) ) ;
#1646 = B_SPLINE_CURVE_WITH_KNOTS ( 'NONE', 3,
 ( #1513, #635, #1345, #610, #332, #63, #1210, #1792 ),
 .UNSPECIFIED., .F., .F.,
 ( 4, 2, 2, 4 ),
 ( -4.474225839614476349E-06, 0.0004753079634166774438, 0.0007151990580448234179, 0.0009550901526729693378 ),
 .UNSPECIFIED. ) ;
#1647 = EDGE_LOOP ( 'NONE', ( #352, #89, #3, #107 ) ) ;
#1648 = CARTESIAN_POINT ( 'NONE',  ( -10.00000000000933831, 5.423786156155063765, -4.012305296228310780 ) ) ;
#1649 = B_SPLINE_CURVE_WITH_KNOTS ( 'NONE', 3,
 ( #1870, #1131, #1149, #708, #1269, #1442, #1563, #957, #1424, #131, #997, #1861, #555, #1851 ),
 .UNSPECIFIED., .F., .F.,
 ( 4, 2, 2, 2, 2, 2, 4 ),
 ( 0.000000000000000000, 0.0002882912704570882926, 0.0005765825409141765853, 0.001153165081828351002, 0.001441456352285438482, 0.001729747622742525527, 0.002306330163656698535 ),
 .UNSPECIFIED. ) ;
#1650 = ORIENTED_EDGE ( 'NONE', *, *, #356, .F. ) ;
#1651 = CARTESIAN_POINT ( 'NONE',  ( -3.972970382880863571, 11.05228535994056571, -4.663926552399739300 ) ) ;
#1652 = CARTESIAN_POINT ( 'NONE',  ( 8.502851330525960094, 14.29919761328043215, 4.000000000000000000 ) ) ;
#1653 = ORIENTED_EDGE ( 'NONE', *, *, #950, .T. ) ;
#1654 = CARTESIAN_POINT ( 'NONE',  ( 0.000000000000000000, 15.00000000000000000, -6.699999999999999289 ) ) ;
#1655 = EDGE_CURVE ( 'NONE', #1581, #1749, #490, .T. ) ;
#1656 = DIRECTION ( 'NONE',  ( 0.000000000000000000, 0.000000000000000000, 1.000000000000000000 ) ) ;
#1657 = AXIS2_PLACEMENT_3D ( 'NONE', #238, #664, #1829 ) ;
#1658 = CARTESIAN_POINT ( 'NONE',  ( 0.000000000000000000, 15.00000000000000000, -6.699999999999999289 ) ) ;
#1659 = AXIS2_PLACEMENT_3D ( 'NONE', #895, #624, #460 ) ;
#1660 = DIRECTION ( 'NONE',  ( 0.6427876096865404731, -0.7660444431189770143, 0.000000000000000000 ) ) ;
#1661 = AXIS2_PLACEMENT_3D ( 'NONE', #398, #830, #587 ) ;
#1662 = ORIENTED_EDGE ( 'NONE', *, *, #301, .T. ) ;
#1663 = DIRECTION ( 'NONE',  ( -0.000000000000000000, -0.000000000000000000, 1.000000000000000000 ) ) ;
#1664 = FACE_OUTER_BOUND ( 'NONE', #1078, .T. ) ;
#1665 = VECTOR ( 'NONE', #1492, 1000.000000000000000 ) ;
#1666 = EDGE_CURVE ( 'NONE', #1173, #660, #394, .T. ) ;
#1667 = ORIENTED_EDGE ( 'NONE', *, *, #354, .T. ) ;
#1668 = DIRECTION ( 'NONE',  ( 1.000000000000000000, 0.000000000000000000, 0.000000000000000000 ) ) ;
#1669 = VECTOR ( 'NONE', #1572, 1000.000000000000000 ) ;
#1670 = CARTESIAN_POINT ( 'NONE',  ( -3.803153476422107548, 10.88884746613257448, -4.986413512215542632 ) ) ;
#1671 = CARTESIAN_POINT ( 'NONE',  ( -6.049999999999999822, 2.549999999999998490, 4.000000000000000000 ) ) ;
#1672 = ORIENTED_EDGE ( 'NONE', *, *, #1747, .T. ) ;
#1673 = DIRECTION ( 'NONE',  ( 0.000000000000000000, 0.000000000000000000, 1.000000000000000000 ) ) ;
#1674 = DIRECTION ( 'NONE',  ( 0.000000000000000000, 0.000000000000000000, 1.000000000000000000 ) ) ;
#1675 = EDGE_CURVE ( 'NONE', #1626, #223, #1061, .T. ) ;
#1676 = CARTESIAN_POINT ( 'NONE',  ( -8.980199556512564740, 5.646063331784578310, -4.348625696570818100 ) ) ;
#1677 = CARTESIAN_POINT ( 'NONE',  ( -3.756493323742884360, 10.84651870392236006, -5.102360349744994750 ) ) ;
#1678 = EDGE_CURVE ( 'NONE', #195, #643, #636, .T. ) ;
#1679 = DIRECTION ( 'NONE',  ( -0.000000000000000000, -0.000000000000000000, 1.000000000000000000 ) ) ;
#1680 = EDGE_LOOP ( 'NONE', ( #52, #416, #1493, #1551 ) ) ;
#1681 = CARTESIAN_POINT ( 'NONE',  ( 3.609831882090781097, 10.71866748903604538, -5.734061651546862315 ) ) ;
#1682 = ORIENTED_EDGE ( 'NONE', *, *, #1225, .T. ) ;
#1683 = CYLINDRICAL_SURFACE ( 'NONE', #406, 0.7499999999999988898 ) ;
#1684 = CARTESIAN_POINT ( 'NONE',  ( -8.632918162187936062, 5.666412008036407322, -4.554071840386098913 ) ) ;
#1685 = DIRECTION ( 'NONE',  ( -0.000000000000000000, -0.000000000000000000, -1.000000000000000000 ) ) ;
#1686 = CARTESIAN_POINT ( 'NONE',  ( 7.777730077207136716, 5.730862238260373331, -7.200000000000000178 ) ) ;
#1687 = ADVANCED_FACE ( 'NONE', ( #1222 ), #104, .F. ) ;
#1688 = FACE_OUTER_BOUND ( 'NONE', #791, .T. ) ;
#1689 = ORIENTED_EDGE ( 'NONE', *, *, #1465, .T. ) ;
#1690 = DIRECTION ( 'NONE',  ( 1.000000000000000000, 0.000000000000000000, 0.000000000000000000 ) ) ;
#1691 = DIRECTION ( 'NONE',  ( 0.000000000000000000, -0.000000000000000000, 1.000000000000000000 ) ) ;
#1692 = STYLED_ITEM ( 'NONE', ( #1179 ), #673 ) ;
#1693 = VECTOR ( 'NONE', #1715, 1000.000000000000000 ) ;
#1694 = CARTESIAN_POINT ( 'NONE',  ( 0.000000000000000000, 15.00000000000000000, 0.7999999999999999334 ) ) ;
#1695 = ORIENTED_EDGE ( 'NONE', *, *, #1606, .T. ) ;
#1696 = AXIS2_PLACEMENT_3D ( 'NONE', #281, #264, #1406 ) ;
#1697 = DIRECTION ( 'NONE',  ( 0.000000000000000000, 0.000000000000000000, 1.000000000000000000 ) ) ;
#1698 = DIRECTION ( 'NONE',  ( -0.000000000000000000, -0.000000000000000000, 1.000000000000000000 ) ) ;
#1699 = EDGE_CURVE ( 'NONE', #918, #223, #1521, .T. ) ;
#1700 = ORIENTED_EDGE ( 'NONE', *, *, #51, .F. ) ;
#1701 = CARTESIAN_POINT ( 'NONE',  ( -3.221829655369094603, 10.41962734356861908, -6.699999999999999289 ) ) ;
#1702 = CARTESIAN_POINT ( 'NONE',  ( -0.6036064774407365885, 2.914189482247611984, -6.633392762716217028 ) ) ;
#1703 = CARTESIAN_POINT ( 'NONE',  ( -8.421500257064208128, 5.680387037353024304, -4.718137612166573902 ) ) ;
#1704 = CARTESIAN_POINT ( 'NONE',  ( -6.000000000000005329, 11.17898364348855900, 4.000000000000000000 ) ) ;
#1705 = CARTESIAN_POINT ( 'NONE',  ( -5.050000000000004263, 7.999999999999998224, 4.000000000000000000 ) ) ;
#1706 = DIRECTION ( 'NONE',  ( 1.000000000000000000, 0.000000000000000000, 0.000000000000000000 ) ) ;
#1707 = VERTEX_POINT ( 'NONE', #801 ) ;
#1708 = DIRECTION ( 'NONE',  ( 0.000000000000000000, 0.000000000000000000, 1.000000000000000000 ) ) ;
#1709 = CARTESIAN_POINT ( 'NONE',  ( -9.999999999999994671, 5.996002351376557904, -4.000000000000000000 ) ) ;
#1710 = CARTESIAN_POINT ( 'NONE',  ( 0.000000000000000000, 15.00000000000000000, -4.000000000000000000 ) ) ;
#1711 = ADVANCED_FACE ( 'NONE', ( #1382 ), #91, .T. ) ;
#1712 = EDGE_LOOP ( 'NONE', ( #473, #1765, #171, #1065 ) ) ;
#1713 = FACE_BOUND ( 'NONE', #1489, .T. ) ;
#1714 = DIRECTION ( 'NONE',  ( 0.000000000000000000, 0.000000000000000000, 1.000000000000000000 ) ) ;
#1715 = DIRECTION ( 'NONE',  ( -0.000000000000000000, -0.000000000000000000, 1.000000000000000000 ) ) ;
#1716 = AXIS2_PLACEMENT_3D ( 'NONE', #411, #1318, #1753 ) ;
#1717 = ORIENTED_EDGE ( 'NONE', *, *, #1295, .T. ) ;
#1718 = LINE ( 'NONE', #720, #1849 ) ;
#1719 = CARTESIAN_POINT ( 'NONE',  ( -0.7325834460144799998, 2.921757724713267113, -6.535631584676049322 ) ) ;
#1720 = AXIS2_PLACEMENT_3D ( 'NONE', #1088, #88, #799 ) ;
#1721 = EDGE_CURVE ( 'NONE', #432, #1434, #163, .T. ) ;
#1722 = DIRECTION ( 'NONE',  ( 0.000000000000000000, 0.000000000000000000, -1.000000000000000000 ) ) ;
#1723 = ORIENTED_EDGE ( 'NONE', *, *, #1103, .T. ) ;
#1724 = EDGE_CURVE ( 'NONE', #1749, #900, #384, .T. ) ;
#1725 = AXIS2_PLACEMENT_3D ( 'NONE', #1431, #439, #1010 ) ;
#1726 = LINE ( 'NONE', #538, #1481 ) ;
#1727 = AXIS2_PLACEMENT_3D ( 'NONE', #173, #906, #748 ) ;
#1728 = APPLICATION_CONTEXT ( 'automotive_design' ) ;
#1729 = DIRECTION ( 'NONE',  ( 0.000000000000000000, 0.000000000000000000, 1.000000000000000000 ) ) ;
#1730 = VERTEX_POINT ( 'NONE', #424 ) ;
#1731 = CARTESIAN_POINT ( 'NONE',  ( -0.8867581390589116541, 2.932427180899743746, -6.355667343615229115 ) ) ;
#1732 = ORIENTED_EDGE ( 'NONE', *, *, #402, .F. ) ;
#1733 =( NAMED_UNIT ( * ) SI_UNIT ( $, .STERADIAN. ) SOLID_ANGLE_UNIT ( ) );
#1734 = ORIENTED_EDGE ( 'NONE', *, *, #875, .T. ) ;
#1735 = DIRECTION ( 'NONE',  ( 1.000000000000000000, 0.000000000000000000, 0.000000000000000000 ) ) ;
#1736 = EDGE_CURVE ( 'NONE', #1536, #1852, #996, .T. ) ;
#1737 = CIRCLE ( 'NONE', #1411, 5.599999999999997868 ) ;
#1738 = B_SPLINE_CURVE_WITH_KNOTS ( 'NONE', 3,
 ( #1030, #1193, #1774, #628, #922, #1677, #1670, #1824, #1651, #1793, #341, #350, #518, #73, #65, #1503 ),
 .UNSPECIFIED., .F., .F.,
 ( 4, 2, 2, 2, 2, 2, 2, 4 ),
 ( 0.000000000000000000, 0.0003959024713599852826, 0.0007918049427199705653, 0.001187707414079955739, 0.001583609885439941131, 0.002375414828159909744, 0.002771317299519893401, 0.003167219770879877491 ),
 .UNSPECIFIED. ) ;
#1739 = CARTESIAN_POINT ( 'NONE',  ( 6.031327667784382933E-16, 2.328285685708569197, -4.599999999999998757 ) ) ;
#1740 = CARTESIAN_POINT ( 'NONE',  ( -0.07856642224856000278, 2.910102051443365312, -6.800000000000006040 ) ) ;
#1741 = VERTEX_POINT ( 'NONE', #1289 ) ;
#1742 = DIRECTION ( 'NONE',  ( 0.000000000000000000, 0.000000000000000000, 1.000000000000000000 ) ) ;
#1743 = DIRECTION ( 'NONE',  ( 0.000000000000000000, 0.000000000000000000, -1.000000000000000000 ) ) ;
#1744 = EDGE_CURVE ( 'NONE', #299, #438, #1649, .T. ) ;
#1745 = CARTESIAN_POINT ( 'NONE',  ( 9.999999999999994671, 5.604662425962323447, -4.036192668931685823 ) ) ;
#1746 = ORIENTED_EDGE ( 'NONE', *, *, #1138, .T. ) ;
#1747 = EDGE_CURVE ( 'NONE', #1143, #1581, #916, .T. ) ;
#1748 = CARTESIAN_POINT ( 'NONE',  ( 6.950000000000006395, 7.999999999999998224, 4.000000000000000000 ) ) ;
#1749 = VERTEX_POINT ( 'NONE', #829 ) ;
#1750 = DIRECTION ( 'NONE',  ( 0.000000000000000000, 0.000000000000000000, 1.000000000000000000 ) ) ;
#1751 = DIRECTION ( 'NONE',  ( -1.000000000000000000, 0.000000000000000000, 0.000000000000000000 ) ) ;
#1752 = CARTESIAN_POINT ( 'NONE',  ( 3.524788121422265164, 10.02145917973142630, -7.200000000000000178 ) ) ;
#1753 = DIRECTION ( 'NONE',  ( -1.000000000000000000, 0.000000000000000000, 0.000000000000000000 ) ) ;
#1754 = CIRCLE ( 'NONE', #757, 5.999999999999984013 ) ;
#1755 = CIRCLE ( 'NONE', #1727, 14.09999999999999964 ) ;
#1756 = DIRECTION ( 'NONE',  ( 0.000000000000000000, 0.000000000000000000, 1.000000000000000000 ) ) ;
#1757 = ADVANCED_FACE ( 'NONE', ( #1554, #859, #1543, #669, #1713, #1251 ), #1258, .T. ) ;
#1758 = VECTOR ( 'NONE', #784, 1000.000000000000000 ) ;
#1759 = ORIENTED_EDGE ( 'NONE', *, *, #1404, .T. ) ;
#1760 = CARTESIAN_POINT ( 'NONE',  ( 1.041617987397478462, 2.828547359469964384, -5.306812185841217833 ) ) ;
#1761 = EDGE_CURVE ( 'NONE', #480, #485, #1244, .T. ) ;
#1762 = CARTESIAN_POINT ( 'NONE',  ( -6.799999999999998934, 2.549999999999998490, -4.000000000000000000 ) ) ;
#1763 = ORIENTED_EDGE ( 'NONE', *, *, #1248, .T. ) ;
#1764 = LINE ( 'NONE', #178, #454 ) ;
#1765 = ORIENTED_EDGE ( 'NONE', *, *, #1272, .T. ) ;
#1766 = CARTESIAN_POINT ( 'NONE',  ( -0.4582575694955839385, 5.000000000000000000, -4.699999999999999289 ) ) ;
#1767 = ORIENTED_EDGE ( 'NONE', *, *, #1550, .F. ) ;
#1768 = VERTEX_POINT ( 'NONE', #525 ) ;
#1769 = DIRECTION ( 'NONE',  ( -0.7660444431189774583, -0.6427876096865400291, 0.000000000000000000 ) ) ;
#1770 = EDGE_CURVE ( 'NONE', #765, #425, #1853, .T. ) ;
#1771 = EDGE_LOOP ( 'NONE', ( #1070, #1796, #698, #1839 ) ) ;
#1772 = DIRECTION ( 'NONE',  ( -1.000000000000000000, 0.000000000000000000, 0.000000000000000000 ) ) ;
#1773 = SURFACE_STYLE_FILL_AREA ( #435 ) ;
#1774 = CARTESIAN_POINT ( 'NONE',  ( -3.609831027420705496, 10.71866848425107221, -5.734536375925345375 ) ) ;
#1775 = ORIENTED_EDGE ( 'NONE', *, *, #713, .T. ) ;
#1776 = CYLINDRICAL_SURFACE ( 'NONE', #1304, 0.9500000000000011768 ) ;
#1777 = ORIENTED_EDGE ( 'NONE', *, *, #605, .T. ) ;
#1778 = DIRECTION ( 'NONE',  ( -1.000000000000000000, 0.000000000000000000, 0.000000000000000000 ) ) ;
#1779 = DIRECTION ( 'NONE',  ( 0.000000000000000000, 0.000000000000000000, 1.000000000000000000 ) ) ;
#1780 = EDGE_CURVE ( 'NONE', #871, #1238, #1306, .T. ) ;
#1781 = CIRCLE ( 'NONE', #153, 14.99999999999998046 ) ;
#1782 = DIRECTION ( 'NONE',  ( 0.000000000000000000, -1.000000000000000000, 0.000000000000000000 ) ) ;
#1783 = DIRECTION ( 'NONE',  ( 0.000000000000000000, 0.000000000000000000, 1.000000000000000000 ) ) ;
#1784 = VECTOR ( 'NONE', #898, 1000.000000000000000 ) ;
#1785 = ORIENTED_EDGE ( 'NONE', *, *, #414, .T. ) ;
#1786 = CARTESIAN_POINT ( 'NONE',  ( 0.9689357670560393432, 2.756378867790707066, -5.154874736263409751 ) ) ;
#1787 = VECTOR ( 'NONE', #1639, 1000.000000000000000 ) ;
#1788 = VERTEX_POINT ( 'NONE', #291 ) ;
#1789 = CIRCLE ( 'NONE', #1364, 3.999999999999988898 ) ;
#1790 = DIRECTION ( 'NONE',  ( 1.000000000000000000, 0.000000000000000000, -0.000000000000000000 ) ) ;
#1791 = ORIENTED_EDGE ( 'NONE', *, *, #1225, .F. ) ;
#1792 = CARTESIAN_POINT ( 'NONE',  ( 7.777730077207136716, 5.730862238260373331, -6.699999999999999289 ) ) ;
#1793 = CARTESIAN_POINT ( 'NONE',  ( -4.169527711219846999, 11.25689743184584302, -4.387404293235581676 ) ) ;
#1794 = ADVANCED_FACE ( 'NONE', ( #1834 ), #821, .F. ) ;
#1795 = CARTESIAN_POINT ( 'NONE',  ( 0.000000000000000000, 15.00000000000000000, -6.699999999999999289 ) ) ;
#1796 = ORIENTED_EDGE ( 'NONE', *, *, #607, .F. ) ;
#1797 = DIRECTION ( 'NONE',  ( 1.000000000000000000, 0.000000000000000000, 0.000000000000000000 ) ) ;
#1798 = DIRECTION ( 'NONE',  ( -0.7660444431189770143, -0.6427876096865404731, 0.000000000000000000 ) ) ;
#1799 = ORIENTED_EDGE ( 'NONE', *, *, #1199, .T. ) ;
#1800 = DIRECTION ( 'NONE',  ( 1.000000000000000000, 0.000000000000000000, 0.000000000000000000 ) ) ;
#1801 = ORIENTED_EDGE ( 'NONE', *, *, #377, .T. ) ;
#1802 = CARTESIAN_POINT ( 'NONE',  ( 8.980320700399433420, 5.646058098431872452, -4.348590284098145631 ) ) ;
#1803 = CARTESIAN_POINT ( 'NONE',  ( -8.502851330525956541, 14.29919761328042682, -4.000000000000000000 ) ) ;
#1804 = EDGE_CURVE ( 'NONE', #389, #195, #878, .T. ) ;
#1805 = ORIENTED_EDGE ( 'NONE', *, *, #889, .F. ) ;
#1806 = FACE_OUTER_BOUND ( 'NONE', #1291, .T. ) ;
#1807 = B_SPLINE_CURVE_WITH_KNOTS ( 'NONE', 3,
 ( #349, #213, #781, #1405, #1130, #120, #1250, #1091, #654, #677, #1230, #1110, #1812, #383 ),
 .UNSPECIFIED., .F., .F.,
 ( 4, 2, 2, 2, 2, 2, 4 ),
 ( 0.0005881609167586407958, 0.001164633696897646566, 0.001452870086967148529, 0.001741106477036650710, 0.002317579257175654637, 0.002605815647245156817, 0.002894052037314658998 ),
 .UNSPECIFIED. ) ;
#1808 = CARTESIAN_POINT ( 'NONE',  ( -3.524788121422268272, 10.02145917973142986, -7.200000000000000178 ) ) ;
#1809 = ADVANCED_BREP_SHAPE_REPRESENTATION ( '固定座', ( #673, #1183 ), #907 ) ;
#1810 = ORIENTED_EDGE ( 'NONE', *, *, #377, .F. ) ;
#1811 = DIRECTION ( 'NONE',  ( 0.000000000000000000, 0.000000000000000000, 1.000000000000000000 ) ) ;
#1812 = CARTESIAN_POINT ( 'NONE',  ( 6.781654881770289300, 2.741593890677886947, -4.000000000000001776 ) ) ;
#1813 = LINE ( 'NONE', #506, #365 ) ;
#1814 = AXIS2_PLACEMENT_3D ( 'NONE', #690, #417, #407 ) ;
#1815 = CYLINDRICAL_SURFACE ( 'NONE', #849, 11.09999999999999787 ) ;
#1816 = VERTEX_POINT ( 'NONE', #121 ) ;
#1817 = FACE_OUTER_BOUND ( 'NONE', #837, .T. ) ;
#1818 = CIRCLE ( 'NONE', #279, 0.7499999999999988898 ) ;
#1819 = DIRECTION ( 'NONE',  ( 0.000000000000000000, 1.000000000000000000, 0.000000000000000000 ) ) ;
#1820 = EDGE_CURVE ( 'NONE', #1337, #824, #1126, .T. ) ;
#1821 = AXIS2_PLACEMENT_3D ( 'NONE', #1245, #1096, #776 ) ;
#1822 = VERTEX_POINT ( 'NONE', #1625 ) ;
#1823 = AXIS2_PLACEMENT_3D ( 'NONE', #656, #1782, #1242 ) ;
#1824 = CARTESIAN_POINT ( 'NONE',  ( -3.911186397001049642, 10.99148749660674440, -4.767271063685279309 ) ) ;
#1825 = ORIENTED_EDGE ( 'NONE', *, *, #667, .F. ) ;
#1826 = CARTESIAN_POINT ( 'NONE',  ( -6.049999999999999822, 2.549999999999998490, -4.000000000000000000 ) ) ;
#1827 = ORIENTED_EDGE ( 'NONE', *, *, #1535, .F. ) ;
#1828 = DIRECTION ( 'NONE',  ( 1.000000000000000000, 0.000000000000000000, 0.000000000000000000 ) ) ;
#1829 = DIRECTION ( 'NONE',  ( -1.000000000000000000, 0.000000000000000000, 0.000000000000000000 ) ) ;
#1830 = EDGE_LOOP ( 'NONE', ( #1631, #1464 ) ) ;
#1831 = CARTESIAN_POINT ( 'NONE',  ( -3.099999999999999645, 15.00000000000000000, -0.7999999999999999334 ) ) ;
#1832 = CARTESIAN_POINT ( 'NONE',  ( -8.060679326812181245, 5.707214082747907646, -5.116070748507465460 ) ) ;
#1833 = EDGE_CURVE ( 'NONE', #643, #1768, #194, .T. ) ;
#1834 = FACE_OUTER_BOUND ( 'NONE', #1680, .T. ) ;
#1835 = FACE_BOUND ( 'NONE', #1441, .T. ) ;
#1836 = PLANE ( 'NONE',  #509 ) ;
#1837 = VERTEX_POINT ( 'NONE', #1007 ) ;
#1838 = LINE ( 'NONE', #1107, #476 ) ;
#1839 = ORIENTED_EDGE ( 'NONE', *, *, #323, .T. ) ;
#1840 = DIRECTION ( 'NONE',  ( 0.6427876096865404731, -0.7660444431189770143, 0.000000000000000000 ) ) ;
#1841 = CARTESIAN_POINT ( 'NONE',  ( 3.184081677783121642E-16, 5.000000000000000000, -4.599999999999998757 ) ) ;
#1842 = DIRECTION ( 'NONE',  ( 0.000000000000000000, 0.000000000000000000, 1.000000000000000000 ) ) ;
#1843 = AXIS2_PLACEMENT_3D ( 'NONE', #1268, #1531, #948 ) ;
#1844 = CARTESIAN_POINT ( 'NONE',  ( -6.000000000000005329, 7.999999999999998224, -2.000000000000000000 ) ) ;
#1845 = CARTESIAN_POINT ( 'NONE',  ( 5.131699500482579168, 11.99572633790680953, -4.000000000000000000 ) ) ;
#1846 = EDGE_LOOP ( 'NONE', ( #363, #944, #397 ) ) ;
#1847 = CARTESIAN_POINT ( 'NONE',  ( -5.391026696651964656, 2.179015093553875460, -4.006805495089392544 ) ) ;
#1848 = CARTESIAN_POINT ( 'NONE',  ( 9.999999999999994671, 5.423786156155183669, -4.012305296229171425 ) ) ;
#1849 = VECTOR ( 'NONE', #145, 1000.000000000000114 ) ;
#1850 = CARTESIAN_POINT ( 'NONE',  ( -7.777730077207142934, 5.730862238260380437, -5.863913802012815424 ) ) ;
#1851 = CARTESIAN_POINT ( 'NONE',  ( -5.300000000000000711, 2.549999999999998490, -4.082598153012568787 ) ) ;
#1852 = VERTEX_POINT ( 'NONE', #158 ) ;
#1853 = CIRCLE ( 'NONE', #1696, 0.9500000000000011768 ) ;
#1854 = DIRECTION ( 'NONE',  ( 0.000000000000000000, 0.000000000000000000, 1.000000000000000000 ) ) ;
#1855 = CARTESIAN_POINT ( 'NONE',  ( 0.000000000000000000, 15.00000000000000000, -4.000000000000000000 ) ) ;
#1856 = B_SPLINE_CURVE_WITH_KNOTS ( 'NONE', 3,
 ( #857, #994, #981, #1847, #1128, #11 ),
 .UNSPECIFIED., .F., .F.,
 ( 4, 2, 4 ),
 ( 0.002306330163656698535, 0.002600191100485678333, 0.002894052037314658130 ),
 .UNSPECIFIED. ) ;
#1857 = EDGE_CURVE ( 'NONE', #987, #44, #428, .T. ) ;
#1858 = CARTESIAN_POINT ( 'NONE',  ( -9.309818963445096074, 7.016437457633458941, -4.000000000000000000 ) ) ;
#1859 = DIRECTION ( 'NONE',  ( 1.000000000000000000, 0.000000000000000000, 0.000000000000000000 ) ) ;
#1860 = ORIENTED_EDGE ( 'NONE', *, *, #749, .F. ) ;
#1861 = CARTESIAN_POINT ( 'NONE',  ( -5.368841306727274443, 2.917387267260461048, -4.201788318332353001 ) ) ;
#1862 = PLANE ( 'NONE',  #154 ) ;
#1863 = DIRECTION ( 'NONE',  ( -1.000000000000000000, 0.000000000000000000, -0.000000000000000000 ) ) ;
#1864 = DIRECTION ( 'NONE',  ( 1.000000000000000000, 0.000000000000000000, 0.000000000000000000 ) ) ;
#1865 = ORIENTED_EDGE ( 'NONE', *, *, #191, .F. ) ;
#1866 = EDGE_CURVE ( 'NONE', #814, #1816, #1483, .T. ) ;
#1867 = ORIENTED_EDGE ( 'NONE', *, *, #1019, .T. ) ;
#1868 = CARTESIAN_POINT ( 'NONE',  ( -1.094319468523194283, 2.902126368012259761, -5.559134955381849430 ) ) ;
#1869 = EDGE_LOOP ( 'NONE', ( #584, #1276 ) ) ;
#1870 = CARTESIAN_POINT ( 'NONE',  ( -6.793988405988368839, 2.644769466363825039, -4.000000000000000000 ) ) ;
#1871 = ORIENTED_EDGE ( 'NONE', *, *, #875, .F. ) ;
#1872 = CARTESIAN_POINT ( 'NONE',  ( -3.221829655369094603, 10.41962734356861908, -6.699999999999999289 ) ) ;
#1873 = CIRCLE ( 'NONE', #1657, 0.7499999999999988898 ) ;
#1874 = EDGE_LOOP ( 'NONE', ( #599, #26, #1603, #181, #653, #1187, #734, #1370, #588, #1615 ) ) ;
#1875 = LINE ( 'NONE', #711, #1121 ) ;
#1876 = ORIENTED_EDGE ( 'NONE', *, *, #74, .T. ) ;
ENDSEC;
END-ISO-10303-21;
