ISO-10303-21;
HEADER;
FILE_DESCRIPTION (( 'STEP AP214' ),
    '1' );
FILE_NAME ('拉动臂.step',
    '2026-04-16T06:23:27',
    ( '' ),
    ( '' ),
    'SwSTEP 2.0',
    'SolidWorks 2020',
    '' );
FILE_SCHEMA (( 'AUTOMOTIVE_DESIGN' ));
ENDSEC;

DATA;
#1 = DIRECTION ( 'NONE',  ( 0.000000000000000000, 0.000000000000000000, 1.000000000000000000 ) ) ;
#2 = DIRECTION ( 'NONE',  ( 0.9712192200283623622, -0.2381873771791852834, 0.000000000000000000 ) ) ;
#3 = B_SPLINE_CURVE_WITH_KNOTS ( 'NONE', 3,
 ( #2427, #1391, #1405, #841, #161, #905, #602, #2617 ),
 .UNSPECIFIED., .F., .F.,
 ( 4, 2, 2, 4 ),
 ( -1.042099678516376485E-05, 0.0008682945820450395846, 0.001307652371460141369, 0.001747010160875243044 ),
 .UNSPECIFIED. ) ;
#4 = VERTEX_POINT ( 'NONE', #2135 ) ;
#5 = VERTEX_POINT ( 'NONE', #1605 ) ;
#6 = CARTESIAN_POINT ( 'NONE',  ( -4.957748591507142422, 3.269899670554178517, 1.250000000000000000 ) ) ;
#7 = EDGE_CURVE ( 'NONE', #1494, #97, #803, .T. ) ;
#8 = EDGE_CURVE ( 'NONE', #510, #236, #2644, .T. ) ;
#9 = VERTEX_POINT ( 'NONE', #363 ) ;
#10 = EDGE_CURVE ( 'NONE', #442, #3122, #3113, .T. ) ;
#11 = DIRECTION ( 'NONE',  ( 0.000000000000000000, 0.000000000000000000, -1.000000000000000000 ) ) ;
#12 = CARTESIAN_POINT ( 'NONE',  ( 51.16999999999998749, 0.000000000000000000, 1.250000000000000000 ) ) ;
#13 = CYLINDRICAL_SURFACE ( 'NONE', #737, 4.299999999999999822 ) ;
#14 = ORIENTED_EDGE ( 'NONE', *, *, #1880, .T. ) ;
#15 = FACE_OUTER_BOUND ( 'NONE', #1170, .T. ) ;
#16 = EDGE_CURVE ( 'NONE', #1562, #2773, #2117, .T. ) ;
#17 = ORIENTED_EDGE ( 'NONE', *, *, #215, .F. ) ;
#18 = ORIENTED_EDGE ( 'NONE', *, *, #898, .F. ) ;
#19 = CARTESIAN_POINT ( 'NONE',  ( 2.999999999999998224, 0.000000000000000000, 2.299999999999999822 ) ) ;
#20 = ORIENTED_EDGE ( 'NONE', *, *, #3055, .F. ) ;
#21 = VERTEX_POINT ( 'NONE', #873 ) ;
#22 = CARTESIAN_POINT ( 'NONE',  ( -8.648019418583444917, -0.5342955430001402606, 0.9500000000000002887 ) ) ;
#23 = CARTESIAN_POINT ( 'NONE',  ( -5.229660544970507807, 5.566772252322823356, -5.000000000000000000 ) ) ;
#24 = CARTESIAN_POINT ( 'NONE',  ( 0.4868515064510802182, 2.960232357546667803, 1.855115748818274790 ) ) ;
#25 = EDGE_CURVE ( 'NONE', #5, #1494, #2326, .T. ) ;
#26 = DIRECTION ( 'NONE',  ( 1.000000000000000000, 0.000000000000000000, 0.000000000000000000 ) ) ;
#27 = EDGE_LOOP ( 'NONE', ( #1412, #539, #3250, #968 ) ) ;
#28 = DIRECTION ( 'NONE',  ( -1.000000000000000000, 0.000000000000000000, 0.000000000000000000 ) ) ;
#29 = EDGE_CURVE ( 'NONE', #2910, #1783, #1577, .T. ) ;
#30 = ORIENTED_EDGE ( 'NONE', *, *, #1551, .T. ) ;
#31 = ORIENTED_EDGE ( 'NONE', *, *, #1992, .F. ) ;
#32 = DIRECTION ( 'NONE',  ( -0.4999999999999952260, -0.8660254037844413721, 0.000000000000000000 ) ) ;
#33 = AXIS2_PLACEMENT_3D ( 'NONE', #2730, #3069, #1341 ) ;
#34 = AXIS2_PLACEMENT_3D ( 'NONE', #916, #1419, #2423 ) ;
#35 = AXIS2_PLACEMENT_3D ( 'NONE', #3014, #2806, #2075 ) ;
#36 = VERTEX_POINT ( 'NONE', #1343 ) ;
#37 = CARTESIAN_POINT ( 'NONE',  ( 4.221304349541728840, 8.706255053768478192, 1.700000000000000178 ) ) ;
#38 = DIRECTION ( 'NONE',  ( -0.000000000000000000, -0.000000000000000000, -1.000000000000000000 ) ) ;
#39 = AXIS2_PLACEMENT_3D ( 'NONE', #1635, #909, #2198 ) ;
#40 = DIRECTION ( 'NONE',  ( -0.8292795471878783298, 0.5588339937905241195, 1.615704080337167296E-15 ) ) ;
#41 = AXIS2_PLACEMENT_3D ( 'NONE', #806, #40, #3079 ) ;
#42 = AXIS2_PLACEMENT_3D ( 'NONE', #2441, #175, #2193 ) ;
#43 = ORIENTED_EDGE ( 'NONE', *, *, #2083, .F. ) ;
#44 = ORIENTED_EDGE ( 'NONE', *, *, #1386, .T. ) ;
#45 = DIRECTION ( 'NONE',  ( 0.000000000000000000, 0.000000000000000000, 1.000000000000000000 ) ) ;
#46 = DIRECTION ( 'NONE',  ( 0.000000000000000000, 0.000000000000000000, 1.000000000000000000 ) ) ;
#47 = AXIS2_PLACEMENT_3D ( 'NONE', #1452, #3198, #1224 ) ;
#48 = ADVANCED_FACE ( 'NONE', ( #1092 ), #2752, .T. ) ;
#49 = CIRCLE ( 'NONE', #1903, 2.700000000000008171 ) ;
#50 = EDGE_CURVE ( 'NONE', #1661, #2288, #2487, .T. ) ;
#51 = CARTESIAN_POINT ( 'NONE',  ( -2.729660544970507363, 5.566772252322823356, 2.000000000000000000 ) ) ;
#52 = FACE_OUTER_BOUND ( 'NONE', #1882, .T. ) ;
#53 = AXIS2_PLACEMENT_3D ( 'NONE', #1143, #684, #1907 ) ;
#54 = ORIENTED_EDGE ( 'NONE', *, *, #2759, .F. ) ;
#55 = DIRECTION ( 'NONE',  ( 0.9997144933961044089, 0.02389417698457731512, 0.000000000000000000 ) ) ;
#56 = DIRECTION ( 'NONE',  ( 1.000000000000000000, 0.000000000000000000, 0.000000000000000000 ) ) ;
#57 = CARTESIAN_POINT ( 'NONE',  ( -2.693599476930380376, -1.320803489501899186, -2.000000000000000000 ) ) ;
#58 = ORIENTED_EDGE ( 'NONE', *, *, #1807, .T. ) ;
#59 = ORIENTED_EDGE ( 'NONE', *, *, #2886, .F. ) ;
#60 = SPHERICAL_SURFACE ( 'NONE', #2356, 0.2999999999999999889 ) ;
#61 = CARTESIAN_POINT ( 'NONE',  ( -0.4740116451163891020, 0.2736707509069611355, 2.000000000000000000 ) ) ;
#62 = DIRECTION ( 'NONE',  ( -0.000000000000000000, 0.000000000000000000, 1.000000000000000000 ) ) ;
#63 = ADVANCED_FACE ( 'NONE', ( #342 ), #2363, .T. ) ;
#64 = ADVANCED_FACE ( 'NONE', ( #396 ), #661, .T. ) ;
#65 = EDGE_LOOP ( 'NONE', ( #3140, #59, #2060, #1449 ) ) ;
#66 = CARTESIAN_POINT ( 'NONE',  ( 38.31488617400793828, 5.300294435968811335, 1.175360819896674514 ) ) ;
#67 = ORIENTED_EDGE ( 'NONE', *, *, #390, .F. ) ;
#68 = CARTESIAN_POINT ( 'NONE',  ( 37.51440068189074850, 5.249991765024484280, 2.000000000000000000 ) ) ;
#69 = CARTESIAN_POINT ( 'NONE',  ( 0.7373776782298407939, 2.914556674603407060, 1.906813162202471545 ) ) ;
#70 =( NAMED_UNIT ( * ) PLANE_ANGLE_UNIT ( ) SI_UNIT ( $, .RADIAN. ) );
#71 = ORIENTED_EDGE ( 'NONE', *, *, #1368, .F. ) ;
#72 = CARTESIAN_POINT ( 'NONE',  ( 0.01292834629495290440, 8.355732926394784599, -1.250000000000000000 ) ) ;
#73 = LINE ( 'NONE', #2591, #294 ) ;
#74 = CARTESIAN_POINT ( 'NONE',  ( 0.000000000000000000, 0.000000000000000000, -2.000000000000000000 ) ) ;
#75 = DIRECTION ( 'NONE',  ( 0.000000000000000000, 0.000000000000000000, -1.000000000000000000 ) ) ;
#76 = ORIENTED_EDGE ( 'NONE', *, *, #3032, .F. ) ;
#77 = DIRECTION ( 'NONE',  ( 0.000000000000000000, 0.000000000000000000, -1.000000000000000000 ) ) ;
#78 = DIRECTION ( 'NONE',  ( 1.000000000000000000, -4.352956121598125721E-14, 0.000000000000000000 ) ) ;
#79 = AXIS2_PLACEMENT_3D ( 'NONE', #188, #1207, #3252 ) ;
#80 = EDGE_CURVE ( 'NONE', #2873, #36, #3174, .T. ) ;
#81 = VERTEX_POINT ( 'NONE', #2186 ) ;
#82 = ORIENTED_EDGE ( 'NONE', *, *, #1039, .F. ) ;
#83 = DIRECTION ( 'NONE',  ( -0.000000000000000000, -0.000000000000000000, -1.000000000000000000 ) ) ;
#84 = CARTESIAN_POINT ( 'NONE',  ( 0.6720268457828947328, 2.929777689557654607, 1.807398382869307651 ) ) ;
#85 = EDGE_CURVE ( 'NONE', #1977, #532, #1636, .T. ) ;
#86 = AXIS2_PLACEMENT_3D ( 'NONE', #378, #1195, #1180 ) ;
#87 = CIRCLE ( 'NONE', #2412, 0.2999999999999999334 ) ;
#88 = CIRCLE ( 'NONE', #2316, 0.2999999999999999334 ) ;
#89 = EDGE_LOOP ( 'NONE', ( #1499, #1800, #165, #1619, #2037, #58, #2615, #2157, #2534 ) ) ;
#90 = FACE_OUTER_BOUND ( 'NONE', #2088, .T. ) ;
#91 = DIRECTION ( 'NONE',  ( 1.000000000000000000, 0.000000000000000000, 0.000000000000000000 ) ) ;
#92 = CARTESIAN_POINT ( 'NONE',  ( 51.16999999999998749, 0.000000000000000000, 1.250000000000000222 ) ) ;
#93 = DIRECTION ( 'NONE',  ( -1.000000000000000000, 0.000000000000000000, 0.000000000000000000 ) ) ;
#94 = AXIS2_PLACEMENT_3D ( 'NONE', #278, #1558, #1523 ) ;
#95 = AXIS2_PLACEMENT_3D ( 'NONE', #355, #2688, #373 ) ;
#96 = CIRCLE ( 'NONE', #2424, 1.300000000000000044 ) ;
#97 = VERTEX_POINT ( 'NONE', #2956 ) ;
#98 = AXIS2_PLACEMENT_3D ( 'NONE', #332, #2904, #3139 ) ;
#99 = ORIENTED_EDGE ( 'NONE', *, *, #452, .T. ) ;
#100 = CARTESIAN_POINT ( 'NONE',  ( -2.729660544970507363, 5.566772252322823356, 1.250000000000000000 ) ) ;
#101 = AXIS2_PLACEMENT_3D ( 'NONE', #1831, #854, #1861 ) ;
#102 = ORIENTED_EDGE ( 'NONE', *, *, #314, .T. ) ;
#103 = ORIENTED_EDGE ( 'NONE', *, *, #1433, .F. ) ;
#104 = FACE_OUTER_BOUND ( 'NONE', #1553, .T. ) ;
#105 = FACE_OUTER_BOUND ( 'NONE', #1985, .T. ) ;
#106 = EDGE_CURVE ( 'NONE', #2960, #3022, #202, .T. ) ;
#107 = TOROIDAL_SURFACE ( 'NONE', #2379, 176.9600000000000364, 0.2999999999999999889 ) ;
#108 = ADVANCED_FACE ( 'NONE', ( #894 ), #1693, .F. ) ;
#109 = ORIENTED_EDGE ( 'NONE', *, *, #3075, .T. ) ;
#110 = CARTESIAN_POINT ( 'NONE',  ( 37.57080861381277259, 5.544640955107010605, -1.700000000000000178 ) ) ;
#111 = DIRECTION ( 'NONE',  ( 0.000000000000000000, 0.000000000000000000, 1.000000000000000000 ) ) ;
#112 = CARTESIAN_POINT ( 'NONE',  ( 0.8714861275449827804, 3.097891079617579368, -1.891579023077271104 ) ) ;
#113 = CARTESIAN_POINT ( 'NONE',  ( 37.57080861381277259, 5.544640955107010605, 0.9500000000000002887 ) ) ;
#114 = CARTESIAN_POINT ( 'NONE',  ( -0.2296605449705066693, 5.566772252322823356, -1.049999999999998934 ) ) ;
#115 = VERTEX_POINT ( 'NONE', #2937 ) ;
#116 = CARTESIAN_POINT ( 'NONE',  ( -4.066977831037368318, 1.480015289107766474, 1.250000000000000000 ) ) ;
#117 = VERTEX_POINT ( 'NONE', #1166 ) ;
#118 = CARTESIAN_POINT ( 'NONE',  ( 47.65327327016257897, 8.460671217389851506, -2.000000000000000000 ) ) ;
#119 = CARTESIAN_POINT ( 'NONE',  ( 4.241241905485717112, -168.5537438249798754, 0.9500000000000002887 ) ) ;
#120 = ORIENTED_EDGE ( 'NONE', *, *, #1552, .T. ) ;
#121 = DIRECTION ( 'NONE',  ( 0.000000000000000000, 0.000000000000000000, 1.000000000000000000 ) ) ;
#122 = CARTESIAN_POINT ( 'NONE',  ( 36.44264997537227657, -0.3483428465432814036, 1.250000000000000000 ) ) ;
#123 = CARTESIAN_POINT ( 'NONE',  ( 0.9942486913025916362, 3.416772252322846093, -1.700000000000000178 ) ) ;
#124 = CARTESIAN_POINT ( 'NONE',  ( 2.793998154462910666, -1.100737623961548728, 2.147176945767634848 ) ) ;
#125 = EDGE_CURVE ( 'NONE', #2589, #547, #2899, .T. ) ;
#126 = CARTESIAN_POINT ( 'NONE',  ( 0.000000000000000000, 0.000000000000000000, -5.000000000000000000 ) ) ;
#127 = EDGE_CURVE ( 'NONE', #21, #2250, #217, .T. ) ;
#128 = VERTEX_POINT ( 'NONE', #381 ) ;
#129 = CARTESIAN_POINT ( 'NONE',  ( 4.241241905485717112, -168.5537438249798754, -2.000000000000000000 ) ) ;
#130 = DIRECTION ( 'NONE',  ( 0.4999999999999951705, 0.8660254037844413721, -0.000000000000000000 ) ) ;
#131 = ORIENTED_EDGE ( 'NONE', *, *, #483, .T. ) ;
#132 = DIRECTION ( 'NONE',  ( 1.000000000000000000, 0.000000000000000000, 0.000000000000000000 ) ) ;
#133 = DIRECTION ( 'NONE',  ( -0.000000000000000000, -0.000000000000000000, 1.000000000000000000 ) ) ;
#134 =( LENGTH_UNIT ( ) NAMED_UNIT ( * ) SI_UNIT ( .MILLI., .METRE. ) );
#135 = CIRCLE ( 'NONE', #3256, 0.2999999999999998224 ) ;
#136 = ORIENTED_EDGE ( 'NONE', *, *, #288, .F. ) ;
#137 = DIRECTION ( 'NONE',  ( 0.000000000000000000, 0.000000000000000000, -1.000000000000000000 ) ) ;
#138 = LINE ( 'NONE', #2165, #1415 ) ;
#139 = AXIS2_PLACEMENT_3D ( 'NONE', #556, #321, #1566 ) ;
#140 = CARTESIAN_POINT ( 'NONE',  ( -2.424239529237342872, -1.188723140551709134, -1.250000000000000000 ) ) ;
#141 = AXIS2_PLACEMENT_3D ( 'NONE', #2507, #1244, #2771 ) ;
#142 = AXIS2_PLACEMENT_3D ( 'NONE', #1458, #463, #485 ) ;
#143 = DIRECTION ( 'NONE',  ( 1.000000000000000000, 0.000000000000000000, 0.000000000000000000 ) ) ;
#144 = CIRCLE ( 'NONE', #2002, 0.2999999999999999334 ) ;
#145 = AXIS2_PLACEMENT_3D ( 'NONE', #1488, #1764, #2491 ) ;
#146 = EDGE_LOOP ( 'NONE', ( #1417, #282, #43, #569 ) ) ;
#147 = EDGE_CURVE ( 'NONE', #1494, #5, #318, .T. ) ;
#148 = AXIS2_PLACEMENT_3D ( 'NONE', #2613, #1148, #1114 ) ;
#149 = ORIENTED_EDGE ( 'NONE', *, *, #2611, .T. ) ;
#150 = EDGE_CURVE ( 'NONE', #1218, #1334, #1197, .T. ) ;
#151 = CARTESIAN_POINT ( 'NONE',  ( 0.000000000000000000, 0.000000000000000000, 4.700000000000000178 ) ) ;
#152 = CARTESIAN_POINT ( 'NONE',  ( -1.300000000000000044, 1.592040838891559095E-16, 4.700000000000000178 ) ) ;
#153 = CIRCLE ( 'NONE', #2104, 2.699999999999998401 ) ;
#154 = VECTOR ( 'NONE', #130, 1000.000000000000114 ) ;
#155 = ORIENTED_EDGE ( 'NONE', *, *, #543, .F. ) ;
#156 = ORIENTED_EDGE ( 'NONE', *, *, #231, .F. ) ;
#157 = CARTESIAN_POINT ( 'NONE',  ( 2.929898043644557859, -1.064971078347642708, 1.924539399603126588 ) ) ;
#158 = PLANE ( 'NONE',  #3208 ) ;
#159 = ORIENTED_EDGE ( 'NONE', *, *, #2405, .T. ) ;
#160 = CARTESIAN_POINT ( 'NONE',  ( 0.000000000000000000, 0.000000000000000000, -5.000000000000000000 ) ) ;
#161 = CARTESIAN_POINT ( 'NONE',  ( 2.993608498283395480, -0.9632969868660017365, 1.945906512668881261 ) ) ;
#162 = CARTESIAN_POINT ( 'NONE',  ( 2.971986458509494611, -0.4090189365251732379, 2.299999999999999822 ) ) ;
#163 = DIRECTION ( 'NONE',  ( -0.000000000000000000, -0.000000000000000000, -1.000000000000000000 ) ) ;
#164 = DIRECTION ( 'NONE',  ( -0.000000000000000000, -0.000000000000000000, 1.000000000000000000 ) ) ;
#165 = ORIENTED_EDGE ( 'NONE', *, *, #2698, .T. ) ;
#166 = DIRECTION ( 'NONE',  ( 0.000000000000000000, 0.000000000000000000, -1.000000000000000000 ) ) ;
#167 = EDGE_CURVE ( 'NONE', #532, #2960, #2699, .T. ) ;
#168 = DIRECTION ( 'NONE',  ( -1.000000000000000000, 0.000000000000000000, 0.000000000000000000 ) ) ;
#169 = EDGE_CURVE ( 'NONE', #521, #2659, #1331, .T. ) ;
#170 = ORIENTED_EDGE ( 'NONE', *, *, #150, .F. ) ;
#171 = EDGE_CURVE ( 'NONE', #2188, #1559, #419, .T. ) ;
#172 = ORIENTED_EDGE ( 'NONE', *, *, #330, .T. ) ;
#173 = CARTESIAN_POINT ( 'NONE',  ( 46.51408102173317616, -2.902478415157581981, 0.9500000000000002887 ) ) ;
#174 = EDGE_LOOP ( 'NONE', ( #2353, #219, #913, #826 ) ) ;
#175 = DIRECTION ( 'NONE',  ( -0.000000000000000000, -0.000000000000000000, 1.000000000000000000 ) ) ;
#176 = FACE_BOUND ( 'NONE', #818, .T. ) ;
#177 = CARTESIAN_POINT ( 'NONE',  ( 0.7139614214206051468, 2.914303046930863506, -2.181935613042527145 ) ) ;
#178 = DIRECTION ( 'NONE',  ( -1.000000000000000000, 0.000000000000000000, 0.000000000000000000 ) ) ;
#179 = ORIENTED_EDGE ( 'NONE', *, *, #390, .T. ) ;
#180 = CARTESIAN_POINT ( 'NONE',  ( -3.859328493091901624, 1.417107429979447941, 1.225163863382259910 ) ) ;
#181 = CARTESIAN_POINT ( 'NONE',  ( 2.842039930412137760, -0.9711403818734157811, -2.198103092576979556 ) ) ;
#182 = ORIENTED_EDGE ( 'NONE', *, *, #2405, .F. ) ;
#183 = CARTESIAN_POINT ( 'NONE',  ( 37.57080861381277259, 5.544640955107010605, 1.700000000000000178 ) ) ;
#184 = ADVANCED_FACE ( 'NONE', ( #648 ), #107, .T. ) ;
#185 = ORIENTED_EDGE ( 'NONE', *, *, #1552, .F. ) ;
#186 = CYLINDRICAL_SURFACE ( 'NONE', #2160, 2.500000000000002220 ) ;
#187 = EDGE_CURVE ( 'NONE', #2024, #115, #218, .T. ) ;
#188 = CARTESIAN_POINT ( 'NONE',  ( 37.00672929459250327, 2.598149054281850834, -1.700000000000000178 ) ) ;
#189 = DIRECTION ( 'NONE',  ( -0.4999999999999951705, -0.8660254037844413721, 0.000000000000000000 ) ) ;
#190 = CARTESIAN_POINT ( 'NONE',  ( 46.51408102173317616, -2.902478415157581981, -2.000000000000000000 ) ) ;
#191 = TOROIDAL_SURFACE ( 'NONE', #2045, 176.9600000000000364, 0.2999999999999999889 ) ;
#192 = CARTESIAN_POINT ( 'NONE',  ( 4.221338092443585488, 8.406255055666116860, 1.700000000000000178 ) ) ;
#193 = EDGE_CURVE ( 'NONE', #986, #3156, #1640, .T. ) ;
#194 = TOROIDAL_SURFACE ( 'NONE', #2466, 1.300000000000000044, 0.2999999999999999889 ) ;
#195 = TOROIDAL_SURFACE ( 'NONE', #2984, 171.5599999999999739, 0.2999999999999999889 ) ;
#196 = ORIENTED_EDGE ( 'NONE', *, *, #1077, .F. ) ;
#197 = VECTOR ( 'NONE', #3224, 1000.000000000000000 ) ;
#198 = ORIENTED_EDGE ( 'NONE', *, *, #2255, .T. ) ;
#200 = CARTESIAN_POINT ( 'NONE',  ( -3.770734720399545825, 1.393676417737525153, 1.249999999999999778 ) ) ;
#199 = CIRCLE ( 'NONE', #468, 171.5599999999999739 ) ;
#201 = CARTESIAN_POINT ( 'NONE',  ( 2.951704339602517990, -0.5563915331426033672, -2.300000000000000266 ) ) ;
#202 = B_SPLINE_CURVE_WITH_KNOTS ( 'NONE', 3,
 ( #2660, #200, #180, #1704, #2903, #2679, #1397, #2394 ),
 .UNSPECIFIED., .F., .F.,
 ( 4, 2, 2, 4 ),
 ( 0.000000000000000000, 0.0002743935491802336241, 0.0004115903237703510595, 0.0005487870983604685492 ),
 .UNSPECIFIED. ) ;
#203 = ORIENTED_EDGE ( 'NONE', *, *, #2087, .F. ) ;
#204 = ORIENTED_EDGE ( 'NONE', *, *, #1516, .T. ) ;
#205 = DIRECTION ( 'NONE',  ( -1.000000000000000000, 0.000000000000000000, 0.000000000000000000 ) ) ;
#206 = TOROIDAL_SURFACE ( 'NONE', #2004, 2.700000000000029932, 0.2999999999999999889 ) ;
#207 = VECTOR ( 'NONE', #2252, 1000.000000000000000 ) ;
#208 = EDGE_LOOP ( 'NONE', ( #1856, #3257, #387, #1483 ) ) ;
#209 = PRESENTATION_STYLE_ASSIGNMENT (( #706 ) ) ;
#210 = DIRECTION ( 'NONE',  ( -0.000000000000000000, 0.000000000000000000, 1.000000000000000000 ) ) ;
#211 = EDGE_CURVE ( 'NONE', #2584, #424, #908, .T. ) ;
#212 = CARTESIAN_POINT ( 'NONE',  ( 48.16252640759061876, 3.185193870076180378, -1.250000000000000000 ) ) ;
#213 = EDGE_CURVE ( 'NONE', #521, #442, #1086, .T. ) ;
#214 = CARTESIAN_POINT ( 'NONE',  ( 4.241241905485717112, -168.5537438249798754, -1.700000000000000178 ) ) ;
#215 = EDGE_CURVE ( 'NONE', #2056, #2627, #726, .T. ) ;
#216 = FACE_OUTER_BOUND ( 'NONE', #354, .T. ) ;
#217 = CIRCLE ( 'NONE', #3007, 0.3000000000000006550 ) ;
#218 = CIRCLE ( 'NONE', #3065, 176.9600000000000364 ) ;
#219 = ORIENTED_EDGE ( 'NONE', *, *, #1687, .F. ) ;
#220 = DIRECTION ( 'NONE',  ( -0.000000000000000000, -0.000000000000000000, -1.000000000000000000 ) ) ;
#221 = CARTESIAN_POINT ( 'NONE',  ( 4.221338092443599699, 8.406255055666159492, 1.700000000000000178 ) ) ;
#222 = DIRECTION ( 'NONE',  ( -0.04643395291013244219, -0.9989213622789030467, 0.000000000000000000 ) ) ;
#223 = ORIENTED_EDGE ( 'NONE', *, *, #1706, .T. ) ;
#224 = CARTESIAN_POINT ( 'NONE',  ( 2.690335562373048273, -1.426358047602381829, -1.839508924956827718 ) ) ;
#225 = EDGE_LOOP ( 'NONE', ( #2549, #3232, #1297, #3042, #448 ) ) ;
#226 = CARTESIAN_POINT ( 'NONE',  ( -2.999999999999998224, 3.673940397442057896E-16, -2.000000000000000000 ) ) ;
#227 = FACE_OUTER_BOUND ( 'NONE', #3081, .T. ) ;
#228 = CARTESIAN_POINT ( 'NONE',  ( -5.229660544970507807, 5.566772252322823356, 1.049999999999991829 ) ) ;
#229 = CARTESIAN_POINT ( 'NONE',  ( -5.166631845869951611, 3.054567866013368160, -0.9500000000000000666 ) ) ;
#230 = CARTESIAN_POINT ( 'NONE',  ( 4.221304349541728840, 8.706255053768513719, -2.000000000000000000 ) ) ;
#231 = EDGE_CURVE ( 'NONE', #1971, #620, #1514, .T. ) ;
#232 = CARTESIAN_POINT ( 'NONE',  ( 0.000000000000000000, 0.000000000000000000, 4.700000000000000178 ) ) ;
#233 = LINE ( 'NONE', #1961, #207 ) ;
#234 = EDGE_CURVE ( 'NONE', #1695, #2570, #403, .T. ) ;
#235 = DIRECTION ( 'NONE',  ( 0.000000000000000000, 0.000000000000000000, -1.000000000000000000 ) ) ;
#236 = VERTEX_POINT ( 'NONE', #3083 ) ;
#237 = ORIENTED_EDGE ( 'NONE', *, *, #2971, .T. ) ;
#238 = CARTESIAN_POINT ( 'NONE',  ( 3.148172465759815353, -0.6949112787403735059, -1.987593515723725668 ) ) ;
#239 = EDGE_LOOP ( 'NONE', ( #952, #109, #1761, #2884 ) ) ;
#240 = DIRECTION ( 'NONE',  ( -1.000000000000000000, 0.000000000000000000, 0.000000000000000000 ) ) ;
#241 = DIRECTION ( 'NONE',  ( 0.000000000000000000, 0.000000000000000000, 1.000000000000000000 ) ) ;
#242 = CARTESIAN_POINT ( 'NONE',  ( 4.241241905485717112, -168.5537438249798754, 1.250000000000000000 ) ) ;
#243 = DIRECTION ( 'NONE',  ( -0.000000000000000000, -0.000000000000000000, 1.000000000000000000 ) ) ;
#244 = ORIENTED_EDGE ( 'NONE', *, *, #3242, .T. ) ;
#245 = FACE_OUTER_BOUND ( 'NONE', #1646, .T. ) ;
#246 = CIRCLE ( 'NONE', #990, 3.200000000000000178 ) ;
#247 = DIRECTION ( 'NONE',  ( -0.09608549762794386939, 0.9953730843988050081, 0.000000000000000000 ) ) ;
#248 = FACE_OUTER_BOUND ( 'NONE', #612, .T. ) ;
#249 = VECTOR ( 'NONE', #599, 1000.000000000000000 ) ;
#250 = ADVANCED_FACE ( 'NONE', ( #469 ), #1590, .F. ) ;
#251 = AXIS2_PLACEMENT_3D ( 'NONE', #1721, #1074, #222 ) ;
#252 = ADVANCED_FACE ( 'NONE', ( #2273 ), #926, .T. ) ;
#253 = AXIS2_PLACEMENT_3D ( 'NONE', #3082, #1057, #3068 ) ;
#254 = ORIENTED_EDGE ( 'NONE', *, *, #2235, .F. ) ;
#255 = ORIENTED_EDGE ( 'NONE', *, *, #1290, .T. ) ;
#256 = CARTESIAN_POINT ( 'NONE',  ( -5.423260021900969896, 4.245968762820884201, 2.000000000000000000 ) ) ;
#257 = AXIS2_PLACEMENT_3D ( 'NONE', #724, #673, #461 ) ;
#258 = MECHANICAL_DESIGN_GEOMETRIC_PRESENTATION_REPRESENTATION (  '', ( #1787 ), #2579 ) ;
#259 = COLOUR_RGB ( '',0.7921568627450980005, 0.8196078431372548767, 0.9333333333333333481 ) ;
#260 = VERTEX_POINT ( 'NONE', #3004 ) ;
#261 = DIRECTION ( 'NONE',  ( 0.000000000000000000, 0.000000000000000000, 1.000000000000000000 ) ) ;
#262 = DIRECTION ( 'NONE',  ( 0.3481490373631818125, 0.9374391968459019342, 0.000000000000000000 ) ) ;
#263 = FACE_OUTER_BOUND ( 'NONE', #1484, .T. ) ;
#264 = CARTESIAN_POINT ( 'NONE',  ( -2.729660544970507363, 5.566772252322823356, -1.250000000000000000 ) ) ;
#265 = TOROIDAL_SURFACE ( 'NONE', #1274, 176.9600000000000364, 0.2999999999999999889 ) ;
#266 = ORIENTED_EDGE ( 'NONE', *, *, #1622, .T. ) ;
#267 = CARTESIAN_POINT ( 'NONE',  ( 0.000000000000000000, 0.000000000000000000, 2.000000000000000000 ) ) ;
#268 = AXIS2_PLACEMENT_3D ( 'NONE', #1358, #1379, #2609 ) ;
#269 = ADVANCED_FACE ( 'NONE', ( #751 ), #60, .T. ) ;
#270 = EDGE_LOOP ( 'NONE', ( #2148, #2425, #1810, #2973 ) ) ;
#271 = ORIENTED_EDGE ( 'NONE', *, *, #714, .F. ) ;
#272 = CARTESIAN_POINT ( 'NONE',  ( 48.46999999999999886, 0.000000000000000000, 1.050000000000013589 ) ) ;
#273 = ADVANCED_FACE ( 'NONE', ( #2022 ), #2826, .T. ) ;
#274 = ORIENTED_EDGE ( 'NONE', *, *, #2971, .F. ) ;
#275 = DIRECTION ( 'NONE',  ( 1.000000000000000000, 0.000000000000000000, 0.000000000000000000 ) ) ;
#276 = CARTESIAN_POINT ( 'NONE',  ( 0.000000000000000000, 0.000000000000000000, -2.299999999999999822 ) ) ;
#277 = CARTESIAN_POINT ( 'NONE',  ( -0.7338192662517214471, 0.4236707509069596034, -1.250000000000000000 ) ) ;
#278 = CARTESIAN_POINT ( 'NONE',  ( -2.729660544970507363, 5.566772252322823356, -1.250000000000000000 ) ) ;
#279 = ORIENTED_EDGE ( 'NONE', *, *, #1408, .T. ) ;
#280 = DIRECTION ( 'NONE',  ( 0.000000000000000000, 0.000000000000000000, -1.000000000000000000 ) ) ;
#281 = VERTEX_POINT ( 'NONE', #1249 ) ;
#282 = ORIENTED_EDGE ( 'NONE', *, *, #3243, .T. ) ;
#283 = CARTESIAN_POINT ( 'NONE',  ( -1.000000000000000000, 1.224646799147353207E-16, -5.000000000000000000 ) ) ;
#284 = ORIENTED_EDGE ( 'NONE', *, *, #3016, .T. ) ;
#285 = LINE ( 'NONE', #1811, #2794 ) ;
#286 = DIRECTION ( 'NONE',  ( -0.000000000000000000, 0.000000000000000000, 1.000000000000000000 ) ) ;
#287 = DIRECTION ( 'NONE',  ( -0.000000000000000000, -0.000000000000000000, 1.000000000000000000 ) ) ;
#288 = EDGE_CURVE ( 'NONE', #1334, #526, #2092, .T. ) ;
#289 = EDGE_CURVE ( 'NONE', #3022, #2137, #73, .T. ) ;
#290 = VERTEX_POINT ( 'NONE', #1719 ) ;
#291 = CARTESIAN_POINT ( 'NONE',  ( 3.269185104360444072, -0.4499208301776905783, 2.000000000000000000 ) ) ;
#292 = DIRECTION ( 'NONE',  ( 1.000000000000000000, 0.000000000000000000, 0.000000000000000000 ) ) ;
#293 = EDGE_CURVE ( 'NONE', #1959, #876, #932, .T. ) ;
#294 = VECTOR ( 'NONE', #325, 1000.000000000000227 ) ;
#295 = EDGE_LOOP ( 'NONE', ( #650, #1430, #254 ) ) ;
#297 = ORIENTED_EDGE ( 'NONE', *, *, #610, .T. ) ;
#296 = AXIS2_PLACEMENT_3D ( 'NONE', #3012, #805, #1011 ) ;
#298 = VERTEX_POINT ( 'NONE', #3019 ) ;
#299 = FACE_OUTER_BOUND ( 'NONE', #2857, .T. ) ;
#300 = CIRCLE ( 'NONE', #2150, 2.699999999999998401 ) ;
#301 = CIRCLE ( 'NONE', #2361, 4.999999999999997335 ) ;
#302 = ORIENTED_EDGE ( 'NONE', *, *, #838, .T. ) ;
#303 = DIRECTION ( 'NONE',  ( 0.4402678298339660068, -0.8978664923101262740, 0.000000000000000000 ) ) ;
#304 = TOROIDAL_SURFACE ( 'NONE', #1095, 5.299999999999999822, 0.2999999999999999889 ) ;
#305 = CYLINDRICAL_SURFACE ( 'NONE', #1473, 1.000000000000000000 ) ;
#306 = AXIS2_PLACEMENT_3D ( 'NONE', #264, #762, #817 ) ;
#307 = CIRCLE ( 'NONE', #145, 4.299999999999999822 ) ;
#308 = ORIENTED_EDGE ( 'NONE', *, *, #3034, .F. ) ;
#309 = ADVANCED_FACE ( 'NONE', ( #2251 ), #191, .T. ) ;
#310 = DIRECTION ( 'NONE',  ( 1.000000000000000000, 0.000000000000000000, 0.000000000000000000 ) ) ;
#311 = CARTESIAN_POINT ( 'NONE',  ( 0.000000000000000000, 0.000000000000000000, 2.000000000000000000 ) ) ;
#312 = DIRECTION ( 'NONE',  ( -0.000000000000000000, -0.000000000000000000, -1.000000000000000000 ) ) ;
#313 = DIRECTION ( 'NONE',  ( 0.4999999999999951705, 0.8660254037844413721, 0.000000000000000000 ) ) ;
#314 = EDGE_CURVE ( 'NONE', #9, #2319, #462, .T. ) ;
#315 = VECTOR ( 'NONE', #2136, 999.9999999999998863 ) ;
#316 = ORIENTED_EDGE ( 'NONE', *, *, #2992, .T. ) ;
#317 = CARTESIAN_POINT ( 'NONE',  ( 38.71331107725148257, 5.068273740296743490, 1.249999999999995559 ) ) ;
#318 = CIRCLE ( 'NONE', #1592, 2.999999999999998224 ) ;
#319 = ORIENTED_EDGE ( 'NONE', *, *, #1547, .T. ) ;
#320 = DIRECTION ( 'NONE',  ( -0.000000000000000000, 0.000000000000000000, 1.000000000000000000 ) ) ;
#321 = DIRECTION ( 'NONE',  ( -0.000000000000000000, -0.000000000000000000, 1.000000000000000000 ) ) ;
#322 = CARTESIAN_POINT ( 'NONE',  ( 2.327262649190777744, -1.893105533688356434, -1.700000000000000178 ) ) ;
#323 = ORIENTED_EDGE ( 'NONE', *, *, #982, .F. ) ;
#324 = LINE ( 'NONE', #2342, #2569 ) ;
#325 = DIRECTION ( 'NONE',  ( -0.4402678298339659513, 0.8978664923101262740, -0.000000000000000000 ) ) ;
#326 = DIRECTION ( 'NONE',  ( 0.000000000000000000, 0.000000000000000000, 1.000000000000000000 ) ) ;
#327 = CARTESIAN_POINT ( 'NONE',  ( -2.729660544970507363, 5.566772252322823356, 1.250000000000000222 ) ) ;
#328 = EDGE_CURVE ( 'NONE', #2188, #1467, #2089, .T. ) ;
#329 = EDGE_LOOP ( 'NONE', ( #1910, #1200, #1003, #3248 ) ) ;
#330 = EDGE_CURVE ( 'NONE', #1814, #969, #2931, .T. ) ;
#331 = DIRECTION ( 'NONE',  ( -0.000000000000000000, -0.000000000000000000, 1.000000000000000000 ) ) ;
#332 = CARTESIAN_POINT ( 'NONE',  ( 0.000000000000000000, 0.000000000000000000, -2.000000000000000000 ) ) ;
#333 = ORIENTED_EDGE ( 'NONE', *, *, #535, .T. ) ;
#334 = DIRECTION ( 'NONE',  ( -0.000000000000000000, -0.000000000000000000, 1.000000000000000000 ) ) ;
#335 = CARTESIAN_POINT ( 'NONE',  ( 48.46999999999999886, 0.000000000000000000, 1.250000000000000000 ) ) ;
#336 = ORIENTED_EDGE ( 'NONE', *, *, #1864, .T. ) ;
#337 = DIRECTION ( 'NONE',  ( -1.000000000000000000, 0.000000000000000000, 0.000000000000000000 ) ) ;
#338 = CARTESIAN_POINT ( 'NONE',  ( 4.221338092443599699, 8.406255055666159492, -1.700000000000000178 ) ) ;
#339 = DIRECTION ( 'NONE',  ( 0.000000000000000000, 0.000000000000000000, -1.000000000000000000 ) ) ;
#340 = DIRECTION ( 'NONE',  ( -0.7177726818027014843, 0.6962775145426987056, 0.000000000000000000 ) ) ;
#341 = ORIENTED_EDGE ( 'NONE', *, *, #1928, .T. ) ;
#342 = FACE_OUTER_BOUND ( 'NONE', #1597, .T. ) ;
#343 = EDGE_CURVE ( 'NONE', #3125, #21, #725, .T. ) ;
#344 = LINE ( 'NONE', #1380, #154 ) ;
#345 = EDGE_CURVE ( 'NONE', #1750, #1253, #3, .T. ) ;
#346 = AXIS2_PLACEMENT_3D ( 'NONE', #2962, #1713, #2213 ) ;
#347 = ORIENTED_EDGE ( 'NONE', *, *, #3089, .F. ) ;
#348 = DIRECTION ( 'NONE',  ( 0.000000000000000000, 0.000000000000000000, -1.000000000000000000 ) ) ;
#349 = DIRECTION ( 'NONE',  ( 0.000000000000000000, -0.000000000000000000, -1.000000000000000000 ) ) ;
#350 = SURFACE_STYLE_FILL_AREA ( #1402 ) ;
#351 = AXIS2_PLACEMENT_3D ( 'NONE', #1022, #2542, #2566 ) ;
#352 = CIRCLE ( 'NONE', #781, 2.999999999999998224 ) ;
#353 = AXIS2_PLACEMENT_3D ( 'NONE', #576, #1589, #28 ) ;
#354 = EDGE_LOOP ( 'NONE', ( #2011, #1519, #1070, #2373 ) ) ;
#355 = CARTESIAN_POINT ( 'NONE',  ( 11.63631324595389138, -9.465527668441804821, -1.700000000000000178 ) ) ;
#356 = DIRECTION ( 'NONE',  ( -0.000000000000000000, 0.000000000000000000, 1.000000000000000000 ) ) ;
#357 = CARTESIAN_POINT ( 'NONE',  ( 0.5490689679335003515, 2.951205720454812109, -2.006499131530339319 ) ) ;
#358 = DIRECTION ( 'NONE',  ( 0.000000000000000000, 0.000000000000000000, -1.000000000000000000 ) ) ;
#359 = AXIS2_PLACEMENT_3D ( 'NONE', #2508, #1258, #430 ) ;
#360 = AXIS2_PLACEMENT_3D ( 'NONE', #2426, #1860, #3146 ) ;
#361 = DIRECTION ( 'NONE',  ( -0.4999999999999952260, -0.8660254037844413721, -0.000000000000000000 ) ) ;
#362 = AXIS2_PLACEMENT_3D ( 'NONE', #1537, #550, #2518 ) ;
#363 = CARTESIAN_POINT ( 'NONE',  ( 37.77248356600240697, -0.3024750847299014223, 1.250000000000000000 ) ) ;
#364 = LINE ( 'NONE', #1093, #1055 ) ;
#365 = EDGE_CURVE ( 'NONE', #1446, #664, #2407, .T. ) ;
#366 = ORIENTED_EDGE ( 'NONE', *, *, #962, .F. ) ;
#367 = ORIENTED_EDGE ( 'NONE', *, *, #1039, .T. ) ;
#368 = DIRECTION ( 'NONE',  ( 1.000000000000000000, 0.000000000000000000, 0.000000000000000000 ) ) ;
#369 = DIRECTION ( 'NONE',  ( 1.000000000000000000, -2.129503714163111698E-14, 0.000000000000000000 ) ) ;
#370 = CARTESIAN_POINT ( 'NONE',  ( -8.648019418583444917, -0.5342955430001402606, 0.9500000000000002887 ) ) ;
#371 = ADVANCED_FACE ( 'NONE', ( #1352 ), #2563, .T. ) ;
#372 = VERTEX_POINT ( 'NONE', #867 ) ;
#373 = DIRECTION ( 'NONE',  ( 1.000000000000000000, 0.000000000000000000, 0.000000000000000000 ) ) ;
#374 = ADVANCED_FACE ( 'NONE', ( #2655 ), #1876, .F. ) ;
#375 = DIRECTION ( 'NONE',  ( -0.1363396455083911440, -0.9906621528364987217, -0.000000000000000000 ) ) ;
#376 = DIRECTION ( 'NONE',  ( 0.000000000000000000, 0.000000000000000000, 1.000000000000000000 ) ) ;
#377 = CARTESIAN_POINT ( 'NONE',  ( -4.003575753324915887, 1.459730821394765510, -1.118240898681629902 ) ) ;
#378 = CARTESIAN_POINT ( 'NONE',  ( 4.241241905485717112, -168.5537438249798754, -1.250000000000000000 ) ) ;
#379 = ORIENTED_EDGE ( 'NONE', *, *, #1692, .F. ) ;
#380 = VERTEX_POINT ( 'NONE', #2667 ) ;
#381 = CARTESIAN_POINT ( 'NONE',  ( 12.19352068087550478, 2.521528678905010423, 1.700000000000000178 ) ) ;
#382 = DIRECTION ( 'NONE',  ( 1.000000000000000000, 0.000000000000000000, 0.000000000000000000 ) ) ;
#383 = VERTEX_POINT ( 'NONE', #3147 ) ;
#384 = DIRECTION ( 'NONE',  ( 0.000000000000000000, 0.000000000000000000, 1.000000000000000000 ) ) ;
#385 = FACE_OUTER_BOUND ( 'NONE', #404, .T. ) ;
#386 = FILL_AREA_STYLE_COLOUR ( '', #259 ) ;
#387 = ORIENTED_EDGE ( 'NONE', *, *, #2406, .F. ) ;
#388 = DIRECTION ( 'NONE',  ( -0.000000000000000000, -0.000000000000000000, 1.000000000000000000 ) ) ;
#389 = DIRECTION ( 'NONE',  ( 1.000000000000000000, 0.000000000000000000, 0.000000000000000000 ) ) ;
#390 = EDGE_CURVE ( 'NONE', #681, #1977, #246, .T. ) ;
#391 = CARTESIAN_POINT ( 'NONE',  ( 0.9372292266892199297, 3.103908260893295967, -1.940967805417271208 ) ) ;
#392 = CARTESIAN_POINT ( 'NONE',  ( -4.957748591507143310, 3.269899670554178073, 0.9500000000000002887 ) ) ;
#393 = ADVANCED_FACE ( 'NONE', ( #2355 ), #611, .T. ) ;
#394 = DIRECTION ( 'NONE',  ( -0.000000000000000000, 0.000000000000000000, 1.000000000000000000 ) ) ;
#395 = ORIENTED_EDGE ( 'NONE', *, *, #2366, .F. ) ;
#396 = FACE_OUTER_BOUND ( 'NONE', #2329, .T. ) ;
#397 = DIRECTION ( 'NONE',  ( 1.000000000000000000, 0.000000000000000000, 0.000000000000000000 ) ) ;
#398 = ORIENTED_EDGE ( 'NONE', *, *, #2239, .T. ) ;
#399 = ORIENTED_EDGE ( 'NONE', *, *, #3184, .T. ) ;
#400 = DIRECTION ( 'NONE',  ( 1.000000000000000000, -1.766847984791173602E-15, 0.000000000000000000 ) ) ;
#401 = DIRECTION ( 'NONE',  ( 1.000000000000000000, 0.000000000000000000, 0.000000000000000000 ) ) ;
#402 = AXIS2_PLACEMENT_3D ( 'NONE', #3187, #210, #707 ) ;
#403 = CIRCLE ( 'NONE', #2258, 0.2999999999999999334 ) ;
#404 = EDGE_LOOP ( 'NONE', ( #319, #2683, #2438, #1845 ) ) ;
#405 = CARTESIAN_POINT ( 'NONE',  ( 36.87668939726572148, -0.4073203369503083371, -1.089929287344099773 ) ) ;
#406 = DIRECTION ( 'NONE',  ( 0.4999999999999951705, 0.8660254037844413721, -0.000000000000000000 ) ) ;
#407 = CIRCLE ( 'NONE', #86, 176.9600000000000364 ) ;
#408 = DIRECTION ( 'NONE',  ( 0.000000000000000000, 0.000000000000000000, 1.000000000000000000 ) ) ;
#409 = CARTESIAN_POINT ( 'NONE',  ( 0.000000000000000000, 0.000000000000000000, -4.700000000000000178 ) ) ;
#410 = CIRCLE ( 'NONE', #33, 0.3000000000000002109 ) ;
#411 = CIRCLE ( 'NONE', #1574, 3.200000000000001510 ) ;
#412 = EDGE_CURVE ( 'NONE', #1205, #1218, #1355, .T. ) ;
#413 = DIRECTION ( 'NONE',  ( -0.000000000000000000, -0.000000000000000000, 1.000000000000000000 ) ) ;
#414 = CIRCLE ( 'NONE', #1738, 2.700000000000008171 ) ;
#415 = CIRCLE ( 'NONE', #626, 0.3000000000000007105 ) ;
#416 = ORIENTED_EDGE ( 'NONE', *, *, #1809, .T. ) ;
#417 = VECTOR ( 'NONE', #769, 1000.000000000000000 ) ;
#418 = ORIENTED_EDGE ( 'NONE', *, *, #288, .T. ) ;
#419 = LINE ( 'NONE', #2200, #2696 ) ;
#420 = CARTESIAN_POINT ( 'NONE',  ( 2.971986458509494167, -0.4090189365251732934, -2.299999999999999822 ) ) ;
#421 = CIRCLE ( 'NONE', #2059, 3.200000000000000622 ) ;
#422 = AXIS2_PLACEMENT_3D ( 'NONE', #603, #339, #1073 ) ;
#423 = ORIENTED_EDGE ( 'NONE', *, *, #798, .T. ) ;
#424 = VERTEX_POINT ( 'NONE', #2375 ) ;
#425 = CARTESIAN_POINT ( 'NONE',  ( 43.71991105278057432, -7.048876151096988174, -1.250000000000000000 ) ) ;
#426 = ORIENTED_EDGE ( 'NONE', *, *, #1822, .T. ) ;
#427 = CARTESIAN_POINT ( 'NONE',  ( 37.32404698368927853, -0.3871714693430071130, -1.200566054419596185 ) ) ;
#428 = CARTESIAN_POINT ( 'NONE',  ( -2.693599476930380376, -1.320803489501899186, -2.000000000000000000 ) ) ;
#429 = FACE_OUTER_BOUND ( 'NONE', #1859, .T. ) ;
#430 = DIRECTION ( 'NONE',  ( -0.8660254037844036246, 0.5000000000000606182, 0.000000000000000000 ) ) ;
#431 = CARTESIAN_POINT ( 'NONE',  ( 40.00672929459253879, 2.598149054281850834, 1.700000000000000178 ) ) ;
#432 = ORIENTED_EDGE ( 'NONE', *, *, #967, .T. ) ;
#433 = ORIENTED_EDGE ( 'NONE', *, *, #813, .F. ) ;
#434 = DIRECTION ( 'NONE',  ( 0.4402678298339659513, -0.8978664923101262740, 0.000000000000000000 ) ) ;
#435 = CARTESIAN_POINT ( 'NONE',  ( -2.729660544970507363, 5.566772252322823356, -1.250000000000000000 ) ) ;
#436 = EDGE_CURVE ( 'NONE', #536, #97, #1464, .T. ) ;
#437 = EDGE_CURVE ( 'NONE', #128, #634, #135, .T. ) ;
#438 = ORIENTED_EDGE ( 'NONE', *, *, #1707, .T. ) ;
#439 = EDGE_LOOP ( 'NONE', ( #2472, #1155, #1336, #702 ) ) ;
#440 = CARTESIAN_POINT ( 'NONE',  ( 2.492740250325671258, -1.689677973235027775, -1.839266614004848588 ) ) ;
#441 = EDGE_CURVE ( 'NONE', #81, #2769, #1781, .T. ) ;
#442 = VERTEX_POINT ( 'NONE', #622 ) ;
#443 = FACE_OUTER_BOUND ( 'NONE', #589, .T. ) ;
#444 = DIRECTION ( 'NONE',  ( -0.000000000000000000, -0.000000000000000000, 1.000000000000000000 ) ) ;
#445 = DIRECTION ( 'NONE',  ( -1.000000000000000000, 0.000000000000000000, 0.000000000000000000 ) ) ;
#446 = CARTESIAN_POINT ( 'NONE',  ( 0.000000000000000000, 0.000000000000000000, 5.000000000000000000 ) ) ;
#447 = DIRECTION ( 'NONE',  ( 1.000000000000000000, 0.000000000000000000, 0.000000000000000000 ) ) ;
#448 = ORIENTED_EDGE ( 'NONE', *, *, #1450, .F. ) ;
#449 = DIRECTION ( 'NONE',  ( -0.000000000000000000, -0.000000000000000000, -1.000000000000000000 ) ) ;
#450 = DIRECTION ( 'NONE',  ( 0.000000000000000000, -1.000000000000000000, 0.000000000000000000 ) ) ;
#451 = ORIENTED_EDGE ( 'NONE', *, *, #1724, .T. ) ;
#452 = EDGE_CURVE ( 'NONE', #2461, #1253, #1990, .T. ) ;
#453 = ORIENTED_EDGE ( 'NONE', *, *, #1287, .F. ) ;
#454 = ORIENTED_EDGE ( 'NONE', *, *, #8, .F. ) ;
#455 = CARTESIAN_POINT ( 'NONE',  ( 46.68173121987033625, -2.653694551001219981, -1.250000000000000000 ) ) ;
#456 = EDGE_CURVE ( 'NONE', #3129, #1695, #1916, .T. ) ;
#457 = ORIENTED_EDGE ( 'NONE', *, *, #293, .F. ) ;
#458 = SURFACE_STYLE_FILL_AREA ( #956 ) ;
#459 = CARTESIAN_POINT ( 'NONE',  ( 3.874709418001696104, 8.405876580172527923, -1.250000000000000000 ) ) ;
#460 = CARTESIAN_POINT ( 'NONE',  ( 50.96999999999999886, 0.000000000000000000, 1.050000000000013589 ) ) ;
#461 = DIRECTION ( 'NONE',  ( 1.000000000000000000, 0.000000000000000000, 0.000000000000000000 ) ) ;
#462 = CIRCLE ( 'NONE', #2778, 3.000000000000030198 ) ;
#463 = DIRECTION ( 'NONE',  ( -0.000000000000000000, -0.000000000000000000, 1.000000000000000000 ) ) ;
#464 = VECTOR ( 'NONE', #958, 1000.000000000000000 ) ;
#465 = AXIS2_PLACEMENT_3D ( 'NONE', #3274, #3044, #1825 ) ;
#466 = VECTOR ( 'NONE', #2722, 1000.000000000000000 ) ;
#467 = ORIENTED_EDGE ( 'NONE', *, *, #2596, .T. ) ;
#469 = FACE_OUTER_BOUND ( 'NONE', #801, .T. ) ;
#468 = AXIS2_PLACEMENT_3D ( 'NONE', #993, #2774, #1984 ) ;
#470 = CARTESIAN_POINT ( 'NONE',  ( 39.70672929459253453, 2.598149054281850834, 2.000000000000000000 ) ) ;
#471 = FACE_OUTER_BOUND ( 'NONE', #1582, .T. ) ;
#472 = COLOUR_RGB ( '',0.7921568627450980005, 0.8196078431372548767, 0.9333333333333333481 ) ;
#473 = VERTEX_POINT ( 'NONE', #1900 ) ;
#474 = ORIENTED_EDGE ( 'NONE', *, *, #2635, .F. ) ;
#475 = CARTESIAN_POINT ( 'NONE',  ( 2.957289181570811554, -0.5158115026793894664, -2.037287324910359132 ) ) ;
#476 = VECTOR ( 'NONE', #1978, 1000.000000000000000 ) ;
#477 = CIRCLE ( 'NONE', #1794, 2.500000000000002220 ) ;
#478 = ORIENTED_EDGE ( 'NONE', *, *, #3134, .T. ) ;
#479 = DIRECTION ( 'NONE',  ( 1.000000000000000000, 0.000000000000000000, 0.000000000000000000 ) ) ;
#480 = CARTESIAN_POINT ( 'NONE',  ( -1.000000000000000000, 1.224646799147353207E-16, 4.700000000000000178 ) ) ;
#481 = CARTESIAN_POINT ( 'NONE',  ( -8.648019418583444917, -0.5342955430001402606, -1.250000000000000000 ) ) ;
#482 = DIRECTION ( 'NONE',  ( 0.000000000000000000, 0.000000000000000000, 1.000000000000000000 ) ) ;
#483 = EDGE_CURVE ( 'NONE', #876, #260, #1939, .T. ) ;
#484 = EDGE_CURVE ( 'NONE', #2038, #473, #138, .T. ) ;
#485 = DIRECTION ( 'NONE',  ( 1.000000000000000000, 0.000000000000000000, 0.000000000000000000 ) ) ;
#486 = AXIS2_PLACEMENT_3D ( 'NONE', #584, #631, #1593 ) ;
#487 = DIRECTION ( 'NONE',  ( 1.000000000000000000, 0.000000000000000000, 0.000000000000000000 ) ) ;
#488 = CARTESIAN_POINT ( 'NONE',  ( 3.299999999999998046, 0.000000000000000000, -2.299999999999999822 ) ) ;
#489 = CARTESIAN_POINT ( 'NONE',  ( -0.1137107917233066423, 13.65421974139413663, -0.9500000000000000666 ) ) ;
#490 = VERTEX_POINT ( 'NONE', #1931 ) ;
#491 = CARTESIAN_POINT ( 'NONE',  ( -8.648019418583444917, -0.5342955430001402606, -0.9500000000000000666 ) ) ;
#492 = ORIENTED_EDGE ( 'NONE', *, *, #2128, .F. ) ;
#493 = DIRECTION ( 'NONE',  ( 0.000000000000000000, 0.000000000000000000, -1.000000000000000000 ) ) ;
#494 = DIRECTION ( 'NONE',  ( 1.000000000000000000, 0.000000000000000000, 0.000000000000000000 ) ) ;
#495 = DIRECTION ( 'NONE',  ( 1.000000000000000000, 0.000000000000000000, 0.000000000000000000 ) ) ;
#496 = EDGE_CURVE ( 'NONE', #505, #3221, #1950, .T. ) ;
#497 = DIRECTION ( 'NONE',  ( 0.000000000000000000, 0.000000000000000000, 1.000000000000000000 ) ) ;
#498 = ADVANCED_FACE ( 'NONE', ( #2231 ), #1524, .T. ) ;
#499 = ORIENTED_EDGE ( 'NONE', *, *, #1863, .F. ) ;
#500 = DIRECTION ( 'NONE',  ( 1.000000000000000000, 0.000000000000000000, 0.000000000000000000 ) ) ;
#501 = DIRECTION ( 'NONE',  ( -0.7177726818027014843, 0.6962775145426985945, 0.000000000000000000 ) ) ;
#502 = VERTEX_POINT ( 'NONE', #1999 ) ;
#503 = ORIENTED_EDGE ( 'NONE', *, *, #742, .F. ) ;
#504 = DIRECTION ( 'NONE',  ( -0.4402678298339658958, 0.8978664923101263851, 6.489792010430523919E-16 ) ) ;
#505 = VERTEX_POINT ( 'NONE', #2195 ) ;
#506 = LINE ( 'NONE', #226, #2418 ) ;
#507 = CARTESIAN_POINT ( 'NONE',  ( 1.148891823298499704, 3.093549349591474762, 2.299999999999999822 ) ) ;
#508 = DIRECTION ( 'NONE',  ( -1.000000000000000000, 0.000000000000000000, 0.000000000000000000 ) ) ;
#509 = DIRECTION ( 'NONE',  ( 1.000000000000000000, 0.000000000000000000, 0.000000000000000000 ) ) ;
#510 = VERTEX_POINT ( 'NONE', #935 ) ;
#511 = DIRECTION ( 'NONE',  ( 1.000000000000000000, 0.000000000000000000, 0.000000000000000000 ) ) ;
#512 = EDGE_CURVE ( 'NONE', #1238, #290, #3071, .T. ) ;
#513 = VECTOR ( 'NONE', #241, 1000.000000000000000 ) ;
#514 = ADVANCED_FACE ( 'NONE', ( #1683 ), #693, .T. ) ;
#515 = CARTESIAN_POINT ( 'NONE',  ( 4.173014519138229517, 8.706249622305129776, 0.9982489410407765495 ) ) ;
#516 = CIRCLE ( 'NONE', #2147, 3.500000000000000000 ) ;
#517 = EDGE_CURVE ( 'NONE', #1891, #2552, #2256, .T. ) ;
#518 = CIRCLE ( 'NONE', #1528, 176.9600000000000364 ) ;
#519 = CIRCLE ( 'NONE', #883, 4.299999999999999822 ) ;
#520 = ORIENTED_EDGE ( 'NONE', *, *, #2409, .T. ) ;
#521 = VERTEX_POINT ( 'NONE', #1699 ) ;
#522 = DIRECTION ( 'NONE',  ( -0.7071067811865460184, 8.659560562354913137E-17, 0.7071067811865489050 ) ) ;
#523 = CIRCLE ( 'NONE', #1422, 171.2599999999999625 ) ;
#524 = AXIS2_PLACEMENT_3D ( 'NONE', #1949, #2947, #2456 ) ;
#525 = CIRCLE ( 'NONE', #3052, 2.700000000000028599 ) ;
#526 = VERTEX_POINT ( 'NONE', #480 ) ;
#527 = LINE ( 'NONE', #2541, #1954 ) ;
#528 = CARTESIAN_POINT ( 'NONE',  ( 45.96999999999999886, 0.000000000000000000, -1.050000000000000488 ) ) ;
#529 = CARTESIAN_POINT ( 'NONE',  ( 0.7548018755092327225, 2.905405072260453192, 2.228747473200078488 ) ) ;
#530 = DIRECTION ( 'NONE',  ( -0.000000000000000000, -0.000000000000000000, 1.000000000000000000 ) ) ;
#531 = TOROIDAL_SURFACE ( 'NONE', #2367, 1.300000000000000044, 0.2999999999999999889 ) ;
#532 = VERTEX_POINT ( 'NONE', #973 ) ;
#533 = FACE_OUTER_BOUND ( 'NONE', #329, .T. ) ;
#534 = ORIENTED_EDGE ( 'NONE', *, *, #3121, .T. ) ;
#535 = EDGE_CURVE ( 'NONE', #983, #2659, #1753, .T. ) ;
#536 = VERTEX_POINT ( 'NONE', #2742 ) ;
#537 = CARTESIAN_POINT ( 'NONE',  ( 0.000000000000000000, 0.000000000000000000, -4.700000000000000178 ) ) ;
#538 = EDGE_CURVE ( 'NONE', #2386, #2437, #2671, .T. ) ;
#539 = ORIENTED_EDGE ( 'NONE', *, *, #2389, .T. ) ;
#540 = CARTESIAN_POINT ( 'NONE',  ( 2.951981691254875084, -0.5543762588326787144, 2.299999938793768628 ) ) ;
#541 = CARTESIAN_POINT ( 'NONE',  ( 36.44264997537227657, -0.3483428465432814036, -0.9500000000000000666 ) ) ;
#542 = DIRECTION ( 'NONE',  ( 1.000000000000000000, 0.000000000000000000, 0.000000000000000000 ) ) ;
#543 = EDGE_CURVE ( 'NONE', #1629, #3165, #1259, .T. ) ;
#544 = ORIENTED_EDGE ( 'NONE', *, *, #2372, .F. ) ;
#545 = CYLINDRICAL_SURFACE ( 'NONE', #2208, 5.000000000000000000 ) ;
#546 = CARTESIAN_POINT ( 'NONE',  ( 0.000000000000000000, 0.000000000000000000, -2.299999999999999822 ) ) ;
#547 = VERTEX_POINT ( 'NONE', #2706 ) ;
#548 = ORIENTED_EDGE ( 'NONE', *, *, #3055, .T. ) ;
#549 = ORIENTED_EDGE ( 'NONE', *, *, #29, .T. ) ;
#550 = DIRECTION ( 'NONE',  ( 0.000000000000000000, 0.000000000000000000, 1.000000000000000000 ) ) ;
#551 = ADVANCED_FACE ( 'NONE', ( #227, #176 ), #2246, .T. ) ;
#552 = EDGE_CURVE ( 'NONE', #2662, #3145, #3206, .T. ) ;
#553 = EDGE_LOOP ( 'NONE', ( #1905, #1164, #1792, #1554 ) ) ;
#554 = CARTESIAN_POINT ( 'NONE',  ( 37.00672929459250327, 2.598149054281850834, 1.700000000000000178 ) ) ;
#555 = EDGE_CURVE ( 'NONE', #3221, #3156, #1192, .T. ) ;
#556 = CARTESIAN_POINT ( 'NONE',  ( -2.729660544970507363, 5.566772252322823356, -2.000000000000000000 ) ) ;
#557 = DIRECTION ( 'NONE',  ( -1.000000000000000000, 0.000000000000000000, 0.000000000000000000 ) ) ;
#558 = ORIENTED_EDGE ( 'NONE', *, *, #2214, .F. ) ;
#559 = CYLINDRICAL_SURFACE ( 'NONE', #1361, 11.99999999999998579 ) ;
#560 = DIRECTION ( 'NONE',  ( 1.000000000000000000, 0.000000000000000000, 0.000000000000000000 ) ) ;
#561 = DIRECTION ( 'NONE',  ( -0.000000000000000000, 0.000000000000000000, 1.000000000000000000 ) ) ;
#562 = AXIS2_PLACEMENT_3D ( 'NONE', #1177, #2180, #1599 ) ;
#564 = DIRECTION ( 'NONE',  ( -1.000000000000000000, 0.000000000000000000, 0.000000000000000000 ) ) ;
#563 = CIRCLE ( 'NONE', #1833, 177.2600000000000193 ) ;
#565 = CARTESIAN_POINT ( 'NONE',  ( 36.44264997537227657, -0.3483428465432814036, -1.250000000000000000 ) ) ;
#566 = CIRCLE ( 'NONE', #2935, 1.000000000000000000 ) ;
#567 = TOROIDAL_SURFACE ( 'NONE', #253, 5.299999999999999822, 0.2999999999999999889 ) ;
#568 = TOROIDAL_SURFACE ( 'NONE', #2838, 3.200000000000000178, 0.2999999999999999889 ) ;
#569 = ORIENTED_EDGE ( 'NONE', *, *, #1211, .T. ) ;
#570 = CARTESIAN_POINT ( 'NONE',  ( -2.719422214324873188, 1.266784441109215731, 1.250000000000000000 ) ) ;
#571 = CARTESIAN_POINT ( 'NONE',  ( 12.20745086674854640, 2.821205087588688265, 2.000000000000000000 ) ) ;
#572 = CIRCLE ( 'NONE', #679, 3.500000000000003109 ) ;
#573 = TOROIDAL_SURFACE ( 'NONE', #2419, 4.599999999999999645, 0.2999999999999999889 ) ;
#574 = CIRCLE ( 'NONE', #2888, 0.3000000000000000444 ) ;
#575 = EDGE_LOOP ( 'NONE', ( #914, #1936, #99, #2803 ) ) ;
#576 = CARTESIAN_POINT ( 'NONE',  ( -2.729660544970507363, 5.566772252322823356, -1.049999999999998934 ) ) ;
#577 = DIRECTION ( 'NONE',  ( 1.000000000000000000, 0.000000000000000000, 0.000000000000000000 ) ) ;
#578 = EDGE_CURVE ( 'NONE', #36, #1147, #667, .T. ) ;
#579 = CYLINDRICAL_SURFACE ( 'NONE', #1276, 0.3000000000000000444 ) ;
#580 = FACE_OUTER_BOUND ( 'NONE', #575, .T. ) ;
#581 = CIRCLE ( 'NONE', #1376, 2.999999999999997335 ) ;
#582 = EDGE_CURVE ( 'NONE', #81, #380, #2514, .T. ) ;
#583 = B_SPLINE_CURVE_WITH_KNOTS ( 'NONE', 3,
 ( #3149, #938, #2690, #2897, #2707, #2656, #694, #868 ),
 .UNSPECIFIED., .F., .F.,
 ( 4, 2, 2, 4 ),
 ( -1.104835832579261138E-05, 0.0006875457984200286773, 0.001036842876792947767, 0.001386139955165867181 ),
 .UNSPECIFIED. ) ;
#584 = CARTESIAN_POINT ( 'NONE',  ( 0.000000000000000000, 0.000000000000000000, 4.700000000000000178 ) ) ;
#585 = FACE_OUTER_BOUND ( 'NONE', #2989, .T. ) ;
#586 = ORIENTED_EDGE ( 'NONE', *, *, #2219, .T. ) ;
#587 = ORIENTED_EDGE ( 'NONE', *, *, #1534, .F. ) ;
#588 = CARTESIAN_POINT ( 'NONE',  ( 0.9942486913025916362, 3.416772252322846093, 1.250000000000000000 ) ) ;
#589 = EDGE_LOOP ( 'NONE', ( #2901, #2804, #2328, #1548 ) ) ;
#590 = DIRECTION ( 'NONE',  ( 0.9906621528364986107, -0.1363396455083915049, 0.000000000000000000 ) ) ;
#591 = DIRECTION ( 'NONE',  ( 0.9997144933961044089, 0.02389417698457731165, 5.645274091694286453E-18 ) ) ;
#592 = DIRECTION ( 'NONE',  ( 0.7071067811865444641, 0.000000000000000000, 0.7071067811865505703 ) ) ;
#593 = CARTESIAN_POINT ( 'NONE',  ( 48.46999999999999886, 0.000000000000000000, 1.250000000000000000 ) ) ;
#594 = EDGE_CURVE ( 'NONE', #1925, #2627, #1203, .T. ) ;
#595 = ADVANCED_FACE ( 'NONE', ( #921, #3222 ), #2474, .T. ) ;
#596 = DIRECTION ( 'NONE',  ( 1.000000000000000000, 0.000000000000000000, 0.000000000000000000 ) ) ;
#597 = ORIENTED_EDGE ( 'NONE', *, *, #2052, .F. ) ;
#598 = CARTESIAN_POINT ( 'NONE',  ( 2.503151358944314175, -1.676879223323259449, 1.804333441700419316 ) ) ;
#599 = DIRECTION ( 'NONE',  ( -0.000000000000000000, -0.000000000000000000, -1.000000000000000000 ) ) ;
#600 = CARTESIAN_POINT ( 'NONE',  ( 0.000000000000000000, 0.000000000000000000, 0.000000000000000000 ) ) ;
#601 = EDGE_LOOP ( 'NONE', ( #2127, #2236, #1395, #2711 ) ) ;
#602 = CARTESIAN_POINT ( 'NONE',  ( 3.207357379851071499, -0.5832415131528032592, 1.999999999999999556 ) ) ;
#603 = CARTESIAN_POINT ( 'NONE',  ( -2.729660544970507363, 5.566772252322823356, -1.049999999999998934 ) ) ;
#604 = CARTESIAN_POINT ( 'NONE',  ( 45.77000000000001023, 3.306546357697837463E-16, 1.250000000000000000 ) ) ;
#605 = EDGE_CURVE ( 'NONE', #2006, #1226, #1725, .T. ) ;
#606 = ORIENTED_EDGE ( 'NONE', *, *, #2372, .T. ) ;
#607 = EDGE_LOOP ( 'NONE', ( #1320, #654, #2502, #696 ) ) ;
#608 = EDGE_LOOP ( 'NONE', ( #586, #2223, #3049, #297, #2557, #2682, #3233, #2717 ) ) ;
#609 = CARTESIAN_POINT ( 'NONE',  ( -0.4740116451163891020, 0.2736707509069611355, 1.700000000000000178 ) ) ;
#610 = EDGE_CURVE ( 'NONE', #1695, #128, #2467, .T. ) ;
#611 = TOROIDAL_SURFACE ( 'NONE', #3035, 5.299999999999999822, 0.2999999999999999889 ) ;
#612 = EDGE_LOOP ( 'NONE', ( #2816, #1018, #499, #1654 ) ) ;
#613 = ORIENTED_EDGE ( 'NONE', *, *, #2539, .T. ) ;
#614 = CARTESIAN_POINT ( 'NONE',  ( 2.921984524154397356, -0.6943102282913905521, 2.275187022349146382 ) ) ;
#615 = PLANE ( 'NONE',  #1618 ) ;
#616 = AXIS2_PLACEMENT_3D ( 'NONE', #1456, #1714, #3223 ) ;
#617 = TOROIDAL_SURFACE ( 'NONE', #1260, 3.200000000000000178, 0.2999999999999999889 ) ;
#618 = VECTOR ( 'NONE', #3120, 1000.000000000000000 ) ;
#619 = CONICAL_SURFACE ( 'NONE', #142, 2.699999999999987299, 0.7853981633974439491 ) ;
#620 = VERTEX_POINT ( 'NONE', #2282 ) ;
#621 = DIRECTION ( 'NONE',  ( -0.4999999999999955591, -0.8660254037844412611, -1.677266597954749428E-16 ) ) ;
#622 = CARTESIAN_POINT ( 'NONE',  ( 0.7804264472511903694, 3.082966843874722862, -1.250000000000000000 ) ) ;
#623 = CARTESIAN_POINT ( 'NONE',  ( 0.7378116429101403417, 2.914438464996282008, -1.907243640591273826 ) ) ;
#624 = DIRECTION ( 'NONE',  ( 1.000000000000000000, 0.000000000000000000, 0.000000000000000000 ) ) ;
#625 = AXIS2_PLACEMENT_3D ( 'NONE', #2267, #1013, #2018 ) ;
#626 = AXIS2_PLACEMENT_3D ( 'NONE', #2604, #2895, #1915 ) ;
#627 = DIRECTION ( 'NONE',  ( 0.000000000000000000, 0.000000000000000000, 1.000000000000000000 ) ) ;
#628 = VECTOR ( 'NONE', #2190, 1000.000000000000000 ) ;
#629 = VERTEX_POINT ( 'NONE', #1322 ) ;
#630 = AXIS2_PLACEMENT_3D ( 'NONE', #1298, #504, #2538 ) ;
#631 = DIRECTION ( 'NONE',  ( -0.000000000000000000, -0.000000000000000000, -1.000000000000000000 ) ) ;
#632 = CARTESIAN_POINT ( 'NONE',  ( 0.000000000000000000, 0.000000000000000000, 4.700000000000000178 ) ) ;
#633 = EDGE_CURVE ( 'NONE', #236, #2437, #1067, .T. ) ;
#634 = VERTEX_POINT ( 'NONE', #571 ) ;
#635 = VERTEX_POINT ( 'NONE', #541 ) ;
#636 = DIRECTION ( 'NONE',  ( 1.000000000000000000, 0.000000000000000000, 0.000000000000000000 ) ) ;
#637 = LINE ( 'NONE', #1643, #2410 ) ;
#638 = VECTOR ( 'NONE', #1974, 1000.000000000000000 ) ;
#639 = EDGE_CURVE ( 'NONE', #1768, #2767, #2204, .T. ) ;
#640 =( NAMED_UNIT ( * ) PLANE_ANGLE_UNIT ( ) SI_UNIT ( $, .RADIAN. ) );
#641 = ORIENTED_EDGE ( 'NONE', *, *, #1887, .T. ) ;
#642 = FACE_OUTER_BOUND ( 'NONE', #239, .T. ) ;
#643 = CARTESIAN_POINT ( 'NONE',  ( 0.01292834629495290440, 8.355732926394784599, 0.9500000000000002887 ) ) ;
#644 = DIRECTION ( 'NONE',  ( 0.000000000000000000, 0.000000000000000000, 1.000000000000000000 ) ) ;
#645 = CARTESIAN_POINT ( 'NONE',  ( 2.629637805328348232, -1.468741307574140231, 1.976951967834067903 ) ) ;
#646 = FACE_OUTER_BOUND ( 'NONE', #1190, .T. ) ;
#647 = ORIENTED_EDGE ( 'NONE', *, *, #2713, .F. ) ;
#648 = FACE_OUTER_BOUND ( 'NONE', #270, .T. ) ;
#649 = FACE_OUTER_BOUND ( 'NONE', #2905, .T. ) ;
#650 = ORIENTED_EDGE ( 'NONE', *, *, #1169, .T. ) ;
#651 = CARTESIAN_POINT ( 'NONE',  ( -2.729660544970507363, 5.566772252322823356, -1.049999999999998934 ) ) ;
#652 = DIRECTION ( 'NONE',  ( 0.000000000000000000, 0.000000000000000000, 1.000000000000000000 ) ) ;
#653 = ADVANCED_FACE ( 'NONE', ( #1584 ), #617, .T. ) ;
#654 = ORIENTED_EDGE ( 'NONE', *, *, #2134, .T. ) ;
#655 = DIRECTION ( 'NONE',  ( -0.000000000000000000, -0.000000000000000000, 1.000000000000000000 ) ) ;
#656 = DIRECTION ( 'NONE',  ( 1.000000000000000000, 0.000000000000000000, 0.000000000000000000 ) ) ;
#657 = DIRECTION ( 'NONE',  ( 1.000000000000000000, 0.000000000000000000, 0.000000000000000000 ) ) ;
#658 = DIRECTION ( 'NONE',  ( 0.000000000000000000, 0.000000000000000000, -1.000000000000000000 ) ) ;
#659 = DIRECTION ( 'NONE',  ( -0.000000000000000000, -0.000000000000000000, 1.000000000000000000 ) ) ;
#660 = ORIENTED_EDGE ( 'NONE', *, *, #2069, .F. ) ;
#661 = CYLINDRICAL_SURFACE ( 'NONE', #1751, 177.2600000000000193 ) ;
#662 = CARTESIAN_POINT ( 'NONE',  ( 0.7804264472511908135, 3.082966843874722418, 1.250000000000000000 ) ) ;
#663 = EDGE_LOOP ( 'NONE', ( #1979, #2085, #1823, #1486 ) ) ;
#664 = VERTEX_POINT ( 'NONE', #1279 ) ;
#665 = CARTESIAN_POINT ( 'NONE',  ( 2.514040125715328422, -1.663493271143863472, 1.769664934424440395 ) ) ;
#666 = CARTESIAN_POINT ( 'NONE',  ( 0.005760093199579617573, 8.655647274413619030, 0.9500000000000002887 ) ) ;
#667 = CIRCLE ( 'NONE', #79, 3.000000000000030198 ) ;
#668 = ORIENTED_EDGE ( 'NONE', *, *, #1465, .F. ) ;
#669 = DIRECTION ( 'NONE',  ( -0.000000000000000000, -0.000000000000000000, 1.000000000000000000 ) ) ;
#670 = CARTESIAN_POINT ( 'NONE',  ( 43.71991105278057432, -7.048876151096988174, -0.9500000000000000666 ) ) ;
#671 = CIRCLE ( 'NONE', #39, 171.2599999999999625 ) ;
#672 = CARTESIAN_POINT ( 'NONE',  ( 0.9061740447422690359, 2.860676715455323649, -2.284304031350347319 ) ) ;
#673 = DIRECTION ( 'NONE',  ( -0.000000000000000000, -0.000000000000000000, 1.000000000000000000 ) ) ;
#674 = CIRCLE ( 'NONE', #940, 2.999999999999998224 ) ;
#675 = CIRCLE ( 'NONE', #2097, 0.3000000000000006550 ) ;
#676 = ADVANCED_FACE ( 'NONE', ( #1778 ), #727, .F. ) ;
#677 = DIRECTION ( 'NONE',  ( -1.000000000000000000, -1.957264443164624627E-14, 0.000000000000000000 ) ) ;
#678 = VECTOR ( 'NONE', #975, 1000.000000000000000 ) ;
#679 = AXIS2_PLACEMENT_3D ( 'NONE', #1733, #2740, #2705 ) ;
#680 = EDGE_CURVE ( 'NONE', #1837, #1870, #3260, .T. ) ;
#681 = VERTEX_POINT ( 'NONE', #2264 ) ;
#682 = MECHANICAL_DESIGN_GEOMETRIC_PRESENTATION_REPRESENTATION (  '', ( #1892 ), #1160 ) ;
#683 = CIRCLE ( 'NONE', #1477, 3.000000000000030198 ) ;
#684 = DIRECTION ( 'NONE',  ( 0.000000000000000000, 0.000000000000000000, 1.000000000000000000 ) ) ;
#685 = CARTESIAN_POINT ( 'NONE',  ( 2.629625842344822217, -1.468763814075892737, -1.976939751347788654 ) ) ;
#686 = CIRCLE ( 'NONE', #2005, 4.999999999999997335 ) ;
#687 = VECTOR ( 'NONE', #3100, 1000.000000000000227 ) ;
#688 = ORIENTED_EDGE ( 'NONE', *, *, #50, .F. ) ;
#689 = ORIENTED_EDGE ( 'NONE', *, *, #578, .T. ) ;
#690 = CARTESIAN_POINT ( 'NONE',  ( 2.843574845713809029, -0.9665103979427888126, -2.199675537685901183 ) ) ;
#691 = ORIENTED_EDGE ( 'NONE', *, *, #2777, .T. ) ;
#692 = DIRECTION ( 'NONE',  ( -0.000000000000000000, -0.000000000000000000, 1.000000000000000000 ) ) ;
#693 = CYLINDRICAL_SURFACE ( 'NONE', #1089, 0.2999999999999999334 ) ;
#694 = CARTESIAN_POINT ( 'NONE',  ( 38.71331050604095481, 5.068274169075795754, -1.249999999999995559 ) ) ;
#695 = DIRECTION ( 'NONE',  ( 1.000000000000000000, 0.000000000000000000, 0.000000000000000000 ) ) ;
#696 = ORIENTED_EDGE ( 'NONE', *, *, #1995, .T. ) ;
#697 = EDGE_CURVE ( 'NONE', #2753, #2540, #758, .T. ) ;
#698 = AXIS2_PLACEMENT_3D ( 'NONE', #2642, #1183, #927 ) ;
#699 = EDGE_CURVE ( 'NONE', #3165, #2226, #1208, .T. ) ;
#700 = CARTESIAN_POINT ( 'NONE',  ( 4.241241905485717112, -168.5537438249798754, -1.700000000000000178 ) ) ;
#701 = CARTESIAN_POINT ( 'NONE',  ( 1.300000000000000044, 0.000000000000000000, 5.000000000000000000 ) ) ;
#702 = ORIENTED_EDGE ( 'NONE', *, *, #2596, .F. ) ;
#703 = EDGE_LOOP ( 'NONE', ( #3196, #1681, #196, #2400 ) ) ;
#704 = DIRECTION ( 'NONE',  ( 0.000000000000000000, 0.000000000000000000, -1.000000000000000000 ) ) ;
#705 = EDGE_LOOP ( 'NONE', ( #2676, #1570, #2119, #457 ) ) ;
#706 = SURFACE_STYLE_USAGE ( .BOTH. , #2997 ) ;
#707 = DIRECTION ( 'NONE',  ( 1.000000000000000000, 0.000000000000000000, 0.000000000000000000 ) ) ;
#708 = CARTESIAN_POINT ( 'NONE',  ( 1.044447112089545326, 2.812317590537706913, -2.000000000000025313 ) ) ;
#709 = FACE_OUTER_BOUND ( 'NONE', #1196, .T. ) ;
#710 = DIRECTION ( 'NONE',  ( 0.000000000000000000, 0.000000000000000000, 1.000000000000000000 ) ) ;
#711 = ORIENTED_EDGE ( 'NONE', *, *, #16, .F. ) ;
#712 = CARTESIAN_POINT ( 'NONE',  ( -8.648019418583444917, -0.5342955430001402606, 1.250000000000000000 ) ) ;
#713 = CARTESIAN_POINT ( 'NONE',  ( 37.77248356600240697, -0.3024750847299014223, 1.250000000000000000 ) ) ;
#714 = EDGE_CURVE ( 'NONE', #510, #2386, #1033, .T. ) ;
#715 = VERTEX_POINT ( 'NONE', #3078 ) ;
#716 = EDGE_CURVE ( 'NONE', #505, #984, #2675, .T. ) ;
#717 = CARTESIAN_POINT ( 'NONE',  ( -3.889327009339771823, 1.799123955119882101, -0.9500000000000000666 ) ) ;
#718 = ADVANCED_FACE ( 'NONE', ( #2292 ), #1146, .F. ) ;
#719 =( BOUNDED_SURFACE ( )  B_SPLINE_SURFACE ( 3, 2, ( 
 ( #2734, #2959, #2243 ),
 ( #2943, #475, #2990 ),
 ( #3249, #1485, #238 ),
 ( #690, #2469, #754 ),
 ( #2206, #1710, #2489 ),
 ( #3267, #740, #224 ),
 ( #440, #1727, #2012 ),
 ( #2755, #985, #2503 ) ),
 .UNSPECIFIED., .F., .F., .F. ) 
 B_SPLINE_SURFACE_WITH_KNOTS ( ( 4, 2, 2, 4 ),
 ( 3, 3 ),
 ( 0.0003824735345194253937, 0.0008622582368551574188, 0.001342042939190889444, 0.002301612343862353711 ),
 ( 0.000000000000000000, 1.000000000000000000 ),
 .UNSPECIFIED. ) 
 GEOMETRIC_REPRESENTATION_ITEM ( )  RATIONAL_B_SPLINE_SURFACE ( (
 ( 1.000000000000000000, 0.7071067811865470176, 1.000000000000000000),
 ( 1.000000000000000000, 0.7537542304093763912, 1.000000000000000000),
 ( 1.000000000000000000, 0.7960644389847402191, 1.000000000000000000),
 ( 1.000000000000000000, 0.8700887002849677643, 1.000000000000000000),
 ( 1.000000000000000000, 0.9010673767925400091, 1.000000000000000000),
 ( 1.000000000000000000, 0.9750059768599951271, 1.000000000000000000),
 ( 1.000000000000000000, 1.000009419521026510, 1.000000000000000000),
 ( 1.000000000000000000, 1.000000000000000000, 1.000000000000000000) ) ) 
 REPRESENTATION_ITEM ( '' )  SURFACE ( )  );
#720 = ORIENTED_EDGE ( 'NONE', *, *, #2435, .T. ) ;
#721 = DIRECTION ( 'NONE',  ( -0.8292795471878771085, 0.5588339937905262289, 0.000000000000000000 ) ) ;
#722 = DIRECTION ( 'NONE',  ( 1.000000000000000000, 0.000000000000000000, 0.000000000000000000 ) ) ;
#723 = CARTESIAN_POINT ( 'NONE',  ( -0.1137107917233066423, 13.65421974139413663, -0.9500000000000000666 ) ) ;
#724 = CARTESIAN_POINT ( 'NONE',  ( 0.000000000000000000, 0.000000000000000000, -5.000000000000000000 ) ) ;
#725 = CIRCLE ( 'NONE', #2202, 0.2999999999999999334 ) ;
#726 = CIRCLE ( 'NONE', #2465, 3.299999999999998046 ) ;
#727 = TOROIDAL_SURFACE ( 'NONE', #1091, 3.299999999999998046, 0.2999999999999999889 ) ;
#728 = CARTESIAN_POINT ( 'NONE',  ( 1.148891823298499704, 3.093549349591474762, 2.000000000000000000 ) ) ;
#729 = CIRCLE ( 'NONE', #2568, 171.5599999999999739 ) ;
#730 = CONICAL_SURFACE ( 'NONE', #353, 2.500000000000000444, 0.7853981633974634891 ) ;
#731 = VECTOR ( 'NONE', #1601, 1000.000000000000227 ) ;
#732 = ORIENTED_EDGE ( 'NONE', *, *, #1287, .T. ) ;
#733 = CARTESIAN_POINT ( 'NONE',  ( 4.124297642425021060, 8.694649370835630720, 1.046926016673027426 ) ) ;
#734 = DIRECTION ( 'NONE',  ( 0.000000000000000000, 0.000000000000000000, -1.000000000000000000 ) ) ;
#735 = CARTESIAN_POINT ( 'NONE',  ( 46.68173121987033625, -2.653694551001219537, 1.250000000000000000 ) ) ;
#736 = UNCERTAINTY_MEASURE_WITH_UNIT (LENGTH_MEASURE( 1.000000000000000082E-05 ), #134, 'distance_accuracy_value', 'NONE');
#737 = AXIS2_PLACEMENT_3D ( 'NONE', #2063, #287, #2325 ) ;
#738 = CONICAL_SURFACE ( 'NONE', #889, 2.699999999999987299, 0.7853981633974439491 ) ;
#739 = ORIENTED_EDGE ( 'NONE', *, *, #1362, .F. ) ;
#740 = CARTESIAN_POINT ( 'NONE',  ( 2.654806507400579552, -1.422373203215217208, -1.913253211470270942 ) ) ;
#741 = AXIS2_PLACEMENT_3D ( 'NONE', #2369, #384, #2922 ) ;
#742 = EDGE_CURVE ( 'NONE', #807, #2715, #992, .T. ) ;
#743 = AXIS2_PLACEMENT_3D ( 'NONE', #1744, #1480, #1670 ) ;
#744 = ORIENTED_EDGE ( 'NONE', *, *, #2013, .F. ) ;
#745 = EDGE_CURVE ( 'NONE', #1079, #2934, #2782, .T. ) ;
#746 = DIRECTION ( 'NONE',  ( 0.000000000000000000, 0.000000000000000000, 1.000000000000000000 ) ) ;
#747 = CARTESIAN_POINT ( 'NONE',  ( 3.992407869777943041, 8.609736278621184624, -1.178771110878761075 ) ) ;
#748 = DIRECTION ( 'NONE',  ( -0.000000000000000000, -0.000000000000000000, -1.000000000000000000 ) ) ;
#749 = CARTESIAN_POINT ( 'NONE',  ( 0.7804264472511909245, 3.082966843874722418, 1.700000000000000178 ) ) ;
#750 = VECTOR ( 'NONE', #331, 1000.000000000000000 ) ;
#751 = FACE_OUTER_BOUND ( 'NONE', #1703, .T. ) ;
#752 = DIRECTION ( 'NONE',  ( 0.000000000000000000, 0.000000000000000000, -1.000000000000000000 ) ) ;
#753 = EDGE_LOOP ( 'NONE', ( #416, #2766, #1549, #2262, #1063, #3166 ) ) ;
#754 = CARTESIAN_POINT ( 'NONE',  ( 3.006270975917570087, -0.9423947585659173676, -1.949837764293796516 ) ) ;
#755 = ORIENTED_EDGE ( 'NONE', *, *, #1821, .F. ) ;
#756 = PRODUCT_DEFINITION_SHAPE ( 'NONE', 'NONE',  #2907 ) ;
#757 = CARTESIAN_POINT ( 'NONE',  ( -1.000000000000000000, 1.224646799147353207E-16, -4.700000000000000178 ) ) ;
#758 = LINE ( 'NONE', #23, #780 ) ;
#759 = ADVANCED_FACE ( 'NONE', ( #2829 ), #1782, .T. ) ;
#760 = CARTESIAN_POINT ( 'NONE',  ( 4.124306864678163542, 8.694652865585331014, -1.046916800415506055 ) ) ;
#761 = EDGE_CURVE ( 'NONE', #1142, #2056, #2880, .T. ) ;
#762 = DIRECTION ( 'NONE',  ( 0.000000000000000000, 0.000000000000000000, -1.000000000000000000 ) ) ;
#763 = ORIENTED_EDGE ( 'NONE', *, *, #1037, .F. ) ;
#764 = DIRECTION ( 'NONE',  ( 0.000000000000000000, 0.000000000000000000, 1.000000000000000000 ) ) ;
#765 = ADVANCED_FACE ( 'NONE', ( #385 ), #1912, .T. ) ;
#766 = CARTESIAN_POINT ( 'NONE',  ( 37.00672929459250327, 2.598149054281850834, 1.250000000000000000 ) ) ;
#767 = ORIENTED_EDGE ( 'NONE', *, *, #582, .F. ) ;
#768 = ORIENTED_EDGE ( 'NONE', *, *, #2818, .T. ) ;
#769 = DIRECTION ( 'NONE',  ( -0.000000000000000000, -0.000000000000000000, -1.000000000000000000 ) ) ;
#770 = ORIENTED_EDGE ( 'NONE', *, *, #2674, .T. ) ;
#771 = CARTESIAN_POINT ( 'NONE',  ( 0.000000000000000000, 0.000000000000000000, -2.299999999999999822 ) ) ;
#772 = LINE ( 'NONE', #2788, #828 ) ;
#773 = CARTESIAN_POINT ( 'NONE',  ( 1.254056312437924037, 3.266772252322847958, 2.000000000000000000 ) ) ;
#774 = ORIENTED_EDGE ( 'NONE', *, *, #3241, .T. ) ;
#775 = CARTESIAN_POINT ( 'NONE',  ( 1.300000000000000044, 0.000000000000000000, 4.700000000000000178 ) ) ;
#776 = AXIS2_PLACEMENT_3D ( 'NONE', #2638, #111, #389 ) ;
#777 = EDGE_CURVE ( 'NONE', #1004, #2753, #3040, .T. ) ;
#778 = CONICAL_SURFACE ( 'NONE', #1150, 2.500000000000002220, 0.7853981633974634891 ) ;
#779 = ADVANCED_FACE ( 'NONE', ( #1660 ), #3060, .F. ) ;
#780 = VECTOR ( 'NONE', #1291, 1000.000000000000000 ) ;
#781 = AXIS2_PLACEMENT_3D ( 'NONE', #546, #1561, #292 ) ;
#782 = TOROIDAL_SURFACE ( 'NONE', #3263, 2.699999999999998401, 0.2999999999999999889 ) ;
#783 = ORIENTED_EDGE ( 'NONE', *, *, #3118, .F. ) ;
#784 = ORIENTED_EDGE ( 'NONE', *, *, #2775, .F. ) ;
#785 = DIRECTION ( 'NONE',  ( 0.000000000000000000, 0.000000000000000000, -1.000000000000000000 ) ) ;
#786 = AXIS2_PLACEMENT_3D ( 'NONE', #3047, #530, #26 ) ;
#787 = AXIS2_PLACEMENT_3D ( 'NONE', #1899, #388, #1156 ) ;
#788 = AXIS2_PLACEMENT_3D ( 'NONE', #2158, #900, #636 ) ;
#789 = EDGE_LOOP ( 'NONE', ( #2718, #316 ) ) ;
#790 = DIRECTION ( 'NONE',  ( 1.000000000000000000, 0.000000000000000000, 0.000000000000000000 ) ) ;
#791 = DIRECTION ( 'NONE',  ( 0.000000000000000000, 0.000000000000000000, -1.000000000000000000 ) ) ;
#792 = FACE_OUTER_BOUND ( 'NONE', #2411, .T. ) ;
#793 = CARTESIAN_POINT ( 'NONE',  ( -2.693599476930376380, -1.320803489501896966, 2.000000000000000000 ) ) ;
#794 = CIRCLE ( 'NONE', #2481, 2.699999999999998401 ) ;
#795 = ORIENTED_EDGE ( 'NONE', *, *, #1807, .F. ) ;
#796 = CYLINDRICAL_SURFACE ( 'NONE', #1739, 3.500000000000000000 ) ;
#797 = CARTESIAN_POINT ( 'NONE',  ( 0.000000000000000000, 0.000000000000000000, 2.299999999999999822 ) ) ;
#798 = EDGE_CURVE ( 'NONE', #2910, #1971, #563, .T. ) ;
#799 = ADVANCED_FACE ( 'NONE', ( #2614 ), #1940, .F. ) ;
#800 = ORIENTED_EDGE ( 'NONE', *, *, #2068, .T. ) ;
#801 = EDGE_LOOP ( 'NONE', ( #2222, #1303, #2072, #903 ) ) ;
#802 = DIRECTION ( 'NONE',  ( 0.000000000000000000, -1.000000000000000000, 0.000000000000000000 ) ) ;
#803 = CIRCLE ( 'NONE', #2287, 0.2999999999999999334 ) ;
#804 = ORIENTED_EDGE ( 'NONE', *, *, #16, .T. ) ;
#805 = DIRECTION ( 'NONE',  ( 0.000000000000000000, -0.000000000000000000, -1.000000000000000000 ) ) ;
#806 = CARTESIAN_POINT ( 'NONE',  ( 46.68173121987033625, -2.653694551001219093, 0.9500000000000002887 ) ) ;
#807 = VERTEX_POINT ( 'NONE', #2371 ) ;
#808 = LINE ( 'NONE', #2792, #3211 ) ;
#809 = LINE ( 'NONE', #2344, #2009 ) ;
#810 = DIRECTION ( 'NONE',  ( -0.000000000000000000, -0.000000000000000000, 1.000000000000000000 ) ) ;
#811 = ORIENTED_EDGE ( 'NONE', *, *, #330, .F. ) ;
#812 = DIRECTION ( 'NONE',  ( -0.000000000000000000, -0.000000000000000000, 1.000000000000000000 ) ) ;
#813 = EDGE_CURVE ( 'NONE', #839, #2038, #850, .T. ) ;
#814 = ORIENTED_EDGE ( 'NONE', *, *, #1490, .F. ) ;
#815 = CARTESIAN_POINT ( 'NONE',  ( 0.000000000000000000, 0.000000000000000000, -2.299999999999999822 ) ) ;
#816 = ADVANCED_FACE ( 'NONE', ( #1131 ), #615, .T. ) ;
#817 = DIRECTION ( 'NONE',  ( -1.000000000000000000, 0.000000000000000000, 0.000000000000000000 ) ) ;
#818 = EDGE_LOOP ( 'NONE', ( #2501, #2799 ) ) ;
#819 = EDGE_LOOP ( 'NONE', ( #182, #2105, #544, #2608 ) ) ;
#820 = CARTESIAN_POINT ( 'NONE',  ( 4.221338092443599699, 8.406255055666132847, 1.700000000000000178 ) ) ;
#821 = CARTESIAN_POINT ( 'NONE',  ( 4.221338092443588152, 8.406255055666139953, -1.700000000000000178 ) ) ;
#822 = LINE ( 'NONE', #2573, #687 ) ;
#823 = CARTESIAN_POINT ( 'NONE',  ( -4.957748591507142422, 3.269899670554178517, -1.250000000000000000 ) ) ;
#824 = AXIS2_PLACEMENT_3D ( 'NONE', #1508, #444, #2492 ) ;
#826 = ORIENTED_EDGE ( 'NONE', *, *, #1330, .F. ) ;
#825 = AXIS2_PLACEMENT_3D ( 'NONE', #815, #38, #2029 ) ;
#827 = CARTESIAN_POINT ( 'NONE',  ( -1.652504764221659928, 8.896897688999247933, 0.9500000000000002887 ) ) ;
#828 = VECTOR ( 'NONE', #3013, 1000.000000000000000 ) ;
#829 = VECTOR ( 'NONE', #710, 1000.000000000000000 ) ;
#830 = AXIS2_PLACEMENT_3D ( 'NONE', #1633, #1354, #3133 ) ;
#831 = ORIENTED_EDGE ( 'NONE', *, *, #872, .F. ) ;
#832 = CARTESIAN_POINT ( 'NONE',  ( 0.000000000000000000, 0.000000000000000000, 5.000000000000000000 ) ) ;
#833 = DIRECTION ( 'NONE',  ( 1.000000000000000000, 0.000000000000000000, -0.000000000000000000 ) ) ;
#834 = AXIS2_PLACEMENT_3D ( 'NONE', #866, #3186, #919 ) ;
#835 = DIRECTION ( 'NONE',  ( -0.000000000000000000, 0.000000000000000000, 1.000000000000000000 ) ) ;
#836 = EDGE_CURVE ( 'NONE', #3217, #2056, #2095, .T. ) ;
#837 = AXIS2_PLACEMENT_3D ( 'NONE', #537, #3087, #1047 ) ;
#838 = EDGE_CURVE ( 'NONE', #1004, #3176, #3128, .T. ) ;
#839 = VERTEX_POINT ( 'NONE', #2601 ) ;
#840 = DIRECTION ( 'NONE',  ( -0.1363396455083913383, -0.9906621528364987217, 0.000000000000000000 ) ) ;
#841 = CARTESIAN_POINT ( 'NONE',  ( 2.916873356605272694, -1.085334000032586621, 1.920099471272489033 ) ) ;
#842 = FACE_OUTER_BOUND ( 'NONE', #1637, .T. ) ;
#843 = CARTESIAN_POINT ( 'NONE',  ( 0.5355366570961883621, 3.256255593301334628, -2.000000000000000000 ) ) ;
#844 = CIRCLE ( 'NONE', #1109, 177.2600000000000193 ) ;
#845 = AXIS2_PLACEMENT_3D ( 'NONE', #2765, #501, #1515 ) ;
#846 = DIRECTION ( 'NONE',  ( -1.000000000000000000, 0.000000000000000000, 0.000000000000000000 ) ) ;
#847 = DIRECTION ( 'NONE',  ( 0.000000000000000000, -0.000000000000000000, -1.000000000000000000 ) ) ;
#848 = EDGE_LOOP ( 'NONE', ( #2322, #2515, #136, #82 ) ) ;
#849 = CARTESIAN_POINT ( 'NONE',  ( 2.654806507400718107, -1.422373203215101745, 1.913253211470080650 ) ) ;
#850 = LINE ( 'NONE', #588, #1525 ) ;
#851 = ORIENTED_EDGE ( 'NONE', *, *, #2885, .T. ) ;
#852 = DIRECTION ( 'NONE',  ( -1.000000000000000000, 0.000000000000000000, 0.000000000000000000 ) ) ;
#853 = DIRECTION ( 'NONE',  ( -1.000000000000000000, 0.000000000000000000, 0.000000000000000000 ) ) ;
#854 = DIRECTION ( 'NONE',  ( 0.000000000000000000, 0.000000000000000000, 1.000000000000000000 ) ) ;
#855 = DIRECTION ( 'NONE',  ( 0.000000000000000000, -0.000000000000000000, -1.000000000000000000 ) ) ;
#856 = EDGE_CURVE ( 'NONE', #3122, #2440, #3112, .T. ) ;
#857 = ADVANCED_FACE ( 'NONE', ( #105 ), #195, .T. ) ;
#858 = ORIENTED_EDGE ( 'NONE', *, *, #1062, .T. ) ;
#859 = EDGE_LOOP ( 'NONE', ( #2278, #689, #2813, #755, #159, #814, #3216 ) ) ;
#860 = DIRECTION ( 'NONE',  ( 0.000000000000000000, 0.000000000000000000, 1.000000000000000000 ) ) ;
#861 = ORIENTED_EDGE ( 'NONE', *, *, #2435, .F. ) ;
#862 = CARTESIAN_POINT ( 'NONE',  ( 2.861406518844263669, -0.9122689823699218215, 2.037179356986676293 ) ) ;
#863 = CARTESIAN_POINT ( 'NONE',  ( 1.044447112089545548, 2.812317590537704248, 2.299999999999999822 ) ) ;
#864 = SHAPE_DEFINITION_REPRESENTATION ( #756, #2036 ) ;
#865 = ORIENTED_EDGE ( 'NONE', *, *, #436, .F. ) ;
#866 = CARTESIAN_POINT ( 'NONE',  ( -1.744832402571561136, 8.611458365855552799, 0.9500000000000002887 ) ) ;
#867 = CARTESIAN_POINT ( 'NONE',  ( 0.005760093199579617573, 8.655647274413619030, -0.9500000000000000666 ) ) ;
#868 = CARTESIAN_POINT ( 'NONE',  ( 38.80772685019655910, 4.997400563546439578, -1.250000000000000000 ) ) ;
#869 = CARTESIAN_POINT ( 'NONE',  ( 2.971986458509494611, -0.4090189365251732379, 2.299999999999999822 ) ) ;
#870 = CARTESIAN_POINT ( 'NONE',  ( 0.000000000000000000, 0.000000000000000000, 4.700000000000000178 ) ) ;
#871 = EDGE_CURVE ( 'NONE', #629, #424, #1470, .T. ) ;
#872 = EDGE_CURVE ( 'NONE', #3229, #1750, #637, .T. ) ;
#873 = CARTESIAN_POINT ( 'NONE',  ( 4.221304349541728840, 8.706255053768478192, -1.700000000000000178 ) ) ;
#874 = DIRECTION ( 'NONE',  ( -0.000000000000000000, -0.000000000000000000, 1.000000000000000000 ) ) ;
#875 = AXIS2_PLACEMENT_3D ( 'NONE', #1981, #1469, #2976 ) ;
#876 = VERTEX_POINT ( 'NONE', #666 ) ;
#877 = ADVANCED_FACE ( 'NONE', ( #2177, #3183 ), #158, .T. ) ;
#878 = CARTESIAN_POINT ( 'NONE',  ( 2.492740250325674811, -1.689677973235023778, 1.839266614004831712 ) ) ;
#879 = CARTESIAN_POINT ( 'NONE',  ( 0.000000000000000000, 0.000000000000000000, 2.000000000000000000 ) ) ;
#880 = AXIS2_PLACEMENT_3D ( 'NONE', #489, #2240, #1988 ) ;
#881 = SURFACE_STYLE_USAGE ( .BOTH. , #2108 ) ;
#882 = TOROIDAL_SURFACE ( 'NONE', #1729, 3.200000000000000178, 0.2999999999999999889 ) ;
#883 = AXIS2_PLACEMENT_3D ( 'NONE', #2249, #3018, #3226 ) ;
#884 = ORIENTED_EDGE ( 'NONE', *, *, #437, .T. ) ;
#885 = DIRECTION ( 'NONE',  ( -0.000000000000000000, 0.000000000000000000, 1.000000000000000000 ) ) ;
#886 = DIRECTION ( 'NONE',  ( -0.000000000000000000, -0.000000000000000000, 1.000000000000000000 ) ) ;
#887 = CARTESIAN_POINT ( 'NONE',  ( 1.012864039841802288, 2.824047019761617872, -2.008037544765770122 ) ) ;
#888 = CARTESIAN_POINT ( 'NONE',  ( 40.00672929459253879, 2.598149054281850834, 1.250000000000000000 ) ) ;
#889 = AXIS2_PLACEMENT_3D ( 'NONE', #1611, #669, #2654 ) ;
#890 = DIRECTION ( 'NONE',  ( -1.000000000000000000, 0.000000000000000000, 0.000000000000000000 ) ) ;
#891 = CIRCLE ( 'NONE', #47, 4.299999999999999822 ) ;
#892 = EDGE_LOOP ( 'NONE', ( #3076, #587, #1129, #1921 ) ) ;
#893 = VECTOR ( 'NONE', #2855, 1000.000000000000000 ) ;
#894 = FACE_OUTER_BOUND ( 'NONE', #601, .T. ) ;
#895 = ADVANCED_FACE ( 'NONE', ( #1173 ), #2359, .F. ) ;
#896 = ADVANCED_FACE ( 'NONE', ( #2932, #943 ), #1409, .T. ) ;
#897 = CARTESIAN_POINT ( 'NONE',  ( 0.9942486913025916362, 3.416772252322846093, 1.700000000000000178 ) ) ;
#898 = EDGE_CURVE ( 'NONE', #1253, #634, #2308, .T. ) ;
#899 = ORIENTED_EDGE ( 'NONE', *, *, #25, .F. ) ;
#900 = DIRECTION ( 'NONE',  ( -0.000000000000000000, -0.000000000000000000, 1.000000000000000000 ) ) ;
#901 = DIRECTION ( 'NONE',  ( 1.000000000000000000, 0.000000000000000000, 0.000000000000000000 ) ) ;
#902 = AXIS2_PLACEMENT_3D ( 'NONE', #3107, #77, #846 ) ;
#903 = ORIENTED_EDGE ( 'NONE', *, *, #838, .F. ) ;
#904 = CARTESIAN_POINT ( 'NONE',  ( 37.00672929459250327, 2.598149054281850834, -1.700000000000000178 ) ) ;
#905 = CARTESIAN_POINT ( 'NONE',  ( 3.139058534098173148, -0.7118226908313508572, 1.985651655140693528 ) ) ;
#906 = CARTESIAN_POINT ( 'NONE',  ( 0.000000000000000000, 0.000000000000000000, 4.700000000000000178 ) ) ;
#907 = CARTESIAN_POINT ( 'NONE',  ( -3.858951030678338778, 1.416985587127173263, -1.225623822075930125 ) ) ;
#908 = CIRCLE ( 'NONE', #2595, 0.2999999999999999889 ) ;
#909 = DIRECTION ( 'NONE',  ( -0.000000000000000000, 0.000000000000000000, 1.000000000000000000 ) ) ;
#910 = EDGE_LOOP ( 'NONE', ( #1333, #3200, #1389, #2504 ) ) ;
#911 = CARTESIAN_POINT ( 'NONE',  ( -2.424239529237342872, -1.188723140551709134, 1.250000000000000000 ) ) ;
#912 = DIRECTION ( 'NONE',  ( -1.000000000000000000, 0.000000000000000000, 0.000000000000000000 ) ) ;
#913 = ORIENTED_EDGE ( 'NONE', *, *, #365, .F. ) ;
#914 = ORIENTED_EDGE ( 'NONE', *, *, #594, .F. ) ;
#915 = CARTESIAN_POINT ( 'NONE',  ( 37.00672929459250327, 2.598149054281850834, -2.000000000000000000 ) ) ;
#916 = CARTESIAN_POINT ( 'NONE',  ( 48.46999999999999886, 0.000000000000000000, -1.050000000000000488 ) ) ;
#917 = EDGE_CURVE ( 'NONE', #1288, #1238, #407, .T. ) ;
#918 = ORIENTED_EDGE ( 'NONE', *, *, #1290, .F. ) ;
#919 = DIRECTION ( 'NONE',  ( 0.3077587944996694747, 0.9514644104789785617, 0.000000000000000000 ) ) ;
#920 = ADVANCED_FACE ( 'NONE', ( #2392 ), #882, .T. ) ;
#921 = FACE_BOUND ( 'NONE', #3169, .T. ) ;
#922 = CARTESIAN_POINT ( 'NONE',  ( 0.4868515940655830931, 2.960232343137240374, -1.862510235506288137 ) ) ;
#923 = DIRECTION ( 'NONE',  ( 1.000000000000000000, 0.000000000000000000, -0.000000000000000000 ) ) ;
#924 = DIRECTION ( 'NONE',  ( 1.000000000000000000, 0.000000000000000000, 0.000000000000000000 ) ) ;
#925 = ORIENTED_EDGE ( 'NONE', *, *, #2535, .T. ) ;
#926 = TOROIDAL_SURFACE ( 'NONE', #3030, 2.699999999999998401, 0.2999999999999999889 ) ;
#927 = DIRECTION ( 'NONE',  ( 1.000000000000000000, 0.000000000000000000, 0.000000000000000000 ) ) ;
#928 = DIRECTION ( 'NONE',  ( 1.000000000000000000, 0.000000000000000000, 0.000000000000000000 ) ) ;
#929 = EDGE_LOOP ( 'NONE', ( #606, #1252, #2702, #103 ) ) ;
#930 = ORIENTED_EDGE ( 'NONE', *, *, #2191, .F. ) ;
#931 = LINE ( 'NONE', #1943, #476 ) ;
#932 = CIRCLE ( 'NONE', #1615, 4.999999999999999112 ) ;
#933 = ORIENTED_EDGE ( 'NONE', *, *, #3184, .F. ) ;
#934 = CARTESIAN_POINT ( 'NONE',  ( 37.00672929459250327, 2.598149054281850834, -1.250000000000000000 ) ) ;
#935 = CARTESIAN_POINT ( 'NONE',  ( 50.96999999999999886, 0.000000000000000000, -1.050000000000000488 ) ) ;
#936 = AXIS2_PLACEMENT_3D ( 'NONE', #507, #1797, #262 ) ;
#937 = EDGE_CURVE ( 'NONE', #1773, #1959, #516, .T. ) ;
#938 = CARTESIAN_POINT ( 'NONE',  ( 37.78904483924591773, 5.502861596596960503, -1.019667530827528701 ) ) ;
#939 = CARTESIAN_POINT ( 'NONE',  ( -2.729660544970507363, 5.566772252322823356, 1.250000000000000000 ) ) ;
#940 = AXIS2_PLACEMENT_3D ( 'NONE', #2254, #3261, #3246 ) ;
#941 = EDGE_CURVE ( 'NONE', #1205, #2076, #1672, .T. ) ;
#942 = AXIS2_PLACEMENT_3D ( 'NONE', #3153, #164, #695 ) ;
#943 = FACE_OUTER_BOUND ( 'NONE', #1718, .T. ) ;
#944 = CIRCLE ( 'NONE', #786, 2.500000000000000444 ) ;
#945 = AXIS2_PLACEMENT_3D ( 'NONE', #972, #261, #479 ) ;
#946 = ORIENTED_EDGE ( 'NONE', *, *, #2635, .T. ) ;
#947 = AXIS2_PLACEMENT_3D ( 'NONE', #1151, #1385, #1132 ) ;
#948 = VECTOR ( 'NONE', #32, 999.9999999999998863 ) ;
#949 = DIRECTION ( 'NONE',  ( 1.000000000000000000, 1.507222078858746730E-14, 0.000000000000000000 ) ) ;
#950 = CARTESIAN_POINT ( 'NONE',  ( 4.221304349541728840, 8.706255053768478192, 0.9500000000000002887 ) ) ;
#951 = AXIS2_PLACEMENT_3D ( 'NONE', #3124, #2347, #78 ) ;
#952 = ORIENTED_EDGE ( 'NONE', *, *, #1724, .F. ) ;
#953 = EDGE_LOOP ( 'NONE', ( #2065, #2451 ) ) ;
#954 = DIRECTION ( 'NONE',  ( -0.000000000000000000, -0.000000000000000000, -1.000000000000000000 ) ) ;
#955 = VERTEX_POINT ( 'NONE', #2900 ) ;
#956 = FILL_AREA_STYLE ('',( #1256 ) ) ;
#957 = DIRECTION ( 'NONE',  ( 1.000000000000000000, 1.776356839400250465E-15, 0.000000000000000000 ) ) ;
#958 = DIRECTION ( 'NONE',  ( 0.000000000000000000, 0.000000000000000000, -1.000000000000000000 ) ) ;
#959 = DIRECTION ( 'NONE',  ( 0.000000000000000000, 0.000000000000000000, 1.000000000000000000 ) ) ;
#960 = EDGE_CURVE ( 'NONE', #969, #3129, #671, .T. ) ;
#961 = DIRECTION ( 'NONE',  ( -1.000000000000000000, 0.000000000000000000, 0.000000000000000000 ) ) ;
#962 = EDGE_CURVE ( 'NONE', #2021, #3221, #1152, .T. ) ;
#963 = ORIENTED_EDGE ( 'NONE', *, *, #2572, .T. ) ;
#964 = ADVANCED_FACE ( 'NONE', ( #2431 ), #1904, .F. ) ;
#965 = DIRECTION ( 'NONE',  ( -0.000000000000000000, -0.000000000000000000, -1.000000000000000000 ) ) ;
#966 = CARTESIAN_POINT ( 'NONE',  ( 37.21111906107318390, -0.3969576378994718047, 1.175360094081812523 ) ) ;
#967 = EDGE_CURVE ( 'NONE', #1238, #3122, #2184, .T. ) ;
#968 = ORIENTED_EDGE ( 'NONE', *, *, #234, .F. ) ;
#969 = VERTEX_POINT ( 'NONE', #2169 ) ;
#970 = DIRECTION ( 'NONE',  ( 1.000000000000000000, 0.000000000000000000, 0.000000000000000000 ) ) ;
#971 = ORIENTED_EDGE ( 'NONE', *, *, #85, .T. ) ;
#972 = CARTESIAN_POINT ( 'NONE',  ( -0.1137107917233066423, 13.65421974139413663, -2.000000000000000000 ) ) ;
#973 = CARTESIAN_POINT ( 'NONE',  ( -3.889327009339776708, 1.799123955119879659, 1.250000000000000000 ) ) ;
#974 = CARTESIAN_POINT ( 'NONE',  ( -0.7338192662517214471, 0.4236707509069596034, -1.700000000000000178 ) ) ;
#975 = DIRECTION ( 'NONE',  ( -0.000000000000000000, -0.000000000000000000, 1.000000000000000000 ) ) ;
#976 = CARTESIAN_POINT ( 'NONE',  ( 0.9763366216717023205, 3.107246703839680713, 1.969051674101720995 ) ) ;
#977 = DIRECTION ( 'NONE',  ( -0.000000000000000000, 0.000000000000000000, 1.000000000000000000 ) ) ;
#978 = FACE_OUTER_BOUND ( 'NONE', #2100, .T. ) ;
#979 = ADVANCED_FACE ( 'NONE', ( #646 ), #1919, .F. ) ;
#980 = CARTESIAN_POINT ( 'NONE',  ( -5.229660544970507807, 5.566772252322823356, -1.049999999999998934 ) ) ;
#981 = AXIS2_PLACEMENT_3D ( 'NONE', #2512, #1327, #487 ) ;
#982 = EDGE_CURVE ( 'NONE', #2767, #2996, #411, .T. ) ;
#983 = VERTEX_POINT ( 'NONE', #1688 ) ;
#984 = VERTEX_POINT ( 'NONE', #1668 ) ;
#985 = CARTESIAN_POINT ( 'NONE',  ( 2.327262649190777744, -1.893105533688360875, -1.700000000000000178 ) ) ;
#986 = VERTEX_POINT ( 'NONE', #2378 ) ;
#987 = CARTESIAN_POINT ( 'NONE',  ( 3.299999999999998046, 0.000000000000000000, 2.299999999999999822 ) ) ;
#988 = CARTESIAN_POINT ( 'NONE',  ( 3.961530471308267298, 8.556255055666158071, -1.209680621018530466 ) ) ;
#989 = CARTESIAN_POINT ( 'NONE',  ( -3.680482097444022660, 1.373213098650152064, 1.250000000000000000 ) ) ;
#990 = AXIS2_PLACEMENT_3D ( 'NONE', #1649, #356, #3171 ) ;
#991 = ORIENTED_EDGE ( 'NONE', *, *, #1141, .F. ) ;
#992 = CIRCLE ( 'NONE', #1312, 2.700000000000007283 ) ;
#993 = CARTESIAN_POINT ( 'NONE',  ( 4.241241905485717112, -168.5537438249798754, -2.000000000000000000 ) ) ;
#994 = AXIS2_PLACEMENT_3D ( 'NONE', #2049, #1305, #337 ) ;
#995 = AXIS2_PLACEMENT_3D ( 'NONE', #1426, #1393, #358 ) ;
#997 = DIRECTION ( 'NONE',  ( 0.000000000000000000, 0.000000000000000000, 1.000000000000000000 ) ) ;
#996 = TOROIDAL_SURFACE ( 'NONE', #2738, 2.700000000000029932, 0.2999999999999999889 ) ;
#998 = CARTESIAN_POINT ( 'NONE',  ( 51.17000000000000881, 3.306546357697862608E-16, -1.250000000000000000 ) ) ;
#999 = DIRECTION ( 'NONE',  ( 1.000000000000000000, 0.000000000000000000, 0.000000000000000000 ) ) ;
#1000 = AXIS2_PLACEMENT_3D ( 'NONE', #600, #652, #1338 ) ;
#1001 = AXIS2_PLACEMENT_3D ( 'NONE', #118, #2138, #205 ) ;
#1002 = EDGE_CURVE ( 'NONE', #2570, #2227, #2882, .T. ) ;
#1003 = ORIENTED_EDGE ( 'NONE', *, *, #1513, .T. ) ;
#1004 = VERTEX_POINT ( 'NONE', #114 ) ;
#1005 = DIRECTION ( 'NONE',  ( 1.000000000000000000, 0.000000000000000000, 0.000000000000000000 ) ) ;
#1006 = AXIS2_PLACEMENT_3D ( 'NONE', #152, #1638, #1127 ) ;
#1007 = EDGE_CURVE ( 'NONE', #620, #1840, #1474, .T. ) ;
#1008 = AXIS2_PLACEMENT_3D ( 'NONE', #1613, #2, #2619 ) ;
#1009 = VERTEX_POINT ( 'NONE', #431 ) ;
#1010 = DIRECTION ( 'NONE',  ( -0.000000000000000000, -0.000000000000000000, -1.000000000000000000 ) ) ;
#1011 = DIRECTION ( 'NONE',  ( 1.000000000000000000, -1.800184739221215147E-15, 0.000000000000000000 ) ) ;
#1012 = PLANE ( 'NONE',  #616 ) ;
#1013 = DIRECTION ( 'NONE',  ( -0.9821639669417048246, 0.1880264397400901177, 0.000000000000000000 ) ) ;
#1014 = EDGE_LOOP ( 'NONE', ( #2432, #858, #492, #2920, #2581, #467, #398, #2336, #1658, #1991, #432 ) ) ;
#1015 = ORIENTED_EDGE ( 'NONE', *, *, #167, .T. ) ;
#1016 = DIRECTION ( 'NONE',  ( 0.000000000000000000, 0.000000000000000000, -1.000000000000000000 ) ) ;
#1017 = CARTESIAN_POINT ( 'NONE',  ( 2.327262649190777744, -1.893105533688356434, -1.700000000000000178 ) ) ;
#1018 = ORIENTED_EDGE ( 'NONE', *, *, #2335, .F. ) ;
#1019 = ORIENTED_EDGE ( 'NONE', *, *, #345, .T. ) ;
#1020 = CARTESIAN_POINT ( 'NONE',  ( 37.57080861381277259, 5.544640955107010605, 0.9500000000000002887 ) ) ;
#1021 = ORIENTED_EDGE ( 'NONE', *, *, #2594, .T. ) ;
#1022 = CARTESIAN_POINT ( 'NONE',  ( 0.5355366570961886952, 3.256255593301334184, 1.700000000000000178 ) ) ;
#1023 = CARTESIAN_POINT ( 'NONE',  ( 39.70672929459253453, 2.598149054281850834, -2.000000000000000000 ) ) ;
#1024 = DIRECTION ( 'NONE',  ( 0.2374513962907081888, 0.9713994206296363565, 0.000000000000000000 ) ) ;
#1025 = ADVANCED_FACE ( 'NONE', ( #2445 ), #782, .T. ) ;
#1026 = ADVANCED_FACE ( 'NONE', ( #2133 ), #1623, .T. ) ;
#1027 = ORIENTED_EDGE ( 'NONE', *, *, #7, .T. ) ;
#1028 = ADVANCED_FACE ( 'NONE', ( #1770 ), #2509, .T. ) ;
#1029 = ORIENTED_EDGE ( 'NONE', *, *, #1377, .T. ) ;
#1030 = ORIENTED_EDGE ( 'NONE', *, *, #147, .T. ) ;
#1031 = DIRECTION ( 'NONE',  ( -1.000000000000000000, 0.000000000000000000, 0.000000000000000000 ) ) ;
#1032 = ORIENTED_EDGE ( 'NONE', *, *, #2406, .T. ) ;
#1033 = LINE ( 'NONE', #3026, #1042 ) ;
#1034 = CARTESIAN_POINT ( 'NONE',  ( 0.8987919263206308740, 2.866411459113950233, 2.299999999999999822 ) ) ;
#1035 = DIRECTION ( 'NONE',  ( -0.000000000000000000, -0.000000000000000000, 1.000000000000000000 ) ) ;
#1036 = ORIENTED_EDGE ( 'NONE', *, *, #2054, .F. ) ;
#1037 = EDGE_CURVE ( 'NONE', #2056, #1870, #2182, .T. ) ;
#1038 = DIRECTION ( 'NONE',  ( 0.0001124763395702469196, -0.9999999936745365137, 0.000000000000000000 ) ) ;
#1039 = EDGE_CURVE ( 'NONE', #2163, #1334, #88, .T. ) ;
#1040 = VECTOR ( 'NONE', #886, 1000.000000000000000 ) ;
#1041 = VECTOR ( 'NONE', #2232, 1000.000000000000000 ) ;
#1042 = VECTOR ( 'NONE', #2304, 1000.000000000000000 ) ;
#1043 = AXIS2_PLACEMENT_3D ( 'NONE', #2031, #1293, #1024 ) ;
#1044 = CIRCLE ( 'NONE', #3103, 0.2999999999999997669 ) ;
#1045 = EDGE_LOOP ( 'NONE', ( #1641, #1709, #323, #933 ) ) ;
#1046 = EDGE_LOOP ( 'NONE', ( #1747, #1806, #1731, #308 ) ) ;
#1047 = DIRECTION ( 'NONE',  ( -1.000000000000000000, 0.000000000000000000, 0.000000000000000000 ) ) ;
#1048 = AXIS2_PLACEMENT_3D ( 'NONE', #2284, #2772, #509 ) ;
#1049 = AXIS2_PLACEMENT_3D ( 'NONE', #2263, #1206, #240 ) ;
#1050 = CIRCLE ( 'NONE', #2218, 0.2999999999999999334 ) ;
#1051 = ORIENTED_EDGE ( 'NONE', *, *, #555, .F. ) ;
#1052 = DIRECTION ( 'NONE',  ( 1.000000000000000000, 0.000000000000000000, 0.000000000000000000 ) ) ;
#1053 = CARTESIAN_POINT ( 'NONE',  ( 4.241241905485717112, -168.5537438249798754, 1.700000000000000178 ) ) ;
#1054 = CARTESIAN_POINT ( 'NONE',  ( 48.46999999999999886, 0.000000000000000000, -1.250000000000000000 ) ) ;
#1055 = VECTOR ( 'NONE', #860, 1000.000000000000000 ) ;
#1056 = ORIENTED_EDGE ( 'NONE', *, *, #2889, .T. ) ;
#1057 = DIRECTION ( 'NONE',  ( 0.000000000000000000, 0.000000000000000000, -1.000000000000000000 ) ) ;
#1058 = CARTESIAN_POINT ( 'NONE',  ( 48.16252640759061876, 3.185193870076180822, 1.250000000000000000 ) ) ;
#1059 = AXIS2_PLACEMENT_3D ( 'NONE', #2712, #449, #1413 ) ;
#1060 = EDGE_CURVE ( 'NONE', #547, #2894, #199, .T. ) ;
#1061 = ORIENTED_EDGE ( 'NONE', *, *, #1962, .T. ) ;
#1062 = EDGE_CURVE ( 'NONE', #442, #983, #2000, .T. ) ;
#1063 = ORIENTED_EDGE ( 'NONE', *, *, #1433, .T. ) ;
#1064 = CYLINDRICAL_SURFACE ( 'NONE', #1103, 0.2999999999999999334 ) ;
#1065 = ORIENTED_EDGE ( 'NONE', *, *, #2831, .T. ) ;
#1066 = FACE_OUTER_BOUND ( 'NONE', #2924, .T. ) ;
#1067 = LINE ( 'NONE', #528, #2622 ) ;
#1068 = DIRECTION ( 'NONE',  ( 1.000000000000000000, 0.000000000000000000, 0.000000000000000000 ) ) ;
#1069 = ORIENTED_EDGE ( 'NONE', *, *, #215, .T. ) ;
#1070 = ORIENTED_EDGE ( 'NONE', *, *, #2315, .F. ) ;
#1071 = CARTESIAN_POINT ( 'NONE',  ( 1.300000000000000044, 1.592040838891559095E-16, -5.000000000000000000 ) ) ;
#1072 = CARTESIAN_POINT ( 'NONE',  ( 4.241241905485717112, -168.5537438249798754, 1.700000000000000178 ) ) ;
#1073 = DIRECTION ( 'NONE',  ( -1.000000000000000000, 0.000000000000000000, 0.000000000000000000 ) ) ;
#1074 = DIRECTION ( 'NONE',  ( -0.9989213622789031577, 0.04643395291013244219, 0.000000000000000000 ) ) ;
#1075 = B_SPLINE_CURVE_WITH_KNOTS ( 'NONE', 3,
 ( #1930, #2141, #1390, #427, #1440, #405, #2401, #2179 ),
 .UNSPECIFIED., .F., .F.,
 ( 4, 2, 2, 4 ),
 ( 6.374850625613732380E-17, 0.0003440891987893250669, 0.0006881783975785863827, 0.001376356795157129180 ),
 .UNSPECIFIED. ) ;
#1076 = CARTESIAN_POINT ( 'NONE',  ( 48.46999999999999886, 0.000000000000000000, -1.050000000000000488 ) ) ;
#1077 = EDGE_CURVE ( 'NONE', #1559, #473, #1264, .T. ) ;
#1078 = ADVANCED_FACE ( 'NONE', ( #216 ), #3155, .T. ) ;
#1079 = VERTEX_POINT ( 'NONE', #2286 ) ;
#1080 = ORIENTED_EDGE ( 'NONE', *, *, #1995, .F. ) ;
#1081 = CARTESIAN_POINT ( 'NONE',  ( 50.96999999999999886, 0.000000000000000000, -5.000000000000000000 ) ) ;
#1082 = CARTESIAN_POINT ( 'NONE',  ( 0.8300370859107241150, 3.093855655526394965, 1.859136989498036741 ) ) ;
#1083 = APPLICATION_PROTOCOL_DEFINITION ( 'draft international standard', 'automotive_design', 1998, #2797 ) ;
#1084 = ORIENTED_EDGE ( 'NONE', *, *, #2759, .T. ) ;
#1085 = DIRECTION ( 'NONE',  ( 1.000000000000000000, 0.000000000000000000, 0.000000000000000000 ) ) ;
#1086 = LINE ( 'NONE', #1759, #3179 ) ;
#1087 = DIRECTION ( 'NONE',  ( 0.8660254037844413721, -0.4999999999999951150, 0.000000000000000000 ) ) ;
#1088 = DIRECTION ( 'NONE',  ( 1.000000000000000000, 0.000000000000000000, 0.000000000000000000 ) ) ;
#1089 = AXIS2_PLACEMENT_3D ( 'NONE', #2948, #746, #722 ) ;
#1090 = ORIENTED_EDGE ( 'NONE', *, *, #3075, .F. ) ;
#1092 = FACE_OUTER_BOUND ( 'NONE', #2311, .T. ) ;
#1091 = AXIS2_PLACEMENT_3D ( 'NONE', #276, #2786, #1541 ) ;
#1093 = CARTESIAN_POINT ( 'NONE',  ( -5.166631845869951611, 3.054567866013368160, -2.000000000000000000 ) ) ;
#1094 = AXIS2_PLACEMENT_3D ( 'NONE', #277, #1292, #313 ) ;
#1095 = AXIS2_PLACEMENT_3D ( 'NONE', #2003, #1016, #961 ) ;
#1096 = AXIS2_PLACEMENT_3D ( 'NONE', #446, #3189, #923 ) ;
#1097 = ORIENTED_EDGE ( 'NONE', *, *, #1332, .F. ) ;
#1098 = ORIENTED_EDGE ( 'NONE', *, *, #2068, .F. ) ;
#1099 = DIRECTION ( 'NONE',  ( 1.000000000000000000, 4.481368979606706170E-15, 0.000000000000000000 ) ) ;
#1100 = DIRECTION ( 'NONE',  ( -0.000000000000000000, -0.000000000000000000, 1.000000000000000000 ) ) ;
#1101 = AXIS2_PLACEMENT_3D ( 'NONE', #2164, #1118, #3130 ) ;
#1102 = ADVANCED_FACE ( 'NONE', ( #3278 ), #304, .T. ) ;
#1103 = AXIS2_PLACEMENT_3D ( 'NONE', #2814, #2058, #1793 ) ;
#1104 = ORIENTED_EDGE ( 'NONE', *, *, #3016, .F. ) ;
#1105 = CARTESIAN_POINT ( 'NONE',  ( -8.648019418583444917, -0.5342955430001402606, -2.000000000000000000 ) ) ;
#1106 = DIRECTION ( 'NONE',  ( -1.224646799147353207E-16, 1.000000000000000000, 0.000000000000000000 ) ) ;
#1107 = CARTESIAN_POINT ( 'NONE',  ( -0.1137107917233066423, 13.65421974139413663, 0.9500000000000002887 ) ) ;
#1108 = CARTESIAN_POINT ( 'NONE',  ( 2.951704829746619740, -0.5563879716898133543, 2.300000000000000266 ) ) ;
#1109 = AXIS2_PLACEMENT_3D ( 'NONE', #2448, #1198, #2201 ) ;
#1110 = AXIS2_PLACEMENT_3D ( 'NONE', #1849, #2592, #1760 ) ;
#1111 = CARTESIAN_POINT ( 'NONE',  ( 0.000000000000000000, 0.000000000000000000, -2.000000000000000000 ) ) ;
#1112 = CYLINDRICAL_SURFACE ( 'NONE', #3003, 0.3000000000000000444 ) ;
#1113 = ORIENTED_EDGE ( 'NONE', *, *, #1410, .T. ) ;
#1114 = DIRECTION ( 'NONE',  ( 1.000000000000000000, 1.158700550353457859E-14, 0.000000000000000000 ) ) ;
#1115 = CARTESIAN_POINT ( 'NONE',  ( 4.241241905485717112, -168.5537438249798754, -1.700000000000000178 ) ) ;
#1116 = APPLICATION_PROTOCOL_DEFINITION ( 'draft international standard', 'automotive_design', 1998, #1387 ) ;
#1117 = ORIENTED_EDGE ( 'NONE', *, *, #1958, .T. ) ;
#1118 = DIRECTION ( 'NONE',  ( 0.000000000000000000, 0.000000000000000000, -1.000000000000000000 ) ) ;
#1119 = CARTESIAN_POINT ( 'NONE',  ( 48.16252640759061165, 3.185193870076179490, 0.9500000000000002887 ) ) ;
#1120 = ADVANCED_FACE ( 'NONE', ( #15 ), #1511, .T. ) ;
#1121 = CARTESIAN_POINT ( 'NONE',  ( -2.729660544970507363, 5.566772252322823356, -2.000000000000000000 ) ) ;
#1122 = LINE ( 'NONE', #140, #731 ) ;
#1123 = ADVANCED_FACE ( 'NONE', ( #245 ), #619, .F. ) ;
#1124 = CARTESIAN_POINT ( 'NONE',  ( 4.241241905485717112, -168.5537438249798754, -2.000000000000000000 ) ) ;
#1125 = EDGE_CURVE ( 'NONE', #21, #4, #2763, .T. ) ;
#1126 = EDGE_LOOP ( 'NONE', ( #379, #3010, #2301, #1098, #131 ) ) ;
#1127 = DIRECTION ( 'NONE',  ( -1.000000000000000000, 1.224646799147353207E-16, 0.000000000000000000 ) ) ;
#1128 = ORIENTED_EDGE ( 'NONE', *, *, #2818, .F. ) ;
#1129 = ORIENTED_EDGE ( 'NONE', *, *, #437, .F. ) ;
#1130 = CARTESIAN_POINT ( 'NONE',  ( 2.795814663570484360, -1.096151058897440800, 2.149078795315903179 ) ) ;
#1131 = FACE_OUTER_BOUND ( 'NONE', #2827, .T. ) ;
#1132 = DIRECTION ( 'NONE',  ( -1.000000000000000000, 0.000000000000000000, 0.000000000000000000 ) ) ;
#1133 = VERTEX_POINT ( 'NONE', #1246 ) ;
#1134 = DIRECTION ( 'NONE',  ( 0.000000000000000000, 0.000000000000000000, -1.000000000000000000 ) ) ;
#1135 = CARTESIAN_POINT ( 'NONE',  ( 37.00672929459250327, 2.598149054281850834, -1.700000000000000178 ) ) ;
#1136 = CARTESIAN_POINT ( 'NONE',  ( 0.8962647308096052257, 2.865843256457293986, -1.999248304944899468 ) ) ;
#1137 = DIRECTION ( 'NONE',  ( -0.000000000000000000, -1.000000000000000000, -0.000000000000000000 ) ) ;
#1138 = EDGE_CURVE ( 'NONE', #1467, #383, #2537, .T. ) ;
#1139 = EDGE_CURVE ( 'NONE', #2226, #839, #519, .T. ) ;
#1140 = DIRECTION ( 'NONE',  ( -0.000000000000000000, -0.000000000000000000, 1.000000000000000000 ) ) ;
#1141 = EDGE_CURVE ( 'NONE', #424, #81, #1970, .T. ) ;
#1142 = VERTEX_POINT ( 'NONE', #1716 ) ;
#1143 = CARTESIAN_POINT ( 'NONE',  ( 0.000000000000000000, 0.000000000000000000, -2.000000000000000000 ) ) ;
#1144 = CARTESIAN_POINT ( 'NONE',  ( 45.96999999999999886, 3.061616997868386099E-16, 1.050000000000013589 ) ) ;
#1145 = AXIS2_PLACEMENT_3D ( 'NONE', #3244, #2142, #2605 ) ;
#1146 = TOROIDAL_SURFACE ( 'NONE', #2732, 3.299999999999998046, 0.2999999999999999889 ) ;
#1147 = VERTEX_POINT ( 'NONE', #3116 ) ;
#1148 = DIRECTION ( 'NONE',  ( -0.000000000000000000, -0.000000000000000000, -1.000000000000000000 ) ) ;
#1149 = CARTESIAN_POINT ( 'NONE',  ( -2.729660544970507363, 5.566772252322823356, 1.250000000000000222 ) ) ;
#1150 = AXIS2_PLACEMENT_3D ( 'NONE', #1932, #2376, #2639 ) ;
#1151 = CARTESIAN_POINT ( 'NONE',  ( -2.729660544970507363, 5.566772252322823356, -1.250000000000000000 ) ) ;
#1152 = CIRCLE ( 'NONE', #942, 2.999999999999997335 ) ;
#1153 = TOROIDAL_SURFACE ( 'NONE', #2939, 3.299999999999998046, 0.2999999999999999889 ) ;
#1154 = CIRCLE ( 'NONE', #2681, 2.500000000000000444 ) ;
#1155 = ORIENTED_EDGE ( 'NONE', *, *, #1211, .F. ) ;
#1156 = DIRECTION ( 'NONE',  ( -1.000000000000000000, 0.000000000000000000, 0.000000000000000000 ) ) ;
#1157 = CARTESIAN_POINT ( 'NONE',  ( 1.300000000000000044, 1.592040838891559095E-16, -4.700000000000000178 ) ) ;
#1158 = CARTESIAN_POINT ( 'NONE',  ( 1.107063771279844344, 3.100344889986384800, -2.000000000000025313 ) ) ;
#1159 = CARTESIAN_POINT ( 'NONE',  ( -3.680482097444022216, 1.373213098650151176, -1.250000000000000000 ) ) ;
#1160 =( GEOMETRIC_REPRESENTATION_CONTEXT ( 3 ) GLOBAL_UNCERTAINTY_ASSIGNED_CONTEXT ( ( #736 ) ) GLOBAL_UNIT_ASSIGNED_CONTEXT ( ( #134, #70, #1369 ) ) REPRESENTATION_CONTEXT ( 'NONE', 'WORKASPACE' ) );
#1161 = AXIS2_PLACEMENT_3D ( 'NONE', #2212, #1300, #790 ) ;
#1162 = DIRECTION ( 'NONE',  ( -0.000000000000000000, -0.000000000000000000, -1.000000000000000000 ) ) ;
#1163 = CIRCLE ( 'NONE', #1217, 176.9600000000000364 ) ;
#1164 = ORIENTED_EDGE ( 'NONE', *, *, #412, .T. ) ;
#1165 = AXIS2_PLACEMENT_3D ( 'NONE', #2768, #2289, #1820 ) ;
#1166 = CARTESIAN_POINT ( 'NONE',  ( -5.929660544970507985, 5.566772252322823356, -1.250000000000000000 ) ) ;
#1167 = CYLINDRICAL_SURFACE ( 'NONE', #98, 2.999999999999998224 ) ;
#1168 = ADVANCED_FACE ( 'NONE', ( #533 ), #567, .T. ) ;
#1169 = EDGE_CURVE ( 'NONE', #2288, #1559, #675, .T. ) ;
#1170 = EDGE_LOOP ( 'NONE', ( #711, #341, #1186, #2847 ) ) ;
#1171 = ORIENTED_EDGE ( 'NONE', *, *, #1608, .T. ) ;
#1172 = CARTESIAN_POINT ( 'NONE',  ( 4.241241905485717112, -168.5537438249798754, 1.250000000000000000 ) ) ;
#1173 = FACE_OUTER_BOUND ( 'NONE', #2981, .T. ) ;
#1174 = AXIS2_PLACEMENT_3D ( 'NONE', #1111, #3212, #2447 ) ;
#1175 = ORIENTED_EDGE ( 'NONE', *, *, #594, .T. ) ;
#1176 = DIRECTION ( 'NONE',  ( 0.000000000000000000, 0.000000000000000000, 1.000000000000000000 ) ) ;
#1177 = CARTESIAN_POINT ( 'NONE',  ( 37.51440068189074850, 5.249991765024484280, -1.700000000000000178 ) ) ;
#1178 = CARTESIAN_POINT ( 'NONE',  ( 0.9782028289691210299, 3.105938004304080291, -1.962730402298109578 ) ) ;
#1179 = DIRECTION ( 'NONE',  ( 1.000000000000000000, 0.000000000000000000, 0.000000000000000000 ) ) ;
#1180 = DIRECTION ( 'NONE',  ( -1.000000000000000000, 0.000000000000000000, 0.000000000000000000 ) ) ;
#1181 = ORIENTED_EDGE ( 'NONE', *, *, #2366, .T. ) ;
#1182 = ORIENTED_EDGE ( 'NONE', *, *, #2214, .T. ) ;
#1183 = DIRECTION ( 'NONE',  ( 0.000000000000000000, 0.000000000000000000, 1.000000000000000000 ) ) ;
#1184 = CARTESIAN_POINT ( 'NONE',  ( 4.221338092443587264, 8.406255055666139953, -2.000000000000000000 ) ) ;
#1185 = ADVANCED_FACE ( 'NONE', ( #90 ), #2787, .T. ) ;
#1186 = ORIENTED_EDGE ( 'NONE', *, *, #193, .F. ) ;
#1187 = EDGE_LOOP ( 'NONE', ( #1657, #2170, #3031, #418 ) ) ;
#1188 = LINE ( 'NONE', #2974, #628 ) ;
#1189 = ADVANCED_FACE ( 'NONE', ( #2571 ), #559, .F. ) ;
#1190 = EDGE_LOOP ( 'NONE', ( #1459, #284, #30, #433 ) ) ;
#1191 = CARTESIAN_POINT ( 'NONE',  ( 39.70672929459253453, 2.598149054281850834, -1.700000000000000178 ) ) ;
#1192 = LINE ( 'NONE', #428, #513 ) ;
#1193 = CARTESIAN_POINT ( 'NONE',  ( 0.000000000000000000, 0.000000000000000000, 2.299999999999999822 ) ) ;
#1194 = DIRECTION ( 'NONE',  ( 0.000000000000000000, 0.000000000000000000, -1.000000000000000000 ) ) ;
#1195 = DIRECTION ( 'NONE',  ( 0.000000000000000000, 0.000000000000000000, -1.000000000000000000 ) ) ;
#1196 = EDGE_LOOP ( 'NONE', ( #2694, #71, #1966, #963, #1296 ) ) ;
#1197 = LINE ( 'NONE', #2224, #638 ) ;
#1198 = DIRECTION ( 'NONE',  ( -0.000000000000000000, -0.000000000000000000, 1.000000000000000000 ) ) ;
#1199 = ORIENTED_EDGE ( 'NONE', *, *, #2777, .F. ) ;
#1200 = ORIENTED_EDGE ( 'NONE', *, *, #1809, .F. ) ;
#1201 = LINE ( 'NONE', #1965, #1839 ) ;
#1202 = ADVANCED_FACE ( 'NONE', ( #3098 ), #2051, .T. ) ;
#1203 = CIRCLE ( 'NONE', #1310, 0.2999999999999999334 ) ;
#1204 = CIRCLE ( 'NONE', #1617, 12.29999999999998472 ) ;
#1205 = VERTEX_POINT ( 'NONE', #1071 ) ;
#1206 = DIRECTION ( 'NONE',  ( -0.000000000000000000, -0.000000000000000000, 1.000000000000000000 ) ) ;
#1207 = DIRECTION ( 'NONE',  ( 0.000000000000000000, 0.000000000000000000, 1.000000000000000000 ) ) ;
#1208 = CIRCLE ( 'NONE', #2933, 0.2999999999999999334 ) ;
#1209 = CARTESIAN_POINT ( 'NONE',  ( 4.034649867019549419, 8.646537935655274509, -1.136531524885733502 ) ) ;
#1210 = CARTESIAN_POINT ( 'NONE',  ( 51.96999999999999886, 0.000000000000000000, -2.000000000000000000 ) ) ;
#1211 = EDGE_CURVE ( 'NONE', #3029, #2678, #2524, .T. ) ;
#1212 = CIRCLE ( 'NONE', #1888, 5.300000000000000711 ) ;
#1213 = CARTESIAN_POINT ( 'NONE',  ( 0.7948764710421940549, 3.085906647366054578, 1.787024160585755972 ) ) ;
#1214 = AXIS2_PLACEMENT_3D ( 'NONE', #2526, #1035, #2044 ) ;
#1215 = VECTOR ( 'NONE', #2925, 1000.000000000000000 ) ;
#1216 = ORIENTED_EDGE ( 'NONE', *, *, #127, .T. ) ;
#1217 = AXIS2_PLACEMENT_3D ( 'NONE', #3009, #1762, #1696 ) ;
#1218 = VERTEX_POINT ( 'NONE', #1326 ) ;
#1219 = DIRECTION ( 'NONE',  ( -0.000000000000000000, -0.000000000000000000, -1.000000000000000000 ) ) ;
#1220 = DIRECTION ( 'NONE',  ( -0.000000000000000000, -0.000000000000000000, 1.000000000000000000 ) ) ;
#1221 = CIRCLE ( 'NONE', #3054, 0.2999999999999999334 ) ;
#1222 = ORIENTED_EDGE ( 'NONE', *, *, #452, .F. ) ;
#1223 = EDGE_LOOP ( 'NONE', ( #3110, #1182, #1199, #1437 ) ) ;
#1224 = DIRECTION ( 'NONE',  ( 1.000000000000000000, 0.000000000000000000, 0.000000000000000000 ) ) ;
#1225 = B_SPLINE_CURVE_WITH_KNOTS ( 'NONE', 3,
 ( #2582, #317, #2071, #3074, #66, #1518, #1335, #1020 ),
 .UNSPECIFIED., .F., .F.,
 ( 4, 2, 2, 4 ),
 ( 0.000000000000000000, 0.0003495624079798983303, 0.0006991248159597966607, 0.001398249631919610669 ),
 .UNSPECIFIED. ) ;
#1226 = VERTEX_POINT ( 'NONE', #2809 ) ;
#1227 = DIRECTION ( 'NONE',  ( -0.000000000000000000, -0.000000000000000000, -1.000000000000000000 ) ) ;
#1228 = DIRECTION ( 'NONE',  ( 0.000000000000000000, 0.000000000000000000, -1.000000000000000000 ) ) ;
#1229 = DIRECTION ( 'NONE',  ( -0.4999999999999945044, -0.8660254037844418162, 0.000000000000000000 ) ) ;
#1230 = CYLINDRICAL_SURFACE ( 'NONE', #94, 4.299999999999999822 ) ;
#1231 = EDGE_CURVE ( 'NONE', #1079, #2006, #808, .T. ) ;
#1232 = DIRECTION ( 'NONE',  ( 0.000000000000000000, 0.000000000000000000, -1.000000000000000000 ) ) ;
#1233 = ADVANCED_FACE ( 'NONE', ( #1351 ), #2736, .T. ) ;
#1234 = DIRECTION ( 'NONE',  ( 0.000000000000000000, 0.000000000000000000, 1.000000000000000000 ) ) ;
#1235 = CARTESIAN_POINT ( 'NONE',  ( 0.000000000000000000, 0.000000000000000000, 5.000000000000000000 ) ) ;
#1236 = FACE_OUTER_BOUND ( 'NONE', #1964, .T. ) ;
#1237 = UNCERTAINTY_MEASURE_WITH_UNIT (LENGTH_MEASURE( 1.000000000000000082E-05 ), #1980, 'distance_accuracy_value', 'NONE');
#1238 = VERTEX_POINT ( 'NONE', #2330 ) ;
#1239 = ORIENTED_EDGE ( 'NONE', *, *, #917, .F. ) ;
#1240 = FACE_OUTER_BOUND ( 'NONE', #2490, .T. ) ;
#1241 = ORIENTED_EDGE ( 'NONE', *, *, #8, .T. ) ;
#1242 = CYLINDRICAL_SURFACE ( 'NONE', #3048, 4.999999999999997335 ) ;
#1243 = DIRECTION ( 'NONE',  ( -0.000000000000000000, -0.000000000000000000, -1.000000000000000000 ) ) ;
#1244 = DIRECTION ( 'NONE',  ( -0.000000000000000000, 0.000000000000000000, 1.000000000000000000 ) ) ;
#1245 = CARTESIAN_POINT ( 'NONE',  ( 2.699999999999998401, 3.490243377569954582E-16, -5.000000000000000000 ) ) ;
#1246 = CARTESIAN_POINT ( 'NONE',  ( -1.744832402571561136, 8.611458365855552799, -1.250000000000000000 ) ) ;
#1247 = ADVANCED_FACE ( 'NONE', ( #2558 ), #545, .F. ) ;
#1248 = ORIENTED_EDGE ( 'NONE', *, *, #512, .F. ) ;
#1249 = CARTESIAN_POINT ( 'NONE',  ( 3.269185104360444072, -0.4499208301776907448, -2.000000000000000000 ) ) ;
#1250 = CARTESIAN_POINT ( 'NONE',  ( 37.00672929459250327, 2.598149054281850834, 1.250000000000000000 ) ) ;
#1251 = DIRECTION ( 'NONE',  ( -0.000000000000000000, -0.000000000000000000, 1.000000000000000000 ) ) ;
#1252 = ORIENTED_EDGE ( 'NONE', *, *, #3056, .F. ) ;
#1253 = VERTEX_POINT ( 'NONE', #291 ) ;
#1254 = DIRECTION ( 'NONE',  ( -0.000000000000000000, -0.000000000000000000, -1.000000000000000000 ) ) ;
#1255 = ORIENTED_EDGE ( 'NONE', *, *, #169, .F. ) ;
#1256 = FILL_AREA_STYLE_COLOUR ( '', #472 ) ;
#1257 = DIRECTION ( 'NONE',  ( -0.000000000000000000, 0.000000000000000000, 1.000000000000000000 ) ) ;
#1258 = DIRECTION ( 'NONE',  ( -0.5000000000000619504, -0.8660254037844030695, -0.000000000000000000 ) ) ;
#1259 = CIRCLE ( 'NONE', #3090, 2.999999999999997335 ) ;
#1260 = AXIS2_PLACEMENT_3D ( 'NONE', #2074, #11, #1556 ) ;
#1261 = ORIENTED_EDGE ( 'NONE', *, *, #552, .T. ) ;
#1262 = DIRECTION ( 'NONE',  ( 0.8978664923101261630, 0.4402678298339658958, 0.000000000000000000 ) ) ;
#1263 = CIRCLE ( 'NONE', #3095, 3.299999999999998046 ) ;
#1264 = CIRCLE ( 'NONE', #1945, 0.2999999999999999334 ) ;
#1265 = AXIS2_PLACEMENT_3D ( 'NONE', #3150, #163, #93 ) ;
#1267 = CARTESIAN_POINT ( 'NONE',  ( 36.49905790729428645, -0.05369365646078915616, 1.700000000000000178 ) ) ;
#1266 = CIRCLE ( 'NONE', #360, 0.3000000000000000444 ) ;
#1268 = CARTESIAN_POINT ( 'NONE',  ( 3.269185104360444072, -0.4499208301776907448, -2.000000000000000000 ) ) ;
#1269 = AXIS2_PLACEMENT_3D ( 'NONE', #1505, #1254, #1005 ) ;
#1270 = VERTEX_POINT ( 'NONE', #2077 ) ;
#1271 = ADVANCED_FACE ( 'NONE', ( #2848 ), #796, .T. ) ;
#1272 = ORIENTED_EDGE ( 'NONE', *, *, #484, .F. ) ;
#1273 = LINE ( 'NONE', #565, #417 ) ;
#1274 = AXIS2_PLACEMENT_3D ( 'NONE', #2279, #785, #1031 ) ;
#1275 = ADVANCED_FACE ( 'NONE', ( #2113 ), #730, .F. ) ;
#1276 = AXIS2_PLACEMENT_3D ( 'NONE', #3020, #1591, #1087 ) ;
#1277 = ORIENTED_EDGE ( 'NONE', *, *, #2151, .T. ) ;
#1278 =( NAMED_UNIT ( * ) SI_UNIT ( $, .STERADIAN. ) SOLID_ANGLE_UNIT ( ) );
#1279 = CARTESIAN_POINT ( 'NONE',  ( 37.51440068189074850, 5.249991765024484280, -2.000000000000000000 ) ) ;
#1280 = CARTESIAN_POINT ( 'NONE',  ( 3.961530471308267298, 8.556255055666158071, -2.000000000000000000 ) ) ;
#1281 = CARTESIAN_POINT ( 'NONE',  ( -0.02966054497049921274, 5.566772252322823356, 1.250000000000000222 ) ) ;
#1282 = ORIENTED_EDGE ( 'NONE', *, *, #2052, .T. ) ;
#1283 = CARTESIAN_POINT ( 'NONE',  ( 3.905019569103692412, 8.458375301866279727, 1.250000000000000222 ) ) ;
#1284 = VERTEX_POINT ( 'NONE', #2590 ) ;
#1285 = ORIENTED_EDGE ( 'NONE', *, *, #2149, .T. ) ;
#1286 = DIRECTION ( 'NONE',  ( -0.000000000000000000, -0.000000000000000000, 1.000000000000000000 ) ) ;
#1287 = EDGE_CURVE ( 'NONE', #1837, #3165, #324, .T. ) ;
#1288 = VERTEX_POINT ( 'NONE', #72 ) ;
#1289 = CARTESIAN_POINT ( 'NONE',  ( 3.212400410296671893, -0.5723670879204868500, 2.000000000000000000 ) ) ;
#1290 = EDGE_CURVE ( 'NONE', #281, #1226, #1044, .T. ) ;
#1291 = DIRECTION ( 'NONE',  ( -0.000000000000000000, -0.000000000000000000, 1.000000000000000000 ) ) ;
#1292 = DIRECTION ( 'NONE',  ( 0.8660254037844413721, -0.4999999999999951705, 0.000000000000000000 ) ) ;
#1293 = DIRECTION ( 'NONE',  ( 0.9713994206296362455, -0.2374513962907088827, -1.716302131454020644E-16 ) ) ;
#1294 = EDGE_LOOP ( 'NONE', ( #558, #1926, #255, #3057 ) ) ;
#1295 = DIRECTION ( 'NONE',  ( -1.000000000000000000, 0.000000000000000000, 0.000000000000000000 ) ) ;
#1296 = ORIENTED_EDGE ( 'NONE', *, *, #2334, .T. ) ;
#1297 = ORIENTED_EDGE ( 'NONE', *, *, #1547, .F. ) ;
#1298 = CARTESIAN_POINT ( 'NONE',  ( -3.889327009339771823, 1.799123955119882101, 0.9500000000000000666 ) ) ;
#1299 = EDGE_LOOP ( 'NONE', ( #1021, #1607, #763, #1763 ) ) ;
#1300 = DIRECTION ( 'NONE',  ( 0.000000000000000000, 0.000000000000000000, 1.000000000000000000 ) ) ;
#1301 = DIRECTION ( 'NONE',  ( 1.000000000000000000, 0.000000000000000000, 0.000000000000000000 ) ) ;
#1302 = CARTESIAN_POINT ( 'NONE',  ( -0.1137107917233066423, 13.65421974139413663, -1.250000000000000000 ) ) ;
#1303 = ORIENTED_EDGE ( 'NONE', *, *, #697, .T. ) ;
#1304 = EDGE_LOOP ( 'NONE', ( #2350, #1175, #17, #1898 ) ) ;
#1305 = DIRECTION ( 'NONE',  ( 0.000000000000000000, 0.000000000000000000, -1.000000000000000000 ) ) ;
#1306 = AXIS2_PLACEMENT_3D ( 'NONE', #643, #591, #2402 ) ;
#1307 = EDGE_CURVE ( 'NONE', #1133, #1697, #415, .T. ) ;
#1308 = DIRECTION ( 'NONE',  ( 0.000000000000000000, 0.000000000000000000, 1.000000000000000000 ) ) ;
#1309 = ADVANCED_FACE ( 'NONE', ( #642 ), #738, .F. ) ;
#1310 = AXIS2_PLACEMENT_3D ( 'NONE', #987, #2720, #2998 ) ;
#1311 = AXIS2_PLACEMENT_3D ( 'NONE', #1754, #2215, #494 ) ;
#1312 = AXIS2_PLACEMENT_3D ( 'NONE', #2042, #1765, #2770 ) ;
#1313 = VECTOR ( 'NONE', #748, 1000.000000000000000 ) ;
#1314 = AXIS2_PLACEMENT_3D ( 'NONE', #1758, #2723, #2530 ) ;
#1315 = CARTESIAN_POINT ( 'NONE',  ( 2.699999999999998401, 0.000000000000000000, 4.700000000000000178 ) ) ;
#1316 = VERTEX_POINT ( 'NONE', #3170 ) ;
#1317 = CARTESIAN_POINT ( 'NONE',  ( 46.46233638426669188, 3.604575117248043359, 0.9500000000000002887 ) ) ;
#1318 = CIRCLE ( 'NONE', #3215, 1.300000000000000044 ) ;
#1319 = AXIS2_PLACEMENT_3D ( 'NONE', #1675, #2684, #3167 ) ;
#1320 = ORIENTED_EDGE ( 'NONE', *, *, #1604, .F. ) ;
#1321 = CARTESIAN_POINT ( 'NONE',  ( -4.066977831037368318, 1.480015289107766474, 2.000000000000000000 ) ) ;
#1322 = CARTESIAN_POINT ( 'NONE',  ( 51.96999999999999886, 0.000000000000000000, -0.9500000000000000666 ) ) ;
#1323 = DIRECTION ( 'NONE',  ( -0.000000000000000000, -0.000000000000000000, 1.000000000000000000 ) ) ;
#1324 = CIRCLE ( 'NONE', #1586, 3.500000000000000444 ) ;
#1325 = ORIENTED_EDGE ( 'NONE', *, *, #3073, .T. ) ;
#1326 = CARTESIAN_POINT ( 'NONE',  ( 1.000000000000000000, 0.000000000000000000, -4.700000000000000178 ) ) ;
#1327 = DIRECTION ( 'NONE',  ( -0.000000000000000000, -0.000000000000000000, 1.000000000000000000 ) ) ;
#1328 = DIRECTION ( 'NONE',  ( -0.000000000000000000, 0.000000000000000000, 1.000000000000000000 ) ) ;
#1329 = DIRECTION ( 'NONE',  ( -1.000000000000000000, 0.000000000000000000, 0.000000000000000000 ) ) ;
#1330 = EDGE_CURVE ( 'NONE', #1147, #1446, #2790, .T. ) ;
#1331 = CIRCLE ( 'NONE', #2327, 0.2999999999999999334 ) ;
#1332 = EDGE_CURVE ( 'NONE', #2076, #1205, #1318, .T. ) ;
#1333 = ORIENTED_EDGE ( 'NONE', *, *, #777, .F. ) ;
#1334 = VERTEX_POINT ( 'NONE', #2666 ) ;
#1335 = CARTESIAN_POINT ( 'NONE',  ( 37.78921061369838696, 5.502829860572073351, 1.019720450991308924 ) ) ;
#1336 = ORIENTED_EDGE ( 'NONE', *, *, #2391, .F. ) ;
#1337 = FACE_OUTER_BOUND ( 'NONE', #1748, .T. ) ;
#1338 = DIRECTION ( 'NONE',  ( 1.000000000000000000, 0.000000000000000000, 0.000000000000000000 ) ) ;
#1339 = EDGE_LOOP ( 'NONE', ( #660, #2548, #2600, #503 ) ) ;
#1340 = CARTESIAN_POINT ( 'NONE',  ( 3.207356946386757279, -0.5832424478428444026, -1.999999999999999556 ) ) ;
#1341 = DIRECTION ( 'NONE',  ( 0.2381873771791866712, 0.9712192200283621402, 0.000000000000000000 ) ) ;
#1342 = EDGE_CURVE ( 'NONE', #3229, #2873, #3157, .T. ) ;
#1343 = CARTESIAN_POINT ( 'NONE',  ( 36.44264997537227657, -0.3483428465432814036, -1.700000000000000178 ) ) ;
#1344 = CARTESIAN_POINT ( 'NONE',  ( 1.148891823298499704, 3.093549349591474762, 2.000000000000000000 ) ) ;
#1345 = EDGE_CURVE ( 'NONE', #2552, #635, #1075, .T. ) ;
#1346 = ORIENTED_EDGE ( 'NONE', *, *, #3205, .T. ) ;
#1347 = DIRECTION ( 'NONE',  ( -0.9821639669417049356, 0.1880264397400901177, 0.000000000000000000 ) ) ;
#1348 = CARTESIAN_POINT ( 'NONE',  ( 48.46999999999999886, 0.000000000000000000, -2.000000000000000000 ) ) ;
#1349 = DIRECTION ( 'NONE',  ( 1.000000000000000000, 0.000000000000000000, 0.000000000000000000 ) ) ;
#1350 = ORIENTED_EDGE ( 'NONE', *, *, #1368, .T. ) ;
#1351 = FACE_OUTER_BOUND ( 'NONE', #1504, .T. ) ;
#1352 = FACE_OUTER_BOUND ( 'NONE', #1911, .T. ) ;
#1353 = CARTESIAN_POINT ( 'NONE',  ( 2.993606395250905550, -0.9633004712553525639, -1.945905866848126609 ) ) ;
#1354 = DIRECTION ( 'NONE',  ( 0.000000000000000000, -0.000000000000000000, -1.000000000000000000 ) ) ;
#1355 = CIRCLE ( 'NONE', #2618, 0.2999999999999999334 ) ;
#1356 = ORIENTED_EDGE ( 'NONE', *, *, #2955, .T. ) ;
#1358 = CARTESIAN_POINT ( 'NONE',  ( -2.729660544970507363, 5.566772252322823356, -1.250000000000000000 ) ) ;
#1357 = AXIS2_PLACEMENT_3D ( 'NONE', #1348, #2908, #1858 ) ;
#1359 = CARTESIAN_POINT ( 'NONE',  ( -1.300000000000000044, 0.000000000000000000, -5.000000000000000000 ) ) ;
#1360 = AXIS2_PLACEMENT_3D ( 'NONE', #797, #1502, #1745 ) ;
#1361 = AXIS2_PLACEMENT_3D ( 'NONE', #2836, #1846, #310 ) ;
#1362 = EDGE_CURVE ( 'NONE', #1959, #681, #2210, .T. ) ;
#1363 = AXIS2_PLACEMENT_3D ( 'NONE', #214, #482, #1685 ) ;
#1364 = EDGE_LOOP ( 'NONE', ( #2290, #2341, #1536, #688 ) ) ;
#1365 = CARTESIAN_POINT ( 'NONE',  ( 2.815227831014114113, -1.047532603133961793, 2.012903271116947224 ) ) ;
#1366 = CARTESIAN_POINT ( 'NONE',  ( 0.5557562340990963579, 2.950044647301069300, 2.018273985443483021 ) ) ;
#1367 = TOROIDAL_SURFACE ( 'NONE', #2626, 176.9600000000000364, 0.2999999999999999889 ) ;
#1368 = EDGE_CURVE ( 'NONE', #1563, #505, #1647, .T. ) ;
#1369 =( NAMED_UNIT ( * ) SI_UNIT ( $, .STERADIAN. ) SOLID_ANGLE_UNIT ( ) );
#1370 = PRESENTATION_LAYER_ASSIGNMENT (  '', '', ( #1892 ) ) ;
#1371 = AXIS2_PLACEMENT_3D ( 'NONE', #2565, #2041, #303 ) ;
#1372 = EDGE_LOOP ( 'NONE', ( #548, #1498, #668, #2808 ) ) ;
#1373 = CARTESIAN_POINT ( 'NONE',  ( 4.241241905485717112, -168.5537438249798754, 0.9500000000000002887 ) ) ;
#1374 = LINE ( 'NONE', #92, #1432 ) ;
#1375 = CYLINDRICAL_SURFACE ( 'NONE', #3102, 0.2999999999999999334 ) ;
#1376 = AXIS2_PLACEMENT_3D ( 'NONE', #2661, #2869, #2121 ) ;
#1377 = EDGE_CURVE ( 'NONE', #2589, #1147, #1947, .T. ) ;
#1378 = CARTESIAN_POINT ( 'NONE',  ( -2.729660544970507363, 5.566772252322823356, 1.250000000000000000 ) ) ;
#1379 = DIRECTION ( 'NONE',  ( -0.000000000000000000, -0.000000000000000000, 1.000000000000000000 ) ) ;
#1380 = CARTESIAN_POINT ( 'NONE',  ( -0.4740116451163898792, 0.2736707509069615796, -2.000000000000000000 ) ) ;
#1381 = ORIENTED_EDGE ( 'NONE', *, *, #441, .T. ) ;
#1382 = ORIENTED_EDGE ( 'NONE', *, *, #699, .T. ) ;
#1383 = CYLINDRICAL_SURFACE ( 'NONE', #1001, 4.999999999999997335 ) ;
#1384 = CARTESIAN_POINT ( 'NONE',  ( 0.9827229939364371392, 2.835240904580665688, 2.015708097956379063 ) ) ;
#1385 = DIRECTION ( 'NONE',  ( -0.000000000000000000, -0.000000000000000000, -1.000000000000000000 ) ) ;
#1386 = EDGE_CURVE ( 'NONE', #2753, #1004, #1154, .T. ) ;
#1387 = APPLICATION_CONTEXT ( 'automotive_design' ) ;
#1388 = ADVANCED_FACE ( 'NONE', ( #2387 ), #996, .T. ) ;
#1389 = ORIENTED_EDGE ( 'NONE', *, *, #1516, .F. ) ;
#1390 = CARTESIAN_POINT ( 'NONE',  ( 37.54824592178069764, -0.3547459467414221246, -1.237635579111299400 ) ) ;
#1391 = CARTESIAN_POINT ( 'NONE',  ( 2.507179882396459281, -1.671926814734667754, 1.767106162165059891 ) ) ;
#1392 = CARTESIAN_POINT ( 'NONE',  ( 0.7804264738830475334, 3.082966881510575963, -1.781255115858557003 ) ) ;
#1393 = DIRECTION ( 'NONE',  ( -0.000000000000000000, -1.000000000000000000, -0.000000000000000000 ) ) ;
#1394 = DIRECTION ( 'NONE',  ( 0.000000000000000000, -0.000000000000000000, -1.000000000000000000 ) ) ;
#1395 = ORIENTED_EDGE ( 'NONE', *, *, #962, .T. ) ;
#1396 = ORIENTED_EDGE ( 'NONE', *, *, #2348, .T. ) ;
#1397 = CARTESIAN_POINT ( 'NONE',  ( -4.066977831037382529, 1.480015289107742271, 0.9966557941711423618 ) ) ;
#1398 = CARTESIAN_POINT ( 'NONE',  ( -0.7338192662517214471, 0.4236707509069596034, 1.250000000000000000 ) ) ;
#1399 = ORIENTED_EDGE ( 'NONE', *, *, #742, .T. ) ;
#1400 = CARTESIAN_POINT ( 'NONE',  ( 2.690335562373187273, -1.426358047602345414, 1.839508924956740232 ) ) ;
#1401 = CARTESIAN_POINT ( 'NONE',  ( 0.9725802350457910528, 3.107236917436801082, 1.968028893485418651 ) ) ;
#1402 = FILL_AREA_STYLE ('',( #386 ) ) ;
#1403 = ORIENTED_EDGE ( 'NONE', *, *, #171, .T. ) ;
#1404 = CARTESIAN_POINT ( 'NONE',  ( -4.066977831037368318, 1.480015289107766474, -1.250000000000000000 ) ) ;
#1405 = CARTESIAN_POINT ( 'NONE',  ( 2.678056583493723775, -1.443263658262217808, 1.834735972972982854 ) ) ;
#1406 = FACE_OUTER_BOUND ( 'NONE', #3192, .T. ) ;
#1407 = DIRECTION ( 'NONE',  ( 0.000000000000000000, 0.000000000000000000, -1.000000000000000000 ) ) ;
#1408 = EDGE_CURVE ( 'NONE', #2488, #715, #1266, .T. ) ;
#1409 = PLANE ( 'NONE',  #1884 ) ;
#1410 = EDGE_CURVE ( 'NONE', #1697, #490, #1476, .T. ) ;
#1411 = ORIENTED_EDGE ( 'NONE', *, *, #412, .F. ) ;
#1412 = ORIENTED_EDGE ( 'NONE', *, *, #1789, .F. ) ;
#1413 = DIRECTION ( 'NONE',  ( 1.000000000000000000, 0.000000000000000000, 0.000000000000000000 ) ) ;
#1414 = LINE ( 'NONE', #1886, #315 ) ;
#1415 = VECTOR ( 'NONE', #406, 1000.000000000000114 ) ;
#1416 = AXIS2_PLACEMENT_3D ( 'NONE', #126, #1140, #890 ) ;
#1417 = ORIENTED_EDGE ( 'NONE', *, *, #2539, .F. ) ;
#1418 = CARTESIAN_POINT ( 'NONE',  ( 2.327262649190777744, -1.893105533688360875, 1.700000000000000178 ) ) ;
#1419 = DIRECTION ( 'NONE',  ( 0.000000000000000000, 0.000000000000000000, -1.000000000000000000 ) ) ;
#1420 = CIRCLE ( 'NONE', #2621, 5.299999999999998934 ) ;
#1421 = AXIS2_PLACEMENT_3D ( 'NONE', #1378, #659, #3175 ) ;
#1422 = AXIS2_PLACEMENT_3D ( 'NONE', #1614, #658, #2878 ) ;
#1423 = EDGE_LOOP ( 'NONE', ( #597, #2632, #613, #2687, #1350, #2122, #2710, #3086 ) ) ;
#1424 = DIRECTION ( 'NONE',  ( 0.000000000000000000, 0.000000000000000000, -1.000000000000000000 ) ) ;
#1425 = CARTESIAN_POINT ( 'NONE',  ( 0.7804264472511909245, 3.082966843874722862, -1.700000000000000178 ) ) ;
#1426 = CARTESIAN_POINT ( 'NONE',  ( -5.929660544970507985, 5.566772252322823356, -0.9500000000000000666 ) ) ;
#1427 = AXIS2_PLACEMENT_3D ( 'NONE', #425, #3218, #1438 ) ;
#1428 = DIRECTION ( 'NONE',  ( 0.000000000000000000, 0.000000000000000000, 1.000000000000000000 ) ) ;
#1429 = CIRCLE ( 'NONE', #1746, 0.3000000000000000444 ) ;
#1430 = ORIENTED_EDGE ( 'NONE', *, *, #1077, .T. ) ;
#1431 = ADVANCED_FACE ( 'NONE', ( #2861 ), #1367, .T. ) ;
#1432 = VECTOR ( 'NONE', #592, 1000.000000000000000 ) ;
#1433 = EDGE_CURVE ( 'NONE', #115, #2584, #2528, .T. ) ;
#1434 = DIRECTION ( 'NONE',  ( 1.000000000000000000, -7.998548102676079792E-15, 0.000000000000000000 ) ) ;
#1435 = DIRECTION ( 'NONE',  ( -0.4999999999999967248, -0.8660254037844407060, 5.007715329123876980E-15 ) ) ;
#1436 = ORIENTED_EDGE ( 'NONE', *, *, #2016, .F. ) ;
#1437 = ORIENTED_EDGE ( 'NONE', *, *, #1408, .F. ) ;
#1438 = DIRECTION ( 'NONE',  ( -1.000000000000000000, -2.618450529776313049E-15, 0.000000000000000000 ) ) ;
#1439 = ORIENTED_EDGE ( 'NONE', *, *, #2554, .T. ) ;
#1440 = CARTESIAN_POINT ( 'NONE',  ( 37.21112181550149245, -0.3969574307248423528, -1.175360725026491027 ) ) ;
#1441 = CARTESIAN_POINT ( 'NONE',  ( 3.934409618965925226, 8.509280361464645281, -1.236829678323263737 ) ) ;
#1442 = CARTESIAN_POINT ( 'NONE',  ( 0.6720269183016256420, 2.929777672270336808, -1.807121422627571805 ) ) ;
#1443 = CARTESIAN_POINT ( 'NONE',  ( 47.65327327016257897, 8.460671217389851506, -0.9500000000000000666 ) ) ;
#1444 = CARTESIAN_POINT ( 'NONE',  ( -0.7338192662517214471, 0.4236707509069596034, -1.250000000000000000 ) ) ;
#1445 = ORIENTED_EDGE ( 'NONE', *, *, #2253, .F. ) ;
#1446 = VERTEX_POINT ( 'NONE', #110 ) ;
#1447 = DIRECTION ( 'NONE',  ( 0.000000000000000000, -0.000000000000000000, -1.000000000000000000 ) ) ;
#1448 = DIRECTION ( 'NONE',  ( 1.000000000000000000, 0.000000000000000000, 0.000000000000000000 ) ) ;
#1449 = ORIENTED_EDGE ( 'NONE', *, *, #2255, .F. ) ;
#1450 = EDGE_CURVE ( 'NONE', #2584, #1801, #1680, .T. ) ;
#1451 = ORIENTED_EDGE ( 'NONE', *, *, #1909, .T. ) ;
#1452 = CARTESIAN_POINT ( 'NONE',  ( -2.729660544970507363, 5.566772252322823356, 1.250000000000000000 ) ) ;
#1453 = ORIENTED_EDGE ( 'NONE', *, *, #125, .F. ) ;
#1454 = CYLINDRICAL_SURFACE ( 'NONE', #1161, 3.500000000000003109 ) ;
#1455 = CARTESIAN_POINT ( 'NONE',  ( 0.000000000000000000, 0.000000000000000000, -5.000000000000000000 ) ) ;
#1456 = CARTESIAN_POINT ( 'NONE',  ( 0.000000000000000000, 0.000000000000000000, -2.000000000000000000 ) ) ;
#1457 = CARTESIAN_POINT ( 'NONE',  ( 0.7804264472511908135, 3.082966843874722418, 1.250000000000000000 ) ) ;
#1458 = CARTESIAN_POINT ( 'NONE',  ( 48.46999999999999886, 0.000000000000000000, 1.250000000000000222 ) ) ;
#1459 = ORIENTED_EDGE ( 'NONE', *, *, #1139, .F. ) ;
#1460 = CARTESIAN_POINT ( 'NONE',  ( 4.221338092443585488, 8.406255055666116860, -1.700000000000000178 ) ) ;
#1461 = CARTESIAN_POINT ( 'NONE',  ( 36.44264997537227657, -0.3483428465432814036, 0.9500000000000002887 ) ) ;
#1462 = ORIENTED_EDGE ( 'NONE', *, *, #1060, .F. ) ;
#1463 = CARTESIAN_POINT ( 'NONE',  ( 37.57080861381277259, 5.544640955107010605, -0.9500000000000000666 ) ) ;
#1464 = CIRCLE ( 'NONE', #776, 2.699999999999998401 ) ;
#1465 = EDGE_CURVE ( 'NONE', #2440, #3264, #2362, .T. ) ;
#1466 = AXIS2_PLACEMENT_3D ( 'NONE', #327, #810, #1088 ) ;
#1467 = VERTEX_POINT ( 'NONE', #2637 ) ;
#1468 = ADVANCED_FACE ( 'NONE', ( #2245 ), #2961, .F. ) ;
#1469 = DIRECTION ( 'NONE',  ( -0.000000000000000000, -0.000000000000000000, 1.000000000000000000 ) ) ;
#1470 = CIRCLE ( 'NONE', #1996, 3.500000000000003109 ) ;
#1471 = CARTESIAN_POINT ( 'NONE',  ( 4.173292994791655275, 8.706249653627034846, -0.9979707011863663269 ) ) ;
#1472 = LINE ( 'NONE', #2216, #2623 ) ;
#1473 = AXIS2_PLACEMENT_3D ( 'NONE', #2305, #1323, #1068 ) ;
#1474 = CIRCLE ( 'NONE', #3045, 177.2600000000000193 ) ;
#1475 = DIRECTION ( 'NONE',  ( 0.000000000000000000, -1.000000000000000000, 0.000000000000000000 ) ) ;
#1476 = CIRCLE ( 'NONE', #42, 3.500000000000000444 ) ;
#1477 = AXIS2_PLACEMENT_3D ( 'NONE', #1871, #83, #1099 ) ;
#1478 = ORIENTED_EDGE ( 'NONE', *, *, #167, .F. ) ;
#1479 = DIRECTION ( 'NONE',  ( -0.000000000000000000, 0.000000000000000000, 1.000000000000000000 ) ) ;
#1480 = DIRECTION ( 'NONE',  ( 0.000000000000000000, -0.000000000000000000, -1.000000000000000000 ) ) ;
#1481 = CARTESIAN_POINT ( 'NONE',  ( 37.00672929459250327, 2.598149054281850834, 1.250000000000000000 ) ) ;
#1482 = AXIS2_PLACEMENT_3D ( 'NONE', #272, #1286, #2887 ) ;
#1483 = ORIENTED_EDGE ( 'NONE', *, *, #1622, .F. ) ;
#1484 = EDGE_LOOP ( 'NONE', ( #2975, #2653, #1036, #2811 ) ) ;
#1485 = CARTESIAN_POINT ( 'NONE',  ( 2.933320549453004578, -0.6465831956014963522, -2.051113174627017699 ) ) ;
#1486 = ORIENTED_EDGE ( 'NONE', *, *, #2650, .T. ) ;
#1487 = VECTOR ( 'NONE', #434, 1000.000000000000227 ) ;
#1488 = CARTESIAN_POINT ( 'NONE',  ( -2.729660544970507363, 5.566772252322823356, 1.700000000000000178 ) ) ;
#1489 = DIRECTION ( 'NONE',  ( 0.4402678298339660068, -0.8978664923101262740, 0.000000000000000000 ) ) ;
#1490 = EDGE_CURVE ( 'NONE', #2552, #2024, #2940, .T. ) ;
#1491 = CARTESIAN_POINT ( 'NONE',  ( 1.148891823298499482, 3.093549349591476982, -2.000000000000025313 ) ) ;
#1492 = CARTESIAN_POINT ( 'NONE',  ( 0.000000000000000000, 0.000000000000000000, 5.000000000000000000 ) ) ;
#1493 = ADVANCED_FACE ( 'NONE', ( #3011 ), #1242, .F. ) ;
#1494 = VERTEX_POINT ( 'NONE', #3251 ) ;
#1495 = DIRECTION ( 'NONE',  ( 0.000000000000000000, 0.000000000000000000, 1.000000000000000000 ) ) ;
#1496 = MANIFOLD_SOLID_BREP ( '倒角1', #1804 ) ;
#1497 = B_SPLINE_CURVE_WITH_KNOTS ( 'NONE', 3,
 ( #1268, #1340, #3119, #1353, #2093, #2357, #2115, #1017 ),
 .UNSPECIFIED., .F., .F.,
 ( 4, 2, 2, 4 ),
 ( 0.000000000000000000, 0.0004388420130839813240, 0.0008776840261679626481, 0.001755368052335925296 ),
 .UNSPECIFIED. ) ;
#1498 = ORIENTED_EDGE ( 'NONE', *, *, #2111, .F. ) ;
#1499 = ORIENTED_EDGE ( 'NONE', *, *, #2796, .T. ) ;
#1500 = DIRECTION ( 'NONE',  ( 0.000000000000000000, 0.000000000000000000, 1.000000000000000000 ) ) ;
#1501 = DIRECTION ( 'NONE',  ( 1.000000000000000000, 0.000000000000000000, 0.000000000000000000 ) ) ;
#1502 = DIRECTION ( 'NONE',  ( 0.000000000000000000, 0.000000000000000000, 1.000000000000000000 ) ) ;
#1503 = ORIENTED_EDGE ( 'NONE', *, *, #106, .F. ) ;
#1504 = EDGE_LOOP ( 'NONE', ( #1948, #795, #2853, #1885 ) ) ;
#1505 = CARTESIAN_POINT ( 'NONE',  ( 37.00672929459250327, 2.598149054281850834, 1.700000000000000178 ) ) ;
#1506 = EDGE_LOOP ( 'NONE', ( #641, #1117, #2368, #170 ) ) ;
#1507 = DIRECTION ( 'NONE',  ( -0.5588339937905261179, -0.8292795471878768865, 0.000000000000000000 ) ) ;
#1508 = CARTESIAN_POINT ( 'NONE',  ( 4.241241905485717112, -168.5537438249798754, -1.250000000000000000 ) ) ;
#1509 = DIRECTION ( 'NONE',  ( 0.8660254037844420383, -0.4999999999999941713, 0.000000000000000000 ) ) ;
#1510 = FACE_OUTER_BOUND ( 'NONE', #1304, .T. ) ;
#1511 = PLANE ( 'NONE',  #2624 ) ;
#1512 = ADVANCED_FACE ( 'NONE', ( #3273 ), #186, .F. ) ;
#1513 = EDGE_CURVE ( 'NONE', #1801, #3145, #1530, .T. ) ;
#1514 = LINE ( 'NONE', #2091, #2516 ) ;
#1515 = DIRECTION ( 'NONE',  ( -0.6962775145426985945, -0.7177726818027013733, 0.000000000000000000 ) ) ;
#1516 = EDGE_CURVE ( 'NONE', #2715, #807, #2053, .T. ) ;
#1517 = ORIENTED_EDGE ( 'NONE', *, *, #2833, .F. ) ;
#1518 = CARTESIAN_POINT ( 'NONE',  ( 38.00324500971287733, 5.436883414741459752, 1.089929376791433979 ) ) ;
#1519 = ORIENTED_EDGE ( 'NONE', *, *, #1342, .F. ) ;
#1520 = CARTESIAN_POINT ( 'NONE',  ( 43.71991105278057432, -7.048876151096988174, -2.000000000000000000 ) ) ;
#1521 = CARTESIAN_POINT ( 'NONE',  ( 4.241241905485717112, -168.5537438249798754, -0.9500000000000000666 ) ) ;
#1522 = CARTESIAN_POINT ( 'NONE',  ( 4.221304349541728840, 8.706255053768478192, -0.9500000000000000666 ) ) ;
#1523 = DIRECTION ( 'NONE',  ( -1.000000000000000000, 0.000000000000000000, 0.000000000000000000 ) ) ;
#1524 = TOROIDAL_SURFACE ( 'NONE', #402, 3.200000000000000178, 0.2999999999999999889 ) ;
#1525 = VECTOR ( 'NONE', #2086, 1000.000000000000000 ) ;
#1526 = EDGE_LOOP ( 'NONE', ( #899, #1356, #1445, #1690 ) ) ;
#1527 = CARTESIAN_POINT ( 'NONE',  ( 0.7804264472521305063, 3.082966843874398233, 1.744007376220216399 ) ) ;
#1528 = AXIS2_PLACEMENT_3D ( 'NONE', #2475, #1257, #1736 ) ;
#1529 = AXIS2_PLACEMENT_3D ( 'NONE', #3033, #3255, #1262 ) ;
#1531 = DIRECTION ( 'NONE',  ( 0.000000000000000000, 0.000000000000000000, 1.000000000000000000 ) ) ;
#1530 = CIRCLE ( 'NONE', #2576, 0.2999999999999999334 ) ;
#1532 = ADVANCED_FACE ( 'NONE', ( #2719 ), #3201, .T. ) ;
#1533 = TOROIDAL_SURFACE ( 'NONE', #1165, 5.299999999999999822, 0.2999999999999999889 ) ;
#1534 = EDGE_CURVE ( 'NONE', #634, #2570, #2883, .T. ) ;
#1535 = ORIENTED_EDGE ( 'NONE', *, *, #1534, .T. ) ;
#1536 = ORIENTED_EDGE ( 'NONE', *, *, #1169, .F. ) ;
#1537 = CARTESIAN_POINT ( 'NONE',  ( 0.000000000000000000, 0.000000000000000000, 4.700000000000000178 ) ) ;
#1538 = AXIS2_PLACEMENT_3D ( 'NONE', #1107, #1328, #560 ) ;
#1539 = VERTEX_POINT ( 'NONE', #757 ) ;
#1540 = DIRECTION ( 'NONE',  ( 0.000000000000000000, 0.000000000000000000, 1.000000000000000000 ) ) ;
#1541 = DIRECTION ( 'NONE',  ( 1.000000000000000000, 0.000000000000000000, 0.000000000000000000 ) ) ;
#1542 = PLANE ( 'NONE',  #1094 ) ;
#1543 = DIRECTION ( 'NONE',  ( -0.000000000000000000, -0.000000000000000000, 1.000000000000000000 ) ) ;
#1544 = AXIS2_PLACEMENT_3D ( 'NONE', #51, #3138, #2841 ) ;
#1545 = ORIENTED_EDGE ( 'NONE', *, *, #2054, .T. ) ;
#1546 = CARTESIAN_POINT ( 'NONE',  ( 0.000000000000000000, 0.000000000000000000, -4.700000000000000178 ) ) ;
#1547 = EDGE_CURVE ( 'NONE', #3145, #629, #572, .T. ) ;
#1548 = ORIENTED_EDGE ( 'NONE', *, *, #582, .T. ) ;
#1549 = ORIENTED_EDGE ( 'NONE', *, *, #1490, .T. ) ;
#1550 = LINE ( 'NONE', #256, #1957 ) ;
#1551 = EDGE_CURVE ( 'NONE', #1870, #2038, #307, .T. ) ;
#1552 = EDGE_CURVE ( 'NONE', #986, #5, #506, .T. ) ;
#1553 = EDGE_LOOP ( 'NONE', ( #884, #18, #2285, #2446 ) ) ;
#1554 = ORIENTED_EDGE ( 'NONE', *, *, #2831, .F. ) ;
#1555 = LINE ( 'NONE', #1081, #3269 ) ;
#1556 = DIRECTION ( 'NONE',  ( -1.000000000000000000, 0.000000000000000000, 0.000000000000000000 ) ) ;
#1557 = ADVANCED_FACE ( 'NONE', ( #443 ), #1454, .T. ) ;
#1558 = DIRECTION ( 'NONE',  ( -0.000000000000000000, -0.000000000000000000, -1.000000000000000000 ) ) ;
#1559 = VERTEX_POINT ( 'NONE', #37 ) ;
#1560 = DIRECTION ( 'NONE',  ( 0.000000000000000000, 0.000000000000000000, 1.000000000000000000 ) ) ;
#1561 = DIRECTION ( 'NONE',  ( -0.000000000000000000, -0.000000000000000000, -1.000000000000000000 ) ) ;
#1562 = VERTEX_POINT ( 'NONE', #1321 ) ;
#1563 = VERTEX_POINT ( 'NONE', #2553 ) ;
#1564 = EDGE_LOOP ( 'NONE', ( #1517, #770, #2612, #549, #2455 ) ) ;
#1565 = CARTESIAN_POINT ( 'NONE',  ( 46.39088017111293993, 3.313209351239521538, 1.250000000000000000 ) ) ;
#1566 = DIRECTION ( 'NONE',  ( 1.000000000000000000, 0.000000000000000000, 0.000000000000000000 ) ) ;
#1567 = CARTESIAN_POINT ( 'NONE',  ( 0.9942486913025916362, 3.416772252322846093, -1.250000000000000000 ) ) ;
#1568 = EDGE_CURVE ( 'NONE', #510, #2561, #1555, .T. ) ;
#1569 = EDGE_CURVE ( 'NONE', #2163, #2123, #96, .T. ) ;
#1570 = ORIENTED_EDGE ( 'NONE', *, *, #2149, .F. ) ;
#1571 = CYLINDRICAL_SURFACE ( 'NONE', #1110, 0.3000000000000000444 ) ;
#1572 = FACE_BOUND ( 'NONE', #953, .T. ) ;
#1573 = VECTOR ( 'NONE', #2266, 1000.000000000000000 ) ;
#1574 = AXIS2_PLACEMENT_3D ( 'NONE', #1652, #394, #924 ) ;
#1575 = AXIS2_PLACEMENT_3D ( 'NONE', #409, #1902, #2898 ) ;
#1576 = AXIS2_PLACEMENT_3D ( 'NONE', #1191, #2129, #137 ) ;
#1577 = LINE ( 'NONE', #2598, #750 ) ;
#1578 = CARTESIAN_POINT ( 'NONE',  ( 51.67000000000000171, 0.000000000000000000, 0.9500000000000002887 ) ) ;
#1579 = CIRCLE ( 'NONE', #1048, 2.700000000000028599 ) ;
#1580 = AXIS2_PLACEMENT_3D ( 'NONE', #3077, #2339, #275 ) ;
#1581 = AXIS2_PLACEMENT_3D ( 'NONE', #221, #1435, #2434 ) ;
#1582 = EDGE_LOOP ( 'NONE', ( #2397, #1382, #1669, #3017, #2865, #1285, #179, #971, #1015, #426 ) ) ;
#1583 = DIRECTION ( 'NONE',  ( -0.000000000000000000, -0.000000000000000000, -1.000000000000000000 ) ) ;
#1584 = FACE_OUTER_BOUND ( 'NONE', #225, .T. ) ;
#1585 = CARTESIAN_POINT ( 'NONE',  ( -2.729660544970507363, 5.566772252322823356, 1.700000000000000178 ) ) ;
#1586 = AXIS2_PLACEMENT_3D ( 'NONE', #2026, #3023, #2781 ) ;
#1587 = ORIENTED_EDGE ( 'NONE', *, *, #2128, .T. ) ;
#1588 = ADVANCED_FACE ( 'NONE', ( #1337 ), #206, .T. ) ;
#1589 = DIRECTION ( 'NONE',  ( 0.000000000000000000, 0.000000000000000000, -1.000000000000000000 ) ) ;
#1590 = CYLINDRICAL_SURFACE ( 'NONE', #981, 2.500000000000000444 ) ;
#1591 = DIRECTION ( 'NONE',  ( -0.4999999999999952260, -0.8660254037844414832, 0.000000000000000000 ) ) ;
#1592 = AXIS2_PLACEMENT_3D ( 'NONE', #151, #1219, #2171 ) ;
#1593 = DIRECTION ( 'NONE',  ( 1.000000000000000000, 0.000000000000000000, 0.000000000000000000 ) ) ;
#1594 = DIRECTION ( 'NONE',  ( 0.2374513962907081888, 0.9713994206296363565, 0.000000000000000000 ) ) ;
#1595 = ORIENTED_EDGE ( 'NONE', *, *, #512, .T. ) ;
#1596 = DIRECTION ( 'NONE',  ( 1.000000000000000000, 1.697012096064267981E-15, 0.000000000000000000 ) ) ;
#1597 = EDGE_LOOP ( 'NONE', ( #1451, #120, #2257, #2497, #520, #2199, #732, #155, #237 ) ) ;
#1598 = DIRECTION ( 'NONE',  ( -0.000000000000000000, -0.000000000000000000, -1.000000000000000000 ) ) ;
#1599 = DIRECTION ( 'NONE',  ( -0.1880264397400900900, -0.9821639669417048246, 0.000000000000000000 ) ) ;
#1600 = CYLINDRICAL_SURFACE ( 'NONE', #1844, 2.999999999999998224 ) ;
#1601 = DIRECTION ( 'NONE',  ( -0.4402678298339659513, 0.8978664923101262740, -0.000000000000000000 ) ) ;
#1602 = ORIENTED_EDGE ( 'NONE', *, *, #2955, .F. ) ;
#1603 = ADVANCED_FACE ( 'NONE', ( #2585 ), #2318, .T. ) ;
#1604 = EDGE_CURVE ( 'NONE', #236, #2057, #527, .T. ) ;
#1605 = CARTESIAN_POINT ( 'NONE',  ( -2.999999999999998224, 3.673940397442057896E-16, 4.700000000000000178 ) ) ;
#1606 = DIRECTION ( 'NONE',  ( 1.000000000000000000, 0.000000000000000000, 0.000000000000000000 ) ) ;
#1607 = ORIENTED_EDGE ( 'NONE', *, *, #1551, .F. ) ;
#1608 = EDGE_CURVE ( 'NONE', #1959, #1697, #285, .T. ) ;
#1609 = CARTESIAN_POINT ( 'NONE',  ( 3.006270975917568755, -0.9423947585659253612, 1.949837764293795406 ) ) ;
#1610 = VERTEX_POINT ( 'NONE', #1565 ) ;
#1611 = CARTESIAN_POINT ( 'NONE',  ( 48.46999999999999886, 0.000000000000000000, 1.250000000000000222 ) ) ;
#1612 = DIRECTION ( 'NONE',  ( -0.000000000000000000, -0.000000000000000000, 1.000000000000000000 ) ) ;
#1613 = CARTESIAN_POINT ( 'NONE',  ( 46.39088017111293993, 3.313209351239520650, -0.9500000000000000666 ) ) ;
#1614 = CARTESIAN_POINT ( 'NONE',  ( 4.241241905485717112, -168.5537438249798754, -0.9500000000000000666 ) ) ;
#1615 = AXIS2_PLACEMENT_3D ( 'NONE', #2982, #977, #2727 ) ;
#1616 = ORIENTED_EDGE ( 'NONE', *, *, #1231, .F. ) ;
#1617 = AXIS2_PLACEMENT_3D ( 'NONE', #2559, #1308, #1179 ) ;
#1619 = ORIENTED_EDGE ( 'NONE', *, *, #2450, .T. ) ;
#1618 = AXIS2_PLACEMENT_3D ( 'NONE', #879, #2859, #833 ) ;
#1620 = ADVANCED_FACE ( 'NONE', ( #2845 ), #2828, .T. ) ;
#1621 = DIRECTION ( 'NONE',  ( -0.4999999999999952260, -0.8660254037844414832, 0.000000000000000000 ) ) ;
#1622 = EDGE_CURVE ( 'NONE', #2440, #521, #3162, .T. ) ;
#1623 = TOROIDAL_SURFACE ( 'NONE', #1889, 2.700000000000029932, 0.2999999999999999889 ) ;
#1624 = ORIENTED_EDGE ( 'NONE', *, *, #1756, .F. ) ;
#1625 = CARTESIAN_POINT ( 'NONE',  ( -2.699999999999998401, 0.000000000000000000, -4.700000000000000178 ) ) ;
#1626 = CARTESIAN_POINT ( 'NONE',  ( 48.46999999999999886, 0.000000000000000000, -0.9500000000000000666 ) ) ;
#1627 = AXIS2_PLACEMENT_3D ( 'NONE', #370, #835, #1349 ) ;
#1628 = CIRCLE ( 'NONE', #1427, 5.299999999999998934 ) ;
#1629 = VERTEX_POINT ( 'NONE', #570 ) ;
#1630 = DIRECTION ( 'NONE',  ( 0.8660254037844411501, -0.4999999999999955591, 0.000000000000000000 ) ) ;
#1631 = CARTESIAN_POINT ( 'NONE',  ( 3.269185104360444072, -0.4499208301776905783, 2.299999999999999822 ) ) ;
#1632 = CARTESIAN_POINT ( 'NONE',  ( 0.7947681149518502908, 3.085884514120606603, -1.786725118568144755 ) ) ;
#1633 = CARTESIAN_POINT ( 'NONE',  ( 47.65327327016257897, 8.460671217389851506, 1.250000000000000000 ) ) ;
#1634 = VECTOR ( 'NONE', #812, 1000.000000000000000 ) ;
#1635 = CARTESIAN_POINT ( 'NONE',  ( 4.241241905485717112, -168.5537438249798754, 0.9500000000000002887 ) ) ;
#1636 = CIRCLE ( 'NONE', #2064, 5.299999999999999822 ) ;
#1637 = EDGE_LOOP ( 'NONE', ( #2966, #3266, #647, #2297, #1587, #333, #2098, #691, #1616 ) ) ;
#1638 = DIRECTION ( 'NONE',  ( 1.224646799147353207E-16, 1.000000000000000000, -0.000000000000000000 ) ) ;
#1639 = ORIENTED_EDGE ( 'NONE', *, *, #2391, .T. ) ;
#1640 = CIRCLE ( 'NONE', #698, 2.999999999999997335 ) ;
#1641 = ORIENTED_EDGE ( 'NONE', *, *, #2172, .F. ) ;
#1642 = DIRECTION ( 'NONE',  ( -0.1880264397400900900, -0.9821639669417048246, 0.000000000000000000 ) ) ;
#1643 = CARTESIAN_POINT ( 'NONE',  ( 2.327262649190777744, -1.893105533688356434, -2.000000000000000000 ) ) ;
#1644 = DIRECTION ( 'NONE',  ( 1.000000000000000000, 0.000000000000000000, 0.000000000000000000 ) ) ;
#1645 = EDGE_CURVE ( 'NONE', #1288, #372, #2478, .T. ) ;
#1646 = EDGE_LOOP ( 'NONE', ( #1090, #1080, #3097, #1929 ) ) ;
#1647 = LINE ( 'NONE', #1404, #1215 ) ;
#1648 = ADVANCED_FACE ( 'NONE', ( #1066 ), #2629, .T. ) ;
#1649 = CARTESIAN_POINT ( 'NONE',  ( -2.729660544970507363, 5.566772252322823356, 1.250000000000000000 ) ) ;
#1650 = DIRECTION ( 'NONE',  ( 1.000000000000000000, 0.000000000000000000, 0.000000000000000000 ) ) ;
#1651 = CARTESIAN_POINT ( 'NONE',  ( 2.842044211262033659, -0.9711273596545175746, 2.198107461808237684 ) ) ;
#1652 = CARTESIAN_POINT ( 'NONE',  ( 48.46999999999999886, 0.000000000000000000, 1.250000000000000000 ) ) ;
#1653 = ORIENTED_EDGE ( 'NONE', *, *, #3225, .F. ) ;
#1654 = ORIENTED_EDGE ( 'NONE', *, *, #2927, .F. ) ;
#1655 = DIRECTION ( 'NONE',  ( 1.000000000000000000, 0.000000000000000000, 0.000000000000000000 ) ) ;
#1656 = PLANE ( 'NONE',  #2168 ) ;
#1657 = ORIENTED_EDGE ( 'NONE', *, *, #1958, .F. ) ;
#1658 = ORIENTED_EDGE ( 'NONE', *, *, #3089, .T. ) ;
#1659 = DIRECTION ( 'NONE',  ( 0.000000000000000000, 1.000000000000000000, 0.000000000000000000 ) ) ;
#1660 = FACE_OUTER_BOUND ( 'NONE', #663, .T. ) ;
#1661 = VERTEX_POINT ( 'NONE', #68 ) ;
#1662 = DIRECTION ( 'NONE',  ( 1.000000000000000000, 0.000000000000000000, 0.000000000000000000 ) ) ;
#1663 = CARTESIAN_POINT ( 'NONE',  ( 48.46999999999999886, 0.000000000000000000, -5.000000000000000000 ) ) ;
#1664 = ADVANCED_FACE ( 'NONE', ( #3092 ), #1855, .F. ) ;
#1665 = CARTESIAN_POINT ( 'NONE',  ( 0.5562958444478369735, 2.949940266503349395, -2.019067434986353327 ) ) ;
#1666 = CYLINDRICAL_SURFACE ( 'NONE', #1265, 0.2999999999999999889 ) ;
#1667 = ADVANCED_FACE ( 'NONE', ( #2398 ), #2995, .T. ) ;
#1668 = CARTESIAN_POINT ( 'NONE',  ( -2.719422214324873188, 1.266784441109215731, -2.000000000000000000 ) ) ;
#1669 = ORIENTED_EDGE ( 'NONE', *, *, #1139, .T. ) ;
#1670 = DIRECTION ( 'NONE',  ( 1.000000000000000000, 0.000000000000000000, 0.000000000000000000 ) ) ;
#1671 = AXIS2_PLACEMENT_3D ( 'NONE', #670, #1228, #2689 ) ;
#1672 = CIRCLE ( 'NONE', #1416, 1.300000000000000044 ) ;
#1673 = VERTEX_POINT ( 'NONE', #2663 ) ;
#1674 = ORIENTED_EDGE ( 'NONE', *, *, #2134, .F. ) ;
#1675 = CARTESIAN_POINT ( 'NONE',  ( 11.63631324595389138, -9.465527668441804821, 1.700000000000000178 ) ) ;
#1676 = CARTESIAN_POINT ( 'NONE',  ( 0.000000000000000000, 0.000000000000000000, -1.250000000000000000 ) ) ;
#1677 = CIRCLE ( 'NONE', #251, 0.2999999999999997669 ) ;
#1678 = VECTOR ( 'NONE', #2020, 1000.000000000000000 ) ;
#1679 = CIRCLE ( 'NONE', #2527, 0.2999999999999998224 ) ;
#1680 = CIRCLE ( 'NONE', #1101, 3.200000000000001510 ) ;
#1681 = ORIENTED_EDGE ( 'NONE', *, *, #2510, .F. ) ;
#1682 = DIRECTION ( 'NONE',  ( -1.000000000000000000, 0.000000000000000000, 0.000000000000000000 ) ) ;
#1683 = FACE_OUTER_BOUND ( 'NONE', #703, .T. ) ;
#1684 = CARTESIAN_POINT ( 'NONE',  ( 0.8304116570476663961, 3.093910835215457844, -1.859533719701164767 ) ) ;
#1685 = DIRECTION ( 'NONE',  ( 1.000000000000000000, 0.000000000000000000, 0.000000000000000000 ) ) ;
#1686 = CIRCLE ( 'NONE', #2271, 0.3000000000000001554 ) ;
#1687 = EDGE_CURVE ( 'NONE', #664, #2589, #525, .T. ) ;
#1688 = CARTESIAN_POINT ( 'NONE',  ( 0.4868515064510804957, 2.960232357546666915, -1.250000000000000000 ) ) ;
#1689 = CIRCLE ( 'NONE', #2221, 3.500000000000003109 ) ;
#1690 = ORIENTED_EDGE ( 'NONE', *, *, #7, .F. ) ;
#1691 = AXIS2_PLACEMENT_3D ( 'NONE', #1193, #376, #657 ) ;
#1692 = EDGE_CURVE ( 'NONE', #383, #260, #2162, .T. ) ;
#1693 = PLANE ( 'NONE',  #53 ) ;
#1694 = ORIENTED_EDGE ( 'NONE', *, *, #3241, .F. ) ;
#1695 = VERTEX_POINT ( 'NONE', #3111 ) ;
#1696 = DIRECTION ( 'NONE',  ( 1.000000000000000000, 1.160664893510702512E-14, 0.000000000000000000 ) ) ;
#1697 = VERTEX_POINT ( 'NONE', #2892 ) ;
#1698 = DIRECTION ( 'NONE',  ( 1.000000000000000000, 0.000000000000000000, 0.000000000000000000 ) ) ;
#1699 = CARTESIAN_POINT ( 'NONE',  ( 0.7804264472511909245, 3.082966843874722862, -1.700000000000000178 ) ) ;
#1700 = CARTESIAN_POINT ( 'NONE',  ( 0.7804264472511908135, 3.082966843874722418, -1.744078857245974001 ) ) ;
#1701 = FACE_OUTER_BOUND ( 'NONE', #1815, .T. ) ;
#1702 = DIRECTION ( 'NONE',  ( 1.000000000000000000, 0.000000000000000000, 0.000000000000000000 ) ) ;
#1703 = EDGE_LOOP ( 'NONE', ( #2033, #1216, #20 ) ) ;
#1704 = CARTESIAN_POINT ( 'NONE',  ( -3.969641008328923082, 1.449258997554701223, 1.150686879719699185 ) ) ;
#1705 = CARTESIAN_POINT ( 'NONE',  ( 48.46999999999999886, 0.000000000000000000, 0.9500000000000002887 ) ) ;
#1706 = EDGE_CURVE ( 'NONE', #1559, #1783, #2055, .T. ) ;
#1707 = EDGE_CURVE ( 'NONE', #1284, #955, #1050, .T. ) ;
#1708 = ORIENTED_EDGE ( 'NONE', *, *, #3243, .F. ) ;
#1709 = ORIENTED_EDGE ( 'NONE', *, *, #1972, .T. ) ;
#1710 = CARTESIAN_POINT ( 'NONE',  ( 2.815227831014183835, -1.047532603133914053, -2.012903271116839310 ) ) ;
#1711 = ORIENTED_EDGE ( 'NONE', *, *, #2191, .T. ) ;
#1712 = CARTESIAN_POINT ( 'NONE',  ( 46.68173121987033625, -2.653694551001219981, -0.9500000000000000666 ) ) ;
#1713 = DIRECTION ( 'NONE',  ( 0.000000000000000000, -0.000000000000000000, -1.000000000000000000 ) ) ;
#1714 = DIRECTION ( 'NONE',  ( 0.000000000000000000, 0.000000000000000000, 1.000000000000000000 ) ) ;
#1715 = DIRECTION ( 'NONE',  ( -0.000000000000000000, -0.000000000000000000, -1.000000000000000000 ) ) ;
#1716 = CARTESIAN_POINT ( 'NONE',  ( 1.044447112089545104, 2.812317590537704248, 2.299999999999999822 ) ) ;
#1717 = ORIENTED_EDGE ( 'NONE', *, *, #289, .F. ) ;
#1718 = EDGE_LOOP ( 'NONE', ( #2140, #1726, #3126, #2383, #1841, #3115, #1914, #2420 ) ) ;
#1719 = CARTESIAN_POINT ( 'NONE',  ( 3.961530471308267298, 8.556255055666158071, -1.209680621018530466 ) ) ;
#1720 = CYLINDRICAL_SURFACE ( 'NONE', #2631, 3.000000000000030198 ) ;
#1721 = CARTESIAN_POINT ( 'NONE',  ( 12.20745086674854463, 2.821205087588688265, -1.700000000000000178 ) ) ;
#1722 = B_SPLINE_CURVE_WITH_KNOTS ( 'NONE', 3,
 ( #988, #747, #1209, #760, #1471, #1522 ),
 .UNSPECIFIED., .F., .F.,
 ( 4, 2, 4 ),
 ( 0.000000000000000000, 0.0002036078555120568033, 0.0004072157110241136067 ),
 .UNSPECIFIED. ) ;
#1723 = ADVANCED_FACE ( 'NONE', ( #104 ), #2103, .T. ) ;
#1724 = EDGE_CURVE ( 'NONE', #2057, #2561, #1742, .T. ) ;
#1726 = ORIENTED_EDGE ( 'NONE', *, *, #2477, .T. ) ;
#1725 = CIRCLE ( 'NONE', #825, 2.999999999999998224 ) ;
#1727 = CARTESIAN_POINT ( 'NONE',  ( 2.503151358970182816, -1.676879223344123426, -1.804333441700218366 ) ) ;
#1728 = EDGE_CURVE ( 'NONE', #1661, #1783, #574, .T. ) ;
#1729 = AXIS2_PLACEMENT_3D ( 'NONE', #1879, #2953, #2408 ) ;
#1730 = TOROIDAL_SURFACE ( 'NONE', #2360, 2.699999999999998401, 0.2999999999999999889 ) ;
#1731 = ORIENTED_EDGE ( 'NONE', *, *, #3136, .T. ) ;
#1732 = B_SPLINE_CURVE_WITH_KNOTS ( 'NONE', 3,
 ( #1425, #1700, #1632, #1917, #112, #1877, #2443, #2914 ),
 .UNSPECIFIED., .F., .F.,
 ( 4, 2, 2, 4 ),
 ( 0.000000000000000000, 0.0001297967703431071227, 0.0002595935406862142454, 0.0005191870813724284908 ),
 .UNSPECIFIED. ) ;
#1733 = CARTESIAN_POINT ( 'NONE',  ( 48.46999999999999886, 0.000000000000000000, -0.9500000000000000666 ) ) ;
#1734 = CARTESIAN_POINT ( 'NONE',  ( 3.905008153265983051, 8.458355529055380018, -1.250000000000000000 ) ) ;
#1735 = VECTOR ( 'NONE', #1100, 1000.000000000000000 ) ;
#1736 = DIRECTION ( 'NONE',  ( 1.000000000000000000, 0.000000000000000000, 0.000000000000000000 ) ) ;
#1737 = DIRECTION ( 'NONE',  ( -1.000000000000000000, 1.224646799147353207E-16, 0.000000000000000000 ) ) ;
#1738 = AXIS2_PLACEMENT_3D ( 'NONE', #939, #1755, #495 ) ;
#1739 = AXIS2_PLACEMENT_3D ( 'NONE', #1828, #2546, #2298 ) ;
#1740 = DIRECTION ( 'NONE',  ( 0.000000000000000000, 0.000000000000000000, 1.000000000000000000 ) ) ;
#1741 = AXIS2_PLACEMENT_3D ( 'NONE', #2473, #1227, #2230 ) ;
#1742 = CIRCLE ( 'NONE', #788, 2.500000000000002220 ) ;
#1743 = DIRECTION ( 'NONE',  ( 1.000000000000000000, 0.000000000000000000, 0.000000000000000000 ) ) ;
#1744 = CARTESIAN_POINT ( 'NONE',  ( -0.1137107917233066423, 13.65421974139413663, 1.250000000000000000 ) ) ;
#1745 = DIRECTION ( 'NONE',  ( 1.000000000000000000, 0.000000000000000000, 0.000000000000000000 ) ) ;
#1746 = AXIS2_PLACEMENT_3D ( 'NONE', #2173, #3108, #1594 ) ;
#1747 = ORIENTED_EDGE ( 'NONE', *, *, #1864, .F. ) ;
#1748 = EDGE_LOOP ( 'NONE', ( #3024, #1624, #2205, #3235 ) ) ;
#1749 = FACE_OUTER_BOUND ( 'NONE', #439, .T. ) ;
#1750 = VERTEX_POINT ( 'NONE', #2351 ) ;
#1751 = AXIS2_PLACEMENT_3D ( 'NONE', #129, #2153, #3159 ) ;
#1752 =( NAMED_UNIT ( * ) PLANE_ANGLE_UNIT ( ) SI_UNIT ( $, .RADIAN. ) );
#1753 = LINE ( 'NONE', #2926, #1881 ) ;
#1754 = CARTESIAN_POINT ( 'NONE',  ( -2.729660544970507363, 5.566772252322823356, -1.250000000000000000 ) ) ;
#1755 = DIRECTION ( 'NONE',  ( 0.000000000000000000, -0.000000000000000000, -1.000000000000000000 ) ) ;
#1756 = EDGE_CURVE ( 'NONE', #1783, #1009, #683, .T. ) ;
#1757 = ADVANCED_FACE ( 'NONE', ( #2124 ), #2633, .T. ) ;
#1758 = CARTESIAN_POINT ( 'NONE',  ( 0.5355366570961886952, 3.256255593301334628, -1.250000000000000000 ) ) ;
#1759 = CARTESIAN_POINT ( 'NONE',  ( 0.7804264472511917017, 3.082966843874722418, -1.250000000000000000 ) ) ;
#1760 = DIRECTION ( 'NONE',  ( 0.8978664923101264961, 0.4402678298339652851, 0.000000000000000000 ) ) ;
#1761 = ORIENTED_EDGE ( 'NONE', *, *, #3270, .F. ) ;
#1762 = DIRECTION ( 'NONE',  ( -0.000000000000000000, -0.000000000000000000, -1.000000000000000000 ) ) ;
#1763 = ORIENTED_EDGE ( 'NONE', *, *, #836, .F. ) ;
#1764 = DIRECTION ( 'NONE',  ( 0.000000000000000000, 0.000000000000000000, 1.000000000000000000 ) ) ;
#1765 = DIRECTION ( 'NONE',  ( -0.000000000000000000, -0.000000000000000000, 1.000000000000000000 ) ) ;
#1766 = CARTESIAN_POINT ( 'NONE',  ( 36.49905790729429356, -0.05369365646076148385, 2.000000000000000000 ) ) ;
#1767 = FACE_OUTER_BOUND ( 'NONE', #1187, .T. ) ;
#1768 = VERTEX_POINT ( 'NONE', #3127 ) ;
#1769 = ADVANCED_FACE ( 'NONE', ( #2871 ), #1383, .F. ) ;
#1770 = FACE_OUTER_BOUND ( 'NONE', #2175, .T. ) ;
#1771 = ADVANCED_FACE ( 'NONE', ( #1240 ), #719, .F. ) ;
#1772 = DIRECTION ( 'NONE',  ( 1.000000000000000000, 0.000000000000000000, 0.000000000000000000 ) ) ;
#1773 = VERTEX_POINT ( 'NONE', #1994 ) ;
#1774 = ORIENTED_EDGE ( 'NONE', *, *, #538, .F. ) ;
#1775 = DIRECTION ( 'NONE',  ( 0.4402678298339660068, -0.8978664923101262740, 0.000000000000000000 ) ) ;
#1776 = ORIENTED_EDGE ( 'NONE', *, *, #2833, .T. ) ;
#1777 = CARTESIAN_POINT ( 'NONE',  ( -2.729660544970507363, 5.566772252322823356, -0.9500000000000000666 ) ) ;
#1778 = FACE_OUTER_BOUND ( 'NONE', #1294, .T. ) ;
#1779 = CARTESIAN_POINT ( 'NONE',  ( -4.158686957032807996, 1.667043606169692938, -2.000000000000000000 ) ) ;
#1780 = DIRECTION ( 'NONE',  ( 1.000000000000000000, 0.000000000000000000, 0.000000000000000000 ) ) ;
#1781 = CIRCLE ( 'NONE', #2306, 0.2999999999999997669 ) ;
#1782 = TOROIDAL_SURFACE ( 'NONE', #3152, 176.9600000000000364, 0.2999999999999999889 ) ;
#1783 = VERTEX_POINT ( 'NONE', #183 ) ;
#1784 = AXIS2_PLACEMENT_3D ( 'NONE', #2067, #1251, #2008 ) ;
#1785 = ADVANCED_FACE ( 'NONE', ( #1749 ), #2839, .T. ) ;
#1786 = AXIS2_PLACEMENT_3D ( 'NONE', #2197, #3000, #1737 ) ;
#1787 = STYLED_ITEM ( 'NONE', ( #209 ), #1496 ) ;
#1788 = CIRCLE ( 'NONE', #1627, 5.000000000000000000 ) ;
#1789 = EDGE_CURVE ( 'NONE', #1009, #1695, #3001, .T. ) ;
#1790 = AXIS2_PLACEMENT_3D ( 'NONE', #2303, #55, #3025 ) ;
#1791 = ORIENTED_EDGE ( 'NONE', *, *, #2280, .F. ) ;
#1792 = ORIENTED_EDGE ( 'NONE', *, *, #2852, .F. ) ;
#1793 = DIRECTION ( 'NONE',  ( 1.000000000000000000, 0.000000000000000000, 0.000000000000000000 ) ) ;
#1794 = AXIS2_PLACEMENT_3D ( 'NONE', #1975, #734, #912 ) ;
#1795 = ORIENTED_EDGE ( 'NONE', *, *, #85, .F. ) ;
#1796 = CARTESIAN_POINT ( 'NONE',  ( 2.957289181570718739, -0.5158115026793814728, 2.037287324910346253 ) ) ;
#1797 = DIRECTION ( 'NONE',  ( 0.9374391968459020452, -0.3481490373631818125, 0.000000000000000000 ) ) ;
#1798 = CARTESIAN_POINT ( 'NONE',  ( 1.044447112089545104, 2.812317590537704248, 2.299999999999999822 ) ) ;
#1799 = CARTESIAN_POINT ( 'NONE',  ( 0.4868515064510801071, 2.960232357546666915, 1.250000000000000000 ) ) ;
#1800 = ORIENTED_EDGE ( 'NONE', *, *, #3163, .T. ) ;
#1801 = VERTEX_POINT ( 'NONE', #455 ) ;
#1802 = DIRECTION ( 'NONE',  ( 0.000000000000000000, 0.000000000000000000, -1.000000000000000000 ) ) ;
#1803 = CARTESIAN_POINT ( 'NONE',  ( 44.90716803423415371, -2.191879047948791737, -0.9500000000000000666 ) ) ;
#1804 = CLOSED_SHELL ( 'NONE', ( #895, #1309, #1275, #2670, #1202, #48, #2035, #1025, #498, #3053, #1388, #718, #371, #1648, #2194, #2952, #2312, #63, #1512, #250, #765, #64, #1557, #1271, #2969, #374, #1493, #1247, #1769, #1468, #1620, #108, #2496, #964, #816, #1120, #2032, #1189, #3015, #551, #3161, #2109, #979, #3199, #2652, #2084, #896, #1532, #877, #3088, #3265, #2651, #595, #2299, #1785, #2912, #2737, #1026, #1955, #857, #1233, #1890, #1078, #269, #1771, #2296, #676, #1667, #2470, #2798, #1028, #1603, #920, #2346, #1431, #1588, #514, #309, #273, #1757, #1723, #2132, #1664, #3228, #2762, #779, #2867, #759, #1102, #1185, #653, #1168, #184, #1913, #2551, #2276, #393, #252, #1973, #2695, #2449, #799, #2370, #1123, #2436 ) ) ;
#1805 = EDGE_LOOP ( 'NONE', ( #2820, #336, #203, #2891 ) ) ;
#1806 = ORIENTED_EDGE ( 'NONE', *, *, #3121, .F. ) ;
#1807 = EDGE_CURVE ( 'NONE', #2250, #664, #1163, .T. ) ;
#1808 = DIRECTION ( 'NONE',  ( 1.000000000000000000, 0.000000000000000000, 0.000000000000000000 ) ) ;
#1809 = EDGE_CURVE ( 'NONE', #1801, #1891, #1628, .T. ) ;
#1810 = ORIENTED_EDGE ( 'NONE', *, *, #2672, .F. ) ;
#1811 = CARTESIAN_POINT ( 'NONE',  ( -1.652504764221659928, 8.896897688999247933, -2.000000000000000000 ) ) ;
#1812 = DIRECTION ( 'NONE',  ( 1.000000000000000000, 0.000000000000000000, 0.000000000000000000 ) ) ;
#1813 = DIRECTION ( 'NONE',  ( -0.000000000000000000, -0.000000000000000000, 1.000000000000000000 ) ) ;
#1814 = VERTEX_POINT ( 'NONE', #173 ) ;
#1815 = EDGE_LOOP ( 'NONE', ( #2048, #44, #302, #534 ) ) ;
#1816 = CARTESIAN_POINT ( 'NONE',  ( 4.241241905485717112, -168.5537438249798754, -1.700000000000000178 ) ) ;
#1817 = CARTESIAN_POINT ( 'NONE',  ( 0.4868515064510806623, 2.960232357546667803, -1.700000000000000178 ) ) ;
#1818 = DIRECTION ( 'NONE',  ( 1.000000000000000000, 0.000000000000000000, 0.000000000000000000 ) ) ;
#1819 = ORIENTED_EDGE ( 'NONE', *, *, #2909, .F. ) ;
#1820 = DIRECTION ( 'NONE',  ( 1.000000000000000000, 0.000000000000000000, 0.000000000000000000 ) ) ;
#1821 = EDGE_CURVE ( 'NONE', #1840, #1446, #1188, .T. ) ;
#1822 = EDGE_CURVE ( 'NONE', #2960, #1629, #891, .T. ) ;
#1823 = ORIENTED_EDGE ( 'NONE', *, *, #680, .F. ) ;
#1824 = DIRECTION ( 'NONE',  ( -1.000000000000000000, 0.000000000000000000, 0.000000000000000000 ) ) ;
#1825 = DIRECTION ( 'NONE',  ( -1.000000000000000000, -1.224646799147353207E-16, 0.000000000000000000 ) ) ;
#1826 = FACE_OUTER_BOUND ( 'NONE', #1299, .T. ) ;
#1827 = ORIENTED_EDGE ( 'NONE', *, *, #2295, .T. ) ;
#1828 = CARTESIAN_POINT ( 'NONE',  ( -2.729660544970507363, 5.566772252322823356, -2.000000000000000000 ) ) ;
#1829 = DIRECTION ( 'NONE',  ( -0.1880264397400670251, -0.9821639669417092655, 0.000000000000000000 ) ) ;
#1830 = VECTOR ( 'NONE', #1489, 999.9999999999998863 ) ;
#1831 = CARTESIAN_POINT ( 'NONE',  ( 11.63631324595389138, -9.465527668441804821, 1.700000000000000178 ) ) ;
#1832 = CARTESIAN_POINT ( 'NONE',  ( 0.000000000000000000, 0.000000000000000000, -2.000000000000000000 ) ) ;
#1833 = AXIS2_PLACEMENT_3D ( 'NONE', #119, #349, #369 ) ;
#1834 = VECTOR ( 'NONE', #361, 999.9999999999998863 ) ;
#1835 = VECTOR ( 'NONE', #2744, 1000.000000000000000 ) ;
#1836 = AXIS2_PLACEMENT_3D ( 'NONE', #904, #121, #1662 ) ;
#1837 = VERTEX_POINT ( 'NONE', #2228 ) ;
#1838 = CYLINDRICAL_SURFACE ( 'NONE', #2890, 3.000000000000030198 ) ;
#1839 = VECTOR ( 'NONE', #522, 1000.000000000000114 ) ;
#1840 = VERTEX_POINT ( 'NONE', #1463 ) ;
#1841 = ORIENTED_EDGE ( 'NONE', *, *, #3180, .T. ) ;
#1842 = CARTESIAN_POINT ( 'NONE',  ( -2.729660544970507363, 5.566772252322823356, 2.000000000000000000 ) ) ;
#1843 = PRODUCT_CONTEXT ( 'NONE', #1387, 'mechanical' ) ;
#1844 = AXIS2_PLACEMENT_3D ( 'NONE', #74, #326, #2332 ) ;
#1845 = ORIENTED_EDGE ( 'NONE', *, *, #3032, .T. ) ;
#1846 = DIRECTION ( 'NONE',  ( 0.000000000000000000, 0.000000000000000000, 1.000000000000000000 ) ) ;
#1847 = CARTESIAN_POINT ( 'NONE',  ( 43.71991105278057432, -7.048876151096988174, 0.9500000000000002887 ) ) ;
#1848 = EDGE_CURVE ( 'NONE', #2627, #1253, #1897, .T. ) ;
#1849 = CARTESIAN_POINT ( 'NONE',  ( -5.153900074207931503, 4.378049111771073143, -0.9500000000000000666 ) ) ;
#1850 = DIRECTION ( 'NONE',  ( -0.000000000000000000, -0.000000000000000000, 1.000000000000000000 ) ) ;
#1851 = EDGE_CURVE ( 'NONE', #1284, #2021, #931, .T. ) ;
#1852 = ORIENTED_EDGE ( 'NONE', *, *, #1821, .T. ) ;
#1853 = CARTESIAN_POINT ( 'NONE',  ( 4.241241905485717112, -168.5537438249798754, 2.000000000000000000 ) ) ;
#1854 = DIRECTION ( 'NONE',  ( 0.000000000000000000, 0.000000000000000000, -1.000000000000000000 ) ) ;
#1855 =( BOUNDED_SURFACE ( )  B_SPLINE_SURFACE ( 3, 2, ( 
 ( #3043, #2028, #2785 ),
 ( #1289, #1796, #540 ),
 ( #2106, #2647, #614 ),
 ( #1609, #862, #3182 ),
 ( #157, #1365, #1130 ),
 ( #1400, #849, #2176 ),
 ( #665, #598, #878 ),
 ( #1857, #1418, #1894 ) ),
 .UNSPECIFIED., .F., .F., .F. ) 
 B_SPLINE_SURFACE_WITH_KNOTS ( ( 4, 2, 2, 4 ),
 ( 3, 3 ),
 ( 0.0003824735345194253395, 0.0008622582368551574188, 0.001342042939190889444, 0.002301612343862353711 ),
 ( 0.000000000000000000, 1.000000000000000000 ),
 .UNSPECIFIED. ) 
 GEOMETRIC_REPRESENTATION_ITEM ( )  RATIONAL_B_SPLINE_SURFACE ( (
 ( 1.000000000000000000, 0.7071067811865470176, 1.000000000000000000),
 ( 1.000000000000000000, 0.7537542304093693968, 1.000000000000000000),
 ( 1.000000000000000000, 0.7960644389847495450, 1.000000000000000000),
 ( 1.000000000000000000, 0.8700887002849591045, 1.000000000000000000),
 ( 1.000000000000000000, 0.9010673767925043709, 1.000000000000000000),
 ( 1.000000000000000000, 0.9750059768600650711, 1.000000000000000000),
 ( 1.000000000000000000, 1.000009419520973220, 1.000000000000000000),
 ( 1.000000000000000000, 1.000000000000000000, 1.000000000000000000) ) ) 
 REPRESENTATION_ITEM ( '' )  SURFACE ( )  );
#1856 = ORIENTED_EDGE ( 'NONE', *, *, #1465, .T. ) ;
#1857 = CARTESIAN_POINT ( 'NONE',  ( 2.327262649190778188, -1.893105533688360653, 1.700000000000000178 ) ) ;
#1858 = DIRECTION ( 'NONE',  ( 1.000000000000000000, 0.000000000000000000, 0.000000000000000000 ) ) ;
#1859 = EDGE_LOOP ( 'NONE', ( #1411, #1097, #1065, #2244 ) ) ;
#1860 = DIRECTION ( 'NONE',  ( 0.9374391968459020452, -0.3481490373631818125, 0.000000000000000000 ) ) ;
#1861 = DIRECTION ( 'NONE',  ( 1.000000000000000000, 0.000000000000000000, 0.000000000000000000 ) ) ;
#1862 = CARTESIAN_POINT ( 'NONE',  ( -3.970739228352141215, 1.449585070083937888, -1.149841607619573658 ) ) ;
#1863 = EDGE_CURVE ( 'NONE', #502, #2678, #1686, .T. ) ;
#1864 = EDGE_CURVE ( 'NONE', #2540, #298, #1201, .T. ) ;
#1865 = EDGE_CURVE ( 'NONE', #635, #36, #1273, .T. ) ;
#1866 = ORIENTED_EDGE ( 'NONE', *, *, #436, .T. ) ;
#1867 = DIRECTION ( 'NONE',  ( 0.000000000000000000, -1.000000000000000000, 0.000000000000000000 ) ) ;
#1868 = DIRECTION ( 'NONE',  ( 0.000000000000000000, 0.000000000000000000, 1.000000000000000000 ) ) ;
#1869 = ORIENTED_EDGE ( 'NONE', *, *, #872, .T. ) ;
#1870 = VERTEX_POINT ( 'NONE', #2337 ) ;
#1871 = CARTESIAN_POINT ( 'NONE',  ( 37.00672929459250327, 2.598149054281850834, 1.700000000000000178 ) ) ;
#1872 = DIRECTION ( 'NONE',  ( 0.000000000000000000, 0.000000000000000000, -1.000000000000000000 ) ) ;
#1873 = FACE_OUTER_BOUND ( 'NONE', #3137, .T. ) ;
#1874 = ORIENTED_EDGE ( 'NONE', *, *, #1848, .T. ) ;
#1875 = CARTESIAN_POINT ( 'NONE',  ( -2.729660544970507363, 5.566772252322823356, -1.049999999999998934 ) ) ;
#1876 = CYLINDRICAL_SURFACE ( 'NONE', #2876, 2.500000000000002220 ) ;
#1877 = CARTESIAN_POINT ( 'NONE',  ( 0.9758895603086851223, 3.107225470453735205, -1.968819265020681275 ) ) ;
#1878 = DIRECTION ( 'NONE',  ( -0.6962775145426985945, -0.7177726818027013733, 0.000000000000000000 ) ) ;
#1879 = CARTESIAN_POINT ( 'NONE',  ( -2.729660544970507363, 5.566772252322823356, 0.9500000000000002887 ) ) ;
#1880 = EDGE_CURVE ( 'NONE', #383, #839, #2562, .T. ) ;
#1881 = VECTOR ( 'NONE', #1243, 1000.000000000000000 ) ;
#1882 = EDGE_LOOP ( 'NONE', ( #1436, #2468, #367, #2452 ) ) ;
#1883 = CIRCLE ( 'NONE', #2207, 2.999999999999997335 ) ;
#1885 = ORIENTED_EDGE ( 'NONE', *, *, #2987, .F. ) ;
#1884 = AXIS2_PLACEMENT_3D ( 'NONE', #3207, #3135, #2693 ) ;
#1886 = CARTESIAN_POINT ( 'NONE',  ( -0.2296605449705066693, 5.566772252322823356, -1.049999999999998934 ) ) ;
#1887 = EDGE_CURVE ( 'NONE', #1218, #1539, #3105, .T. ) ;
#1888 = AXIS2_PLACEMENT_3D ( 'NONE', #1302, #1543, #3064 ) ;
#1889 = AXIS2_PLACEMENT_3D ( 'NONE', #2270, #764, #511 ) ;
#1890 = ADVANCED_FACE ( 'NONE', ( #299 ), #1064, .T. ) ;
#1891 = VERTEX_POINT ( 'NONE', #2801 ) ;
#1892 = STYLED_ITEM ( 'NONE', ( #3114 ), #2036 ) ;
#1893 = ORIENTED_EDGE ( 'NONE', *, *, #813, .T. ) ;
#1894 = CARTESIAN_POINT ( 'NONE',  ( 2.327262649190777744, -1.893105533688360875, 1.700000000000000178 ) ) ;
#1895 = DIRECTION ( 'NONE',  ( -1.000000000000000000, 0.000000000000000000, 0.000000000000000000 ) ) ;
#1896 = AXIS2_PLACEMENT_3D ( 'NONE', #2874, #621, #1630 ) ;
#1897 = CIRCLE ( 'NONE', #3271, 3.299999999999998046 ) ;
#1898 = ORIENTED_EDGE ( 'NONE', *, *, #761, .F. ) ;
#1899 = CARTESIAN_POINT ( 'NONE',  ( 47.65327327016257897, 8.460671217389851506, -1.250000000000000000 ) ) ;
#1900 = CARTESIAN_POINT ( 'NONE',  ( 3.961530471308267298, 8.556255055666158071, 1.700000000000000178 ) ) ;
#1901 = CARTESIAN_POINT ( 'NONE',  ( 1.044447112089543772, 2.812317590537707357, -2.300000000000025135 ) ) ;
#1902 = DIRECTION ( 'NONE',  ( 0.000000000000000000, 0.000000000000000000, -1.000000000000000000 ) ) ;
#1903 = AXIS2_PLACEMENT_3D ( 'NONE', #100, #847, #1606 ) ;
#1904 = CYLINDRICAL_SURFACE ( 'NONE', #2936, 171.2599999999999625 ) ;
#1905 = ORIENTED_EDGE ( 'NONE', *, *, #941, .F. ) ;
#1906 = AXIS2_PLACEMENT_3D ( 'NONE', #1853, #2854, #596 ) ;
#1907 = DIRECTION ( 'NONE',  ( 1.000000000000000000, 0.000000000000000000, -0.000000000000000000 ) ) ;
#1908 = LINE ( 'NONE', #116, #893 ) ;
#1909 = EDGE_CURVE ( 'NONE', #2773, #986, #2531, .T. ) ;
#1910 = ORIENTED_EDGE ( 'NONE', *, *, #3118, .T. ) ;
#1911 = EDGE_LOOP ( 'NONE', ( #1453, #1029, #2917, #1694 ) ) ;
#1912 = CYLINDRICAL_SURFACE ( 'NONE', #1357, 3.500000000000003109 ) ;
#1913 = ADVANCED_FACE ( 'NONE', ( #2825 ), #1533, .T. ) ;
#1914 = ORIENTED_EDGE ( 'NONE', *, *, #2479, .T. ) ;
#1915 = DIRECTION ( 'NONE',  ( 0.3077587944996694747, 0.9514644104789785617, 0.000000000000000000 ) ) ;
#1916 = LINE ( 'NONE', #122, #1040 ) ;
#1917 = CARTESIAN_POINT ( 'NONE',  ( 0.8403963482505767413, 3.093419823351312381, -1.860065334228757417 ) ) ;
#1918 = CARTESIAN_POINT ( 'NONE',  ( 2.921293533964700817, -0.6973863605302450530, 2.274612978915048433 ) ) ;
#1919 = CYLINDRICAL_SURFACE ( 'NONE', #1421, 4.299999999999999822 ) ;
#1920 = ORIENTED_EDGE ( 'NONE', *, *, #1608, .F. ) ;
#1921 = ORIENTED_EDGE ( 'NONE', *, *, #610, .F. ) ;
#1922 = DIRECTION ( 'NONE',  ( 1.000000000000000000, 0.000000000000000000, 0.000000000000000000 ) ) ;
#1923 = CARTESIAN_POINT ( 'NONE',  ( -4.158686957032807996, 1.667043606169692938, 0.9500000000000002887 ) ) ;
#1924 = PRODUCT ( '拉动臂', '拉动臂', '', ( #1843 ) ) ;
#1925 = VERTEX_POINT ( 'NONE', #19 ) ;
#1926 = ORIENTED_EDGE ( 'NONE', *, *, #3163, .F. ) ;
#1927 = DIRECTION ( 'NONE',  ( 0.000000000000000000, 0.000000000000000000, 1.000000000000000000 ) ) ;
#1928 = EDGE_CURVE ( 'NONE', #1562, #3156, #1550, .T. ) ;
#1929 = ORIENTED_EDGE ( 'NONE', *, *, #2885, .F. ) ;
#1930 = CARTESIAN_POINT ( 'NONE',  ( 37.77248356600240697, -0.3024750847299014223, -1.250000000000000000 ) ) ;
#1931 = CARTESIAN_POINT ( 'NONE',  ( -6.229660544970507807, 5.566772252322823356, -0.9500000000000000666 ) ) ;
#1932 = CARTESIAN_POINT ( 'NONE',  ( 48.46999999999999886, 0.000000000000000000, -1.050000000000000488 ) ) ;
#1933 = FACE_OUTER_BOUND ( 'NONE', #3247, .T. ) ;
#1934 = CARTESIAN_POINT ( 'NONE',  ( 4.241241905485717112, -168.5537438249798754, -0.9500000000000000666 ) ) ;
#1935 = ORIENTED_EDGE ( 'NONE', *, *, #2987, .T. ) ;
#1936 = ORIENTED_EDGE ( 'NONE', *, *, #2741, .F. ) ;
#1937 = CARTESIAN_POINT ( 'NONE',  ( 48.16252640759061876, 3.185193870076180378, -0.9500000000000000666 ) ) ;
#1938 = CARTESIAN_POINT ( 'NONE',  ( 37.66011671503738256, -0.3321395265761041826, 1.249999999999994671 ) ) ;
#1939 = CIRCLE ( 'NONE', #1306, 0.2999999999999995448 ) ;
#1940 = CONICAL_SURFACE ( 'NONE', #3094, 2.700000000000008171, 0.7853981633974461696 ) ;
#1941 = EDGE_LOOP ( 'NONE', ( #1346, #2941 ) ) ;
#1942 = ORIENTED_EDGE ( 'NONE', *, *, #1410, .F. ) ;
#1943 = CARTESIAN_POINT ( 'NONE',  ( -2.999999999999998224, 3.673940397442057896E-16, -2.000000000000000000 ) ) ;
#1944 = AXIS2_PLACEMENT_3D ( 'NONE', #1481, #561, #999 ) ;
#1945 = AXIS2_PLACEMENT_3D ( 'NONE', #192, #1740, #2480 ) ;
#1946 = CIRCLE ( 'NONE', #1363, 177.2600000000000193 ) ;
#1947 = CIRCLE ( 'NONE', #1576, 0.2999999999999999334 ) ;
#1948 = ORIENTED_EDGE ( 'NONE', *, *, #365, .T. ) ;
#1949 = CARTESIAN_POINT ( 'NONE',  ( 37.00672929459250327, 2.598149054281850834, -1.250000000000000000 ) ) ;
#1950 = LINE ( 'NONE', #3202, #1830 ) ;
#1951 = DIRECTION ( 'NONE',  ( 1.000000000000000000, 0.000000000000000000, 0.000000000000000000 ) ) ;
#1952 = DIRECTION ( 'NONE',  ( 1.000000000000000000, 0.000000000000000000, 0.000000000000000000 ) ) ;
#1953 =( GEOMETRIC_REPRESENTATION_CONTEXT ( 3 ) GLOBAL_UNCERTAINTY_ASSIGNED_CONTEXT ( ( #2970 ) ) GLOBAL_UNIT_ASSIGNED_CONTEXT ( ( #3143, #640, #2126 ) ) REPRESENTATION_CONTEXT ( 'NONE', 'WORKASPACE' ) );
#1954 = VECTOR ( 'NONE', #3062, 1000.000000000000000 ) ;
#1955 = ADVANCED_FACE ( 'NONE', ( #2082 ), #265, .T. ) ;
#1956 = DIRECTION ( 'NONE',  ( 1.000000000000000000, 0.000000000000000000, 0.000000000000000000 ) ) ;
#1957 = VECTOR ( 'NONE', #1775, 999.9999999999998863 ) ;
#1958 = EDGE_CURVE ( 'NONE', #1539, #526, #3038, .T. ) ;
#1959 = VERTEX_POINT ( 'NONE', #827 ) ;
#1960 = DIRECTION ( 'NONE',  ( -1.000000000000000000, 0.000000000000000000, 0.000000000000000000 ) ) ;
#1961 = CARTESIAN_POINT ( 'NONE',  ( 44.90716803423415371, -2.191879047948791737, -2.000000000000000000 ) ) ;
#1962 = EDGE_CURVE ( 'NONE', #2137, #532, #3220, .T. ) ;
#1963 = EDGE_LOOP ( 'NONE', ( #1920, #3008, #861, #946 ) ) ;
#1964 = EDGE_LOOP ( 'NONE', ( #2396, #474, #2636, #347 ) ) ;
#1965 = CARTESIAN_POINT ( 'NONE',  ( -5.429660544970515090, 5.566772252322823356, 1.250000000000000222 ) ) ;
#1966 = ORIENTED_EDGE ( 'NONE', *, *, #2815, .T. ) ;
#1967 = DIRECTION ( 'NONE',  ( 1.000000000000000000, 0.000000000000000000, 0.000000000000000000 ) ) ;
#1968 = LINE ( 'NONE', #3238, #1997 ) ;
#1969 = CARTESIAN_POINT ( 'NONE',  ( -2.729660544970507363, 5.566772252322823356, -5.000000000000000000 ) ) ;
#1970 = LINE ( 'NONE', #2965, #829 ) ;
#1971 = VERTEX_POINT ( 'NONE', #1317 ) ;
#1972 = EDGE_CURVE ( 'NONE', #380, #2996, #2840, .T. ) ;
#1973 = ADVANCED_FACE ( 'NONE', ( #52 ), #2746, .T. ) ;
#1974 = DIRECTION ( 'NONE',  ( -0.000000000000000000, -0.000000000000000000, 1.000000000000000000 ) ) ;
#1975 = CARTESIAN_POINT ( 'NONE',  ( 48.46999999999999886, 0.000000000000000000, -1.050000000000000488 ) ) ;
#1976 = EDGE_LOOP ( 'NONE', ( #2211, #1272, #2860, #395 ) ) ;
#1977 = VERTEX_POINT ( 'NONE', #6 ) ;
#1978 = DIRECTION ( 'NONE',  ( 0.000000000000000000, 0.000000000000000000, 1.000000000000000000 ) ) ;
#1979 = ORIENTED_EDGE ( 'NONE', *, *, #761, .T. ) ;
#1980 =( LENGTH_UNIT ( ) NAMED_UNIT ( * ) SI_UNIT ( .MILLI., .METRE. ) );
#1981 = CARTESIAN_POINT ( 'NONE',  ( 48.46999999999999886, 0.000000000000000000, -1.250000000000000000 ) ) ;
#1982 = DIRECTION ( 'NONE',  ( -0.000000000000000000, -0.000000000000000000, 1.000000000000000000 ) ) ;
#1983 = CARTESIAN_POINT ( 'NONE',  ( 0.000000000000000000, 0.000000000000000000, 2.299999999999999822 ) ) ;
#1984 = DIRECTION ( 'NONE',  ( 1.000000000000000000, 0.000000000000000000, 0.000000000000000000 ) ) ;
#1985 = EDGE_LOOP ( 'NONE', ( #774, #2259, #2954, #1462 ) ) ;
#1986 = CARTESIAN_POINT ( 'NONE',  ( 4.034645770537266252, 8.646534282614933176, 1.136535621084182379 ) ) ;
#1987 = DIRECTION ( 'NONE',  ( 1.000000000000000000, 0.000000000000000000, 0.000000000000000000 ) ) ;
#1988 = DIRECTION ( 'NONE',  ( -1.000000000000000000, 0.000000000000000000, 0.000000000000000000 ) ) ;
#1989 = EDGE_CURVE ( 'NONE', #1673, #2910, #1225, .T. ) ;
#1991 = ORIENTED_EDGE ( 'NONE', *, *, #917, .T. ) ;
#1990 = CIRCLE ( 'NONE', #2464, 0.2999999999999997669 ) ;
#1992 = EDGE_CURVE ( 'NONE', #490, #3029, #1324, .T. ) ;
#1993 = EDGE_LOOP ( 'NONE', ( #2791, #2421, #2946, #2665 ) ) ;
#1994 = CARTESIAN_POINT ( 'NONE',  ( -5.166631845869951611, 3.054567866013368160, 0.9500000000000002887 ) ) ;
#1995 = EDGE_CURVE ( 'NONE', #2561, #2057, #3106, .T. ) ;
#1996 = AXIS2_PLACEMENT_3D ( 'NONE', #1626, #334, #2634 ) ;
#1997 = VECTOR ( 'NONE', #2743, 999.9999999999998863 ) ;
#1998 = ORIENTED_EDGE ( 'NONE', *, *, #3205, .F. ) ;
#1999 = CARTESIAN_POINT ( 'NONE',  ( -3.889327009339776708, 1.799123955119879881, -1.250000000000000000 ) ) ;
#2000 = CIRCLE ( 'NONE', #1314, 0.2999999999999999889 ) ;
#2001 = LINE ( 'NONE', #190, #1313 ) ;
#2002 = AXIS2_PLACEMENT_3D ( 'NONE', #2131, #1137, #2116 ) ;
#2003 = CARTESIAN_POINT ( 'NONE',  ( 47.65327327016257897, 8.460671217389851506, -0.9500000000000000666 ) ) ;
#2004 = AXIS2_PLACEMENT_3D ( 'NONE', #554, #1540, #2061 ) ;
#2005 = AXIS2_PLACEMENT_3D ( 'NONE', #3213, #3195, #928 ) ;
#2006 = VERTEX_POINT ( 'NONE', #2628 ) ;
#2007 = CARTESIAN_POINT ( 'NONE',  ( 39.70672929459253453, 2.598149054281850834, 1.700000000000000178 ) ) ;
#2008 = DIRECTION ( 'NONE',  ( -1.000000000000000000, 0.000000000000000000, 0.000000000000000000 ) ) ;
#2009 = VECTOR ( 'NONE', #312, 1000.000000000000000 ) ;
#2010 = B_SPLINE_CURVE_WITH_KNOTS ( 'NONE', 3,
 ( #420, #201, #2714, #181, #2499, #685, #2968, #2919 ),
 .UNSPECIFIED., .F., .F.,
 ( 4, 2, 2, 4 ),
 ( 0.000000000000000000, 0.0004393207305690181928, 0.0008786414611380363856, 0.001757282922276071904 ),
 .UNSPECIFIED. ) ;
#2011 = ORIENTED_EDGE ( 'NONE', *, *, #2716, .T. ) ;
#2012 = CARTESIAN_POINT ( 'NONE',  ( 2.514040125715416796, -1.663493271143754670, -1.769664934424150626 ) ) ;
#2013 = EDGE_CURVE ( 'NONE', #955, #2934, #794, .T. ) ;
#2014 = ORIENTED_EDGE ( 'NONE', *, *, #343, .F. ) ;
#2015 = DIRECTION ( 'NONE',  ( -1.000000000000000000, 0.000000000000000000, 0.000000000000000000 ) ) ;
#2016 = EDGE_CURVE ( 'NONE', #2123, #526, #3164, .T. ) ;
#2017 = DIRECTION ( 'NONE',  ( -0.000000000000000000, -0.000000000000000000, 1.000000000000000000 ) ) ;
#2018 = DIRECTION ( 'NONE',  ( -0.1880264397400901177, -0.9821639669417048246, 0.000000000000000000 ) ) ;
#2019 = ORIENTED_EDGE ( 'NONE', *, *, #2239, .F. ) ;
#2020 = DIRECTION ( 'NONE',  ( 0.000000000000000000, 0.000000000000000000, 1.000000000000000000 ) ) ;
#2021 = VERTEX_POINT ( 'NONE', #3178 ) ;
#2022 = FACE_OUTER_BOUND ( 'NONE', #892, .T. ) ;
#2023 = CARTESIAN_POINT ( 'NONE',  ( 0.4868515064510792745, 2.960232357546667803, -1.854957587922798412 ) ) ;
#2024 = VERTEX_POINT ( 'NONE', #2364 ) ;
#2025 = EDGE_LOOP ( 'NONE', ( #2192, #1261, #76, #172 ) ) ;
#2026 = CARTESIAN_POINT ( 'NONE',  ( -2.729660544970507363, 5.566772252322823356, -0.9500000000000000666 ) ) ;
#2027 = ORIENTED_EDGE ( 'NONE', *, *, #231, .T. ) ;
#2028 = CARTESIAN_POINT ( 'NONE',  ( 2.971986458509494167, -0.4090189365251731268, 1.999999999999999778 ) ) ;
#2029 = DIRECTION ( 'NONE',  ( 1.000000000000000000, 0.000000000000000000, 0.000000000000000000 ) ) ;
#2030 = CARTESIAN_POINT ( 'NONE',  ( 3.299999999999998046, 0.000000000000000000, 2.000000000000000000 ) ) ;
#2031 = CARTESIAN_POINT ( 'NONE',  ( 44.97840345312135923, -1.900459221759925654, -0.9500000000000000666 ) ) ;
#2032 = ADVANCED_FACE ( 'NONE', ( #585 ), #1167, .T. ) ;
#2033 = ORIENTED_EDGE ( 'NONE', *, *, #343, .T. ) ;
#2034 = CARTESIAN_POINT ( 'NONE',  ( 0.8407475853487018647, 3.093473547292099113, 1.860503756714473766 ) ) ;
#2035 = ADVANCED_FACE ( 'NONE', ( #3160 ), #531, .T. ) ;
#2036 = ADVANCED_BREP_SHAPE_REPRESENTATION ( '拉动臂', ( #1496, #1000 ), #1953 ) ;
#2037 = ORIENTED_EDGE ( 'NONE', *, *, #2111, .T. ) ;
#2038 = VERTEX_POINT ( 'NONE', #897 ) ;
#2039 = CARTESIAN_POINT ( 'NONE',  ( 0.000000000000000000, 0.000000000000000000, 2.000000000000000000 ) ) ;
#2040 = ORIENTED_EDGE ( 'NONE', *, *, #680, .T. ) ;
#2041 = DIRECTION ( 'NONE',  ( -0.8978664923101262740, -0.4402678298339660068, 0.000000000000000000 ) ) ;
#2042 = CARTESIAN_POINT ( 'NONE',  ( -2.729660544970507363, 5.566772252322823356, -1.250000000000000000 ) ) ;
#2043 = CARTESIAN_POINT ( 'NONE',  ( 0.5490827439573172652, 2.951205286908610503, 2.006551839616970589 ) ) ;
#2044 = DIRECTION ( 'NONE',  ( -1.000000000000000000, 0.000000000000000000, 0.000000000000000000 ) ) ;
#2045 = AXIS2_PLACEMENT_3D ( 'NONE', #3258, #997, #500 ) ;
#2046 = AXIS2_PLACEMENT_3D ( 'NONE', #1121, #408, #1951 ) ;
#2047 = AXIS2_PLACEMENT_3D ( 'NONE', #651, #1872, #1895 ) ;
#2048 = ORIENTED_EDGE ( 'NONE', *, *, #697, .F. ) ;
#2049 = CARTESIAN_POINT ( 'NONE',  ( -8.648019418583444917, -0.5342955430001402606, -0.9500000000000000666 ) ) ;
#2050 = AXIS2_PLACEMENT_3D ( 'NONE', #1492, #1715, #2950 ) ;
#2051 = TOROIDAL_SURFACE ( 'NONE', #2414, 1.300000000000000044, 0.2999999999999999889 ) ;
#2052 = EDGE_CURVE ( 'NONE', #3022, #1562, #1908, .T. ) ;
#2053 = CIRCLE ( 'NONE', #1049, 2.700000000000007283 ) ;
#2054 = EDGE_CURVE ( 'NONE', #1768, #969, #1429, .T. ) ;
#2055 = CIRCLE ( 'NONE', #148, 177.2600000000000193 ) ;
#2056 = VERTEX_POINT ( 'NONE', #1344 ) ;
#2057 = VERTEX_POINT ( 'NONE', #1144 ) ;
#2058 = DIRECTION ( 'NONE',  ( 0.000000000000000000, 0.000000000000000000, 1.000000000000000000 ) ) ;
#2059 = AXIS2_PLACEMENT_3D ( 'NONE', #435, #2728, #168 ) ;
#2060 = ORIENTED_EDGE ( 'NONE', *, *, #441, .F. ) ;
#2061 = DIRECTION ( 'NONE',  ( 1.000000000000000000, 0.000000000000000000, 0.000000000000000000 ) ) ;
#2062 = DIRECTION ( 'NONE',  ( 1.000000000000000000, 0.000000000000000000, 0.000000000000000000 ) ) ;
#2063 = CARTESIAN_POINT ( 'NONE',  ( -2.729660544970507363, 5.566772252322823356, 1.250000000000000000 ) ) ;
#2064 = AXIS2_PLACEMENT_3D ( 'NONE', #712, #1447, #1434 ) ;
#2065 = ORIENTED_EDGE ( 'NONE', *, *, #2087, .T. ) ;
#2066 = DIRECTION ( 'NONE',  ( -1.000000000000000000, 0.000000000000000000, 0.000000000000000000 ) ) ;
#2067 = CARTESIAN_POINT ( 'NONE',  ( 0.000000000000000000, 0.000000000000000000, -4.700000000000000178 ) ) ;
#2068 = EDGE_CURVE ( 'NONE', #876, #2188, #2686, .T. ) ;
#2069 = EDGE_CURVE ( 'NONE', #1004, #807, #1414, .T. ) ;
#2070 = ORIENTED_EDGE ( 'NONE', *, *, #714, .T. ) ;
#2071 = CARTESIAN_POINT ( 'NONE',  ( 38.61657792570010628, 5.132244231989529837, 1.237632131292443871 ) ) ;
#2072 = ORIENTED_EDGE ( 'NONE', *, *, #2630, .T. ) ;
#2073 = DIRECTION ( 'NONE',  ( 1.000000000000000000, 0.000000000000000000, 0.000000000000000000 ) ) ;
#2074 = CARTESIAN_POINT ( 'NONE',  ( 48.46999999999999886, 0.000000000000000000, -0.9500000000000000666 ) ) ;
#2075 = DIRECTION ( 'NONE',  ( 1.000000000000000000, 0.000000000000000000, 0.000000000000000000 ) ) ;
#2076 = VERTEX_POINT ( 'NONE', #1359 ) ;
#2077 = CARTESIAN_POINT ( 'NONE',  ( -0.02966054497049921274, 5.566772252322823356, 1.250000000000000000 ) ) ;
#2078 = CARTESIAN_POINT ( 'NONE',  ( 0.000000000000000000, 0.000000000000000000, 4.700000000000000178 ) ) ;
#2079 = CARTESIAN_POINT ( 'NONE',  ( 0.7546727565125522785, 2.905436450272233184, -2.228645815207500380 ) ) ;
#2080 = DIRECTION ( 'NONE',  ( 1.000000000000000000, 0.000000000000000000, 0.000000000000000000 ) ) ;
#2081 = EDGE_LOOP ( 'NONE', ( #991, #2564, #156, #198 ) ) ;
#2082 = FACE_OUTER_BOUND ( 'NONE', #2482, .T. ) ;
#2083 = EDGE_CURVE ( 'NONE', #3029, #1773, #364, .T. ) ;
#2084 = ADVANCED_FACE ( 'NONE', ( #2101 ), #1838, .T. ) ;
#2085 = ORIENTED_EDGE ( 'NONE', *, *, #1037, .T. ) ;
#2086 = DIRECTION ( 'NONE',  ( -0.000000000000000000, -0.000000000000000000, 1.000000000000000000 ) ) ;
#2087 = EDGE_CURVE ( 'NONE', #1270, #298, #49, .T. ) ;
#2088 = EDGE_LOOP ( 'NONE', ( #3193, #2756, #783, #2958 ) ) ;
#2089 = B_SPLINE_CURVE_WITH_KNOTS ( 'NONE', 3,
 ( #2776, #515, #733, #1986, #2237, #2343 ),
 .UNSPECIFIED., .F., .F.,
 ( 4, 2, 4 ),
 ( -3.467051210580828341E-06, 0.0002013217714059487950, 0.0004061105940224784498 ),
 .UNSPECIFIED. ) ;
#2090 = CARTESIAN_POINT ( 'NONE',  ( 3.269185104360444072, -0.4499208301776907448, -2.299999999999999822 ) ) ;
#2091 = CARTESIAN_POINT ( 'NONE',  ( 46.46233638426669188, 3.604575117248043359, -2.000000000000000000 ) ) ;
#2092 = CIRCLE ( 'NONE', #3144, 1.000000000000000000 ) ;
#2093 = CARTESIAN_POINT ( 'NONE',  ( 2.916870650112139085, -1.085338257551694552, -1.920098554285195158 ) ) ;
#2094 = CARTESIAN_POINT ( 'NONE',  ( -4.158686957032807996, 1.667043606169692938, -0.9500000000000000666 ) ) ;
#2095 = CIRCLE ( 'NONE', #2519, 4.599999999999999645 ) ;
#2096 = TOROIDAL_SURFACE ( 'NONE', #880, 5.299999999999999822, 0.2999999999999999889 ) ;
#2097 = AXIS2_PLACEMENT_3D ( 'NONE', #820, #3050, #1038 ) ;
#2098 = ORIENTED_EDGE ( 'NONE', *, *, #2295, .F. ) ;
#2099 = CIRCLE ( 'NONE', #1786, 0.2999999999999999334 ) ;
#2100 = EDGE_LOOP ( 'NONE', ( #102, #1776, #2189, #2536, #1277 ) ) ;
#2101 = FACE_OUTER_BOUND ( 'NONE', #1564, .T. ) ;
#2102 = CIRCLE ( 'NONE', #306, 3.200000000000000622 ) ;
#2103 = TOROIDAL_SURFACE ( 'NONE', #1319, 12.29999999999998650, 0.2999999999999999889 ) ;
#2104 = AXIS2_PLACEMENT_3D ( 'NONE', #1235, #2187, #2225 ) ;
#2105 = ORIENTED_EDGE ( 'NONE', *, *, #1007, .F. ) ;
#2106 = CARTESIAN_POINT ( 'NONE',  ( 3.148172465759815797, -0.6949112787403659564, 1.987593515723729443 ) ) ;
#2107 = CARTESIAN_POINT ( 'NONE',  ( 1.064415789683695435, 3.107273632908043037, 2.000000000000000000 ) ) ;
#2108 = SURFACE_SIDE_STYLE ('',( #350 ) ) ;
#2109 = ADVANCED_FACE ( 'NONE', ( #649 ), #1656, .T. ) ;
#2110 = CIRCLE ( 'NONE', #101, 11.99999999999998579 ) ;
#2111 = EDGE_CURVE ( 'NONE', #3264, #2250, #344, .T. ) ;
#2112 = ORIENTED_EDGE ( 'NONE', *, *, #2909, .T. ) ;
#2113 = FACE_OUTER_BOUND ( 'NONE', #910, .T. ) ;
#2114 = CARTESIAN_POINT ( 'NONE',  ( 12.20745086674854640, 2.821205087588681160, 1.700000000000000178 ) ) ;
#2115 = CARTESIAN_POINT ( 'NONE',  ( 2.506968671732431542, -1.672186463592460148, -1.767027384069050244 ) ) ;
#2116 = DIRECTION ( 'NONE',  ( 0.000000000000000000, 0.000000000000000000, -1.000000000000000000 ) ) ;
#2117 = CIRCLE ( 'NONE', #1544, 4.299999999999999822 ) ;
#2118 = ORIENTED_EDGE ( 'NONE', *, *, #213, .T. ) ;
#2119 = ORIENTED_EDGE ( 'NONE', *, *, #483, .F. ) ;
#2120 = ORIENTED_EDGE ( 'NONE', *, *, #2315, .T. ) ;
#2121 = DIRECTION ( 'NONE',  ( 1.000000000000000000, 0.000000000000000000, 0.000000000000000000 ) ) ;
#2122 = ORIENTED_EDGE ( 'NONE', *, *, #496, .T. ) ;
#2123 = VERTEX_POINT ( 'NONE', #2154 ) ;
#2124 = FACE_OUTER_BOUND ( 'NONE', #295, .T. ) ;
#2125 = DIRECTION ( 'NONE',  ( 0.000000000000000000, 0.000000000000000000, 1.000000000000000000 ) ) ;
#2126 =( NAMED_UNIT ( * ) SI_UNIT ( $, .STERADIAN. ) SOLID_ANGLE_UNIT ( ) );
#2127 = ORIENTED_EDGE ( 'NONE', *, *, #716, .T. ) ;
#2128 = EDGE_CURVE ( 'NONE', #1316, #983, #581, .T. ) ;
#2129 = DIRECTION ( 'NONE',  ( 0.000000000000000000, -1.000000000000000000, 0.000000000000000000 ) ) ;
#2130 = DIRECTION ( 'NONE',  ( 0.9953730843988071175, 0.09608549762792080451, -2.343933184591758906E-14 ) ) ;
#2131 = CARTESIAN_POINT ( 'NONE',  ( -1.300000000000000044, 0.000000000000000000, -4.700000000000000178 ) ) ;
#2132 = ADVANCED_FACE ( 'NONE', ( #2416 ), #1112, .T. ) ;
#2133 = FACE_OUTER_BOUND ( 'NONE', #174, .T. ) ;
#2134 = EDGE_CURVE ( 'NONE', #236, #510, #477, .T. ) ;
#2135 = CARTESIAN_POINT ( 'NONE',  ( 4.221304349541728840, 8.706255053768478192, -0.9500000000000000666 ) ) ;
#2136 = DIRECTION ( 'NONE',  ( 0.7071067811865583419, 8.659560562355064746E-17, -0.7071067811865368036 ) ) ;
#2137 = VERTEX_POINT ( 'NONE', #1923 ) ;
#2138 = DIRECTION ( 'NONE',  ( -0.000000000000000000, -0.000000000000000000, -1.000000000000000000 ) ) ;
#2139 = CARTESIAN_POINT ( 'NONE',  ( 0.8949483834536704485, 2.867452786901386830, 2.011731618671802391 ) ) ;
#2140 = ORIENTED_EDGE ( 'NONE', *, *, #314, .F. ) ;
#2141 = CARTESIAN_POINT ( 'NONE',  ( 37.66011726501547230, -0.3321393813838748876, -1.249999999999994449 ) ) ;
#2142 = DIRECTION ( 'NONE',  ( -0.000000000000000000, 0.000000000000000000, 1.000000000000000000 ) ) ;
#2143 = CARTESIAN_POINT ( 'NONE',  ( 0.9765374456486223265, 2.837538090255032230, -2.299999970170953034 ) ) ;
#2144 = CARTESIAN_POINT ( 'NONE',  ( -2.729660544970507363, 5.566772252322823356, -0.9500000000000000666 ) ) ;
#2145 = AXIS2_PLACEMENT_3D ( 'NONE', #1072, #1, #2498 ) ;
#2146 = DIRECTION ( 'NONE',  ( 1.000000000000000000, 0.000000000000000000, 0.000000000000000000 ) ) ;
#2147 = AXIS2_PLACEMENT_3D ( 'NONE', #3191, #1394, #1956 ) ;
#2148 = ORIENTED_EDGE ( 'NONE', *, *, #1989, .F. ) ;
#2149 = EDGE_CURVE ( 'NONE', #260, #681, #2795, .T. ) ;
#2150 = AXIS2_PLACEMENT_3D ( 'NONE', #3006, #235, #2985 ) ;
#2151 = EDGE_CURVE ( 'NONE', #3129, #9, #3190, .T. ) ;
#2153 = DIRECTION ( 'NONE',  ( 0.000000000000000000, 0.000000000000000000, 1.000000000000000000 ) ) ;
#2152 = AXIS2_PLACEMENT_3D ( 'NONE', #2821, #280, #1295 ) ;
#2154 = CARTESIAN_POINT ( 'NONE',  ( -1.300000000000000044, 1.592040838891559095E-16, 5.000000000000000000 ) ) ;
#2155 = AXIS2_PLACEMENT_3D ( 'NONE', #2819, #2830, #542 ) ;
#2156 = ORIENTED_EDGE ( 'NONE', *, *, #1231, .T. ) ;
#2157 = ORIENTED_EDGE ( 'NONE', *, *, #125, .T. ) ;
#2158 = CARTESIAN_POINT ( 'NONE',  ( 48.46999999999999886, 0.000000000000000000, 1.050000000000013589 ) ) ;
#2159 = CARTESIAN_POINT ( 'NONE',  ( 0.7661272430032021186, 2.902529493448432252, 2.236057780523449168 ) ) ;
#2160 = AXIS2_PLACEMENT_3D ( 'NONE', #3236, #692, #1698 ) ;
#2161 = DIRECTION ( 'NONE',  ( 0.000000000000000000, -0.000000000000000000, -1.000000000000000000 ) ) ;
#2162 = CIRCLE ( 'NONE', #2365, 176.9600000000000364 ) ;
#2163 = VERTEX_POINT ( 'NONE', #701 ) ;
#2164 = CARTESIAN_POINT ( 'NONE',  ( 48.46999999999999886, 0.000000000000000000, -1.250000000000000000 ) ) ;
#2165 = CARTESIAN_POINT ( 'NONE',  ( -0.7338192662517214471, 0.4236707509069596034, 1.700000000000000178 ) ) ;
#2166 = CARTESIAN_POINT ( 'NONE',  ( 0.005760093199579617573, 8.655647274413619030, -2.000000000000000000 ) ) ;
#2167 = FACE_OUTER_BOUND ( 'NONE', #1993, .T. ) ;
#2168 = AXIS2_PLACEMENT_3D ( 'NONE', #1398, #2395, #2610 ) ;
#2169 = CARTESIAN_POINT ( 'NONE',  ( 44.90716803423415371, -2.191879047948791737, 0.9500000000000002887 ) ) ;
#2170 = ORIENTED_EDGE ( 'NONE', *, *, #2852, .T. ) ;
#2171 = DIRECTION ( 'NONE',  ( 1.000000000000000000, 0.000000000000000000, 0.000000000000000000 ) ) ;
#2172 = EDGE_CURVE ( 'NONE', #380, #1814, #1689, .T. ) ;
#2173 = CARTESIAN_POINT ( 'NONE',  ( 44.97840345312135923, -1.900459221759924766, 0.9500000000000000666 ) ) ;
#2174 = ORIENTED_EDGE ( 'NONE', *, *, #2013, .T. ) ;
#2175 = EDGE_LOOP ( 'NONE', ( #1503, #1478, #2556, #1717 ) ) ;
#2176 = CARTESIAN_POINT ( 'NONE',  ( 2.631671140058595704, -1.465201050509322700, 1.979017857694182592 ) ) ;
#2177 = FACE_BOUND ( 'NONE', #1941, .T. ) ;
#2178 = VERTEX_POINT ( 'NONE', #2463 ) ;
#2179 = CARTESIAN_POINT ( 'NONE',  ( 36.44264997537227657, -0.3483428465432814036, -0.9500000000000000666 ) ) ;
#2180 = DIRECTION ( 'NONE',  ( -0.9821639669417049356, 0.1880264397400901177, 0.000000000000000000 ) ) ;
#2181 = LINE ( 'NONE', #2166, #3039 ) ;
#2182 = B_SPLINE_CURVE_WITH_KNOTS ( 'NONE', 3,
 ( #728, #3240, #976, #2979, #2034, #1213, #1527, #749 ),
 .UNSPECIFIED., .F., .F.,
 ( 4, 2, 2, 4 ),
 ( 0.000000000000000000, 0.0002595666368812881873, 0.0003893499553219320641, 0.0005191332737625759409 ),
 .UNSPECIFIED. ) ;
#2183 = DIRECTION ( 'NONE',  ( 1.000000000000000000, 0.000000000000000000, 0.000000000000000000 ) ) ;
#2184 = LINE ( 'NONE', #1444, #1834 ) ;
#2185 = ORIENTED_EDGE ( 'NONE', *, *, #699, .F. ) ;
#2186 = CARTESIAN_POINT ( 'NONE',  ( 48.13370075830223271, 3.483805795395821470, 0.9500000000000002887 ) ) ;
#2187 = DIRECTION ( 'NONE',  ( 0.000000000000000000, 0.000000000000000000, 1.000000000000000000 ) ) ;
#2188 = VERTEX_POINT ( 'NONE', #950 ) ;
#2189 = ORIENTED_EDGE ( 'NONE', *, *, #1789, .T. ) ;
#2190 = DIRECTION ( 'NONE',  ( -0.000000000000000000, -0.000000000000000000, -1.000000000000000000 ) ) ;
#2191 = EDGE_CURVE ( 'NONE', #1226, #3229, #2010, .T. ) ;
#2192 = ORIENTED_EDGE ( 'NONE', *, *, #2219, .F. ) ;
#2193 = DIRECTION ( 'NONE',  ( -1.000000000000000000, 0.000000000000000000, 0.000000000000000000 ) ) ;
#2194 = ADVANCED_FACE ( 'NONE', ( #978 ), #1720, .T. ) ;
#2195 = CARTESIAN_POINT ( 'NONE',  ( -4.066977831037368318, 1.480015289107766474, -2.000000000000000000 ) ) ;
#2196 = CARTESIAN_POINT ( 'NONE',  ( 0.4868515064510804402, 2.960232357546667803, -1.699999999999999956 ) ) ;
#2197 = CARTESIAN_POINT ( 'NONE',  ( -2.699999999999998401, 3.306546357697851761E-16, 4.700000000000000178 ) ) ;
#2198 = DIRECTION ( 'NONE',  ( 1.000000000000000000, 0.000000000000000000, 0.000000000000000000 ) ) ;
#2199 = ORIENTED_EDGE ( 'NONE', *, *, #2650, .F. ) ;
#2200 = CARTESIAN_POINT ( 'NONE',  ( 4.221304349541728840, 8.706255053768513719, -2.000000000000000000 ) ) ;
#2201 = DIRECTION ( 'NONE',  ( -1.000000000000000000, 0.000000000000000000, 0.000000000000000000 ) ) ;
#2202 = AXIS2_PLACEMENT_3D ( 'NONE', #338, #1424, #853 ) ;
#2203 = AXIS2_PLACEMENT_3D ( 'NONE', #3027, #1982, #2977 ) ;
#2204 = CIRCLE ( 'NONE', #296, 5.299999999999998934 ) ;
#2205 = ORIENTED_EDGE ( 'NONE', *, *, #1728, .F. ) ;
#2206 = CARTESIAN_POINT ( 'NONE',  ( 2.795814663570509673, -1.096151058897386177, -2.149078795315798818 ) ) ;
#2207 = AXIS2_PLACEMENT_3D ( 'NONE', #1832, #2750, #2080 ) ;
#2208 = AXIS2_PLACEMENT_3D ( 'NONE', #1105, #45, #1085 ) ;
#2209 = CIRCLE ( 'NONE', #1043, 0.3000000000000000444 ) ;
#2210 = CIRCLE ( 'NONE', #834, 0.3000000000000007105 ) ;
#2211 = ORIENTED_EDGE ( 'NONE', *, *, #2235, .T. ) ;
#2212 = CARTESIAN_POINT ( 'NONE',  ( 48.46999999999999886, 0.000000000000000000, -2.000000000000000000 ) ) ;
#2213 = DIRECTION ( 'NONE',  ( 1.000000000000000000, 0.000000000000000000, 0.000000000000000000 ) ) ;
#2214 = EDGE_CURVE ( 'NONE', #2178, #2006, #1221, .T. ) ;
#2215 = DIRECTION ( 'NONE',  ( -0.000000000000000000, -0.000000000000000000, 1.000000000000000000 ) ) ;
#2216 = CARTESIAN_POINT ( 'NONE',  ( 45.77000000000001023, 3.306546357697837956E-16, 1.250000000000000222 ) ) ;
#2217 = AXIS2_PLACEMENT_3D ( 'NONE', #335, #2161, #1644 ) ;
#2218 = AXIS2_PLACEMENT_3D ( 'NONE', #1625, #2384, #348 ) ;
#2219 = EDGE_CURVE ( 'NONE', #2662, #969, #233, .T. ) ;
#2220 = CARTESIAN_POINT ( 'NONE',  ( 3.934390124999951777, 8.509246596925141404, 1.236849192562457844 ) ) ;
#2221 = AXIS2_PLACEMENT_3D ( 'NONE', #2680, #2484, #1501 ) ;
#2222 = ORIENTED_EDGE ( 'NONE', *, *, #777, .T. ) ;
#2223 = ORIENTED_EDGE ( 'NONE', *, *, #960, .T. ) ;
#2224 = CARTESIAN_POINT ( 'NONE',  ( 1.000000000000000000, 0.000000000000000000, -5.000000000000000000 ) ) ;
#2225 = DIRECTION ( 'NONE',  ( 1.000000000000000000, 0.000000000000000000, 0.000000000000000000 ) ) ;
#2226 = VERTEX_POINT ( 'NONE', #662 ) ;
#2227 = VERTEX_POINT ( 'NONE', #470 ) ;
#2228 = CARTESIAN_POINT ( 'NONE',  ( 0.4868515064510802182, 2.960232357546667803, 1.700000000000000178 ) ) ;
#2229 = ORIENTED_EDGE ( 'NONE', *, *, #2280, .T. ) ;
#2230 = DIRECTION ( 'NONE',  ( 1.000000000000000000, 1.504586460861208548E-14, 0.000000000000000000 ) ) ;
#2231 = FACE_OUTER_BOUND ( 'NONE', #1045, .T. ) ;
#2232 = DIRECTION ( 'NONE',  ( 0.000000000000000000, 0.000000000000000000, -1.000000000000000000 ) ) ;
#2233 = CARTESIAN_POINT ( 'NONE',  ( -2.719422214324873188, 1.266784441109215731, 1.250000000000000000 ) ) ;
#2234 = CARTESIAN_POINT ( 'NONE',  ( 11.63631324595389138, -9.465527668441804821, -1.700000000000000178 ) ) ;
#2235 = EDGE_CURVE ( 'NONE', #2288, #473, #2583, .T. ) ;
#2236 = ORIENTED_EDGE ( 'NONE', *, *, #2713, .T. ) ;
#2237 = CARTESIAN_POINT ( 'NONE',  ( 3.992406340804608877, 8.609733630361692036, 1.178772641442185520 ) ) ;
#2238 = CARTESIAN_POINT ( 'NONE',  ( 36.87668508482459373, -0.4073202269237956585, 1.089928040359819938 ) ) ;
#2239 = EDGE_CURVE ( 'NONE', #2726, #117, #421, .T. ) ;
#2240 = DIRECTION ( 'NONE',  ( 0.000000000000000000, 0.000000000000000000, -1.000000000000000000 ) ) ;
#2241 = EDGE_LOOP ( 'NONE', ( #1061, #1795, #1819, #1708 ) ) ;
#2242 = ORIENTED_EDGE ( 'NONE', *, *, #1125, .F. ) ;
#2243 = CARTESIAN_POINT ( 'NONE',  ( 3.269185104360444072, -0.4499208301776906338, -2.000000000000000000 ) ) ;
#2244 = ORIENTED_EDGE ( 'NONE', *, *, #1887, .F. ) ;
#2245 = FACE_OUTER_BOUND ( 'NONE', #1963, .T. ) ;
#2246 = PLANE ( 'NONE',  #2729 ) ;
#2247 = CARTESIAN_POINT ( 'NONE',  ( 2.999999999999998224, 0.000000000000000000, -2.000000000000000000 ) ) ;
#2248 = FACE_BOUND ( 'NONE', #789, .T. ) ;
#2249 = CARTESIAN_POINT ( 'NONE',  ( -2.729660544970507363, 5.566772252322823356, 1.250000000000000000 ) ) ;
#2250 = VERTEX_POINT ( 'NONE', #1184 ) ;
#2251 = FACE_OUTER_BOUND ( 'NONE', #1364, .T. ) ;
#2252 = DIRECTION ( 'NONE',  ( 0.000000000000000000, 0.000000000000000000, 1.000000000000000000 ) ) ;
#2253 = EDGE_CURVE ( 'NONE', #97, #536, #153, .T. ) ;
#2254 = CARTESIAN_POINT ( 'NONE',  ( 0.000000000000000000, 0.000000000000000000, 2.299999999999999822 ) ) ;
#2255 = EDGE_CURVE ( 'NONE', #1971, #81, #686, .T. ) ;
#2257 = ORIENTED_EDGE ( 'NONE', *, *, #25, .T. ) ;
#2256 = CIRCLE ( 'NONE', #824, 171.5599999999999739 ) ;
#2258 = AXIS2_PLACEMENT_3D ( 'NONE', #1267, #2748, #1829 ) ;
#2259 = ORIENTED_EDGE ( 'NONE', *, *, #80, .F. ) ;
#2260 = AXIS2_PLACEMENT_3D ( 'NONE', #1053, #2805, #2062 ) ;
#2261 = CIRCLE ( 'NONE', #2203, 2.500000000000000444 ) ;
#2262 = ORIENTED_EDGE ( 'NONE', *, *, #187, .T. ) ;
#2263 = CARTESIAN_POINT ( 'NONE',  ( -2.729660544970507363, 5.566772252322823356, -1.250000000000000000 ) ) ;
#2264 = CARTESIAN_POINT ( 'NONE',  ( -1.744832402571561136, 8.611458365855552799, 1.250000000000000000 ) ) ;
#2265 = AXIS2_PLACEMENT_3D ( 'NONE', #2234, #497, #447 ) ;
#2266 = DIRECTION ( 'NONE',  ( 0.000000000000000000, 0.000000000000000000, 1.000000000000000000 ) ) ;
#2267 = CARTESIAN_POINT ( 'NONE',  ( 36.49905790729429356, -0.05369365646078998189, -1.700000000000000178 ) ) ;
#2268 = CIRCLE ( 'NONE', #830, 5.299999999999998934 ) ;
#2269 = EDGE_LOOP ( 'NONE', ( #3072, #767, #1381, #2784 ) ) ;
#2270 = CARTESIAN_POINT ( 'NONE',  ( 37.00672929459250327, 2.598149054281850834, -1.700000000000000178 ) ) ;
#2271 = AXIS2_PLACEMENT_3D ( 'NONE', #717, #2703, #2453 ) ;
#2272 = TOROIDAL_SURFACE ( 'NONE', #2945, 3.200000000000000178, 0.2999999999999999889 ) ;
#2273 = FACE_OUTER_BOUND ( 'NONE', #3036, .T. ) ;
#2274 = CARTESIAN_POINT ( 'NONE',  ( 40.00672929459253879, 2.598149054281850834, 1.250000000000000000 ) ) ;
#2275 = CIRCLE ( 'NONE', #845, 0.2999999999999998224 ) ;
#2276 = ADVANCED_FACE ( 'NONE', ( #2957 ), #2272, .T. ) ;
#2277 = ORIENTED_EDGE ( 'NONE', *, *, #2253, .T. ) ;
#2278 = ORIENTED_EDGE ( 'NONE', *, *, #1865, .T. ) ;
#2279 = CARTESIAN_POINT ( 'NONE',  ( 4.241241905485717112, -168.5537438249798754, -0.9500000000000000666 ) ) ;
#2280 = EDGE_CURVE ( 'NONE', #4, #372, #844, .T. ) ;
#2281 = EDGE_LOOP ( 'NONE', ( #3037, #3277, #1171, #1113, #2338 ) ) ;
#2282 = CARTESIAN_POINT ( 'NONE',  ( 46.46233638426669188, 3.604575117248043359, -0.9500000000000000666 ) ) ;
#2283 = LINE ( 'NONE', #1779, #464 ) ;
#2284 = CARTESIAN_POINT ( 'NONE',  ( 37.00672929459250327, 2.598149054281850834, 2.000000000000000000 ) ) ;
#2285 = ORIENTED_EDGE ( 'NONE', *, *, #345, .F. ) ;
#2286 = CARTESIAN_POINT ( 'NONE',  ( 2.999999999999998224, 0.000000000000000000, -4.700000000000000178 ) ) ;
#2287 = AXIS2_PLACEMENT_3D ( 'NONE', #1315, #1867, #3123 ) ;
#2288 = VERTEX_POINT ( 'NONE', #3231 ) ;
#2289 = DIRECTION ( 'NONE',  ( -0.000000000000000000, 0.000000000000000000, 1.000000000000000000 ) ) ;
#2290 = ORIENTED_EDGE ( 'NONE', *, *, #1728, .T. ) ;
#2291 = DIRECTION ( 'NONE',  ( 0.000000000000000000, 0.000000000000000000, -1.000000000000000000 ) ) ;
#2292 = FACE_OUTER_BOUND ( 'NONE', #1223, .T. ) ;
#2293 = DIRECTION ( 'NONE',  ( -1.000000000000000000, 0.000000000000000000, 0.000000000000000000 ) ) ;
#2294 = CARTESIAN_POINT ( 'NONE',  ( 3.961530471308267298, 8.556255055666158071, -1.700000000000000178 ) ) ;
#2295 = EDGE_CURVE ( 'NONE', #715, #2659, #2511, .T. ) ;
#2296 = ADVANCED_FACE ( 'NONE', ( #3084 ), #579, .T. ) ;
#2297 = ORIENTED_EDGE ( 'NONE', *, *, #2334, .F. ) ;
#2298 = DIRECTION ( 'NONE',  ( 1.000000000000000000, 0.000000000000000000, 0.000000000000000000 ) ) ;
#2299 = ADVANCED_FACE ( 'NONE', ( #248 ), #1571, .T. ) ;
#2300 = ORIENTED_EDGE ( 'NONE', *, *, #745, .T. ) ;
#2301 = ORIENTED_EDGE ( 'NONE', *, *, #328, .F. ) ;
#2302 = EDGE_LOOP ( 'NONE', ( #831, #2733, #1325, #1396 ) ) ;
#2303 = CARTESIAN_POINT ( 'NONE',  ( 0.01292834629495290440, 8.355732926394784599, -0.9500000000000000666 ) ) ;
#2304 = DIRECTION ( 'NONE',  ( 0.7071067811865583419, 8.659560562355064746E-17, -0.7071067811865368036 ) ) ;
#2305 = CARTESIAN_POINT ( 'NONE',  ( 0.000000000000000000, 0.000000000000000000, -5.000000000000000000 ) ) ;
#2306 = AXIS2_PLACEMENT_3D ( 'NONE', #1119, #2130, #2875 ) ;
#2307 = AXIS2_PLACEMENT_3D ( 'NONE', #2823, #62, #1818 ) ;
#2308 = CIRCLE ( 'NONE', #3148, 12.29999999999998472 ) ;
#2309 = ORIENTED_EDGE ( 'NONE', *, *, #898, .T. ) ;
#2310 = EDGE_CURVE ( 'NONE', #2561, #2517, #1374, .T. ) ;
#2311 = EDGE_LOOP ( 'NONE', ( #784, #2300, #744, #2988 ) ) ;
#2312 = ADVANCED_FACE ( 'NONE', ( #842 ), #1600, .T. ) ;
#2313 = DIRECTION ( 'NONE',  ( 0.000000000000000000, 0.000000000000000000, 1.000000000000000000 ) ) ;
#2314 = CIRCLE ( 'NONE', #2155, 3.200000000000001510 ) ;
#2315 = EDGE_CURVE ( 'NONE', #281, #3229, #1497, .T. ) ;
#2316 = AXIS2_PLACEMENT_3D ( 'NONE', #775, #1475, #1232 ) ;
#2317 = PRESENTATION_LAYER_ASSIGNMENT (  '', '', ( #1787 ) ) ;
#2318 = TOROIDAL_SURFACE ( 'NONE', #3219, 5.299999999999999822, 0.2999999999999999889 ) ;
#2319 = VERTEX_POINT ( 'NONE', #2274 ) ;
#2320 = DIRECTION ( 'NONE',  ( 0.000000000000000000, 0.000000000000000000, -1.000000000000000000 ) ) ;
#2321 = AXIS2_PLACEMENT_3D ( 'NONE', #1578, #802, #2320 ) ;
#2322 = ORIENTED_EDGE ( 'NONE', *, *, #2992, .F. ) ;
#2323 = DIRECTION ( 'NONE',  ( -0.000000000000000000, -0.000000000000000000, 1.000000000000000000 ) ) ;
#2324 = DIRECTION ( 'NONE',  ( 0.000000000000000000, 0.000000000000000000, 1.000000000000000000 ) ) ;
#2325 = DIRECTION ( 'NONE',  ( 1.000000000000000000, 0.000000000000000000, 0.000000000000000000 ) ) ;
#2326 = CIRCLE ( 'NONE', #486, 2.999999999999998224 ) ;
#2327 = AXIS2_PLACEMENT_3D ( 'NONE', #3230, #965, #1922 ) ;
#2328 = ORIENTED_EDGE ( 'NONE', *, *, #1141, .T. ) ;
#2329 = EDGE_LOOP ( 'NONE', ( #2027, #2754, #1852, #1935, #2597, #2229, #720, #800, #1403, #223, #2381, #423 ) ) ;
#2330 = CARTESIAN_POINT ( 'NONE',  ( 3.874709418001696104, 8.405876580172527923, -1.250000000000000000 ) ) ;
#2331 = DIRECTION ( 'NONE',  ( 0.9953730843988048971, 0.09608549762794399429, 0.000000000000000000 ) ) ;
#2332 = DIRECTION ( 'NONE',  ( 1.000000000000000000, 0.000000000000000000, 0.000000000000000000 ) ) ;
#2333 = DIRECTION ( 'NONE',  ( 1.000000000000000000, 0.000000000000000000, 0.000000000000000000 ) ) ;
#2334 = EDGE_CURVE ( 'NONE', #1316, #984, #809, .T. ) ;
#2335 = EDGE_CURVE ( 'NONE', #2678, #1563, #822, .T. ) ;
#2336 = ORIENTED_EDGE ( 'NONE', *, *, #3225, .T. ) ;
#2337 = CARTESIAN_POINT ( 'NONE',  ( 0.7804264472511909245, 3.082966843874722418, 1.700000000000000178 ) ) ;
#2338 = ORIENTED_EDGE ( 'NONE', *, *, #1992, .T. ) ;
#2339 = DIRECTION ( 'NONE',  ( -0.000000000000000000, -0.000000000000000000, -1.000000000000000000 ) ) ;
#2340 = CARTESIAN_POINT ( 'NONE',  ( 0.7804264472511899253, 3.082966843874723306, 1.699999999999854516 ) ) ;
#2341 = ORIENTED_EDGE ( 'NONE', *, *, #1706, .F. ) ;
#2342 = CARTESIAN_POINT ( 'NONE',  ( 0.4868515064510803292, 2.960232357546668691, -2.000000000000000000 ) ) ;
#2343 = CARTESIAN_POINT ( 'NONE',  ( 3.961530471308267298, 8.556255055666158071, 1.209680621018530688 ) ) ;
#2344 = CARTESIAN_POINT ( 'NONE',  ( -2.719422214324873188, 1.266784441109215731, -1.250000000000000000 ) ) ;
#2345 = CARTESIAN_POINT ( 'NONE',  ( 0.000000000000000000, 0.000000000000000000, -4.700000000000000178 ) ) ;
#2346 = ADVANCED_FACE ( 'NONE', ( #2822 ), #2951, .T. ) ;
#2347 = DIRECTION ( 'NONE',  ( 0.000000000000000000, -0.000000000000000000, -1.000000000000000000 ) ) ;
#2348 = EDGE_CURVE ( 'NONE', #128, #1750, #2110, .T. ) ;
#2349 = ORIENTED_EDGE ( 'NONE', *, *, #2741, .T. ) ;
#2350 = ORIENTED_EDGE ( 'NONE', *, *, #2409, .F. ) ;
#2351 = CARTESIAN_POINT ( 'NONE',  ( 2.327262649190777744, -1.893105533688356434, 1.700000000000000178 ) ) ;
#2352 = CARTESIAN_POINT ( 'NONE',  ( -0.2296605449705066693, 5.566772252322823356, -5.000000000000000000 ) ) ;
#2353 = ORIENTED_EDGE ( 'NONE', *, *, #1377, .F. ) ;
#2354 = DIRECTION ( 'NONE',  ( 1.000000000000000000, 0.000000000000000000, 0.000000000000000000 ) ) ;
#2355 = FACE_OUTER_BOUND ( 'NONE', #2545, .T. ) ;
#2356 = AXIS2_PLACEMENT_3D ( 'NONE', #821, #2764, #2532 ) ;
#2357 = CARTESIAN_POINT ( 'NONE',  ( 2.678051950636884282, -1.443270199545682031, -1.834734216123276695 ) ) ;
#2358 = LINE ( 'NONE', #1210, #197 ) ;
#2359 = CONICAL_SURFACE ( 'NONE', #34, 2.500000000000002220, 0.7853981633974634891 ) ;
#2360 = AXIS2_PLACEMENT_3D ( 'NONE', #2345, #75, #1329 ) ;
#2361 = AXIS2_PLACEMENT_3D ( 'NONE', #1443, #1194, #178 ) ;
#2362 = CIRCLE ( 'NONE', #1896, 0.2999999999999999889 ) ;
#2363 = CYLINDRICAL_SURFACE ( 'NONE', #1174, 2.999999999999998224 ) ;
#2364 = CARTESIAN_POINT ( 'NONE',  ( 38.80772685019655910, 4.997400563546439578, -1.250000000000000000 ) ) ;
#2365 = AXIS2_PLACEMENT_3D ( 'NONE', #1172, #2422, #132 ) ;
#2366 = EDGE_CURVE ( 'NONE', #2288, #3217, #2863, .T. ) ;
#2367 = AXIS2_PLACEMENT_3D ( 'NONE', #632, #1868, #397 ) ;
#2368 = ORIENTED_EDGE ( 'NONE', *, *, #2454, .T. ) ;
#2369 = CARTESIAN_POINT ( 'NONE',  ( -2.729660544970507363, 5.566772252322823356, -1.700000000000000178 ) ) ;
#2370 = ADVANCED_FACE ( 'NONE', ( #2837 ), #3279, .F. ) ;
#2371 = CARTESIAN_POINT ( 'NONE',  ( -0.02966054497049964642, 5.566772252322823356, -1.250000000000000000 ) ) ;
#2372 = EDGE_CURVE ( 'NONE', #115, #620, #2692, .T. ) ;
#2373 = ORIENTED_EDGE ( 'NONE', *, *, #2796, .F. ) ;
#2374 = DIRECTION ( 'NONE',  ( 1.000000000000000000, 0.000000000000000000, 0.000000000000000000 ) ) ;
#2375 = CARTESIAN_POINT ( 'NONE',  ( 48.13370075830223271, 3.483805795395821470, -0.9500000000000000666 ) ) ;
#2376 = DIRECTION ( 'NONE',  ( 0.000000000000000000, 0.000000000000000000, -1.000000000000000000 ) ) ;
#2377 = CARTESIAN_POINT ( 'NONE',  ( 12.20745086674854463, 2.821205087588688265, -2.000000000000000000 ) ) ;
#2378 = CARTESIAN_POINT ( 'NONE',  ( -2.999999999999997335, 3.673940397442057403E-16, 2.000000000000000000 ) ) ;
#2379 = AXIS2_PLACEMENT_3D ( 'NONE', #2433, #2967, #1655 ) ;
#2380 = ORIENTED_EDGE ( 'NONE', *, *, #484, .T. ) ;
#2381 = ORIENTED_EDGE ( 'NONE', *, *, #29, .F. ) ;
#2382 = DIRECTION ( 'NONE',  ( 0.8660254037844413721, -0.4999999999999951150, 0.000000000000000000 ) ) ;
#2383 = ORIENTED_EDGE ( 'NONE', *, *, #982, .T. ) ;
#2384 = DIRECTION ( 'NONE',  ( -0.000000000000000000, -1.000000000000000000, -0.000000000000000000 ) ) ;
#2385 = DIRECTION ( 'NONE',  ( 1.000000000000000000, 0.000000000000000000, 0.000000000000000000 ) ) ;
#2386 = VERTEX_POINT ( 'NONE', #998 ) ;
#2387 = FACE_OUTER_BOUND ( 'NONE', #27, .T. ) ;
#2388 = DIRECTION ( 'NONE',  ( 0.9906621528364986107, -0.1363396455083913106, 0.000000000000000000 ) ) ;
#2389 = EDGE_CURVE ( 'NONE', #1009, #2227, #2430, .T. ) ;
#2390 = CARTESIAN_POINT ( 'NONE',  ( 0.7756448569209096755, 2.898792459912397312, -2.225460812541950162 ) ) ;
#2391 = EDGE_CURVE ( 'NONE', #2726, #3029, #2275, .T. ) ;
#2392 = FACE_OUTER_BOUND ( 'NONE', #2521, .T. ) ;
#2393 = EDGE_LOOP ( 'NONE', ( #271, #1674, #2701, #1774 ) ) ;
#2394 = CARTESIAN_POINT ( 'NONE',  ( -4.066977831037369207, 1.480015289107766030, 0.9500000000000000666 ) ) ;
#2395 = DIRECTION ( 'NONE',  ( -0.8660254037844413721, 0.4999999999999951705, 0.000000000000000000 ) ) ;
#2396 = ORIENTED_EDGE ( 'NONE', *, *, #1307, .T. ) ;
#2397 = ORIENTED_EDGE ( 'NONE', *, *, #543, .T. ) ;
#2398 = FACE_OUTER_BOUND ( 'NONE', #208, .T. ) ;
#2399 = CARTESIAN_POINT ( 'NONE',  ( 0.4868515115177009522, 2.960232356713391688, 1.863014029052351805 ) ) ;
#2400 = ORIENTED_EDGE ( 'NONE', *, *, #171, .F. ) ;
#2401 = CARTESIAN_POINT ( 'NONE',  ( 36.65729609563890534, -0.3894349117749383304, -1.019711430668846397 ) ) ;
#2402 = DIRECTION ( 'NONE',  ( -0.02389417698457734635, 0.9997144933961044089, 0.000000000000000000 ) ) ;
#2403 = CARTESIAN_POINT ( 'NONE',  ( 1.062622916591866140, 3.104213030229957315, -1.992152019648039341 ) ) ;
#2404 = DIRECTION ( 'NONE',  ( -1.000000000000000000, 0.000000000000000000, 0.000000000000000000 ) ) ;
#2405 = EDGE_CURVE ( 'NONE', #1840, #2024, #583, .T. ) ;
#2406 = EDGE_CURVE ( 'NONE', #521, #2488, #1732, .T. ) ;
#2407 = CIRCLE ( 'NONE', #562, 0.3000000000000000444 ) ;
#2408 = DIRECTION ( 'NONE',  ( 1.000000000000000000, 0.000000000000000000, 0.000000000000000000 ) ) ;
#2409 = EDGE_CURVE ( 'NONE', #1925, #1142, #3109, .T. ) ;
#2410 = VECTOR ( 'NONE', #1927, 1000.000000000000000 ) ;
#2411 = EDGE_LOOP ( 'NONE', ( #1595, #149, #925, #3061, #2779 ) ) ;
#2412 = AXIS2_PLACEMENT_3D ( 'NONE', #2760, #1229, #1509 ) ;
#2413 = ORIENTED_EDGE ( 'NONE', *, *, #147, .F. ) ;
#2415 = DIRECTION ( 'NONE',  ( 0.0001124763395239876314, -0.9999999936745365137, 0.000000000000000000 ) ) ;
#2414 = AXIS2_PLACEMENT_3D ( 'NONE', #1546, #1802, #2066 ) ;
#2416 = FACE_OUTER_BOUND ( 'NONE', #1976, .T. ) ;
#2417 = AXIS2_PLACEMENT_3D ( 'NONE', #593, #855, #624 ) ;
#2418 = VECTOR ( 'NONE', #2522, 1000.000000000000000 ) ;
#2419 = AXIS2_PLACEMENT_3D ( 'NONE', #1585, #2587, #1780 ) ;
#2420 = ORIENTED_EDGE ( 'NONE', *, *, #2674, .F. ) ;
#2421 = ORIENTED_EDGE ( 'NONE', *, *, #213, .F. ) ;
#2422 = DIRECTION ( 'NONE',  ( -0.000000000000000000, 0.000000000000000000, 1.000000000000000000 ) ) ;
#2423 = DIRECTION ( 'NONE',  ( -1.000000000000000000, 0.000000000000000000, 0.000000000000000000 ) ) ;
#2424 = AXIS2_PLACEMENT_3D ( 'NONE', #832, #1583, #2073 ) ;
#2425 = ORIENTED_EDGE ( 'NONE', *, *, #2479, .F. ) ;
#2426 = CARTESIAN_POINT ( 'NONE',  ( 1.148891823298499704, 3.093549349591474762, -2.299999999999999822 ) ) ;
#2427 = CARTESIAN_POINT ( 'NONE',  ( 2.327262649190777744, -1.893105533688356434, 1.700000000000000178 ) ) ;
#2428 = DIRECTION ( 'NONE',  ( 0.000000000000000000, 0.000000000000000000, -1.000000000000000000 ) ) ;
#2429 = CARTESIAN_POINT ( 'NONE',  ( 2.491213250279076696, -1.691555169255284152, 1.837981454393638803 ) ) ;
#2430 = CIRCLE ( 'NONE', #2843, 0.2999999999999999334 ) ;
#2431 = FACE_OUTER_BOUND ( 'NONE', #608, .T. ) ;
#2432 = ORIENTED_EDGE ( 'NONE', *, *, #10, .F. ) ;
#2433 = CARTESIAN_POINT ( 'NONE',  ( 4.241241905485717112, -168.5537438249798754, 0.9500000000000002887 ) ) ;
#2434 = DIRECTION ( 'NONE',  ( -0.8660254037844405950, 0.4999999999999965583, 0.000000000000000000 ) ) ;
#2435 = EDGE_CURVE ( 'NONE', #372, #876, #2181, .T. ) ;
#2436 = ADVANCED_FACE ( 'NONE', ( #2949 ), #778, .F. ) ;
#2437 = VERTEX_POINT ( 'NONE', #3132 ) ;
#2438 = ORIENTED_EDGE ( 'NONE', *, *, #2172, .T. ) ;
#2439 = DIRECTION ( 'NONE',  ( -1.000000000000000000, 0.000000000000000000, 0.000000000000000000 ) ) ;
#2440 = VERTEX_POINT ( 'NONE', #123 ) ;
#2441 = CARTESIAN_POINT ( 'NONE',  ( -2.729660544970507363, 5.566772252322823356, -0.9500000000000000666 ) ) ;
#2442 = CARTESIAN_POINT ( 'NONE',  ( 0.000000000000000000, 0.000000000000000000, 1.250000000000000000 ) ) ;
#2443 = CARTESIAN_POINT ( 'NONE',  ( 1.062280137426619975, 3.107620608473712576, -1.999999999999999556 ) ) ;
#2444 = CYLINDRICAL_SURFACE ( 'NONE', #3268, 2.500000000000000444 ) ;
#2445 = FACE_OUTER_BOUND ( 'NONE', #1526, .T. ) ;
#2446 = ORIENTED_EDGE ( 'NONE', *, *, #2348, .F. ) ;
#2447 = DIRECTION ( 'NONE',  ( 1.000000000000000000, 0.000000000000000000, 0.000000000000000000 ) ) ;
#2448 = CARTESIAN_POINT ( 'NONE',  ( 4.241241905485717112, -168.5537438249798754, -0.9500000000000000666 ) ) ;
#2449 = ADVANCED_FACE ( 'NONE', ( #429 ), #194, .T. ) ;
#2450 = EDGE_CURVE ( 'NONE', #2488, #3264, #2986, .T. ) ;
#2451 = ORIENTED_EDGE ( 'NONE', *, *, #3034, .T. ) ;
#2452 = ORIENTED_EDGE ( 'NONE', *, *, #2454, .F. ) ;
#2453 = DIRECTION ( 'NONE',  ( -0.8978664923101261630, -0.4402678298339658958, 0.000000000000000000 ) ) ;
#2454 = EDGE_CURVE ( 'NONE', #526, #1334, #566, .T. ) ;
#2455 = ORIENTED_EDGE ( 'NONE', *, *, #1756, .T. ) ;
#2456 = DIRECTION ( 'NONE',  ( 1.000000000000000000, 0.000000000000000000, 0.000000000000000000 ) ) ;
#2457 = DIRECTION ( 'NONE',  ( 0.000000000000000000, 0.000000000000000000, -1.000000000000000000 ) ) ;
#2458 = DIRECTION ( 'NONE',  ( 1.000000000000000000, 7.636180747596671069E-14, 0.000000000000000000 ) ) ;
#2459 = CARTESIAN_POINT ( 'NONE',  ( 12.19352068087550478, 2.521528678905010423, -2.000000000000000000 ) ) ;
#2460 = CARTESIAN_POINT ( 'NONE',  ( 3.961530471308267298, 8.556255055666158071, 1.209680621018530688 ) ) ;
#2461 = VERTEX_POINT ( 'NONE', #162 ) ;
#2462 = DIRECTION ( 'NONE',  ( -0.9999999936745366247, -0.0001124763395239876179, -4.337394008549686453E-14 ) ) ;
#2463 = CARTESIAN_POINT ( 'NONE',  ( 3.299999999999998046, 0.000000000000000000, -2.000000000000000000 ) ) ;
#2464 = AXIS2_PLACEMENT_3D ( 'NONE', #1631, #375, #2388 ) ;
#2465 = AXIS2_PLACEMENT_3D ( 'NONE', #311, #2483, #3099 ) ;
#2466 = AXIS2_PLACEMENT_3D ( 'NONE', #3203, #2428, #445 ) ;
#2467 = CIRCLE ( 'NONE', #2260, 171.2599999999999625 ) ;
#2468 = ORIENTED_EDGE ( 'NONE', *, *, #1569, .F. ) ;
#2469 = CARTESIAN_POINT ( 'NONE',  ( 2.861406518844264557, -0.9122689823699206002, -2.037179356986674517 ) ) ;
#2470 = ADVANCED_FACE ( 'NONE', ( #1406 ), #2751, .F. ) ;
#2471 = CIRCLE ( 'NONE', #41, 0.3000000000000003220 ) ;
#2472 = ORIENTED_EDGE ( 'NONE', *, *, #1863, .T. ) ;
#2473 = CARTESIAN_POINT ( 'NONE',  ( 4.241241905485717112, -168.5537438249798754, 2.000000000000000000 ) ) ;
#2474 = PLANE ( 'NONE',  #2725 ) ;
#2475 = CARTESIAN_POINT ( 'NONE',  ( 4.241241905485717112, -168.5537438249798754, 1.250000000000000000 ) ) ;
#2476 = CYLINDRICAL_SURFACE ( 'NONE', #257, 1.000000000000000000 ) ;
#2477 = EDGE_CURVE ( 'NONE', #9, #1768, #729, .T. ) ;
#2478 = CIRCLE ( 'NONE', #1790, 0.2999999999999995448 ) ;
#2479 = EDGE_CURVE ( 'NONE', #1610, #1673, #518, .T. ) ;
#2480 = DIRECTION ( 'NONE',  ( 1.000000000000000000, 0.000000000000000000, 0.000000000000000000 ) ) ;
#2481 = AXIS2_PLACEMENT_3D ( 'NONE', #2842, #1854, #2599 ) ;
#2482 = EDGE_LOOP ( 'NONE', ( #3080, #1791, #3066, #1248, #1239 ) ) ;
#2483 = DIRECTION ( 'NONE',  ( -0.000000000000000000, -0.000000000000000000, -1.000000000000000000 ) ) ;
#2484 = DIRECTION ( 'NONE',  ( 0.000000000000000000, -0.000000000000000000, -1.000000000000000000 ) ) ;
#2485 = CARTESIAN_POINT ( 'NONE',  ( 0.4868515064510806623, 2.960232357546667803, -1.700000000000000178 ) ) ;
#2486 = PRODUCT_DEFINITION_CONTEXT ( 'detailed design', #2797, 'design' ) ;
#2487 = CIRCLE ( 'NONE', #1906, 176.9600000000000364 ) ;
#2488 = VERTEX_POINT ( 'NONE', #2999 ) ;
#2489 = CARTESIAN_POINT ( 'NONE',  ( 2.929898043644627581, -1.064971078347624056, -1.924539399603082179 ) ) ;
#2490 = EDGE_LOOP ( 'NONE', ( #2120, #930, #918 ) ) ;
#2491 = DIRECTION ( 'NONE',  ( 1.000000000000000000, 0.000000000000000000, 0.000000000000000000 ) ) ;
#2492 = DIRECTION ( 'NONE',  ( -1.000000000000000000, 6.924333389769863348E-14, 0.000000000000000000 ) ) ;
#2493 = DIRECTION ( 'NONE',  ( 0.000000000000000000, -0.000000000000000000, -1.000000000000000000 ) ) ;
#2494 = PLANE ( 'NONE',  #1096 ) ;
#2495 = EDGE_CURVE ( 'NONE', #1925, #1494, #2721, .T. ) ;
#2496 = ADVANCED_FACE ( 'NONE', ( #3275 ), #1012, .F. ) ;
#2497 = ORIENTED_EDGE ( 'NONE', *, *, #2495, .F. ) ;
#2498 = DIRECTION ( 'NONE',  ( 1.000000000000000000, 0.000000000000000000, 0.000000000000000000 ) ) ;
#2499 = CARTESIAN_POINT ( 'NONE',  ( 2.793992219639596541, -1.100753051169979013, -2.147170712512760371 ) ) ;
#2500 = CARTESIAN_POINT ( 'NONE',  ( -2.719422214324873188, 1.266784441109215731, 2.000000000000000000 ) ) ;
#2501 = ORIENTED_EDGE ( 'NONE', *, *, #1332, .T. ) ;
#2502 = ORIENTED_EDGE ( 'NONE', *, *, #1568, .T. ) ;
#2503 = CARTESIAN_POINT ( 'NONE',  ( 2.327262649190778188, -1.893105533688360653, -1.700000000000000178 ) ) ;
#2504 = ORIENTED_EDGE ( 'NONE', *, *, #2577, .F. ) ;
#2505 = DIRECTION ( 'NONE',  ( -0.000000000000000000, -0.000000000000000000, -1.000000000000000000 ) ) ;
#2506 = DIRECTION ( 'NONE',  ( 0.000000000000000000, -0.000000000000000000, -1.000000000000000000 ) ) ;
#2507 = CARTESIAN_POINT ( 'NONE',  ( 4.241241905485717112, -168.5537438249798754, 0.9500000000000002887 ) ) ;
#2508 = CARTESIAN_POINT ( 'NONE',  ( 4.221338092443587264, 8.406255055666139953, -1.700000000000000178 ) ) ;
#2509 = CYLINDRICAL_SURFACE ( 'NONE', #1529, 0.3000000000000001554 ) ;
#2510 = EDGE_CURVE ( 'NONE', #473, #1467, #772, .T. ) ;
#2511 = B_SPLINE_CURVE_WITH_KNOTS ( 'NONE', 3,
 ( #3259, #2513, #2079, #357, #2023, #1817 ),
 .UNSPECIFIED., .F., .F.,
 ( 4, 2, 4 ),
 ( 0.000000000000000000, 0.0004602242045592298695, 0.0009204484091184597389 ),
 .UNSPECIFIED. ) ;
#2512 = CARTESIAN_POINT ( 'NONE',  ( -2.729660544970507363, 5.566772252322823356, -5.000000000000000000 ) ) ;
#2513 = CARTESIAN_POINT ( 'NONE',  ( 0.8989801472841142393, 2.866341557036599763, -2.299999999999999378 ) ) ;
#2515 = ORIENTED_EDGE ( 'NONE', *, *, #2016, .T. ) ;
#2514 = CIRCLE ( 'NONE', #346, 3.500000000000003109 ) ;
#2516 = VECTOR ( 'NONE', #220, 1000.000000000000000 ) ;
#2517 = VERTEX_POINT ( 'NONE', #12 ) ;
#2518 = DIRECTION ( 'NONE',  ( 1.000000000000000000, 0.000000000000000000, 0.000000000000000000 ) ) ;
#2519 = AXIS2_PLACEMENT_3D ( 'NONE', #1842, #2846, #1596 ) ;
#2520 = TOROIDAL_SURFACE ( 'NONE', #1360, 3.299999999999998046, 0.2999999999999999889 ) ;
#2521 = EDGE_LOOP ( 'NONE', ( #2112, #67, #739, #2807 ) ) ;
#2522 = DIRECTION ( 'NONE',  ( 0.000000000000000000, 0.000000000000000000, 1.000000000000000000 ) ) ;
#2523 = DIRECTION ( 'NONE',  ( -1.000000000000000000, 0.000000000000000000, 0.000000000000000000 ) ) ;
#2524 = CIRCLE ( 'NONE', #994, 5.000000000000000888 ) ;
#2525 = LINE ( 'NONE', #974, #2783 ) ;
#2526 = CARTESIAN_POINT ( 'NONE',  ( 0.000000000000000000, 0.000000000000000000, -4.700000000000000178 ) ) ;
#2527 = AXIS2_PLACEMENT_3D ( 'NONE', #392, #340, #1878 ) ;
#2528 = CIRCLE ( 'NONE', #787, 5.299999999999998934 ) ;
#2529 = EDGE_LOOP ( 'NONE', ( #3021, #851 ) ) ;
#2530 = DIRECTION ( 'NONE',  ( -1.000000000000000000, 0.000000000000000000, 0.000000000000000000 ) ) ;
#2531 = CIRCLE ( 'NONE', #2944, 2.999999999999997335 ) ;
#2532 = DIRECTION ( 'NONE',  ( 1.000000000000000000, 0.000000000000000000, 0.000000000000000000 ) ) ;
#2533 = VECTOR ( 'NONE', #2606, 1000.000000000000114 ) ;
#2534 = ORIENTED_EDGE ( 'NONE', *, *, #1060, .T. ) ;
#2535 = EDGE_CURVE ( 'NONE', #3125, #2440, #2525, .T. ) ;
#2536 = ORIENTED_EDGE ( 'NONE', *, *, #456, .F. ) ;
#2537 = B_SPLINE_CURVE_WITH_KNOTS ( 'NONE', 3,
 ( #2460, #2220, #1283, #3002 ),
 .UNSPECIFIED., .F., .F.,
 ( 4, 4 ),
 ( 0.000000000000000000, 0.0001783533725157957894 ),
 .UNSPECIFIED. ) ;
#2538 = DIRECTION ( 'NONE',  ( -0.8978664923101261630, -0.4402678298339658958, 0.000000000000000000 ) ) ;
#2539 = EDGE_CURVE ( 'NONE', #2137, #2678, #2283, .T. ) ;
#2540 = VERTEX_POINT ( 'NONE', #228 ) ;
#2541 = CARTESIAN_POINT ( 'NONE',  ( 45.96999999999999886, 3.061616997868386099E-16, -5.000000000000000000 ) ) ;
#2542 = DIRECTION ( 'NONE',  ( -0.000000000000000000, 0.000000000000000000, 1.000000000000000000 ) ) ;
#2543 = DIRECTION ( 'NONE',  ( 0.000000000000000000, 0.000000000000000000, -1.000000000000000000 ) ) ;
#2544 = DIRECTION ( 'NONE',  ( 0.7071067811865460184, 0.000000000000000000, 0.7071067811865489050 ) ) ;
#2545 = EDGE_LOOP ( 'NONE', ( #1545, #811, #399, #2739 ) ) ;
#2546 = DIRECTION ( 'NONE',  ( 0.000000000000000000, 0.000000000000000000, 1.000000000000000000 ) ) ;
#2547 = B_SPLINE_CURVE_WITH_KNOTS ( 'NONE', 3,
 ( #2607, #2640, #3173, #377, #1862, #907, #2864, #1159 ),
 .UNSPECIFIED., .F., .F.,
 ( 4, 2, 2, 4 ),
 ( 1.084202172485504434E-19, 0.0001373821126163760975, 0.0002747642252327520867, 0.0005495284504655060165 ),
 .UNSPECIFIED. ) ;
#2548 = ORIENTED_EDGE ( 'NONE', *, *, #1386, .F. ) ;
#2549 = ORIENTED_EDGE ( 'NONE', *, *, #211, .T. ) ;
#2550 = CARTESIAN_POINT ( 'NONE',  ( -0.7338192662517214471, 0.4236707509069596034, 1.250000000000000000 ) ) ;
#2551 = ADVANCED_FACE ( 'NONE', ( #263 ), #2832, .T. ) ;
#2552 = VERTEX_POINT ( 'NONE', #3253 ) ;
#2553 = CARTESIAN_POINT ( 'NONE',  ( -4.066977831037368318, 1.480015289107766474, -0.9500000000000000666 ) ) ;
#2554 = EDGE_CURVE ( 'NONE', #290, #4, #1722, .T. ) ;
#2555 = FACE_OUTER_BOUND ( 'NONE', #3058, .T. ) ;
#2556 = ORIENTED_EDGE ( 'NONE', *, *, #1962, .F. ) ;
#2557 = ORIENTED_EDGE ( 'NONE', *, *, #3073, .F. ) ;
#2558 = FACE_OUTER_BOUND ( 'NONE', #146, .T. ) ;
#2559 = CARTESIAN_POINT ( 'NONE',  ( 11.63631324595389138, -9.465527668441804821, -2.000000000000000000 ) ) ;
#2560 = ORIENTED_EDGE ( 'NONE', *, *, #605, .T. ) ;
#2561 = VERTEX_POINT ( 'NONE', #460 ) ;
#2562 = LINE ( 'NONE', #2550, #948 ) ;
#2563 = TOROIDAL_SURFACE ( 'NONE', #2980, 2.700000000000029932, 0.2999999999999999889 ) ;
#2564 = ORIENTED_EDGE ( 'NONE', *, *, #3056, .T. ) ;
#2565 = CARTESIAN_POINT ( 'NONE',  ( -5.423260021900969896, 4.245968762820884201, -2.000000000000000000 ) ) ;
#2566 = DIRECTION ( 'NONE',  ( -1.000000000000000000, 0.000000000000000000, 0.000000000000000000 ) ) ;
#2567 = CARTESIAN_POINT ( 'NONE',  ( -0.2296605449705066693, 5.566772252322823356, 1.049999999999991829 ) ) ;
#2568 = AXIS2_PLACEMENT_3D ( 'NONE', #242, #2493, #2458 ) ;
#2569 = VECTOR ( 'NONE', #1598, 1000.000000000000000 ) ;
#2570 = VERTEX_POINT ( 'NONE', #1766 ) ;
#2571 = FACE_OUTER_BOUND ( 'NONE', #2302, .T. ) ;
#2572 = EDGE_CURVE ( 'NONE', #3067, #1316, #2731, .T. ) ;
#2573 = CARTESIAN_POINT ( 'NONE',  ( -5.423260021900969896, 4.245968762820884201, -0.9500000000000000666 ) ) ;
#2574 = CARTESIAN_POINT ( 'NONE',  ( 0.000000000000000000, 0.000000000000000000, -2.000000000000000000 ) ) ;
#2575 = CIRCLE ( 'NONE', #995, 0.2999999999999999334 ) ;
#2576 = AXIS2_PLACEMENT_3D ( 'NONE', #1712, #721, #1507 ) ;
#2577 = EDGE_CURVE ( 'NONE', #2753, #2715, #1968, .T. ) ;
#2578 = CIRCLE ( 'NONE', #625, 0.2999999999999999889 ) ;
#2579 =( GEOMETRIC_REPRESENTATION_CONTEXT ( 3 ) GLOBAL_UNCERTAINTY_ASSIGNED_CONTEXT ( ( #1237 ) ) GLOBAL_UNIT_ASSIGNED_CONTEXT ( ( #1980, #1752, #1278 ) ) REPRESENTATION_CONTEXT ( 'NONE', 'WORKASPACE' ) );
#2580 = AXIS2_PLACEMENT_3D ( 'NONE', #491, #704, #2439 ) ;
#2581 = ORIENTED_EDGE ( 'NONE', *, *, #2927, .T. ) ;
#2582 = CARTESIAN_POINT ( 'NONE',  ( 38.80772685019655910, 4.997400563546439578, 1.250000000000000000 ) ) ;
#2583 = CIRCLE ( 'NONE', #1581, 0.3000000000000002109 ) ;
#2584 = VERTEX_POINT ( 'NONE', #212 ) ;
#2585 = FACE_OUTER_BOUND ( 'NONE', #2241, .T. ) ;
#2586 = CARTESIAN_POINT ( 'NONE',  ( 0.5355366570961883621, 3.256255593301334628, 1.250000000000000222 ) ) ;
#2587 = DIRECTION ( 'NONE',  ( 0.000000000000000000, 0.000000000000000000, 1.000000000000000000 ) ) ;
#2588 = AXIS2_PLACEMENT_3D ( 'NONE', #700, #3177, #949 ) ;
#2589 = VERTEX_POINT ( 'NONE', #1023 ) ;
#2590 = CARTESIAN_POINT ( 'NONE',  ( -2.999999999999998224, 3.673940397442057896E-16, -4.700000000000000178 ) ) ;
#2591 = CARTESIAN_POINT ( 'NONE',  ( -5.423260021900969896, 4.245968762820884201, 0.9500000000000002887 ) ) ;
#2592 = DIRECTION ( 'NONE',  ( 0.4402678298339659513, -0.8978664923101261630, 0.000000000000000000 ) ) ;
#2593 = FACE_OUTER_BOUND ( 'NONE', #1805, .T. ) ;
#2594 = EDGE_CURVE ( 'NONE', #3217, #2038, #87, .T. ) ;
#2595 = AXIS2_PLACEMENT_3D ( 'NONE', #1937, #2331, #247 ) ;
#2596 = EDGE_CURVE ( 'NONE', #502, #2726, #1420, .T. ) ;
#2597 = ORIENTED_EDGE ( 'NONE', *, *, #1125, .T. ) ;
#2598 = CARTESIAN_POINT ( 'NONE',  ( 37.57080861381277259, 5.544640955107010605, 1.250000000000000000 ) ) ;
#2599 = DIRECTION ( 'NONE',  ( -1.000000000000000000, 0.000000000000000000, 0.000000000000000000 ) ) ;
#2600 = ORIENTED_EDGE ( 'NONE', *, *, #2577, .T. ) ;
#2601 = CARTESIAN_POINT ( 'NONE',  ( 0.9942486913025916362, 3.416772252322846093, 1.250000000000000000 ) ) ;
#2602 = CARTESIAN_POINT ( 'NONE',  ( 1.254056312437923371, 3.266772252322847958, -2.000000000000000000 ) ) ;
#2603 = ORIENTED_EDGE ( 'NONE', *, *, #1851, .F. ) ;
#2604 = CARTESIAN_POINT ( 'NONE',  ( -1.744832402571561136, 8.611458365855552799, -0.9500000000000000666 ) ) ;
#2605 = DIRECTION ( 'NONE',  ( 1.000000000000000000, 0.000000000000000000, 0.000000000000000000 ) ) ;
#2606 = DIRECTION ( 'NONE',  ( -0.4999999999999951705, -0.8660254037844413721, 0.000000000000000000 ) ) ;
#2607 = CARTESIAN_POINT ( 'NONE',  ( -4.066977831037368318, 1.480015289107766474, -0.9500000000000000666 ) ) ;
#2608 = ORIENTED_EDGE ( 'NONE', *, *, #187, .F. ) ;
#2609 = DIRECTION ( 'NONE',  ( 1.000000000000000000, 0.000000000000000000, 0.000000000000000000 ) ) ;
#2610 = DIRECTION ( 'NONE',  ( -0.4999999999999951705, -0.8660254037844413721, 0.000000000000000000 ) ) ;
#2611 = EDGE_CURVE ( 'NONE', #290, #3125, #2963, .T. ) ;
#2612 = ORIENTED_EDGE ( 'NONE', *, *, #1989, .T. ) ;
#2613 = CARTESIAN_POINT ( 'NONE',  ( 4.241241905485717112, -168.5537438249798754, 1.700000000000000178 ) ) ;
#2614 = FACE_OUTER_BOUND ( 'NONE', #1046, .T. ) ;
#2615 = ORIENTED_EDGE ( 'NONE', *, *, #1687, .T. ) ;
#2616 = DIRECTION ( 'NONE',  ( 1.000000000000000000, 0.000000000000000000, 0.000000000000000000 ) ) ;
#2617 = CARTESIAN_POINT ( 'NONE',  ( 3.269185104360444072, -0.4499208301776905783, 2.000000000000000000 ) ) ;
#2618 = AXIS2_PLACEMENT_3D ( 'NONE', #1157, #1106, #2862 ) ;
#2619 = DIRECTION ( 'NONE',  ( 0.2381873771791866712, 0.9712192200283621402, 0.000000000000000000 ) ) ;
#2620 = CARTESIAN_POINT ( 'NONE',  ( 12.19352068087550478, 2.521528678905010423, -1.700000000000000178 ) ) ;
#2621 = AXIS2_PLACEMENT_3D ( 'NONE', #481, #2017, #508 ) ;
#2622 = VECTOR ( 'NONE', #3063, 1000.000000000000000 ) ;
#2623 = VECTOR ( 'NONE', #2964, 1000.000000000000000 ) ;
#2624 = AXIS2_PLACEMENT_3D ( 'NONE', #267, #1495, #2709 ) ;
#2625 = CIRCLE ( 'NONE', #1214, 2.999999999999998224 ) ;
#2626 = AXIS2_PLACEMENT_3D ( 'NONE', #1373, #885, #2374 ) ;
#2627 = VERTEX_POINT ( 'NONE', #2030 ) ;
#2628 = CARTESIAN_POINT ( 'NONE',  ( 2.999999999999998224, 0.000000000000000000, -2.299999999999999822 ) ) ;
#2629 = TOROIDAL_SURFACE ( 'NONE', #2685, 3.200000000000000178, 0.2999999999999999889 ) ;
#2630 = EDGE_CURVE ( 'NONE', #2540, #3176, #2261, .T. ) ;
#2631 = AXIS2_PLACEMENT_3D ( 'NONE', #1250, #1220, #1987 ) ;
#2632 = ORIENTED_EDGE ( 'NONE', *, *, #289, .T. ) ;
#2633 = SPHERICAL_SURFACE ( 'NONE', #2745, 0.2999999999999999889 ) ;
#2634 = DIRECTION ( 'NONE',  ( -1.000000000000000000, 0.000000000000000000, 0.000000000000000000 ) ) ;
#2635 = EDGE_CURVE ( 'NONE', #372, #1697, #3151, .T. ) ;
#2636 = ORIENTED_EDGE ( 'NONE', *, *, #1645, .F. ) ;
#2637 = CARTESIAN_POINT ( 'NONE',  ( 3.961530471308267298, 8.556255055666158071, 1.209680621018530688 ) ) ;
#2638 = CARTESIAN_POINT ( 'NONE',  ( 0.000000000000000000, 0.000000000000000000, 5.000000000000000000 ) ) ;
#2639 = DIRECTION ( 'NONE',  ( -1.000000000000000000, 0.000000000000000000, 0.000000000000000000 ) ) ;
#2640 = CARTESIAN_POINT ( 'NONE',  ( -4.066977831037370095, 1.480015289107766474, -0.9966009847901529106 ) ) ;
#2641 = DIRECTION ( 'NONE',  ( 1.000000000000000000, 0.000000000000000000, 0.000000000000000000 ) ) ;
#2642 = CARTESIAN_POINT ( 'NONE',  ( 0.000000000000000000, 0.000000000000000000, 2.000000000000000000 ) ) ;
#2643 = CARTESIAN_POINT ( 'NONE',  ( 37.00672929459250327, 2.598149054281850834, 1.250000000000000000 ) ) ;
#2644 = CIRCLE ( 'NONE', #2802, 2.500000000000002220 ) ;
#2645 = ORIENTED_EDGE ( 'NONE', *, *, #2495, .T. ) ;
#2646 = ORIENTED_EDGE ( 'NONE', *, *, #3134, .F. ) ;
#2647 = CARTESIAN_POINT ( 'NONE',  ( 2.933320549453004578, -0.6465831956014980175, 2.051113174627019031 ) ) ;
#2648 = CARTESIAN_POINT ( 'NONE',  ( 0.9069000919664177429, 2.863400223746514595, 2.299999909053457969 ) ) ;
#2649 = CYLINDRICAL_SURFACE ( 'NONE', #947, 4.299999999999999822 ) ;
#2650 = EDGE_CURVE ( 'NONE', #1837, #1142, #3227, .T. ) ;
#2651 = ADVANCED_FACE ( 'NONE', ( #792 ), #1542, .F. ) ;
#2652 = ADVANCED_FACE ( 'NONE', ( #1572, #471 ), #3101, .T. ) ;
#2653 = ORIENTED_EDGE ( 'NONE', *, *, #960, .F. ) ;
#2654 = DIRECTION ( 'NONE',  ( 1.000000000000000000, 0.000000000000000000, 0.000000000000000000 ) ) ;
#2655 = FACE_OUTER_BOUND ( 'NONE', #607, .T. ) ;
#2656 = CARTESIAN_POINT ( 'NONE',  ( 38.61657675493436415, 5.132245006980059365, -1.237631987429947511 ) ) ;
#2657 = LINE ( 'NONE', #888, #618 ) ;
#2658 = DIRECTION ( 'NONE',  ( 0.000000000000000000, 0.000000000000000000, 1.000000000000000000 ) ) ;
#2659 = VERTEX_POINT ( 'NONE', #2485 ) ;
#2660 = CARTESIAN_POINT ( 'NONE',  ( -3.680482097444022660, 1.373213098650152064, 1.250000000000000000 ) ) ;
#2661 = CARTESIAN_POINT ( 'NONE',  ( 0.000000000000000000, 0.000000000000000000, -1.250000000000000000 ) ) ;
#2662 = VERTEX_POINT ( 'NONE', #1803 ) ;
#2663 = CARTESIAN_POINT ( 'NONE',  ( 38.80772685019655910, 4.997400563546439578, 1.250000000000000000 ) ) ;
#2664 = CARTESIAN_POINT ( 'NONE',  ( 0.6720268411030705380, 2.929777690566532922, 1.699999999999810107 ) ) ;
#2665 = ORIENTED_EDGE ( 'NONE', *, *, #535, .F. ) ;
#2666 = CARTESIAN_POINT ( 'NONE',  ( 1.000000000000000000, 0.000000000000000000, 4.700000000000000178 ) ) ;
#2667 = CARTESIAN_POINT ( 'NONE',  ( 51.96999999999999886, 0.000000000000000000, 0.9500000000000002887 ) ) ;
#2668 = CARTESIAN_POINT ( 'NONE',  ( 0.9757181424110833445, 2.838002477400155765, -2.011434496475248412 ) ) ;
#2669 = FACE_OUTER_BOUND ( 'NONE', #3197, .T. ) ;
#2670 = ADVANCED_FACE ( 'NONE', ( #2593 ), #2879, .F. ) ;
#2671 = CIRCLE ( 'NONE', #875, 2.700000000000008171 ) ;
#2672 = EDGE_CURVE ( 'NONE', #1971, #1610, #410, .T. ) ;
#2673 = CARTESIAN_POINT ( 'NONE',  ( 37.00672929459250327, 2.598149054281850834, 2.000000000000000000 ) ) ;
#2674 = EDGE_CURVE ( 'NONE', #2319, #1673, #2677, .T. ) ;
#2675 = CIRCLE ( 'NONE', #139, 4.299999999999999822 ) ;
#2676 = ORIENTED_EDGE ( 'NONE', *, *, #1362, .T. ) ;
#2677 = CIRCLE ( 'NONE', #1944, 3.000000000000030198 ) ;
#2678 = VERTEX_POINT ( 'NONE', #2094 ) ;
#2679 = CARTESIAN_POINT ( 'NONE',  ( -4.052079933751924656, 1.475089202323752513, 1.041836643591446343 ) ) ;
#2680 = CARTESIAN_POINT ( 'NONE',  ( 48.46999999999999886, 0.000000000000000000, 0.9500000000000002887 ) ) ;
#2681 = AXIS2_PLACEMENT_3D ( 'NONE', #1875, #1134, #1682 ) ;
#2682 = ORIENTED_EDGE ( 'NONE', *, *, #80, .T. ) ;
#2683 = ORIENTED_EDGE ( 'NONE', *, *, #2930, .T. ) ;
#2684 = DIRECTION ( 'NONE',  ( 0.000000000000000000, 0.000000000000000000, 1.000000000000000000 ) ) ;
#2685 = AXIS2_PLACEMENT_3D ( 'NONE', #1777, #2291, #1824 ) ;
#2686 = CIRCLE ( 'NONE', #951, 177.2600000000000193 ) ;
#2687 = ORIENTED_EDGE ( 'NONE', *, *, #2335, .T. ) ;
#2688 = DIRECTION ( 'NONE',  ( -0.000000000000000000, -0.000000000000000000, -1.000000000000000000 ) ) ;
#2689 = DIRECTION ( 'NONE',  ( -1.000000000000000000, 0.000000000000000000, 0.000000000000000000 ) ) ;
#2690 = CARTESIAN_POINT ( 'NONE',  ( 38.00323992568875298, 5.436885303113416334, -1.089927835579530990 ) ) ;
#2691 = CARTESIAN_POINT ( 'NONE',  ( 51.67000000000000171, 0.000000000000000000, 1.250000000000000000 ) ) ;
#2692 = CIRCLE ( 'NONE', #1008, 0.3000000000000002109 ) ;
#2693 = DIRECTION ( 'NONE',  ( 1.000000000000000000, 0.000000000000000000, 0.000000000000000000 ) ) ;
#2694 = ORIENTED_EDGE ( 'NONE', *, *, #716, .F. ) ;
#2695 = ADVANCED_FACE ( 'NONE', ( #2810 ), #1730, .T. ) ;
#2696 = VECTOR ( 'NONE', #2918, 1000.000000000000000 ) ;
#2697 = ORIENTED_EDGE ( 'NONE', *, *, #745, .F. ) ;
#2698 = EDGE_CURVE ( 'NONE', #2178, #2488, #1263, .T. ) ;
#2699 = LINE ( 'NONE', #911, #1487 ) ;
#2700 = DIRECTION ( 'NONE',  ( -0.000000000000000000, 0.000000000000000000, 1.000000000000000000 ) ) ;
#2701 = ORIENTED_EDGE ( 'NONE', *, *, #633, .T. ) ;
#2702 = ORIENTED_EDGE ( 'NONE', *, *, #211, .F. ) ;
#2703 = DIRECTION ( 'NONE',  ( -0.4402678298339658958, 0.8978664923101263851, 0.000000000000000000 ) ) ;
#2704 = ORIENTED_EDGE ( 'NONE', *, *, #836, .T. ) ;
#2705 = DIRECTION ( 'NONE',  ( -1.000000000000000000, 8.881784197001244435E-16, 0.000000000000000000 ) ) ;
#2706 = CARTESIAN_POINT ( 'NONE',  ( 36.49905790729429356, -0.05369365646078998189, -2.000000000000000000 ) ) ;
#2707 = CARTESIAN_POINT ( 'NONE',  ( 38.41765649870632160, 5.248155765168101006, -1.200563788647444508 ) ) ;
#2708 = LINE ( 'NONE', #2459, #466 ) ;
#2709 = DIRECTION ( 'NONE',  ( 1.000000000000000000, 0.000000000000000000, -0.000000000000000000 ) ) ;
#2710 = ORIENTED_EDGE ( 'NONE', *, *, #555, .T. ) ;
#2711 = ORIENTED_EDGE ( 'NONE', *, *, #496, .F. ) ;
#2712 = CARTESIAN_POINT ( 'NONE',  ( 37.00672929459250327, 2.598149054281850834, -2.000000000000000000 ) ) ;
#2713 = EDGE_CURVE ( 'NONE', #984, #2021, #1883, .T. ) ;
#2714 = CARTESIAN_POINT ( 'NONE',  ( 2.921292069150483783, -0.6973931847105730997, -2.274611801394001098 ) ) ;
#2715 = VERTEX_POINT ( 'NONE', #3085 ) ;
#2716 = EDGE_CURVE ( 'NONE', #2894, #2873, #1677, .T. ) ;
#2717 = ORIENTED_EDGE ( 'NONE', *, *, #2866, .T. ) ;
#2718 = ORIENTED_EDGE ( 'NONE', *, *, #1569, .T. ) ;
#2719 = FACE_OUTER_BOUND ( 'NONE', #859, .T. ) ;
#2720 = DIRECTION ( 'NONE',  ( 0.000000000000000000, -1.000000000000000000, 0.000000000000000000 ) ) ;
#2721 = LINE ( 'NONE', #2247, #1573 ) ;
#2722 = DIRECTION ( 'NONE',  ( 0.000000000000000000, 0.000000000000000000, 1.000000000000000000 ) ) ;
#2723 = DIRECTION ( 'NONE',  ( 0.000000000000000000, 0.000000000000000000, -1.000000000000000000 ) ) ;
#2724 = ORIENTED_EDGE ( 'NONE', *, *, #106, .T. ) ;
#2725 = AXIS2_PLACEMENT_3D ( 'NONE', #2758, #493, #1301 ) ;
#2726 = VERTEX_POINT ( 'NONE', #823 ) ;
#2727 = DIRECTION ( 'NONE',  ( 1.000000000000000000, 0.000000000000000000, 0.000000000000000000 ) ) ;
#2728 = DIRECTION ( 'NONE',  ( 0.000000000000000000, 0.000000000000000000, -1.000000000000000000 ) ) ;
#2729 = AXIS2_PLACEMENT_3D ( 'NONE', #1455, #2457, #1967 ) ;
#2730 = CARTESIAN_POINT ( 'NONE',  ( 46.39088017111293283, 3.313209351239493561, 0.9500000000000002887 ) ) ;
#2731 = CIRCLE ( 'NONE', #1311, 4.299999999999999822 ) ;
#2732 = AXIS2_PLACEMENT_3D ( 'NONE', #771, #2324, #56 ) ;
#2733 = ORIENTED_EDGE ( 'NONE', *, *, #1342, .T. ) ;
#2734 = CARTESIAN_POINT ( 'NONE',  ( 2.971986458509494167, -0.4090189365251732379, -2.299999999999999822 ) ) ;
#2735 = CIRCLE ( 'NONE', #2050, 1.300000000000000044 ) ;
#2736 = TOROIDAL_SURFACE ( 'NONE', #2834, 176.9600000000000364, 0.2999999999999999889 ) ;
#2737 = ADVANCED_FACE ( 'NONE', ( #1236 ), #2096, .T. ) ;
#2738 = AXIS2_PLACEMENT_3D ( 'NONE', #2911, #1176, #2616 ) ;
#2739 = ORIENTED_EDGE ( 'NONE', *, *, #639, .F. ) ;
#2740 = DIRECTION ( 'NONE',  ( -0.000000000000000000, -0.000000000000000000, 1.000000000000000000 ) ) ;
#2741 = EDGE_CURVE ( 'NONE', #2461, #1925, #674, .T. ) ;
#2742 = CARTESIAN_POINT ( 'NONE',  ( -2.699999999999998401, 3.490243377569954582E-16, 5.000000000000000000 ) ) ;
#2743 = DIRECTION ( 'NONE',  ( -0.7071067811865583419, 0.000000000000000000, -0.7071067811865368036 ) ) ;
#2744 = DIRECTION ( 'NONE',  ( -0.000000000000000000, -0.000000000000000000, 1.000000000000000000 ) ) ;
#2745 = AXIS2_PLACEMENT_3D ( 'NONE', #2906, #1659, #368 ) ;
#2746 = TOROIDAL_SURFACE ( 'NONE', #362, 1.300000000000000044, 0.2999999999999999889 ) ;
#2747 = ORIENTED_EDGE ( 'NONE', *, *, #2611, .F. ) ;
#2748 = DIRECTION ( 'NONE',  ( -0.9821639669417092655, 0.1880264397400673304, -2.590703987813467827E-16 ) ) ;
#2749 = CARTESIAN_POINT ( 'NONE',  ( 36.65716407754061379, -0.3894096380998312013, 1.019668554652758630 ) ) ;
#2750 = DIRECTION ( 'NONE',  ( -0.000000000000000000, -0.000000000000000000, 1.000000000000000000 ) ) ;
#2751 =( BOUNDED_SURFACE ( )  B_SPLINE_SURFACE ( 3, 2, ( 
 ( #2196, #2877, #3188 ),
 ( #922, #1442, #1392 ),
 ( #1665, #623, #1684 ),
 ( #177, #2928, #391 ),
 ( #2390, #1136, #1178 ),
 ( #672, #2668, #2403 ),
 ( #2143, #887, #1158 ),
 ( #1901, #708, #1491 ) ),
 .UNSPECIFIED., .F., .F., .F. ) 
 B_SPLINE_SURFACE_WITH_KNOTS ( ( 4, 2, 2, 4 ),
 ( 3, 3 ),
 ( 0.0003773003745566975704, 0.0008591663142631962699, 0.001100099284116445647, 0.001341032253969694915 ),
 ( 0.000000000000000000, 1.000000000000000000 ),
 .UNSPECIFIED. ) 
 GEOMETRIC_REPRESENTATION_ITEM ( )  RATIONAL_B_SPLINE_SURFACE ( (
 ( 1.000000000000000000, 0.8477912478906589611, 1.000000000000000000),
 ( 1.000000000000000000, 0.8486090153629075594, 1.000000000000000000),
 ( 1.000000000000000000, 0.8233470928770295627, 1.000000000000000000),
 ( 1.000000000000000000, 0.7772394342894441976, 1.000000000000000000),
 ( 1.000000000000000000, 0.7604721556823096362, 1.000000000000000000),
 ( 1.000000000000000000, 0.7303380692812310171, 1.000000000000000000),
 ( 1.000000000000000000, 0.7166764730183877719, 1.000000000000000000),
 ( 1.000000000000000000, 0.7071067811865479058, 1.000000000000000000) ) ) 
 REPRESENTATION_ITEM ( '' )  SURFACE ( )  );
#2752 = TOROIDAL_SURFACE ( 'NONE', #902, 2.699999999999998401, 0.2999999999999999889 ) ;
#2753 = VERTEX_POINT ( 'NONE', #980 ) ;
#2754 = ORIENTED_EDGE ( 'NONE', *, *, #1007, .T. ) ;
#2755 = CARTESIAN_POINT ( 'NONE',  ( 2.327262649190777744, -1.893105533688360875, -1.700000000000000178 ) ) ;
#2756 = ORIENTED_EDGE ( 'NONE', *, *, #517, .F. ) ;
#2757 = DIRECTION ( 'NONE',  ( -1.000000000000000000, 0.000000000000000000, 0.000000000000000000 ) ) ;
#2758 = CARTESIAN_POINT ( 'NONE',  ( 0.000000000000000000, 0.000000000000000000, -1.250000000000000000 ) ) ;
#2759 = EDGE_CURVE ( 'NONE', #2934, #955, #300, .T. ) ;
#2760 = CARTESIAN_POINT ( 'NONE',  ( 1.254056312437924037, 3.266772252322847958, 1.700000000000000178 ) ) ;
#2761 = FACE_OUTER_BOUND ( 'NONE', #1506, .T. ) ;
#2762 = ADVANCED_FACE ( 'NONE', ( #580 ), #2520, .F. ) ;
#2763 = LINE ( 'NONE', #230, #1678 ) ;
#2764 = DIRECTION ( 'NONE',  ( 0.000000000000000000, 1.000000000000000000, 0.000000000000000000 ) ) ;
#2765 = CARTESIAN_POINT ( 'NONE',  ( -4.957748591507143310, 3.269899670554178073, -0.9500000000000000666 ) ) ;
#2766 = ORIENTED_EDGE ( 'NONE', *, *, #517, .T. ) ;
#2767 = VERTEX_POINT ( 'NONE', #735 ) ;
#2768 = CARTESIAN_POINT ( 'NONE',  ( 47.65327327016257897, 8.460671217389851506, 0.9500000000000002887 ) ) ;
#2769 = VERTEX_POINT ( 'NONE', #1058 ) ;
#2770 = DIRECTION ( 'NONE',  ( -1.000000000000000000, 0.000000000000000000, 0.000000000000000000 ) ) ;
#2771 = DIRECTION ( 'NONE',  ( 1.000000000000000000, 0.000000000000000000, 0.000000000000000000 ) ) ;
#2772 = DIRECTION ( 'NONE',  ( 0.000000000000000000, 0.000000000000000000, 1.000000000000000000 ) ) ;
#2773 = VERTEX_POINT ( 'NONE', #2500 ) ;
#2774 = DIRECTION ( 'NONE',  ( 0.000000000000000000, 0.000000000000000000, 1.000000000000000000 ) ) ;
#2775 = EDGE_CURVE ( 'NONE', #1079, #1284, #3210, .T. ) ;
#2776 = CARTESIAN_POINT ( 'NONE',  ( 4.221304349541728840, 8.706255053768478192, 0.9500000000000002887 ) ) ;
#2777 = EDGE_CURVE ( 'NONE', #715, #2006, #352, .T. ) ;
#2779 = ORIENTED_EDGE ( 'NONE', *, *, #967, .F. ) ;
#2778 = AXIS2_PLACEMENT_3D ( 'NONE', #766, #1479, #1772 ) ;
#2780 = ORIENTED_EDGE ( 'NONE', *, *, #1822, .F. ) ;
#2781 = DIRECTION ( 'NONE',  ( -1.000000000000000000, 0.000000000000000000, 0.000000000000000000 ) ) ;
#2782 = CIRCLE ( 'NONE', #465, 0.2999999999999999334 ) ;
#2783 = VECTOR ( 'NONE', #189, 1000.000000000000114 ) ;
#2784 = ORIENTED_EDGE ( 'NONE', *, *, #3180, .F. ) ;
#2785 = CARTESIAN_POINT ( 'NONE',  ( 2.971986458509494611, -0.4090189365251732379, 2.299999999999999822 ) ) ;
#2786 = DIRECTION ( 'NONE',  ( 0.000000000000000000, 0.000000000000000000, 1.000000000000000000 ) ) ;
#2787 = TOROIDAL_SURFACE ( 'NONE', #2152, 171.5599999999999739, 0.2999999999999999889 ) ;
#2788 = CARTESIAN_POINT ( 'NONE',  ( 3.961530471308267298, 8.556255055666158071, 1.250000000000000000 ) ) ;
#2789 = CARTESIAN_POINT ( 'NONE',  ( 36.44264997537227657, -0.3483428465432814036, 0.9500000000000002887 ) ) ;
#2790 = CIRCLE ( 'NONE', #1836, 3.000000000000030198 ) ;
#2791 = ORIENTED_EDGE ( 'NONE', *, *, #1062, .F. ) ;
#2792 = CARTESIAN_POINT ( 'NONE',  ( 2.999999999999998224, 0.000000000000000000, -2.000000000000000000 ) ) ;
#2793 = CIRCLE ( 'NONE', #3051, 2.700000000000008171 ) ;
#2794 = VECTOR ( 'NONE', #2817, 1000.000000000000000 ) ;
#2795 = CIRCLE ( 'NONE', #743, 5.299999999999998934 ) ;
#2796 = EDGE_CURVE ( 'NONE', #2894, #281, #1204, .T. ) ;
#2797 = APPLICATION_CONTEXT ( 'automotive_design' ) ;
#2798 = ADVANCED_FACE ( 'NONE', ( #2167 ), #1666, .F. ) ;
#2799 = ORIENTED_EDGE ( 'NONE', *, *, #941, .T. ) ;
#2800 = ORIENTED_EDGE ( 'NONE', *, *, #1307, .F. ) ;
#2801 = CARTESIAN_POINT ( 'NONE',  ( 44.97840345312135923, -1.900459221759925432, -1.250000000000000000 ) ) ;
#2802 = AXIS2_PLACEMENT_3D ( 'NONE', #1076, #2868, #564 ) ;
#2803 = ORIENTED_EDGE ( 'NONE', *, *, #1848, .F. ) ;
#2804 = ORIENTED_EDGE ( 'NONE', *, *, #871, .T. ) ;
#2805 = DIRECTION ( 'NONE',  ( 0.000000000000000000, 0.000000000000000000, 1.000000000000000000 ) ) ;
#2806 = DIRECTION ( 'NONE',  ( 0.000000000000000000, 0.000000000000000000, 1.000000000000000000 ) ) ;
#2807 = ORIENTED_EDGE ( 'NONE', *, *, #937, .F. ) ;
#2808 = ORIENTED_EDGE ( 'NONE', *, *, #2535, .F. ) ;
#2809 = CARTESIAN_POINT ( 'NONE',  ( 2.971986458509494167, -0.4090189365251732934, -2.299999999999999822 ) ) ;
#2810 = FACE_OUTER_BOUND ( 'NONE', #2921, .T. ) ;
#2811 = ORIENTED_EDGE ( 'NONE', *, *, #2477, .F. ) ;
#2812 = ORIENTED_EDGE ( 'NONE', *, *, #633, .F. ) ;
#2813 = ORIENTED_EDGE ( 'NONE', *, *, #1330, .T. ) ;
#2814 = CARTESIAN_POINT ( 'NONE',  ( 4.221338092443585488, 8.406255055666168374, -2.000000000000000000 ) ) ;
#2815 = EDGE_CURVE ( 'NONE', #1563, #3067, #2547, .T. ) ;
#2816 = ORIENTED_EDGE ( 'NONE', *, *, #2815, .F. ) ;
#2817 = DIRECTION ( 'NONE',  ( -0.000000000000000000, -0.000000000000000000, -1.000000000000000000 ) ) ;
#2818 = EDGE_CURVE ( 'NONE', #1750, #2461, #2856, .T. ) ;
#2819 = CARTESIAN_POINT ( 'NONE',  ( 48.46999999999999886, 0.000000000000000000, 1.250000000000000000 ) ) ;
#2820 = ORIENTED_EDGE ( 'NONE', *, *, #2630, .F. ) ;
#2821 = CARTESIAN_POINT ( 'NONE',  ( 4.241241905485717112, -168.5537438249798754, -0.9500000000000000666 ) ) ;
#2822 = FACE_OUTER_BOUND ( 'NONE', #705, .T. ) ;
#2823 = CARTESIAN_POINT ( 'NONE',  ( 0.000000000000000000, 0.000000000000000000, 1.250000000000000000 ) ) ;
#2824 = ORIENTED_EDGE ( 'NONE', *, *, #1568, .F. ) ;
#2825 = FACE_OUTER_BOUND ( 'NONE', #65, .T. ) ;
#2826 = TOROIDAL_SURFACE ( 'NONE', #2145, 171.5599999999999739, 0.2999999999999999889 ) ;
#2827 = EDGE_LOOP ( 'NONE', ( #1535, #3272, #244, #3070, #1181, #2704, #1069, #1874, #2309 ) ) ;
#2828 = PLANE ( 'NONE',  #1371 ) ;
#2829 = FACE_OUTER_BOUND ( 'NONE', #819, .T. ) ;
#2830 = DIRECTION ( 'NONE',  ( -0.000000000000000000, 0.000000000000000000, 1.000000000000000000 ) ) ;
#2831 = EDGE_CURVE ( 'NONE', #2076, #1539, #144, .T. ) ;
#2832 = TOROIDAL_SURFACE ( 'NONE', #141, 171.5599999999999739, 0.2999999999999999889 ) ;
#2833 = EDGE_CURVE ( 'NONE', #2319, #1009, #2657, .T. ) ;
#2834 = AXIS2_PLACEMENT_3D ( 'NONE', #1816, #2313, #2354 ) ;
#2835 = VERTEX_POINT ( 'NONE', #604 ) ;
#2836 = CARTESIAN_POINT ( 'NONE',  ( 11.63631324595389138, -9.465527668441804821, -2.000000000000000000 ) ) ;
#2837 = FACE_OUTER_BOUND ( 'NONE', #1339, .T. ) ;
#2838 = AXIS2_PLACEMENT_3D ( 'NONE', #2144, #1407, #2404 ) ;
#2839 = TOROIDAL_SURFACE ( 'NONE', #2580, 5.299999999999999822, 0.2999999999999999889 ) ;
#2840 = CIRCLE ( 'NONE', #2321, 0.2999999999999999334 ) ;
#2841 = DIRECTION ( 'NONE',  ( 1.000000000000000000, 0.000000000000000000, 0.000000000000000000 ) ) ;
#2842 = CARTESIAN_POINT ( 'NONE',  ( 0.000000000000000000, 0.000000000000000000, -5.000000000000000000 ) ) ;
#2843 = AXIS2_PLACEMENT_3D ( 'NONE', #2007, #3005, #752 ) ;
#2844 = EDGE_LOOP ( 'NONE', ( #1128, #1019, #1222 ) ) ;
#2845 = FACE_OUTER_BOUND ( 'NONE', #1423, .T. ) ;
#2846 = DIRECTION ( 'NONE',  ( -0.000000000000000000, -0.000000000000000000, -1.000000000000000000 ) ) ;
#2847 = ORIENTED_EDGE ( 'NONE', *, *, #1909, .F. ) ;
#2848 = FACE_OUTER_BOUND ( 'NONE', #2281, .T. ) ;
#2849 = DIRECTION ( 'NONE',  ( -0.000000000000000000, 0.000000000000000000, 1.000000000000000000 ) ) ;
#2850 = FACE_OUTER_BOUND ( 'NONE', #3091, .T. ) ;
#2851 = PRODUCT_RELATED_PRODUCT_CATEGORY ( 'part', '', ( #1924 ) ) ;
#2852 = EDGE_CURVE ( 'NONE', #1539, #1218, #2991, .T. ) ;
#2853 = ORIENTED_EDGE ( 'NONE', *, *, #127, .F. ) ;
#2854 = DIRECTION ( 'NONE',  ( 0.000000000000000000, 0.000000000000000000, 1.000000000000000000 ) ) ;
#2855 = DIRECTION ( 'NONE',  ( -0.000000000000000000, -0.000000000000000000, 1.000000000000000000 ) ) ;
#2856 = B_SPLINE_CURVE_WITH_KNOTS ( 'NONE', 3,
 ( #2915, #2429, #645, #124, #1651, #1918, #1108, #869 ),
 .UNSPECIFIED., .F., .F.,
 ( 4, 2, 2, 4 ),
 ( -9.571106501304318939E-06, 0.0008729649386553365621, 0.001314232961233656504, 0.001755500983811976879 ),
 .UNSPECIFIED. ) ;
#2857 = EDGE_LOOP ( 'NONE', ( #1439, #2242, #2014, #2747 ) ) ;
#2858 = DIRECTION ( 'NONE',  ( -0.000000000000000000, -0.000000000000000000, -1.000000000000000000 ) ) ;
#2859 = DIRECTION ( 'NONE',  ( 0.000000000000000000, 0.000000000000000000, 1.000000000000000000 ) ) ;
#2860 = ORIENTED_EDGE ( 'NONE', *, *, #2594, .F. ) ;
#2861 = FACE_OUTER_BOUND ( 'NONE', #1126, .T. ) ;
#2862 = DIRECTION ( 'NONE',  ( -1.000000000000000000, -1.224646799147353207E-16, 0.000000000000000000 ) ) ;
#2863 = LINE ( 'NONE', #61, #2533 ) ;
#2864 = CARTESIAN_POINT ( 'NONE',  ( -3.770693629966585192, 1.393667101148005516, -1.249999999999999778 ) ) ;
#2865 = ORIENTED_EDGE ( 'NONE', *, *, #1692, .T. ) ;
#2866 = EDGE_CURVE ( 'NONE', #635, #2662, #523, .T. ) ;
#2867 = ADVANCED_FACE ( 'NONE', ( #2669 ), #1375, .F. ) ;
#2868 = DIRECTION ( 'NONE',  ( 0.000000000000000000, 0.000000000000000000, -1.000000000000000000 ) ) ;
#2869 = DIRECTION ( 'NONE',  ( 0.000000000000000000, 0.000000000000000000, -1.000000000000000000 ) ) ;
#2870 = ORIENTED_EDGE ( 'NONE', *, *, #2889, .F. ) ;
#2871 = FACE_OUTER_BOUND ( 'NONE', #2081, .T. ) ;
#2872 = CARTESIAN_POINT ( 'NONE',  ( 1.148891823298500148, 3.093549349591474762, 2.000000000000000000 ) ) ;
#2873 = VERTEX_POINT ( 'NONE', #2620 ) ;
#2874 = CARTESIAN_POINT ( 'NONE',  ( 1.254056312437924037, 3.266772252322847514, -1.700000000000000178 ) ) ;
#2875 = DIRECTION ( 'NONE',  ( -0.09608549762792080451, 0.9953730843988072285, 0.000000000000000000 ) ) ;
#2876 = AXIS2_PLACEMENT_3D ( 'NONE', #1663, #1612, #3117 ) ;
#2877 = CARTESIAN_POINT ( 'NONE',  ( 0.6720268411030712041, 2.929777690566532478, -1.700000000000000178 ) ) ;
#2878 = DIRECTION ( 'NONE',  ( -1.000000000000000000, 0.000000000000000000, 0.000000000000000000 ) ) ;
#2879 = CONICAL_SURFACE ( 'NONE', #1466, 2.700000000000008171, 0.7853981633974461696 ) ;
#2880 = CIRCLE ( 'NONE', #936, 0.3000000000000000444 ) ;
#2881 = CIRCLE ( 'NONE', #35, 3.299999999999998046 ) ;
#2882 = CIRCLE ( 'NONE', #3096, 2.700000000000028599 ) ;
#2883 = CIRCLE ( 'NONE', #1741, 171.5599999999999739 ) ;
#2884 = ORIENTED_EDGE ( 'NONE', *, *, #2310, .F. ) ;
#2885 = EDGE_CURVE ( 'NONE', #2835, #2517, #3154, .T. ) ;
#2886 = EDGE_CURVE ( 'NONE', #2769, #1610, #2268, .T. ) ;
#2887 = DIRECTION ( 'NONE',  ( 1.000000000000000000, 0.000000000000000000, 0.000000000000000000 ) ) ;
#2888 = AXIS2_PLACEMENT_3D ( 'NONE', #3141, #1347, #1642 ) ;
#2889 = EDGE_CURVE ( 'NONE', #490, #117, #2575, .T. ) ;
#2890 = AXIS2_PLACEMENT_3D ( 'NONE', #2643, #874, #382 ) ;
#2891 = ORIENTED_EDGE ( 'NONE', *, *, #3136, .F. ) ;
#2892 = CARTESIAN_POINT ( 'NONE',  ( -1.652504764221659928, 8.896897688999247933, -0.9500000000000000666 ) ) ;
#2893 = CARTESIAN_POINT ( 'NONE',  ( 0.9942486913025916362, 3.416772252322846093, -1.250000000000000000 ) ) ;
#2894 = VERTEX_POINT ( 'NONE', #2377 ) ;
#2895 = DIRECTION ( 'NONE',  ( 0.9514644104789784507, -0.3077587944996700298, 0.000000000000000000 ) ) ;
#2896 = DIRECTION ( 'NONE',  ( -0.9989213622789030467, 0.04643395291013821535, 0.000000000000000000 ) ) ;
#2897 = CARTESIAN_POINT ( 'NONE',  ( 38.31488305978048459, 5.300295970847308524, -1.175360039932983991 ) ) ;
#2898 = DIRECTION ( 'NONE',  ( -1.000000000000000000, 0.000000000000000000, 0.000000000000000000 ) ) ;
#2899 = CIRCLE ( 'NONE', #1059, 2.700000000000028599 ) ;
#2900 = CARTESIAN_POINT ( 'NONE',  ( -2.699999999999998401, 0.000000000000000000, -5.000000000000000000 ) ) ;
#2901 = ORIENTED_EDGE ( 'NONE', *, *, #2930, .F. ) ;
#2902 = EDGE_LOOP ( 'NONE', ( #1241, #2972, #451, #2824 ) ) ;
#2903 = CARTESIAN_POINT ( 'NONE',  ( -4.002975911318318758, 1.459543113438888984, 1.118993004272853975 ) ) ;
#2904 = DIRECTION ( 'NONE',  ( 0.000000000000000000, 0.000000000000000000, 1.000000000000000000 ) ) ;
#2905 = EDGE_LOOP ( 'NONE', ( #2380, #3209, #3181, #14, #1893 ) ) ;
#2906 = CARTESIAN_POINT ( 'NONE',  ( 4.221338092443584600, 8.406255055666136400, 1.700000000000000178 ) ) ;
#2907 = PRODUCT_DEFINITION ( '未知', '', #2994, #2486 ) ;
#2908 = DIRECTION ( 'NONE',  ( 0.000000000000000000, 0.000000000000000000, 1.000000000000000000 ) ) ;
#2909 = EDGE_CURVE ( 'NONE', #1773, #1977, #1679, .T. ) ;
#2910 = VERTEX_POINT ( 'NONE', #113 ) ;
#2911 = CARTESIAN_POINT ( 'NONE',  ( 37.00672929459250327, 2.598149054281850834, 1.700000000000000178 ) ) ;
#2912 = ADVANCED_FACE ( 'NONE', ( #2850 ), #568, .T. ) ;
#2913 = DIRECTION ( 'NONE',  ( 0.000000000000000000, 0.000000000000000000, 1.000000000000000000 ) ) ;
#2914 = CARTESIAN_POINT ( 'NONE',  ( 1.148891823298499704, 3.093549349591474762, -2.000000000000000000 ) ) ;
#2915 = CARTESIAN_POINT ( 'NONE',  ( 2.327262649190777744, -1.893105533688356434, 1.700000000000000178 ) ) ;
#2916 = CARTESIAN_POINT ( 'NONE',  ( 11.63631324595389138, -9.465527668441804821, 2.000000000000000000 ) ) ;
#2917 = ORIENTED_EDGE ( 'NONE', *, *, #578, .F. ) ;
#2918 = DIRECTION ( 'NONE',  ( 0.000000000000000000, 0.000000000000000000, 1.000000000000000000 ) ) ;
#2919 = CARTESIAN_POINT ( 'NONE',  ( 2.327262649190777744, -1.893105533688356434, -1.700000000000000178 ) ) ;
#2920 = ORIENTED_EDGE ( 'NONE', *, *, #2572, .F. ) ;
#2921 = EDGE_LOOP ( 'NONE', ( #2697, #2646, #438, #54 ) ) ;
#2922 = DIRECTION ( 'NONE',  ( 1.000000000000000000, 0.000000000000000000, 0.000000000000000000 ) ) ;
#2923 = DIRECTION ( 'NONE',  ( 0.000000000000000000, 0.000000000000000000, -1.000000000000000000 ) ) ;
#2924 = EDGE_LOOP ( 'NONE', ( #31, #1056, #2019, #1639 ) ) ;
#2925 = DIRECTION ( 'NONE',  ( -0.000000000000000000, -0.000000000000000000, -1.000000000000000000 ) ) ;
#2926 = CARTESIAN_POINT ( 'NONE',  ( 0.4868515064510807733, 2.960232357546668691, -2.000000000000000000 ) ) ;
#2927 = EDGE_CURVE ( 'NONE', #3067, #502, #1122, .T. ) ;
#2928 = CARTESIAN_POINT ( 'NONE',  ( 0.8535154852821636995, 2.879832517231513123, -1.984068064975145207 ) ) ;
#2929 = DIRECTION ( 'NONE',  ( 1.000000000000000000, 0.000000000000000000, 0.000000000000000000 ) ) ;
#2930 = EDGE_CURVE ( 'NONE', #629, #380, #2358, .T. ) ;
#2931 = CIRCLE ( 'NONE', #1145, 4.999999999999997335 ) ;
#2932 = FACE_BOUND ( 'NONE', #2529, .T. ) ;
#2933 = AXIS2_PLACEMENT_3D ( 'NONE', #2586, #286, #1812 ) ;
#2934 = VERTEX_POINT ( 'NONE', #1245 ) ;
#2935 = AXIS2_PLACEMENT_3D ( 'NONE', #906, #3172, #1650 ) ;
#2937 = CARTESIAN_POINT ( 'NONE',  ( 46.39088017111293993, 3.313209351239520650, -1.250000000000000000 ) ) ;
#2936 = AXIS2_PLACEMENT_3D ( 'NONE', #1124, #2658, #2146 ) ;
#2938 = DIRECTION ( 'NONE',  ( 0.000000000000000000, 0.000000000000000000, -1.000000000000000000 ) ) ;
#2939 = AXIS2_PLACEMENT_3D ( 'NONE', #1983, #959, #2929 ) ;
#2940 = CIRCLE ( 'NONE', #524, 3.000000000000030198 ) ;
#2941 = ORIENTED_EDGE ( 'NONE', *, *, #538, .T. ) ;
#2942 = ORIENTED_EDGE ( 'NONE', *, *, #856, .T. ) ;
#2943 = CARTESIAN_POINT ( 'NONE',  ( 2.951981691254875528, -0.5543762588326726082, -2.299999938793768628 ) ) ;
#2944 = AXIS2_PLACEMENT_3D ( 'NONE', #2039, #3059, #1808 ) ;
#2945 = AXIS2_PLACEMENT_3D ( 'NONE', #1705, #2700, #1448 ) ;
#2946 = ORIENTED_EDGE ( 'NONE', *, *, #169, .T. ) ;
#2947 = DIRECTION ( 'NONE',  ( -0.000000000000000000, -0.000000000000000000, 1.000000000000000000 ) ) ;
#2948 = CARTESIAN_POINT ( 'NONE',  ( 4.221338092443585488, 8.406255055666168374, -2.000000000000000000 ) ) ;
#2949 = FACE_OUTER_BOUND ( 'NONE', #2393, .T. ) ;
#2950 = DIRECTION ( 'NONE',  ( 1.000000000000000000, 0.000000000000000000, 0.000000000000000000 ) ) ;
#2951 = TOROIDAL_SURFACE ( 'NONE', #1538, 5.299999999999999822, 0.2999999999999999889 ) ;
#2952 = ADVANCED_FACE ( 'NONE', ( #2761 ), #2476, .F. ) ;
#2953 = DIRECTION ( 'NONE',  ( -0.000000000000000000, 0.000000000000000000, 1.000000000000000000 ) ) ;
#2954 = ORIENTED_EDGE ( 'NONE', *, *, #2716, .F. ) ;
#2955 = EDGE_CURVE ( 'NONE', #5, #536, #2099, .T. ) ;
#2956 = CARTESIAN_POINT ( 'NONE',  ( 2.699999999999998401, 0.000000000000000000, 5.000000000000000000 ) ) ;
#2957 = FACE_OUTER_BOUND ( 'NONE', #2269, .T. ) ;
#2958 = ORIENTED_EDGE ( 'NONE', *, *, #2866, .F. ) ;
#2959 = CARTESIAN_POINT ( 'NONE',  ( 2.971986458509494167, -0.4090189365251731268, -1.999999999999999778 ) ) ;
#2960 = VERTEX_POINT ( 'NONE', #989 ) ;
#2961 = CYLINDRICAL_SURFACE ( 'NONE', #945, 4.999999999999999112 ) ;
#2962 = CARTESIAN_POINT ( 'NONE',  ( 48.46999999999999886, 0.000000000000000000, 0.9500000000000002887 ) ) ;
#2963 = LINE ( 'NONE', #1280, #1041 ) ;
#2964 = DIRECTION ( 'NONE',  ( -0.7071067811865444641, 8.659560562354895880E-17, 0.7071067811865505703 ) ) ;
#2965 = CARTESIAN_POINT ( 'NONE',  ( 48.13370075830223271, 3.483805795395821470, -2.000000000000000000 ) ) ;
#2966 = ORIENTED_EDGE ( 'NONE', *, *, #2775, .T. ) ;
#2967 = DIRECTION ( 'NONE',  ( -0.000000000000000000, 0.000000000000000000, 1.000000000000000000 ) ) ;
#2968 = CARTESIAN_POINT ( 'NONE',  ( 2.490489745109691455, -1.692444600154534795, -1.837372549669468835 ) ) ;
#2969 = ADVANCED_FACE ( 'NONE', ( #1701 ), #2444, .F. ) ;
#2970 = UNCERTAINTY_MEASURE_WITH_UNIT (LENGTH_MEASURE( 1.000000000000000082E-05 ), #3143, 'distance_accuracy_value', 'NONE');
#2971 = EDGE_CURVE ( 'NONE', #1629, #2773, #3239, .T. ) ;
#2972 = ORIENTED_EDGE ( 'NONE', *, *, #1604, .T. ) ;
#2973 = ORIENTED_EDGE ( 'NONE', *, *, #798, .F. ) ;
#2974 = CARTESIAN_POINT ( 'NONE',  ( 37.57080861381277259, 5.544640955107010605, -1.250000000000000000 ) ) ;
#2975 = ORIENTED_EDGE ( 'NONE', *, *, #2151, .F. ) ;
#2976 = DIRECTION ( 'NONE',  ( -1.000000000000000000, 0.000000000000000000, 0.000000000000000000 ) ) ;
#2977 = DIRECTION ( 'NONE',  ( 1.000000000000000000, 0.000000000000000000, 0.000000000000000000 ) ) ;
#2978 = CARTESIAN_POINT ( 'NONE',  ( -4.066977831037369207, 1.480015289107766030, 0.9500000000000000666 ) ) ;
#2979 = CARTESIAN_POINT ( 'NONE',  ( 0.8717091825370292257, 3.097920330930769239, 1.891792899389316496 ) ) ;
#2980 = AXIS2_PLACEMENT_3D ( 'NONE', #1135, #2913, #656 ) ;
#2981 = EDGE_LOOP ( 'NONE', ( #454, #2070, #1998, #2812 ) ) ;
#2982 = CARTESIAN_POINT ( 'NONE',  ( -0.1137107917233066423, 13.65421974139413663, 0.9500000000000002887 ) ) ;
#2983 = CARTESIAN_POINT ( 'NONE',  ( 37.54824482614328929, -0.3547461686472058173, 1.237635462740378722 ) ) ;
#2984 = AXIS2_PLACEMENT_3D ( 'NONE', #1115, #2125, #901 ) ;
#2985 = DIRECTION ( 'NONE',  ( -1.000000000000000000, 0.000000000000000000, 0.000000000000000000 ) ) ;
#2986 = CIRCLE ( 'NONE', #2046, 4.599999999999999645 ) ;
#2987 = EDGE_CURVE ( 'NONE', #1446, #21, #1946, .T. ) ;
#2988 = ORIENTED_EDGE ( 'NONE', *, *, #1707, .F. ) ;
#2989 = EDGE_LOOP ( 'NONE', ( #2603, #478, #2156, #2560, #1711, #1869, #768, #2349, #2645, #1030, #185, #3185, #1051, #366 ) ) ;
#2990 = CARTESIAN_POINT ( 'NONE',  ( 3.212400410296679443, -0.5723670879204844075, -2.000000000000000000 ) ) ;
#2991 = CIRCLE ( 'NONE', #1575, 1.000000000000000000 ) ;
#2992 = EDGE_CURVE ( 'NONE', #2123, #2163, #2735, .T. ) ;
#2993 = AXIS2_PLACEMENT_3D ( 'NONE', #934, #1010, #2015 ) ;
#2994 = PRODUCT_DEFINITION_FORMATION_WITH_SPECIFIED_SOURCE ( '任何', '', #1924, .NOT_KNOWN. ) ;
#2995 = TOROIDAL_SURFACE ( 'NONE', #741, 4.599999999999999645, 0.2999999999999999889 ) ;
#2996 = VERTEX_POINT ( 'NONE', #2691 ) ;
#2997 = SURFACE_SIDE_STYLE ('',( #458 ) ) ;
#2998 = DIRECTION ( 'NONE',  ( 0.000000000000000000, 0.000000000000000000, -1.000000000000000000 ) ) ;
#2999 = CARTESIAN_POINT ( 'NONE',  ( 1.148891823298499704, 3.093549349591474762, -2.000000000000000000 ) ) ;
#3000 = DIRECTION ( 'NONE',  ( 1.224646799147353207E-16, 1.000000000000000000, -0.000000000000000000 ) ) ;
#3001 = CIRCLE ( 'NONE', #1269, 3.000000000000030198 ) ;
#3002 = CARTESIAN_POINT ( 'NONE',  ( 3.874709418001698769, 8.405876580172533252, 1.250000000000000000 ) ) ;
#3003 = AXIS2_PLACEMENT_3D ( 'NONE', #609, #1621, #2382 ) ;
#3004 = CARTESIAN_POINT ( 'NONE',  ( 0.01292834629495290266, 8.355732926394784599, 1.250000000000000000 ) ) ;
#3005 = DIRECTION ( 'NONE',  ( 0.000000000000000000, -1.000000000000000000, 0.000000000000000000 ) ) ;
#3006 = CARTESIAN_POINT ( 'NONE',  ( 0.000000000000000000, 0.000000000000000000, -5.000000000000000000 ) ) ;
#3007 = AXIS2_PLACEMENT_3D ( 'NONE', #1460, #2462, #2415 ) ;
#3008 = ORIENTED_EDGE ( 'NONE', *, *, #293, .T. ) ;
#3009 = CARTESIAN_POINT ( 'NONE',  ( 4.241241905485717112, -168.5537438249798754, -2.000000000000000000 ) ) ;
#3010 = ORIENTED_EDGE ( 'NONE', *, *, #1138, .F. ) ;
#3011 = FACE_OUTER_BOUND ( 'NONE', #2025, .T. ) ;
#3012 = CARTESIAN_POINT ( 'NONE',  ( 43.71991105278057432, -7.048876151096988174, 1.250000000000000000 ) ) ;
#3013 = DIRECTION ( 'NONE',  ( -0.000000000000000000, -0.000000000000000000, -1.000000000000000000 ) ) ;
#3014 = CARTESIAN_POINT ( 'NONE',  ( 0.000000000000000000, 0.000000000000000000, -2.000000000000000000 ) ) ;
#3015 = ADVANCED_FACE ( 'NONE', ( #1933, #2248 ), #2494, .T. ) ;
#3016 = EDGE_CURVE ( 'NONE', #2226, #1870, #3254, .T. ) ;
#3017 = ORIENTED_EDGE ( 'NONE', *, *, #1880, .F. ) ;
#3018 = DIRECTION ( 'NONE',  ( -0.000000000000000000, 0.000000000000000000, 1.000000000000000000 ) ) ;
#3019 = CARTESIAN_POINT ( 'NONE',  ( -5.429660544970515090, 5.566772252322823356, 1.250000000000000000 ) ) ;
#3020 = CARTESIAN_POINT ( 'NONE',  ( -0.4740116451163889910, 0.2736707509069610800, -1.700000000000000178 ) ) ;
#3021 = ORIENTED_EDGE ( 'NONE', *, *, #3270, .T. ) ;
#3022 = VERTEX_POINT ( 'NONE', #2978 ) ;
#3023 = DIRECTION ( 'NONE',  ( -0.000000000000000000, -0.000000000000000000, 1.000000000000000000 ) ) ;
#3024 = ORIENTED_EDGE ( 'NONE', *, *, #2389, .F. ) ;
#3025 = DIRECTION ( 'NONE',  ( -0.02389417698457734981, 0.9997144933961044089, 0.000000000000000000 ) ) ;
#3026 = CARTESIAN_POINT ( 'NONE',  ( 50.96999999999999886, 3.061616997868385113E-16, -1.050000000000000488 ) ) ;
#3027 = CARTESIAN_POINT ( 'NONE',  ( -2.729660544970507363, 5.566772252322823356, 1.049999999999991829 ) ) ;
#3028 = CARTESIAN_POINT ( 'NONE',  ( 46.51408102173317616, -2.902478415157581981, -0.9500000000000000666 ) ) ;
#3029 = VERTEX_POINT ( 'NONE', #229 ) ;
#3030 = AXIS2_PLACEMENT_3D ( 'NONE', #232, #1500, #1743 ) ;
#3031 = ORIENTED_EDGE ( 'NONE', *, *, #150, .T. ) ;
#3032 = EDGE_CURVE ( 'NONE', #1814, #3145, #2001, .T. ) ;
#3033 = CARTESIAN_POINT ( 'NONE',  ( -2.424239529237342872, -1.188723140551709134, 0.9500000000000000666 ) ) ;
#3034 = EDGE_CURVE ( 'NONE', #298, #1270, #414, .T. ) ;
#3036 = EDGE_LOOP ( 'NONE', ( #1602, #2413, #1027, #865 ) ) ;
#3035 = AXIS2_PLACEMENT_3D ( 'NONE', #1847, #2849, #91 ) ;
#3037 = ORIENTED_EDGE ( 'NONE', *, *, #2083, .T. ) ;
#3038 = LINE ( 'NONE', #283, #1634 ) ;
#3039 = VECTOR ( 'NONE', #644, 1000.000000000000000 ) ;
#3040 = CIRCLE ( 'NONE', #2047, 2.500000000000000444 ) ;
#3041 = VECTOR ( 'NONE', #2544, 1000.000000000000114 ) ;
#3042 = ORIENTED_EDGE ( 'NONE', *, *, #1513, .F. ) ;
#3043 = CARTESIAN_POINT ( 'NONE',  ( 3.269185104360444072, -0.4499208301776906338, 2.000000000000000000 ) ) ;
#3044 = DIRECTION ( 'NONE',  ( -1.224646799147353207E-16, 1.000000000000000000, 0.000000000000000000 ) ) ;
#3045 = AXIS2_PLACEMENT_3D ( 'NONE', #1934, #413, #677 ) ;
#3046 = CARTESIAN_POINT ( 'NONE',  ( 0.4868515064510802182, 2.960232357546667803, 1.700000000000000178 ) ) ;
#3047 = CARTESIAN_POINT ( 'NONE',  ( -2.729660544970507363, 5.566772252322823356, 1.049999999999991829 ) ) ;
#3048 = AXIS2_PLACEMENT_3D ( 'NONE', #1520, #2505, #2757 ) ;
#3049 = ORIENTED_EDGE ( 'NONE', *, *, #456, .T. ) ;
#3050 = DIRECTION ( 'NONE',  ( -0.9999999936745365137, -0.0001124763395702527608, 0.000000000000000000 ) ) ;
#3051 = AXIS2_PLACEMENT_3D ( 'NONE', #1054, #1813, #557 ) ;
#3052 = AXIS2_PLACEMENT_3D ( 'NONE', #915, #2858, #400 ) ;
#3053 = ADVANCED_FACE ( 'NONE', ( #1510 ), #1153, .F. ) ;
#3054 = AXIS2_PLACEMENT_3D ( 'NONE', #488, #450, #2938 ) ;
#3055 = EDGE_CURVE ( 'NONE', #3125, #2250, #3214, .T. ) ;
#3056 = EDGE_CURVE ( 'NONE', #424, #620, #301, .T. ) ;
#3057 = ORIENTED_EDGE ( 'NONE', *, *, #605, .F. ) ;
#3058 = EDGE_LOOP ( 'NONE', ( #804, #274, #2780, #2724, #1282 ) ) ;
#3059 = DIRECTION ( 'NONE',  ( 0.000000000000000000, 0.000000000000000000, 1.000000000000000000 ) ) ;
#3060 =( BOUNDED_SURFACE ( )  B_SPLINE_SURFACE ( 3, 2, ( 
 ( #863, #3142, #2872 ),
 ( #2648, #1384, #2107 ),
 ( #2159, #2139, #1401 ),
 ( #1366, #69, #1082 ),
 ( #2399, #84, #3168 ),
 ( #3093, #2664, #2340 ) ),
 .UNSPECIFIED., .F., .F., .F. ) 
 B_SPLINE_SURFACE_WITH_KNOTS ( ( 4, 2, 4 ),
 ( 3, 3 ),
 ( 0.0002021730553674818299, 0.0006840441963600728129, 0.001165915337352663823 ),
 ( 0.000000000000000000, 1.000000000000000000 ),
 .UNSPECIFIED. ) 
 GEOMETRIC_REPRESENTATION_ITEM ( )  RATIONAL_B_SPLINE_SURFACE ( (
 ( 1.000000000000000000, 0.7071067811865475727, 1.000000000000000000),
 ( 1.000000000000000000, 0.7261385901332405579, 1.000000000000000000),
 ( 1.000000000000000000, 0.7619695040544268716, 1.000000000000000000),
 ( 1.000000000000000000, 0.8235195391427646561, 1.000000000000000000),
 ( 1.000000000000000000, 0.8484763898664352544, 1.000000000000000000),
 ( 1.000000000000000000, 0.8477912478906589611, 1.000000000000000000) ) ) 
 REPRESENTATION_ITEM ( '' )  SURFACE ( )  );
#3061 = ORIENTED_EDGE ( 'NONE', *, *, #856, .F. ) ;
#3062 = DIRECTION ( 'NONE',  ( -0.000000000000000000, -0.000000000000000000, 1.000000000000000000 ) ) ;
#3063 = DIRECTION ( 'NONE',  ( -0.7071067811865583419, 0.000000000000000000, -0.7071067811865368036 ) ) ;
#3064 = DIRECTION ( 'NONE',  ( -1.000000000000000000, 0.000000000000000000, 0.000000000000000000 ) ) ;
#3065 = AXIS2_PLACEMENT_3D ( 'NONE', #3194, #166, #1960 ) ;
#3066 = ORIENTED_EDGE ( 'NONE', *, *, #2554, .F. ) ;
#3067 = VERTEX_POINT ( 'NONE', #3204 ) ;
#3068 = DIRECTION ( 'NONE',  ( -1.000000000000000000, 0.000000000000000000, 0.000000000000000000 ) ) ;
#3069 = DIRECTION ( 'NONE',  ( 0.9712192200283621402, -0.2381873771791863381, -4.271978907570133135E-16 ) ) ;
#3070 = ORIENTED_EDGE ( 'NONE', *, *, #50, .T. ) ;
#3071 = B_SPLINE_CURVE_WITH_KNOTS ( 'NONE', 3,
 ( #459, #1734, #1441, #3237 ),
 .UNSPECIFIED., .F., .F.,
 ( 4, 4 ),
 ( 1.987375409620156722E-18, 0.0001783718083981982935 ),
 .UNSPECIFIED. ) ;
#3072 = ORIENTED_EDGE ( 'NONE', *, *, #1972, .F. ) ;
#3073 = EDGE_CURVE ( 'NONE', #2873, #128, #2708, .T. ) ;
#3074 = CARTESIAN_POINT ( 'NONE',  ( 38.41765893828988965, 5.248154436407748591, 1.200564317561470196 ) ) ;
#3075 = EDGE_CURVE ( 'NONE', #2057, #2835, #1472, .T. ) ;
#3076 = ORIENTED_EDGE ( 'NONE', *, *, #234, .T. ) ;
#3077 = CARTESIAN_POINT ( 'NONE',  ( -2.729660544970507363, 5.566772252322823356, -1.700000000000000178 ) ) ;
#3078 = CARTESIAN_POINT ( 'NONE',  ( 1.044447112089545104, 2.812317590537704248, -2.299999999999999822 ) ) ;
#3079 = DIRECTION ( 'NONE',  ( -0.5588339937905254518, -0.8292795471878773306, 0.000000000000000000 ) ) ;
#3080 = ORIENTED_EDGE ( 'NONE', *, *, #1645, .T. ) ;
#3081 = EDGE_LOOP ( 'NONE', ( #2174, #1084 ) ) ;
#3082 = CARTESIAN_POINT ( 'NONE',  ( 43.71991105278057432, -7.048876151096988174, -0.9500000000000000666 ) ) ;
#3083 = CARTESIAN_POINT ( 'NONE',  ( 45.96999999999999886, 3.061616997868386099E-16, -1.050000000000000488 ) ) ;
#3084 = FACE_OUTER_BOUND ( 'NONE', #1372, .T. ) ;
#3085 = CARTESIAN_POINT ( 'NONE',  ( -5.429660544970514202, 5.566772252322823356, -1.250000000000000000 ) ) ;
#3086 = ORIENTED_EDGE ( 'NONE', *, *, #1928, .F. ) ;
#3087 = DIRECTION ( 'NONE',  ( 0.000000000000000000, 0.000000000000000000, -1.000000000000000000 ) ) ;
#3088 = ADVANCED_FACE ( 'NONE', ( #709 ), #1230, .F. ) ;
#3089 = EDGE_CURVE ( 'NONE', #1133, #1288, #1212, .T. ) ;
#3090 = AXIS2_PLACEMENT_3D ( 'NONE', #2442, #2506, #957 ) ;
#3091 = EDGE_LOOP ( 'NONE', ( #2870, #1942, #2800, #1653 ) ) ;
#3092 = FACE_OUTER_BOUND ( 'NONE', #2844, .T. ) ;
#3093 = CARTESIAN_POINT ( 'NONE',  ( 0.4868515064510798851, 2.960232357546668247, 1.699999999999709077 ) ) ;
#3094 = AXIS2_PLACEMENT_3D ( 'NONE', #1149, #133, #2385 ) ;
#3095 = AXIS2_PLACEMENT_3D ( 'NONE', #2574, #46, #2333 ) ;
#3096 = AXIS2_PLACEMENT_3D ( 'NONE', #2673, #1428, #143 ) ;
#3097 = ORIENTED_EDGE ( 'NONE', *, *, #2310, .T. ) ;
#3098 = FACE_OUTER_BOUND ( 'NONE', #553, .T. ) ;
#3099 = DIRECTION ( 'NONE',  ( 1.000000000000000000, 0.000000000000000000, 0.000000000000000000 ) ) ;
#3100 = DIRECTION ( 'NONE',  ( 0.4402678298339659513, -0.8978664923101262740, 0.000000000000000000 ) ) ;
#3101 = PLANE ( 'NONE',  #2307 ) ;
#3102 = AXIS2_PLACEMENT_3D ( 'NONE', #843, #1850, #2183 ) ;
#3103 = AXIS2_PLACEMENT_3D ( 'NONE', #2090, #840, #590 ) ;
#3104 = CIRCLE ( 'NONE', #2217, 2.699999999999987299 ) ;
#3105 = CIRCLE ( 'NONE', #837, 1.000000000000000000 ) ;
#3106 = CIRCLE ( 'NONE', #1482, 2.500000000000002220 ) ;
#3107 = CARTESIAN_POINT ( 'NONE',  ( 0.000000000000000000, 0.000000000000000000, -4.700000000000000178 ) ) ;
#3108 = DIRECTION ( 'NONE',  ( 0.9713994206296363565, -0.2374513962907081888, 0.000000000000000000 ) ) ;
#3109 = CIRCLE ( 'NONE', #1691, 2.999999999999998224 ) ;
#3110 = ORIENTED_EDGE ( 'NONE', *, *, #2698, .F. ) ;
#3111 = CARTESIAN_POINT ( 'NONE',  ( 36.44264997537227657, -0.3483428465432814036, 1.700000000000000178 ) ) ;
#3112 = LINE ( 'NONE', #2893, #249 ) ;
#3113 = CIRCLE ( 'NONE', #268, 4.299999999999999822 ) ;
#3114 = PRESENTATION_STYLE_ASSIGNMENT (( #881 ) ) ;
#3115 = ORIENTED_EDGE ( 'NONE', *, *, #2886, .T. ) ;
#3116 = CARTESIAN_POINT ( 'NONE',  ( 40.00672929459253879, 2.598149054281850834, -1.700000000000000178 ) ) ;
#3117 = DIRECTION ( 'NONE',  ( 1.000000000000000000, 0.000000000000000000, 0.000000000000000000 ) ) ;
#3118 = EDGE_CURVE ( 'NONE', #2662, #1891, #2209, .T. ) ;
#3119 = CARTESIAN_POINT ( 'NONE',  ( 3.139057577948327626, -0.7118244955796472206, -1.985651465019024231 ) ) ;
#3120 = DIRECTION ( 'NONE',  ( -0.000000000000000000, -0.000000000000000000, 1.000000000000000000 ) ) ;
#3121 = EDGE_CURVE ( 'NONE', #3176, #2540, #944, .T. ) ;
#3122 = VERTEX_POINT ( 'NONE', #1567 ) ;
#3123 = DIRECTION ( 'NONE',  ( 0.000000000000000000, 0.000000000000000000, -1.000000000000000000 ) ) ;
#3124 = CARTESIAN_POINT ( 'NONE',  ( 4.241241905485717112, -168.5537438249798754, 0.9500000000000002887 ) ) ;
#3125 = VERTEX_POINT ( 'NONE', #2294 ) ;
#3126 = ORIENTED_EDGE ( 'NONE', *, *, #639, .T. ) ;
#3127 = CARTESIAN_POINT ( 'NONE',  ( 44.97840345312135923, -1.900459221759924766, 1.250000000000000000 ) ) ;
#3128 = LINE ( 'NONE', #2352, #1735 ) ;
#3129 = VERTEX_POINT ( 'NONE', #2789 ) ;
#3130 = DIRECTION ( 'NONE',  ( -1.000000000000000000, 0.000000000000000000, 0.000000000000000000 ) ) ;
#3131 = DIRECTION ( 'NONE',  ( -0.04643395291013821535, -0.9989213622789028246, 0.000000000000000000 ) ) ;
#3132 = CARTESIAN_POINT ( 'NONE',  ( 45.76999999999998892, 0.000000000000000000, -1.250000000000000000 ) ) ;
#3133 = DIRECTION ( 'NONE',  ( 1.000000000000000000, 9.819189486661174428E-16, 0.000000000000000000 ) ) ;
#3134 = EDGE_CURVE ( 'NONE', #1284, #1079, #2625, .T. ) ;
#3135 = DIRECTION ( 'NONE',  ( -0.000000000000000000, 0.000000000000000000, 1.000000000000000000 ) ) ;
#3136 = EDGE_CURVE ( 'NONE', #3176, #1270, #3276, .T. ) ;
#3137 = EDGE_LOOP ( 'NONE', ( #266, #2118, #3158, #2942 ) ) ;
#3138 = DIRECTION ( 'NONE',  ( -0.000000000000000000, 0.000000000000000000, 1.000000000000000000 ) ) ;
#3139 = DIRECTION ( 'NONE',  ( 1.000000000000000000, 0.000000000000000000, 0.000000000000000000 ) ) ;
#3140 = ORIENTED_EDGE ( 'NONE', *, *, #2672, .T. ) ;
#3141 = CARTESIAN_POINT ( 'NONE',  ( 37.51440068189074850, 5.249991765024484280, 1.700000000000000178 ) ) ;
#3142 = CARTESIAN_POINT ( 'NONE',  ( 1.044447112089545548, 2.812317590537704248, 2.000000000000000000 ) ) ;
#3143 =( LENGTH_UNIT ( ) NAMED_UNIT ( * ) SI_UNIT ( .MILLI., .METRE. ) );
#3144 = AXIS2_PLACEMENT_3D ( 'NONE', #2078, #1234, #577 ) ;
#3145 = VERTEX_POINT ( 'NONE', #3028 ) ;
#3146 = DIRECTION ( 'NONE',  ( 0.3481490373631818125, 0.9374391968459019342, 0.000000000000000000 ) ) ;
#3147 = CARTESIAN_POINT ( 'NONE',  ( 3.874709418001698769, 8.405876580172533252, 1.250000000000000000 ) ) ;
#3148 = AXIS2_PLACEMENT_3D ( 'NONE', #2916, #1162, #1702 ) ;
#3149 = CARTESIAN_POINT ( 'NONE',  ( 37.57080861381277259, 5.544640955107010605, -0.9500000000000000666 ) ) ;
#3150 = CARTESIAN_POINT ( 'NONE',  ( 0.5355366570961886952, 3.256255593301334628, -1.250000000000000000 ) ) ;
#3151 = CIRCLE ( 'NONE', #3262, 5.000000000000000888 ) ;
#3152 = AXIS2_PLACEMENT_3D ( 'NONE', #1521, #791, #2523 ) ;
#3153 = CARTESIAN_POINT ( 'NONE',  ( 0.000000000000000000, 0.000000000000000000, -2.000000000000000000 ) ) ;
#3154 = CIRCLE ( 'NONE', #2417, 2.699999999999987299 ) ;
#3155 = TOROIDAL_SURFACE ( 'NONE', #2265, 12.29999999999998650, 0.2999999999999999889 ) ;
#3156 = VERTEX_POINT ( 'NONE', #793 ) ;
#3157 = CIRCLE ( 'NONE', #95, 11.99999999999998579 ) ;
#3158 = ORIENTED_EDGE ( 'NONE', *, *, #10, .T. ) ;
#3159 = DIRECTION ( 'NONE',  ( 1.000000000000000000, 0.000000000000000000, 0.000000000000000000 ) ) ;
#3160 = FACE_OUTER_BOUND ( 'NONE', #848, .T. ) ;
#3161 = ADVANCED_FACE ( 'NONE', ( #1767 ), #305, .F. ) ;
#3162 = CIRCLE ( 'NONE', #1580, 4.299999999999999822 ) ;
#3163 = EDGE_CURVE ( 'NONE', #281, #2178, #2881, .T. ) ;
#3164 = CIRCLE ( 'NONE', #1006, 0.2999999999999999334 ) ;
#3165 = VERTEX_POINT ( 'NONE', #1799 ) ;
#3166 = ORIENTED_EDGE ( 'NONE', *, *, #1450, .T. ) ;
#3167 = DIRECTION ( 'NONE',  ( 1.000000000000000000, 0.000000000000000000, 0.000000000000000000 ) ) ;
#3168 = CARTESIAN_POINT ( 'NONE',  ( 0.7804264488839454117, 3.082966846182184195, 1.781507016931666687 ) ) ;
#3169 = EDGE_LOOP ( 'NONE', ( #204, #1399 ) ) ;
#3170 = CARTESIAN_POINT ( 'NONE',  ( -2.719422214324873188, 1.266784441109215731, -1.250000000000000000 ) ) ;
#3171 = DIRECTION ( 'NONE',  ( 1.000000000000000000, 0.000000000000000000, 0.000000000000000000 ) ) ;
#3172 = DIRECTION ( 'NONE',  ( 0.000000000000000000, 0.000000000000000000, 1.000000000000000000 ) ) ;
#3173 = CARTESIAN_POINT ( 'NONE',  ( -4.052159410440426157, 1.475116594246618229, -1.041518670944278524 ) ) ;
#3174 = CIRCLE ( 'NONE', #2588, 171.2599999999999625 ) ;
#3175 = DIRECTION ( 'NONE',  ( 1.000000000000000000, 0.000000000000000000, 0.000000000000000000 ) ) ;
#3176 = VERTEX_POINT ( 'NONE', #2567 ) ;
#3177 = DIRECTION ( 'NONE',  ( -0.000000000000000000, -0.000000000000000000, -1.000000000000000000 ) ) ;
#3178 = CARTESIAN_POINT ( 'NONE',  ( -2.999999999999997335, 3.673940397442057403E-16, -2.000000000000000000 ) ) ;
#3179 = VECTOR ( 'NONE', #1531, 1000.000000000000000 ) ;
#3180 = EDGE_CURVE ( 'NONE', #2996, #2769, #2314, .T. ) ;
#3181 = ORIENTED_EDGE ( 'NONE', *, *, #1138, .T. ) ;
#3182 = CARTESIAN_POINT ( 'NONE',  ( 2.843574845713806365, -0.9665103979427968062, 2.199675537685902516 ) ) ;
#3183 = FACE_OUTER_BOUND ( 'NONE', #753, .T. ) ;
#3184 = EDGE_CURVE ( 'NONE', #1814, #2767, #2471, .T. ) ;
#3185 = ORIENTED_EDGE ( 'NONE', *, *, #193, .T. ) ;
#3186 = DIRECTION ( 'NONE',  ( 0.9514644104789785617, -0.3077587944996700853, 0.000000000000000000 ) ) ;
#3187 = CARTESIAN_POINT ( 'NONE',  ( 48.46999999999999886, 0.000000000000000000, 0.9500000000000002887 ) ) ;
#3188 = CARTESIAN_POINT ( 'NONE',  ( 0.7804264472511905915, 3.082966843874722862, -1.700000000000000178 ) ) ;
#3189 = DIRECTION ( 'NONE',  ( 0.000000000000000000, 0.000000000000000000, 1.000000000000000000 ) ) ;
#3190 = B_SPLINE_CURVE_WITH_KNOTS ( 'NONE', 3,
 ( #1461, #2749, #2238, #966, #3245, #2983, #1938, #713 ),
 .UNSPECIFIED., .F., .F.,
 ( 4, 2, 2, 4 ),
 ( -1.085976241537651749E-05, 0.0006768953710332566934, 0.001020772937757573285, 0.001364650504481889877 ),
 .UNSPECIFIED. ) ;
#3191 = CARTESIAN_POINT ( 'NONE',  ( -2.729660544970507363, 5.566772252322823356, 0.9500000000000002887 ) ) ;
#3192 = EDGE_LOOP ( 'NONE', ( #279, #1827, #1255, #1032 ) ) ;
#3193 = ORIENTED_EDGE ( 'NONE', *, *, #1345, .F. ) ;
#3194 = CARTESIAN_POINT ( 'NONE',  ( 4.241241905485717112, -168.5537438249798754, -1.250000000000000000 ) ) ;
#3195 = DIRECTION ( 'NONE',  ( -0.000000000000000000, 0.000000000000000000, 1.000000000000000000 ) ) ;
#3196 = ORIENTED_EDGE ( 'NONE', *, *, #328, .T. ) ;
#3197 = EDGE_LOOP ( 'NONE', ( #2185, #453, #2040, #1104 ) ) ;
#3198 = DIRECTION ( 'NONE',  ( -0.000000000000000000, 0.000000000000000000, 1.000000000000000000 ) ) ;
#3199 = ADVANCED_FACE ( 'NONE', ( #2555 ), #13, .F. ) ;
#3200 = ORIENTED_EDGE ( 'NONE', *, *, #2069, .T. ) ;
#3201 = CYLINDRICAL_SURFACE ( 'NONE', #2993, 3.000000000000030198 ) ;
#3202 = CARTESIAN_POINT ( 'NONE',  ( -5.423260021900969896, 4.245968762820884201, -2.000000000000000000 ) ) ;
#3203 = CARTESIAN_POINT ( 'NONE',  ( 0.000000000000000000, 0.000000000000000000, -4.700000000000000178 ) ) ;
#3204 = CARTESIAN_POINT ( 'NONE',  ( -3.680482097444022216, 1.373213098650151176, -1.250000000000000000 ) ) ;
#3205 = EDGE_CURVE ( 'NONE', #2437, #2386, #2793, .T. ) ;
#3206 = CIRCLE ( 'NONE', #1671, 4.999999999999997335 ) ;
#3207 = CARTESIAN_POINT ( 'NONE',  ( 0.000000000000000000, 0.000000000000000000, 1.250000000000000000 ) ) ;
#3208 = AXIS2_PLACEMENT_3D ( 'NONE', #1676, #2923, #401 ) ;
#3209 = ORIENTED_EDGE ( 'NONE', *, *, #2510, .T. ) ;
#3210 = CIRCLE ( 'NONE', #1784, 2.999999999999998224 ) ;
#3212 = DIRECTION ( 'NONE',  ( 0.000000000000000000, 0.000000000000000000, 1.000000000000000000 ) ) ;
#3211 = VECTOR ( 'NONE', #1560, 1000.000000000000000 ) ;
#3213 = CARTESIAN_POINT ( 'NONE',  ( 47.65327327016257897, 8.460671217389851506, 0.9500000000000002887 ) ) ;
#3214 = CIRCLE ( 'NONE', #359, 0.2999999999999999889 ) ;
#3215 = AXIS2_PLACEMENT_3D ( 'NONE', #160, #655, #852 ) ;
#3216 = ORIENTED_EDGE ( 'NONE', *, *, #1345, .T. ) ;
#3217 = VERTEX_POINT ( 'NONE', #773 ) ;
#3218 = DIRECTION ( 'NONE',  ( -0.000000000000000000, -0.000000000000000000, 1.000000000000000000 ) ) ;
#3219 = AXIS2_PLACEMENT_3D ( 'NONE', #22, #320, #1052 ) ;
#3220 = CIRCLE ( 'NONE', #630, 0.3000000000000001554 ) ;
#3221 = VERTEX_POINT ( 'NONE', #57 ) ;
#3222 = FACE_OUTER_BOUND ( 'NONE', #1014, .T. ) ;
#3223 = DIRECTION ( 'NONE',  ( 1.000000000000000000, 0.000000000000000000, -0.000000000000000000 ) ) ;
#3224 = DIRECTION ( 'NONE',  ( 0.000000000000000000, 0.000000000000000000, 1.000000000000000000 ) ) ;
#3225 = EDGE_CURVE ( 'NONE', #117, #1133, #2102, .T. ) ;
#3226 = DIRECTION ( 'NONE',  ( 1.000000000000000000, 0.000000000000000000, 0.000000000000000000 ) ) ;
#3227 = B_SPLINE_CURVE_WITH_KNOTS ( 'NONE', 3,
 ( #3046, #24, #2043, #529, #1034, #1798 ),
 .UNSPECIFIED., .F., .F.,
 ( 4, 2, 4 ),
 ( 0.000000000000000000, 0.0004636051903757719135, 0.0009272103807515438270 ),
 .UNSPECIFIED. ) ;
#3228 = ADVANCED_FACE ( 'NONE', ( #1826 ), #573, .T. ) ;
#3229 = VERTEX_POINT ( 'NONE', #322 ) ;
#3230 = CARTESIAN_POINT ( 'NONE',  ( 0.5355366570961886952, 3.256255593301334628, -1.700000000000000178 ) ) ;
#3231 = CARTESIAN_POINT ( 'NONE',  ( 4.221338092443599699, 8.406255055666132847, 2.000000000000000000 ) ) ;
#3232 = ORIENTED_EDGE ( 'NONE', *, *, #871, .F. ) ;
#3233 = ORIENTED_EDGE ( 'NONE', *, *, #1865, .F. ) ;
#3234 = CARTESIAN_POINT ( 'NONE',  ( 0.000000000000000000, 0.000000000000000000, 2.000000000000000000 ) ) ;
#3235 = ORIENTED_EDGE ( 'NONE', *, *, #3242, .F. ) ;
#3236 = CARTESIAN_POINT ( 'NONE',  ( 48.46999999999999886, 0.000000000000000000, -5.000000000000000000 ) ) ;
#3237 = CARTESIAN_POINT ( 'NONE',  ( 3.961530471308267298, 8.556255055666158071, -1.209680621018530466 ) ) ;
#3238 = CARTESIAN_POINT ( 'NONE',  ( -5.229660544970507807, 5.566772252322823356, -1.049999999999998934 ) ) ;
#3239 = LINE ( 'NONE', #2233, #1835 ) ;
#3240 = CARTESIAN_POINT ( 'NONE',  ( 1.062276373868979773, 3.107621219915383204, 2.000000000000000888 ) ) ;
#3241 = EDGE_CURVE ( 'NONE', #547, #36, #2578, .T. ) ;
#3242 = EDGE_CURVE ( 'NONE', #2227, #1661, #1579, .T. ) ;
#3243 = EDGE_CURVE ( 'NONE', #2137, #1773, #1788, .T. ) ;
#3244 = CARTESIAN_POINT ( 'NONE',  ( 43.71991105278057432, -7.048876151096988174, 0.9500000000000002887 ) ) ;
#3245 = CARTESIAN_POINT ( 'NONE',  ( 37.32404478729420561, -0.3871717235575171667, 1.200565626477960279 ) ) ;
#3246 = DIRECTION ( 'NONE',  ( 1.000000000000000000, 0.000000000000000000, 0.000000000000000000 ) ) ;
#3247 = EDGE_LOOP ( 'NONE', ( #2277, #1866 ) ) ;
#3248 = ORIENTED_EDGE ( 'NONE', *, *, #552, .F. ) ;
#3249 = CARTESIAN_POINT ( 'NONE',  ( 2.921984524154395579, -0.6943102282913986567, -2.275187022349145050 ) ) ;
#3250 = ORIENTED_EDGE ( 'NONE', *, *, #1002, .F. ) ;
#3251 = CARTESIAN_POINT ( 'NONE',  ( 2.999999999999998224, 0.000000000000000000, 4.700000000000000178 ) ) ;
#3252 = DIRECTION ( 'NONE',  ( 1.000000000000000000, 0.000000000000000000, 0.000000000000000000 ) ) ;
#3253 = CARTESIAN_POINT ( 'NONE',  ( 37.77248356600240697, -0.3024750847299014223, -1.250000000000000000 ) ) ;
#3254 = LINE ( 'NONE', #1457, #678 ) ;
#3255 = DIRECTION ( 'NONE',  ( 0.4402678298339659513, -0.8978664923101261630, 0.000000000000000000 ) ) ;
#3256 = AXIS2_PLACEMENT_3D ( 'NONE', #2114, #2896, #3131 ) ;
#3257 = ORIENTED_EDGE ( 'NONE', *, *, #2450, .F. ) ;
#3258 = CARTESIAN_POINT ( 'NONE',  ( 4.241241905485717112, -168.5537438249798754, 1.700000000000000178 ) ) ;
#3259 = CARTESIAN_POINT ( 'NONE',  ( 1.044447112089545104, 2.812317590537704248, -2.299999999999999822 ) ) ;
#3260 = CIRCLE ( 'NONE', #351, 0.2999999999999999889 ) ;
#3261 = DIRECTION ( 'NONE',  ( 0.000000000000000000, 0.000000000000000000, 1.000000000000000000 ) ) ;
#3262 = AXIS2_PLACEMENT_3D ( 'NONE', #723, #2543, #2293 ) ;
#3263 = AXIS2_PLACEMENT_3D ( 'NONE', #870, #627, #2641 ) ;
#3264 = VERTEX_POINT ( 'NONE', #2602 ) ;
#3265 = ADVANCED_FACE ( 'NONE', ( #1873 ), #2649, .F. ) ;
#3266 = ORIENTED_EDGE ( 'NONE', *, *, #1851, .T. ) ;
#3267 = CARTESIAN_POINT ( 'NONE',  ( 2.631671140058548630, -1.465201050509431058, -1.979017857694387761 ) ) ;
#3268 = AXIS2_PLACEMENT_3D ( 'NONE', #1969, #243, #1952 ) ;
#3269 = VECTOR ( 'NONE', #2323, 1000.000000000000000 ) ;
#3270 = EDGE_CURVE ( 'NONE', #2517, #2835, #3104, .T. ) ;
#3271 = AXIS2_PLACEMENT_3D ( 'NONE', #3234, #954, #970 ) ;
#3272 = ORIENTED_EDGE ( 'NONE', *, *, #1002, .T. ) ;
#3273 = FACE_OUTER_BOUND ( 'NONE', #2902, .T. ) ;
#3274 = CARTESIAN_POINT ( 'NONE',  ( 2.699999999999998401, 3.306546357697851761E-16, -4.700000000000000178 ) ) ;
#3275 = FACE_OUTER_BOUND ( 'NONE', #89, .T. ) ;
#3276 = LINE ( 'NONE', #1281, #3041 ) ;
#3277 = ORIENTED_EDGE ( 'NONE', *, *, #937, .T. ) ;
#3278 = FACE_OUTER_BOUND ( 'NONE', #929, .T. ) ;
#3279 = CONICAL_SURFACE ( 'NONE', #422, 2.500000000000000444, 0.7853981633974634891 ) ;
ENDSEC;
END-ISO-10303-21;
