ISO-10303-21;
HEADER;
FILE_DESCRIPTION (( 'STEP AP214' ),
    '1' );
FILE_NAME ('指尖.step',
    '2026-04-16T06:23:34',
    ( '' ),
    ( '' ),
    'SwSTEP 2.0',
    'SolidWorks 2020',
    '' );
FILE_SCHEMA (( 'AUTOMOTIVE_DESIGN' ));
ENDSEC;

DATA;
#1 = AXIS2_PLACEMENT_3D ( 'NONE', #839, #1408, #999 ) ;
#2 = CARTESIAN_POINT ( 'NONE',  ( -5.599571179991198022, 4.079804235525519296, -4.799999999999999822 ) ) ;
#3 = ORIENTED_EDGE ( 'NONE', *, *, #113, .F. ) ;
#4 = CARTESIAN_POINT ( 'NONE',  ( -0.1516797644092781616, -1.013715072921748117, -4.799999999999999822 ) ) ;
#5 = ADVANCED_FACE ( 'NONE', ( #1462 ), #544, .T. ) ;
#6 = ORIENTED_EDGE ( 'NONE', *, *, #928, .T. ) ;
#7 = DIRECTION ( 'NONE',  ( 0.9936863297198854639, -0.1121939308867599822, 0.000000000000000000 ) ) ;
#8 = LINE ( 'NONE', #2, #930 ) ;
#9 = VERTEX_POINT ( 'NONE', #186 ) ;
#10 = DIRECTION ( 'NONE',  ( 1.000000000000000000, 0.000000000000000000, 0.000000000000000000 ) ) ;
#11 = VERTEX_POINT ( 'NONE', #176 ) ;
#12 = ADVANCED_FACE ( 'NONE', ( #353 ), #1197, .F. ) ;
#13 = DIRECTION ( 'NONE',  ( -0.000000000000000000, -0.000000000000000000, -1.000000000000000000 ) ) ;
#14 = CARTESIAN_POINT ( 'NONE',  ( 35.33658179266027588, 2.981058989159656392, -3.799999999999999378 ) ) ;
#15 = TOROIDAL_SURFACE ( 'NONE', #115, 2.024999999999999911, 1.000000000000000000 ) ;
#16 = PLANE ( 'NONE',  #220 ) ;
#17 = ORIENTED_EDGE ( 'NONE', *, *, #763, .T. ) ;
#18 = AXIS2_PLACEMENT_3D ( 'NONE', #1337, #1028, #894 ) ;
#19 = ORIENTED_EDGE ( 'NONE', *, *, #1661, .T. ) ;
#20 = CIRCLE ( 'NONE', #269, 2.999999999999998668 ) ;
#21 = ORIENTED_EDGE ( 'NONE', *, *, #800, .T. ) ;
#22 = ORIENTED_EDGE ( 'NONE', *, *, #1554, .F. ) ;
#23 = EDGE_CURVE ( 'NONE', #1006, #388, #1354, .T. ) ;
#24 = FACE_OUTER_BOUND ( 'NONE', #1659, .T. ) ;
#25 = CARTESIAN_POINT ( 'NONE',  ( -1.582006206600620635, 3.701064895712734337, 4.799999999999999822 ) ) ;
#26 = CARTESIAN_POINT ( 'NONE',  ( -4.683067418645760149, 4.479830303975645300, -4.799999999999999822 ) ) ;
#27 = ADVANCED_FACE ( 'NONE', ( #466 ), #1374, .T. ) ;
#28 = FACE_OUTER_BOUND ( 'NONE', #314, .T. ) ;
#29 = VECTOR ( 'NONE', #1359, 1000.000000000000000 ) ;
#30 = CARTESIAN_POINT ( 'NONE',  ( -3.404637200095695704, -2.274639878055404464E-15, -4.584314985509578833 ) ) ;
#31 = EDGE_LOOP ( 'NONE', ( #1212, #1743, #1358, #1053 ) ) ;
#32 = ORIENTED_EDGE ( 'NONE', *, *, #197, .T. ) ;
#33 = VECTOR ( 'NONE', #1295, 1000.000000000000000 ) ;
#34 = EDGE_LOOP ( 'NONE', ( #902, #903, #718, #177, #761 ) ) ;
#35 = MECHANICAL_DESIGN_GEOMETRIC_PRESENTATION_REPRESENTATION (  '', ( #1692 ), #707 ) ;
#36 = DIRECTION ( 'NONE',  ( 0.000000000000000000, 0.000000000000000000, 1.000000000000000000 ) ) ;
#37 = CIRCLE ( 'NONE', #676, 2.999999999999998668 ) ;
#38 = DIRECTION ( 'NONE',  ( 0.4000260684501258379, -0.9165037613454378729, 0.000000000000000000 ) ) ;
#39 = CARTESIAN_POINT ( 'NONE',  ( 35.00000000000000000, 0.000000000000000000, -3.799999999999999378 ) ) ;
#40 = ADVANCED_FACE ( 'NONE', ( #788 ), #486, .F. ) ;
#41 = DIRECTION ( 'NONE',  ( -0.000000000000000000, -0.000000000000000000, -1.000000000000000000 ) ) ;
#42 = CARTESIAN_POINT ( 'NONE',  ( 0.000000000000000000, 0.000000000000000000, 3.799999999999999378 ) ) ;
#43 = DIRECTION ( 'NONE',  ( -0.1121939308867587470, -0.9936863297198856859, 0.000000000000000000 ) ) ;
#44 = VERTEX_POINT ( 'NONE', #780 ) ;
#45 = VERTEX_POINT ( 'NONE', #30 ) ;
#46 = CARTESIAN_POINT ( 'NONE',  ( 0.000000000000000000, 0.000000000000000000, -3.799999999999999378 ) ) ;
#47 = DIRECTION ( 'NONE',  ( -0.01428571428571668092, -0.9998979539769780045, 0.000000000000000000 ) ) ;
#48 = FACE_OUTER_BOUND ( 'NONE', #1609, .T. ) ;
#49 = CARTESIAN_POINT ( 'NONE',  ( -0.04660714285714286781, -3.262167074849890547, 4.446988214730376754 ) ) ;
#50 = ADVANCED_FACE ( 'NONE', ( #1501 ), #1222, .T. ) ;
#51 = DIRECTION ( 'NONE',  ( -0.000000000000000000, -0.000000000000000000, -1.000000000000000000 ) ) ;
#52 = CARTESIAN_POINT ( 'NONE',  ( 1.024999999999999911, 0.000000000000000000, -3.399999999999999467 ) ) ;
#53 = AXIS2_PLACEMENT_3D ( 'NONE', #533, #252, #1097 ) ;
#54 = EDGE_CURVE ( 'NONE', #1637, #577, #243, .T. ) ;
#55 = ORIENTED_EDGE ( 'NONE', *, *, #480, .T. ) ;
#56 = AXIS2_PLACEMENT_3D ( 'NONE', #1531, #1076, #1664 ) ;
#57 = ORIENTED_EDGE ( 'NONE', *, *, #493, .F. ) ;
#58 = CARTESIAN_POINT ( 'NONE',  ( 0.2303581762410996936, -3.266124126066920041, 4.446988214730376754 ) ) ;
#59 = FACE_OUTER_BOUND ( 'NONE', #479, .T. ) ;
#60 = DIRECTION ( 'NONE',  ( 1.000000000000000000, 0.000000000000000000, -0.000000000000000000 ) ) ;
#61 = DIRECTION ( 'NONE',  ( -0.9936863297198856859, 0.1121939308867585111, 0.000000000000000000 ) ) ;
#62 = CIRCLE ( 'NONE', #1904, 2.012500000000000178 ) ;
#63 = DIRECTION ( 'NONE',  ( 0.000000000000000000, -1.000000000000000000, 0.000000000000000000 ) ) ;
#64 = CARTESIAN_POINT ( 'NONE',  ( 0.000000000000000000, 0.000000000000000000, -4.799999999999999822 ) ) ;
#65 = ORIENTED_EDGE ( 'NONE', *, *, #370, .T. ) ;
#66 = AXIS2_PLACEMENT_3D ( 'NONE', #231, #108, #1587 ) ;
#67 = EDGE_CURVE ( 'NONE', #719, #1525, #1363, .T. ) ;
#68 = ORIENTED_EDGE ( 'NONE', *, *, #1498, .F. ) ;
#69 = AXIS2_PLACEMENT_3D ( 'NONE', #1673, #356, #47 ) ;
#70 = AXIS2_PLACEMENT_3D ( 'NONE', #1102, #963, #230 ) ;
#71 = CARTESIAN_POINT ( 'NONE',  ( 35.00000000000000000, 0.000000000000000000, -3.799999999999999378 ) ) ;
#72 = DIRECTION ( 'NONE',  ( 1.000000000000000000, 0.000000000000000000, 0.000000000000000000 ) ) ;
#73 = LINE ( 'NONE', #651, #731 ) ;
#74 = ORIENTED_EDGE ( 'NONE', *, *, #441, .F. ) ;
#75 = ORIENTED_EDGE ( 'NONE', *, *, #381, .T. ) ;
#76 = ADVANCED_FACE ( 'NONE', ( #1819 ), #498, .T. ) ;
#77 = FACE_OUTER_BOUND ( 'NONE', #167, .T. ) ;
#78 = DIRECTION ( 'NONE',  ( -0.000000000000000000, -0.000000000000000000, -1.000000000000000000 ) ) ;
#79 = CARTESIAN_POINT ( 'NONE',  ( -4.556173373952495886, 4.189102077927014278, -4.799999999999999822 ) ) ;
#80 = DIRECTION ( 'NONE',  ( -0.000000000000000000, -0.000000000000000000, 1.000000000000000000 ) ) ;
#81 = CARTESIAN_POINT ( 'NONE',  ( -2.850059895954885736, 5.279882440875898197, -4.799999999999999822 ) ) ;
#82 = ORIENTED_EDGE ( 'NONE', *, *, #1776, .F. ) ;
#83 = AXIS2_PLACEMENT_3D ( 'NONE', #1148, #1012, #463 ) ;
#84 = ORIENTED_EDGE ( 'NONE', *, *, #1815, .T. ) ;
#85 = CIRCLE ( 'NONE', #914, 1.024999999999999911 ) ;
#86 = AXIS2_PLACEMENT_3D ( 'NONE', #1170, #739, #43 ) ;
#87 = FACE_OUTER_BOUND ( 'NONE', #1546, .T. ) ;
#88 = DIRECTION ( 'NONE',  ( 1.000000000000000000, 0.000000000000000000, 0.000000000000000000 ) ) ;
#89 = EDGE_CURVE ( 'NONE', #388, #1903, #1715, .T. ) ;
#90 = DIRECTION ( 'NONE',  ( 0.000000000000000000, 0.000000000000000000, 1.000000000000000000 ) ) ;
#91 = B_SPLINE_CURVE_WITH_KNOTS ( 'NONE', 3,
 ( #1676, #650, #1826, #1541 ),
 .UNSPECIFIED., .F., .F.,
 ( 4, 4 ),
 ( -1.597963580466854123E-05, 0.0003014001086524082588 ),
 .UNSPECIFIED. ) ;
#92 = CARTESIAN_POINT ( 'NONE',  ( -3.311370342163471037, -0.4468365892465925859, -4.510544510389152606 ) ) ;
#93 = ORIENTED_EDGE ( 'NONE', *, *, #378, .F. ) ;
#94 = LINE ( 'NONE', #1851, #1332 ) ;
#95 = ORIENTED_EDGE ( 'NONE', *, *, #1533, .F. ) ;
#96 = DIRECTION ( 'NONE',  ( 0.000000000000000000, 0.000000000000000000, 1.000000000000000000 ) ) ;
#97 = DIRECTION ( 'NONE',  ( 0.000000000000000000, 0.000000000000000000, 1.000000000000000000 ) ) ;
#98 = CARTESIAN_POINT ( 'NONE',  ( 39.00000000000000000, 0.000000000000000000, -4.799999999999999822 ) ) ;
#99 = DIRECTION ( 'NONE',  ( -1.000000000000000000, 0.000000000000000000, 0.000000000000000000 ) ) ;
#100 = CARTESIAN_POINT ( 'NONE',  ( -3.875059895954885647, 5.279882440875898197, -3.799999999999999378 ) ) ;
#101 = ADVANCED_FACE ( 'NONE', ( #629 ), #1088, .T. ) ;
#102 = LINE ( 'NONE', #496, #977 ) ;
#103 = CIRCLE ( 'NONE', #987, 0.9999999999999998890 ) ;
#104 = EDGE_LOOP ( 'NONE', ( #1091, #817, #1230, #95 ) ) ;
#105 = ORIENTED_EDGE ( 'NONE', *, *, #1084, .F. ) ;
#106 = CARTESIAN_POINT ( 'NONE',  ( -0.05000000000000000278, -3.499642838919422516, -4.799999999999999822 ) ) ;
#107 =( NAMED_UNIT ( * ) PLANE_ANGLE_UNIT ( ) SI_UNIT ( $, .RADIAN. ) );
#108 = DIRECTION ( 'NONE',  ( 0.000000000000000000, 0.000000000000000000, 1.000000000000000000 ) ) ;
#109 = DIRECTION ( 'NONE',  ( -0.000000000000000000, -0.000000000000000000, -1.000000000000000000 ) ) ;
#110 = CARTESIAN_POINT ( 'NONE',  ( -3.207763164709032111, -1.400091239575441016, 3.800000000000000266 ) ) ;
#111 = EDGE_LOOP ( 'NONE', ( #1889, #534, #1514, #909 ) ) ;
#112 = ORIENTED_EDGE ( 'NONE', *, *, #1764, .F. ) ;
#113 = EDGE_CURVE ( 'NONE', #826, #1394, #62, .T. ) ;
#114 = DIRECTION ( 'NONE',  ( 1.000000000000000000, 0.000000000000000000, 0.000000000000000000 ) ) ;
#115 = AXIS2_PLACEMENT_3D ( 'NONE', #413, #36, #867 ) ;
#116 = CIRCLE ( 'NONE', #693, 2.012499999999999734 ) ;
#117 = CARTESIAN_POINT ( 'NONE',  ( -1.825059895954885825, 5.279882440875898197, -4.799999999999999822 ) ) ;
#118 = DIRECTION ( 'NONE',  ( 0.000000000000000000, 0.000000000000000000, 1.000000000000000000 ) ) ;
#119 = AXIS2_PLACEMENT_3D ( 'NONE', #1684, #196, #765 ) ;
#120 = LINE ( 'NONE', #840, #506 ) ;
#121 = DIRECTION ( 'NONE',  ( -0.000000000000000000, -0.000000000000000000, -1.000000000000000000 ) ) ;
#122 = CARTESIAN_POINT ( 'NONE',  ( -2.850059895954885736, 5.279882440875898197, -1.449999999999999956 ) ) ;
#123 = ORIENTED_EDGE ( 'NONE', *, *, #810, .F. ) ;
#124 = ORIENTED_EDGE ( 'NONE', *, *, #681, .F. ) ;
#125 = CARTESIAN_POINT ( 'NONE',  ( 34.95714285714286262, -2.999693861930933014, -4.799999999999999822 ) ) ;
#126 = ADVANCED_FACE ( 'NONE', ( #1220 ), #1810, .T. ) ;
#127 = CARTESIAN_POINT ( 'NONE',  ( -3.512465595775572158, 0.6220610151908698704, -4.689509159233256064 ) ) ;
#128 = CIRCLE ( 'NONE', #1, 1.000000000000000000 ) ;
#129 = LINE ( 'NONE', #270, #1830 ) ;
#130 = FACE_OUTER_BOUND ( 'NONE', #1324, .T. ) ;
#131 = AXIS2_PLACEMENT_3D ( 'NONE', #1792, #470, #10 ) ;
#132 = VERTEX_POINT ( 'NONE', #1068 ) ;
#133 = ORIENTED_EDGE ( 'NONE', *, *, #1207, .T. ) ;
#134 = DIRECTION ( 'NONE',  ( 0.000000000000000000, 0.000000000000000000, 1.000000000000000000 ) ) ;
#135 = EDGE_CURVE ( 'NONE', #664, #189, #73, .T. ) ;
#136 = DIRECTION ( 'NONE',  ( 0.000000000000000000, 0.000000000000000000, 1.000000000000000000 ) ) ;
#137 = EDGE_CURVE ( 'NONE', #508, #719, #482, .T. ) ;
#138 = DIRECTION ( 'NONE',  ( 1.000000000000000000, 0.000000000000000000, 0.000000000000000000 ) ) ;
#139 = B_SPLINE_CURVE_WITH_KNOTS ( 'NONE', 3,
 ( #1784, #171, #1333, #1639 ),
 .UNSPECIFIED., .F., .F.,
 ( 4, 4 ),
 ( -1.597963580465979646E-05, 0.0003014926968690193510 ),
 .UNSPECIFIED. ) ;
#140 = CARTESIAN_POINT ( 'NONE',  ( 35.00000000000000000, 0.000000000000000000, 4.799999999999999822 ) ) ;
#141 = ORIENTED_EDGE ( 'NONE', *, *, #938, .F. ) ;
#142 = CARTESIAN_POINT ( 'NONE',  ( 34.94285714285714306, -3.999591815907911130, -4.799999999999999822 ) ) ;
#143 = ORIENTED_EDGE ( 'NONE', *, *, #405, .F. ) ;
#144 = ORIENTED_EDGE ( 'NONE', *, *, #910, .F. ) ;
#145 = FACE_BOUND ( 'NONE', #1594, .T. ) ;
#146 = CARTESIAN_POINT ( 'NONE',  ( 0.000000000000000000, 0.000000000000000000, 1.449999999999999956 ) ) ;
#147 = AXIS2_PLACEMENT_3D ( 'NONE', #1847, #1274, #1411 ) ;
#148 = CIRCLE ( 'NONE', #1769, 3.024999999999999911 ) ;
#149 = TOROIDAL_SURFACE ( 'NONE', #447, 1.999999999999998668, 1.000000000000000000 ) ;
#150 = EDGE_CURVE ( 'NONE', #322, #1583, #1441, .T. ) ;
#151 = DIRECTION ( 'NONE',  ( 0.000000000000000000, 0.000000000000000000, 1.000000000000000000 ) ) ;
#152 = VERTEX_POINT ( 'NONE', #1562 ) ;
#153 = VERTEX_POINT ( 'NONE', #1827 ) ;
#154 = AXIS2_PLACEMENT_3D ( 'NONE', #1677, #205, #458 ) ;
#155 = DIRECTION ( 'NONE',  ( 1.000000000000000000, 0.000000000000000000, 0.000000000000000000 ) ) ;
#156 = CARTESIAN_POINT ( 'NONE',  ( -2.291259403363594682, -1.000065171125314567, 3.799999999999999378 ) ) ;
#157 = VECTOR ( 'NONE', #945, 1000.000000000000000 ) ;
#158 = ADVANCED_BREP_SHAPE_REPRESENTATION ( '指尖', ( #1704, #131 ), #281 ) ;
#159 = ADVANCED_FACE ( 'NONE', ( #668 ), #842, .T. ) ;
#160 = VERTEX_POINT ( 'NONE', #224 ) ;
#161 = ORIENTED_EDGE ( 'NONE', *, *, #1533, .T. ) ;
#162 = ORIENTED_EDGE ( 'NONE', *, *, #609, .T. ) ;
#163 = VERTEX_POINT ( 'NONE', #232 ) ;
#164 = DIRECTION ( 'NONE',  ( 0.000000000000000000, 0.000000000000000000, 1.000000000000000000 ) ) ;
#165 = FACE_OUTER_BOUND ( 'NONE', #1163, .T. ) ;
#166 = DIRECTION ( 'NONE',  ( -1.000000000000000000, 0.000000000000000000, 0.000000000000000000 ) ) ;
#167 = EDGE_LOOP ( 'NONE', ( #84, #1503, #995, #1018 ) ) ;
#168 = DIRECTION ( 'NONE',  ( 1.000000000000000000, 0.000000000000000000, 0.000000000000000000 ) ) ;
#169 = EDGE_LOOP ( 'NONE', ( #1211, #17, #1437 ) ) ;
#170 = EDGE_CURVE ( 'NONE', #1687, #671, #1161, .T. ) ;
#171 = CARTESIAN_POINT ( 'NONE',  ( -2.414397818175468835, 7.251559083278799278, 4.800000000000042455 ) ) ;
#172 = DIRECTION ( 'NONE',  ( 0.000000000000000000, 0.000000000000000000, 1.000000000000000000 ) ) ;
#173 = DIRECTION ( 'NONE',  ( 1.000000000000000000, 0.000000000000000000, 0.000000000000000000 ) ) ;
#174 = VECTOR ( 'NONE', #1785, 1000.000000000000000 ) ;
#175 = AXIS2_PLACEMENT_3D ( 'NONE', #866, #716, #1301 ) ;
#176 = CARTESIAN_POINT ( 'NONE',  ( 35.44877572354703688, 3.974745318879542744, -3.799999999999999378 ) ) ;
#177 = ORIENTED_EDGE ( 'NONE', *, *, #958, .F. ) ;
#178 = VECTOR ( 'NONE', #1657, 1000.000000000000114 ) ;
#179 = EDGE_LOOP ( 'NONE', ( #449, #19, #1778, #1224 ) ) ;
#180 = DIRECTION ( 'NONE',  ( -0.000000000000000000, -0.000000000000000000, -1.000000000000000000 ) ) ;
#181 = EDGE_CURVE ( 'NONE', #878, #1525, #1405, .T. ) ;
#182 = CARTESIAN_POINT ( 'NONE',  ( -2.850059895954885736, 5.279882440875898197, 1.249999999999999778 ) ) ;
#183 = CARTESIAN_POINT ( 'NONE',  ( -2.850059895954885736, 5.279882440875898197, 3.800000000000000266 ) ) ;
#184 = UNCERTAINTY_MEASURE_WITH_UNIT (LENGTH_MEASURE( 1.000000000000000082E-05 ), #257, 'distance_accuracy_value', 'NONE');
#185 = FACE_OUTER_BOUND ( 'NONE', #1575, .T. ) ;
#186 = CARTESIAN_POINT ( 'NONE',  ( -2.513478103294610744, 8.260941430035552813, -1.449999999999999956 ) ) ;
#187 = DIRECTION ( 'NONE',  ( -0.000000000000000000, -0.000000000000000000, 1.000000000000000000 ) ) ;
#188 = EDGE_LOOP ( 'NONE', ( #565, #1495, #953, #712, #1481, #1414, #304 ) ) ;
#189 = VERTEX_POINT ( 'NONE', #505 ) ;
#190 = AXIS2_PLACEMENT_3D ( 'NONE', #1887, #300, #727 ) ;
#191 = ORIENTED_EDGE ( 'NONE', *, *, #670, .T. ) ;
#192 = LINE ( 'NONE', #1452, #174 ) ;
#193 = DIRECTION ( 'NONE',  ( 1.000000000000000000, 0.000000000000000000, 0.000000000000000000 ) ) ;
#194 = EDGE_CURVE ( 'NONE', #9, #1714, #984, .T. ) ;
#195 = CARTESIAN_POINT ( 'NONE',  ( -2.850059895954885736, 5.279882440875898197, -4.799999999999999822 ) ) ;
#196 = DIRECTION ( 'NONE',  ( 0.000000000000000000, 0.000000000000000000, 1.000000000000000000 ) ) ;
#197 = EDGE_CURVE ( 'NONE', #11, #645, #833, .T. ) ;
#198 = CARTESIAN_POINT ( 'NONE',  ( -2.850059895954885736, 5.279882440875898197, 4.799921871948003904 ) ) ;
#199 = DIRECTION ( 'NONE',  ( -1.000000000000000000, 0.000000000000000000, 0.000000000000000000 ) ) ;
#200 = ORIENTED_EDGE ( 'NONE', *, *, #1535, .F. ) ;
#201 = EDGE_LOOP ( 'NONE', ( #891, #510, #162, #1696, #1842, #1134, #218, #557 ) ) ;
#202 = CARTESIAN_POINT ( 'NONE',  ( -0.04660714285714286781, -3.262167074849890547, 4.446988214730376754 ) ) ;
#203 = CARTESIAN_POINT ( 'NONE',  ( -2.850059895954885736, 5.279882440875898197, -4.799999999999999822 ) ) ;
#204 = CARTESIAN_POINT ( 'NONE',  ( -4.675059895954885469, 5.279882440875898197, -1.449999999999999956 ) ) ;
#205 = DIRECTION ( 'NONE',  ( -0.9998979539769782265, 0.01428571428571426966, 0.000000000000000000 ) ) ;
#206 = EDGE_CURVE ( 'NONE', #461, #9, #1303, .T. ) ;
#207 = AXIS2_PLACEMENT_3D ( 'NONE', #316, #271, #904 ) ;
#208 = TOROIDAL_SURFACE ( 'NONE', #1005, 2.999999999999999112, 1.000000000000000000 ) ;
#209 = ORIENTED_EDGE ( 'NONE', *, *, #1073, .T. ) ;
#210 = AXIS2_PLACEMENT_3D ( 'NONE', #484, #1510, #72 ) ;
#211 = ORIENTED_EDGE ( 'NONE', *, *, #1569, .F. ) ;
#212 = CARTESIAN_POINT ( 'NONE',  ( 0.000000000000000000, 0.000000000000000000, -3.399999999999999467 ) ) ;
#213 = AXIS2_PLACEMENT_3D ( 'NONE', #1078, #360, #769 ) ;
#214 = CARTESIAN_POINT ( 'NONE',  ( -2.225990487716879240, 3.353444698902006582, 4.799999999999999822 ) ) ;
#215 = CARTESIAN_POINT ( 'NONE',  ( -2.850059895954885736, 5.279882440875898197, 4.799921871948003904 ) ) ;
#216 = CARTESIAN_POINT ( 'NONE',  ( -5.599571179991197134, 4.079804235525520184, 1.449999999999999956 ) ) ;
#217 = EDGE_CURVE ( 'NONE', #335, #1006, #1555, .T. ) ;
#218 = ORIENTED_EDGE ( 'NONE', *, *, #823, .T. ) ;
#219 = EDGE_LOOP ( 'NONE', ( #57, #290, #1515, #283 ) ) ;
#220 = AXIS2_PLACEMENT_3D ( 'NONE', #272, #563, #855 ) ;
#221 = FACE_OUTER_BOUND ( 'NONE', #742, .T. ) ;
#222 = DIRECTION ( 'NONE',  ( -0.000000000000000000, -0.000000000000000000, -1.000000000000000000 ) ) ;
#223 = CARTESIAN_POINT ( 'NONE',  ( 0.7103052382093048012, 4.747153512218919680, 1.449999999999999956 ) ) ;
#224 = CARTESIAN_POINT ( 'NONE',  ( 3.024999999999999911, 3.704556567420743261E-16, -3.799999999999999378 ) ) ;
#225 = VERTEX_POINT ( 'NONE', #1424 ) ;
#226 = ADVANCED_FACE ( 'NONE', ( #1434 ), #944, .T. ) ;
#227 = ORIENTED_EDGE ( 'NONE', *, *, #1351, .T. ) ;
#228 = EDGE_CURVE ( 'NONE', #332, #488, #1213, .T. ) ;
#229 = DIRECTION ( 'NONE',  ( -0.4000260684501258379, 0.9165037613454378729, 0.000000000000000000 ) ) ;
#230 = DIRECTION ( 'NONE',  ( 1.000000000000000000, 0.000000000000000000, -0.000000000000000000 ) ) ;
#231 = CARTESIAN_POINT ( 'NONE',  ( 0.000000000000000000, 0.000000000000000000, 4.799999999999999822 ) ) ;
#232 = CARTESIAN_POINT ( 'NONE',  ( -0.5360672743028616072, 8.037678326531686679, 1.449999999999999956 ) ) ;
#233 = VERTEX_POINT ( 'NONE', #524 ) ;
#234 = TOROIDAL_SURFACE ( 'NONE', #472, 1.999999999999998668, 1.000000000000000000 ) ;
#235 = VERTEX_POINT ( 'NONE', #110 ) ;
#236 = TOROIDAL_SURFACE ( 'NONE', #1617, 2.024999999999999911, 1.000000000000000000 ) ;
#237 = DIRECTION ( 'NONE',  ( 1.000000000000000000, 0.000000000000000000, 0.000000000000000000 ) ) ;
#238 = VECTOR ( 'NONE', #1874, 1000.000000000000000 ) ;
#239 = EDGE_CURVE ( 'NONE', #335, #291, #261, .T. ) ;
#240 = CARTESIAN_POINT ( 'NONE',  ( 4.025000000000000355, 0.000000000000000000, -4.799999999999999822 ) ) ;
#241 = LINE ( 'NONE', #98, #734 ) ;
#242 = CARTESIAN_POINT ( 'NONE',  ( -2.006370244561676675, 3.459638209944391640, -4.799999999999999822 ) ) ;
#243 = CIRCLE ( 'NONE', #398, 1.000000000000000000 ) ;
#244 = ORIENTED_EDGE ( 'NONE', *, *, #150, .T. ) ;
#245 = ORIENTED_EDGE ( 'NONE', *, *, #1070, .T. ) ;
#246 = CARTESIAN_POINT ( 'NONE',  ( 2.613303376024489477, -2.762193984184289963, 4.775975794749030889 ) ) ;
#247 = CIRCLE ( 'NONE', #515, 3.600000000000000089 ) ;
#248 = DIRECTION ( 'NONE',  ( -0.000000000000000000, -0.000000000000000000, 1.000000000000000000 ) ) ;
#249 = CARTESIAN_POINT ( 'NONE',  ( -2.850059895954885736, 5.279882440875898197, -3.799999999999999378 ) ) ;
#250 = CARTESIAN_POINT ( 'NONE',  ( 0.000000000000000000, 0.000000000000000000, 4.799999999999999822 ) ) ;
#251 = CARTESIAN_POINT ( 'NONE',  ( -3.875059895954885647, 5.279882440875898197, -4.799999999999999822 ) ) ;
#252 = DIRECTION ( 'NONE',  ( -0.000000000000000000, -0.000000000000000000, 1.000000000000000000 ) ) ;
#253 = ADVANCED_FACE ( 'NONE', ( #824, #659 ), #687, .T. ) ;
#254 = ORIENTED_EDGE ( 'NONE', *, *, #1840, .F. ) ;
#255 = DIRECTION ( 'NONE',  ( 0.000000000000000000, 0.000000000000000000, 1.000000000000000000 ) ) ;
#256 = PRODUCT ( '指尖', '指尖', '', ( #1627 ) ) ;
#257 =( LENGTH_UNIT ( ) NAMED_UNIT ( * ) SI_UNIT ( .MILLI., .METRE. ) );
#258 = CARTESIAN_POINT ( 'NONE',  ( -3.024999999999999911, 0.000000000000000000, -3.399999999999999467 ) ) ;
#259 = DIRECTION ( 'NONE',  ( 1.000000000000000000, 0.000000000000000000, 0.000000000000000000 ) ) ;
#260 = CARTESIAN_POINT ( 'NONE',  ( -0.5179309028609507815, -3.461466102659628952, 1.449999999999999956 ) ) ;
#261 = LINE ( 'NONE', #805, #1032 ) ;
#262 = EDGE_CURVE ( 'NONE', #567, #313, #1614, .T. ) ;
#263 = ORIENTED_EDGE ( 'NONE', *, *, #578, .T. ) ;
#264 = VERTEX_POINT ( 'NONE', #100 ) ;
#265 = AXIS2_PLACEMENT_3D ( 'NONE', #1272, #1000, #1590 ) ;
#266 = AXIS2_PLACEMENT_3D ( 'NONE', #443, #746, #883 ) ;
#267 = LINE ( 'NONE', #1262, #420 ) ;
#268 = SURFACE_SIDE_STYLE ('',( #1782 ) ) ;
#269 = AXIS2_PLACEMENT_3D ( 'NONE', #1727, #1252, #1281 ) ;
#270 = CARTESIAN_POINT ( 'NONE',  ( -5.599571179991198022, 4.079804235525519296, -4.799999999999999822 ) ) ;
#271 = DIRECTION ( 'NONE',  ( -0.9998979539769781155, 0.01428571428571667572, 0.000000000000000000 ) ) ;
#272 = CARTESIAN_POINT ( 'NONE',  ( -0.05000000000000000278, -3.499642838919422516, -4.799999999999999822 ) ) ;
#273 = ORIENTED_EDGE ( 'NONE', *, *, #873, .F. ) ;
#274 = EDGE_CURVE ( 'NONE', #508, #878, #513, .T. ) ;
#275 = ORIENTED_EDGE ( 'NONE', *, *, #1084, .T. ) ;
#276 = CARTESIAN_POINT ( 'NONE',  ( -3.553126085964935843, 1.891010316533333180, -4.799999999999999822 ) ) ;
#277 = EDGE_CURVE ( 'NONE', #1822, #235, #1105, .T. ) ;
#278 = DIRECTION ( 'NONE',  ( 0.4000260684501258379, -0.9165037613454378729, 0.000000000000000000 ) ) ;
#279 = AXIS2_PLACEMENT_3D ( 'NONE', #1807, #1232, #60 ) ;
#280 = CARTESIAN_POINT ( 'NONE',  ( -2.850059895954885736, 5.279882440875898197, -3.799999999999999378 ) ) ;
#281 =( GEOMETRIC_REPRESENTATION_CONTEXT ( 3 ) GLOBAL_UNCERTAINTY_ASSIGNED_CONTEXT ( ( #618 ) ) GLOBAL_UNIT_ASSIGNED_CONTEXT ( ( #1632, #906, #1439 ) ) REPRESENTATION_CONTEXT ( 'NONE', 'WORKASPACE' ) );
#282 = ORIENTED_EDGE ( 'NONE', *, *, #1003, .F. ) ;
#283 = ORIENTED_EDGE ( 'NONE', *, *, #1027, .F. ) ;
#284 = ORIENTED_EDGE ( 'NONE', *, *, #414, .T. ) ;
#285 = ADVANCED_FACE ( 'NONE', ( #1001 ), #754, .T. ) ;
#286 = EDGE_CURVE ( 'NONE', #1329, #671, #1588, .T. ) ;
#287 = DIRECTION ( 'NONE',  ( -0.000000000000000000, -0.000000000000000000, 1.000000000000000000 ) ) ;
#288 = CARTESIAN_POINT ( 'NONE',  ( -2.850059895954885736, 5.279882440875898197, 1.249999999999999778 ) ) ;
#289 = DIRECTION ( 'NONE',  ( 1.000000000000000000, 0.000000000000000000, 0.000000000000000000 ) ) ;
#290 = ORIENTED_EDGE ( 'NONE', *, *, #1025, .T. ) ;
#291 = VERTEX_POINT ( 'NONE', #337 ) ;
#292 = EDGE_LOOP ( 'NONE', ( #3, #622, #942, #575, #478 ) ) ;
#293 = B_SPLINE_CURVE_WITH_KNOTS ( 'NONE', 3,
 ( #202, #58, #1671, #347, #634, #1814, #491, #380, #246, #989, #1008, #549 ),
 .UNSPECIFIED., .F., .F.,
 ( 4, 2, 2, 2, 2, 4 ),
 ( 3.756475681988848002E-06, 0.0008259201660482883532, 0.001648083856414587741, 0.002470247546780887128, 0.002881329391964036497, 0.003292411237147185865 ),
 .UNSPECIFIED. ) ;
#294 = CARTESIAN_POINT ( 'NONE',  ( -4.675059895954885469, 5.279882440875898197, 1.249999999999999778 ) ) ;
#295 = AXIS2_PLACEMENT_3D ( 'NONE', #1160, #1282, #1580 ) ;
#296 = APPLICATION_CONTEXT ( 'automotive_design' ) ;
#297 = EDGE_CURVE ( 'NONE', #880, #583, #556, .T. ) ;
#298 = AXIS2_PLACEMENT_3D ( 'NONE', #1251, #684, #1699 ) ;
#299 = AXIS2_PLACEMENT_3D ( 'NONE', #793, #656, #1233 ) ;
#300 = DIRECTION ( 'NONE',  ( 0.000000000000000000, 0.000000000000000000, 1.000000000000000000 ) ) ;
#301 = EDGE_LOOP ( 'NONE', ( #1080, #1307, #1014, #598, #516, #6, #1143 ) ) ;
#302 = VERTEX_POINT ( 'NONE', #453 ) ;
#303 = ORIENTED_EDGE ( 'NONE', *, *, #703, .F. ) ;
#304 = ORIENTED_EDGE ( 'NONE', *, *, #1508, .T. ) ;
#305 = DIRECTION ( 'NONE',  ( -0.000000000000000000, -0.000000000000000000, -1.000000000000000000 ) ) ;
#306 = DIRECTION ( 'NONE',  ( 1.000000000000000000, 0.000000000000000000, 0.000000000000000000 ) ) ;
#307 = EDGE_CURVE ( 'NONE', #872, #688, #1625, .T. ) ;
#308 = CIRCLE ( 'NONE', #926, 1.000000000000000222 ) ;
#309 = CYLINDRICAL_SURFACE ( 'NONE', #960, 3.024999999999999911 ) ;
#310 = ORIENTED_EDGE ( 'NONE', *, *, #540, .F. ) ;
#311 = ADVANCED_FACE ( 'NONE', ( #130 ), #15, .T. ) ;
#312 = VECTOR ( 'NONE', #1453, 1000.000000000000114 ) ;
#313 = VERTEX_POINT ( 'NONE', #1599 ) ;
#314 = EDGE_LOOP ( 'NONE', ( #1416, #284, #750, #760 ) ) ;
#315 = VERTEX_POINT ( 'NONE', #25 ) ;
#316 = CARTESIAN_POINT ( 'NONE',  ( 34.95714285714286262, -2.999693861930933458, 3.800000000000000266 ) ) ;
#317 = DIRECTION ( 'NONE',  ( -0.4000260684501258379, 0.9165037613454378729, -0.000000000000000000 ) ) ;
#318 = DIRECTION ( 'NONE',  ( 0.000000000000000000, 0.000000000000000000, -1.000000000000000000 ) ) ;
#319 = CARTESIAN_POINT ( 'NONE',  ( 0.000000000000000000, 0.000000000000000000, -3.799999999999999378 ) ) ;
#320 = VERTEX_POINT ( 'NONE', #325 ) ;
#321 = EDGE_CURVE ( 'NONE', #1525, #878, #1271, .T. ) ;
#322 = VERTEX_POINT ( 'NONE', #1591 ) ;
#323 = ORIENTED_EDGE ( 'NONE', *, *, #1595, .F. ) ;
#324 = CARTESIAN_POINT ( 'NONE',  ( -2.850059895954885736, 5.279882440875898197, -4.799999999999999822 ) ) ;
#325 = CARTESIAN_POINT ( 'NONE',  ( -4.675059895954885469, 5.279882440875898197, -1.249999999999999778 ) ) ;
#326 = AXIS2_PLACEMENT_3D ( 'NONE', #975, #956, #1254 ) ;
#327 = DIRECTION ( 'NONE',  ( 1.000000000000000000, 0.000000000000000000, -0.000000000000000000 ) ) ;
#328 = AXIS2_PLACEMENT_3D ( 'NONE', #997, #1853, #1725 ) ;
#329 = CARTESIAN_POINT ( 'NONE',  ( -2.513478103294610744, 8.260941430035552813, -3.799999999999999378 ) ) ;
#330 = DIRECTION ( 'NONE',  ( -0.9998979539769781155, 0.01428571428571426966, -0.000000000000000000 ) ) ;
#331 = TOROIDAL_SURFACE ( 'NONE', #662, 2.499999999999999556, 1.000000000000000000 ) ;
#332 = VERTEX_POINT ( 'NONE', #1325 ) ;
#333 = ORIENTED_EDGE ( 'NONE', *, *, #605, .F. ) ;
#334 = EDGE_CURVE ( 'NONE', #1537, #153, #1799, .T. ) ;
#335 = VERTEX_POINT ( 'NONE', #1335 ) ;
#336 = AXIS2_PLACEMENT_3D ( 'NONE', #64, #758, #1049 ) ;
#337 = CARTESIAN_POINT ( 'NONE',  ( -1.024999999999999911, 1.255262969126036846E-16, -1.449999999999999956 ) ) ;
#338 = EDGE_CURVE ( 'NONE', #320, #1305, #1178, .T. ) ;
#339 = AXIS2_PLACEMENT_3D ( 'NONE', #1401, #1122, #376 ) ;
#340 = DIRECTION ( 'NONE',  ( 0.000000000000000000, 0.000000000000000000, 1.000000000000000000 ) ) ;
#341 = CARTESIAN_POINT ( 'NONE',  ( 3.024999999999999911, 0.000000000000000000, 3.799999999999999378 ) ) ;
#342 = DIRECTION ( 'NONE',  ( 0.1479802579602717272, 0.9889903150456081926, -0.000000000000000000 ) ) ;
#343 = DIRECTION ( 'NONE',  ( -0.000000000000000000, -0.000000000000000000, 1.000000000000000000 ) ) ;
#344 = CIRCLE ( 'NONE', #1417, 1.000000000000000000 ) ;
#345 = VERTEX_POINT ( 'NONE', #745 ) ;
#346 = ORIENTED_EDGE ( 'NONE', *, *, #1106, .F. ) ;
#347 = CARTESIAN_POINT ( 'NONE',  ( 1.044225503034212021, -3.192329940098724173, 4.537481807203642248 ) ) ;
#348 = CARTESIAN_POINT ( 'NONE',  ( -4.025000000000000355, 4.929203366568097207E-16, -3.799999999999999378 ) ) ;
#349 = EDGE_CURVE ( 'NONE', #1780, #934, #1193, .T. ) ;
#350 = DIRECTION ( 'NONE',  ( -0.4000260684501258379, 0.9165037613454378729, -0.000000000000000000 ) ) ;
#351 = DIRECTION ( 'NONE',  ( 1.000000000000000000, 0.000000000000000000, 0.000000000000000000 ) ) ;
#352 = DIRECTION ( 'NONE',  ( -0.000000000000000000, -0.000000000000000000, 1.000000000000000000 ) ) ;
#353 = FACE_OUTER_BOUND ( 'NONE', #1101, .T. ) ;
#354 = ORIENTED_EDGE ( 'NONE', *, *, #691, .F. ) ;
#355 = ORIENTED_EDGE ( 'NONE', *, *, #586, .F. ) ;
#356 = DIRECTION ( 'NONE',  ( -0.9998979539769780045, 0.01428571428571667051, 0.000000000000000000 ) ) ;
#357 = DIRECTION ( 'NONE',  ( -0.000000000000000000, -0.000000000000000000, 1.000000000000000000 ) ) ;
#358 = EDGE_CURVE ( 'NONE', #1366, #363, #1766, .T. ) ;
#359 = DIRECTION ( 'NONE',  ( -0.000000000000000000, -0.000000000000000000, -1.000000000000000000 ) ) ;
#360 = DIRECTION ( 'NONE',  ( -0.000000000000000000, -0.000000000000000000, 1.000000000000000000 ) ) ;
#361 = TOROIDAL_SURFACE ( 'NONE', #594, 4.025000000000000355, 1.000000000000000000 ) ;
#362 = AXIS2_PLACEMENT_3D ( 'NONE', #454, #136, #864 ) ;
#363 = VERTEX_POINT ( 'NONE', #1640 ) ;
#364 = VECTOR ( 'NONE', #803, 999.9999999999998863 ) ;
#365 = ORIENTED_EDGE ( 'NONE', *, *, #1016, .F. ) ;
#366 = CYLINDRICAL_SURFACE ( 'NONE', #829, 1.024999999999999911 ) ;
#367 = CARTESIAN_POINT ( 'NONE',  ( -2.625672034181369074, 7.267255100315669125, 3.799999999999999378 ) ) ;
#368 = DIRECTION ( 'NONE',  ( 1.000000000000000000, 0.000000000000000000, 0.000000000000000000 ) ) ;
#369 = SHAPE_DEFINITION_REPRESENTATION ( #1112, #158 ) ;
#370 = EDGE_CURVE ( 'NONE', #967, #363, #192, .T. ) ;
#371 = ORIENTED_EDGE ( 'NONE', *, *, #789, .T. ) ;
#372 = CIRCLE ( 'NONE', #1342, 4.025000000000000355 ) ;
#373 = ORIENTED_EDGE ( 'NONE', *, *, #1291, .T. ) ;
#374 = DIRECTION ( 'NONE',  ( -1.000000000000000000, 0.000000000000000000, 0.000000000000000000 ) ) ;
#375 = LINE ( 'NONE', #964, #1216 ) ;
#376 = DIRECTION ( 'NONE',  ( 1.000000000000000000, 0.000000000000000000, 0.000000000000000000 ) ) ;
#377 = EDGE_LOOP ( 'NONE', ( #1526, #1616, #1069, #1043, #354, #1573 ) ) ;
#378 = EDGE_CURVE ( 'NONE', #160, #1703, #783, .T. ) ;
#379 = ORIENTED_EDGE ( 'NONE', *, *, #647, .F. ) ;
#380 = CARTESIAN_POINT ( 'NONE',  ( 2.485920270837151058, -2.810675776195259878, 4.762753641445052644 ) ) ;
#381 = EDGE_CURVE ( 'NONE', #1266, #880, #973, .T. ) ;
#382 = CARTESIAN_POINT ( 'NONE',  ( -2.850059895954885736, 5.279882440875898197, 1.449999999999999956 ) ) ;
#383 = CARTESIAN_POINT ( 'NONE',  ( 0.000000000000000000, 0.000000000000000000, -4.799999999999999822 ) ) ;
#384 = DIRECTION ( 'NONE',  ( -0.9936863297198855749, 0.1121939308867600377, 0.000000000000000000 ) ) ;
#385 = CARTESIAN_POINT ( 'NONE',  ( 0.000000000000000000, 0.000000000000000000, 3.800000000000000266 ) ) ;
#386 = AXIS2_PLACEMENT_3D ( 'NONE', #762, #172, #1141 ) ;
#387 = DIRECTION ( 'NONE',  ( -0.000000000000000000, -0.000000000000000000, 1.000000000000000000 ) ) ;
#388 = VERTEX_POINT ( 'NONE', #1506 ) ;
#389 = CIRCLE ( 'NONE', #328, 2.024999999999999911 ) ;
#390 = CARTESIAN_POINT ( 'NONE',  ( 0.7771435271340739748, 6.883054128149501238, 4.799999999999999822 ) ) ;
#391 = ADVANCED_FACE ( 'NONE', ( #1062 ), #234, .T. ) ;
#392 = CIRCLE ( 'NONE', #56, 4.025000000000000355 ) ;
#393 = DIRECTION ( 'NONE',  ( 1.000000000000000000, 0.000000000000000000, 0.000000000000000000 ) ) ;
#394 = ADVANCED_FACE ( 'NONE', ( #924 ), #361, .T. ) ;
#395 = CARTESIAN_POINT ( 'NONE',  ( -2.625672034181369519, 7.267255100315667349, -3.799999999999999378 ) ) ;
#396 = FACE_OUTER_BOUND ( 'NONE', #179, .T. ) ;
#397 = CARTESIAN_POINT ( 'NONE',  ( -1.582006206600620635, 3.701064895712734337, -4.799999999999999822 ) ) ;
#398 = AXIS2_PLACEMENT_3D ( 'NONE', #1656, #640, #1056 ) ;
#399 = ORIENTED_EDGE ( 'NONE', *, *, #1436, .F. ) ;
#400 = ORIENTED_EDGE ( 'NONE', *, *, #428, .T. ) ;
#401 = CARTESIAN_POINT ( 'NONE',  ( 35.00000000000000000, 0.000000000000000000, 4.799999999999999822 ) ) ;
#402 = AXIS2_PLACEMENT_3D ( 'NONE', #1522, #787, #804 ) ;
#403 = DIRECTION ( 'NONE',  ( 0.000000000000000000, 0.000000000000000000, 1.000000000000000000 ) ) ;
#404 = DIRECTION ( 'NONE',  ( -0.000000000000000000, -0.000000000000000000, 1.000000000000000000 ) ) ;
#405 = EDGE_CURVE ( 'NONE', #1773, #45, #689, .T. ) ;
#406 = DIRECTION ( 'NONE',  ( -0.000000000000000000, -0.000000000000000000, -1.000000000000000000 ) ) ;
#407 = DIRECTION ( 'NONE',  ( 0.000000000000000000, 0.000000000000000000, 1.000000000000000000 ) ) ;
#408 = DIRECTION ( 'NONE',  ( -0.000000000000000000, -0.000000000000000000, -1.000000000000000000 ) ) ;
#409 = EDGE_LOOP ( 'NONE', ( #1378, #1031, #346, #355, #460 ) ) ;
#410 = CYLINDRICAL_SURFACE ( 'NONE', #644, 2.999999999999998668 ) ;
#411 = DIRECTION ( 'NONE',  ( 0.9936863297198856859, -0.1121939308867587193, 0.000000000000000000 ) ) ;
#412 = CARTESIAN_POINT ( 'NONE',  ( -2.850059895954885736, 5.279882440875898197, 1.249999999999999778 ) ) ;
#413 = CARTESIAN_POINT ( 'NONE',  ( -2.850059895954885736, 5.279882440875898197, -3.799999999999999378 ) ) ;
#414 = EDGE_CURVE ( 'NONE', #673, #1366, #1214, .T. ) ;
#415 = ORIENTED_EDGE ( 'NONE', *, *, #884, .T. ) ;
#416 = LINE ( 'NONE', #142, #1064 ) ;
#417 = ORIENTED_EDGE ( 'NONE', *, *, #338, .T. ) ;
#418 = AXIS2_PLACEMENT_3D ( 'NONE', #1738, #1651, #471 ) ;
#419 = VECTOR ( 'NONE', #1129, 999.9999999999998863 ) ;
#420 = VECTOR ( 'NONE', #404, 1000.000000000000000 ) ;
#421 = CARTESIAN_POINT ( 'NONE',  ( -4.694523715662570318, 4.474829978120022922, -4.799921871948003904 ) ) ;
#422 = DIRECTION ( 'NONE',  ( 1.000000000000000000, 0.000000000000000000, 0.000000000000000000 ) ) ;
#423 =( NAMED_UNIT ( * ) PLANE_ANGLE_UNIT ( ) SI_UNIT ( $, .RADIAN. ) );
#424 = DIRECTION ( 'NONE',  ( 0.000000000000000000, 0.000000000000000000, -1.000000000000000000 ) ) ;
#425 = VERTEX_POINT ( 'NONE', #1517 ) ;
#426 = CARTESIAN_POINT ( 'NONE',  ( 35.00000000000000000, 0.000000000000000000, 3.800000000000000266 ) ) ;
#427 = ORIENTED_EDGE ( 'NONE', *, *, #503, .F. ) ;
#428 = EDGE_CURVE ( 'NONE', #160, #1773, #1643, .T. ) ;
#429 = ORIENTED_EDGE ( 'NONE', *, *, #206, .F. ) ;
#430 = CARTESIAN_POINT ( 'NONE',  ( -2.850059895954885736, 5.279882440875898197, 1.249999999999999778 ) ) ;
#431 = DIRECTION ( 'NONE',  ( 0.000000000000000000, 0.000000000000000000, 1.000000000000000000 ) ) ;
#432 = LINE ( 'NONE', #554, #419 ) ;
#433 = CIRCLE ( 'NONE', #1444, 1.000000000000000000 ) ;
#434 = ORIENTED_EDGE ( 'NONE', *, *, #586, .T. ) ;
#435 = CARTESIAN_POINT ( 'NONE',  ( 4.025000000000000355, 0.000000000000000000, 3.799999999999999378 ) ) ;
#436 = ORIENTED_EDGE ( 'NONE', *, *, #349, .F. ) ;
#437 = EDGE_CURVE ( 'NONE', #645, #1783, #1120, .T. ) ;
#438 = LINE ( 'NONE', #1775, #627 ) ;
#439 = CARTESIAN_POINT ( 'NONE',  ( 3.024999999999999911, 0.000000000000000000, 3.399999999999999467 ) ) ;
#440 = ORIENTED_EDGE ( 'NONE', *, *, #1027, .T. ) ;
#441 = EDGE_CURVE ( 'NONE', #1669, #1687, #912, .T. ) ;
#442 = DIRECTION ( 'NONE',  ( 1.000000000000000000, 0.000000000000000000, 0.000000000000000000 ) ) ;
#443 = CARTESIAN_POINT ( 'NONE',  ( 0.000000000000000000, 0.000000000000000000, 4.799999999999999822 ) ) ;
#444 = AXIS2_PLACEMENT_3D ( 'NONE', #1054, #1203, #1794 ) ;
#445 = CIRCLE ( 'NONE', #298, 1.000000000000000000 ) ;
#446 = EDGE_CURVE ( 'NONE', #1455, #1565, #845, .T. ) ;
#447 = AXIS2_PLACEMENT_3D ( 'NONE', #473, #1066, #502 ) ;
#448 = DIRECTION ( 'NONE',  ( -1.000000000000000000, 0.000000000000000000, 0.000000000000000000 ) ) ;
#449 = ORIENTED_EDGE ( 'NONE', *, *, #277, .T. ) ;
#450 = ORIENTED_EDGE ( 'NONE', *, *, #562, .F. ) ;
#451 = ORIENTED_EDGE ( 'NONE', *, *, #381, .F. ) ;
#452 = ORIENTED_EDGE ( 'NONE', *, *, #1840, .T. ) ;
#453 = CARTESIAN_POINT ( 'NONE',  ( -2.310460383042984844, 7.231665565525059236, 4.799999999999999822 ) ) ;
#454 = CARTESIAN_POINT ( 'NONE',  ( -2.850059895954885736, 5.279882440875898197, -3.799999999999999378 ) ) ;
#455 = EDGE_CURVE ( 'NONE', #345, #160, #120, .T. ) ;
#456 = FACE_BOUND ( 'NONE', #1107, .T. ) ;
#457 = AXIS2_PLACEMENT_3D ( 'NONE', #1429, #809, #1567 ) ;
#458 = DIRECTION ( 'NONE',  ( -0.01428571428571427139, -0.9998979539769781155, 0.000000000000000000 ) ) ;
#459 = ADVANCED_FACE ( 'NONE', ( #396 ), #992, .T. ) ;
#460 = ORIENTED_EDGE ( 'NONE', *, *, #609, .F. ) ;
#461 = VERTEX_POINT ( 'NONE', #708 ) ;
#462 = ORIENTED_EDGE ( 'NONE', *, *, #1648, .T. ) ;
#463 = DIRECTION ( 'NONE',  ( 0.000000000000000000, 0.000000000000000000, -1.000000000000000000 ) ) ;
#464 = DIRECTION ( 'NONE',  ( 0.9165037613454376508, 0.4000260684501262265, 0.000000000000000000 ) ) ;
#465 = EDGE_CURVE ( 'NONE', #44, #315, #756, .T. ) ;
#466 = FACE_OUTER_BOUND ( 'NONE', #34, .T. ) ;
#467 = ORIENTED_EDGE ( 'NONE', *, *, #647, .T. ) ;
#468 = EDGE_CURVE ( 'NONE', #425, #153, #1432, .T. ) ;
#469 = ORIENTED_EDGE ( 'NONE', *, *, #1019, .T. ) ;
#470 = DIRECTION ( 'NONE',  ( 0.000000000000000000, 0.000000000000000000, 1.000000000000000000 ) ) ;
#471 = DIRECTION ( 'NONE',  ( 1.000000000000000000, 0.000000000000000000, 0.000000000000000000 ) ) ;
#472 = AXIS2_PLACEMENT_3D ( 'NONE', #280, #164, #1360 ) ;
#473 = CARTESIAN_POINT ( 'NONE',  ( -2.850059895954885736, 5.279882440875898197, 3.800000000000000266 ) ) ;
#474 = AXIS2_PLACEMENT_3D ( 'NONE', #1449, #1765, #1757 ) ;
#475 = DIRECTION ( 'NONE',  ( 1.000000000000000000, 0.000000000000000000, 0.000000000000000000 ) ) ;
#476 = DIRECTION ( 'NONE',  ( 0.000000000000000000, 0.000000000000000000, 1.000000000000000000 ) ) ;
#477 = VECTOR ( 'NONE', #1375, 1000.000000000000000 ) ;
#478 = ORIENTED_EDGE ( 'NONE', *, *, #1425, .F. ) ;
#479 = EDGE_LOOP ( 'NONE', ( #1237, #1454, #589, #527 ) ) ;
#480 = EDGE_CURVE ( 'NONE', #728, #688, #876, .T. ) ;
#481 = CARTESIAN_POINT ( 'NONE',  ( -3.875059895954885647, 5.279882440875898197, -4.799999999999999822 ) ) ;
#482 = CIRCLE ( 'NONE', #1809, 1.824999999999999734 ) ;
#483 = DIRECTION ( 'NONE',  ( 0.4000260684501263375, -0.9165037613454376508, 0.000000000000000000 ) ) ;
#484 = CARTESIAN_POINT ( 'NONE',  ( 0.000000000000000000, 0.000000000000000000, 1.449999999999999956 ) ) ;
#485 = CARTESIAN_POINT ( 'NONE',  ( -1.791296313761210568, 3.575734276805123013, 4.799999999999999822 ) ) ;
#486 = PLANE ( 'NONE',  #336 ) ;
#487 = CIRCLE ( 'NONE', #1600, 1.024999999999999911 ) ;
#488 = VERTEX_POINT ( 'NONE', #1876 ) ;
#489 = AXIS2_PLACEMENT_3D ( 'NONE', #1577, #541, #530 ) ;
#490 = ORIENTED_EDGE ( 'NONE', *, *, #528, .T. ) ;
#491 = CARTESIAN_POINT ( 'NONE',  ( 2.101329934646586572, -2.945828419357011896, 4.714963153022848630 ) ) ;
#492 = CARTESIAN_POINT ( 'NONE',  ( 0.000000000000000000, 0.000000000000000000, -3.799999999999999378 ) ) ;
#493 = EDGE_CURVE ( 'NONE', #901, #461, #129, .T. ) ;
#494 = DIRECTION ( 'NONE',  ( 1.000000000000000000, 0.000000000000000000, 0.000000000000000000 ) ) ;
#495 = CARTESIAN_POINT ( 'NONE',  ( 0.000000000000000000, 0.000000000000000000, 3.399999999999999467 ) ) ;
#496 = CARTESIAN_POINT ( 'NONE',  ( -4.803529354745141866, 2.255984778326171725, -1.449999999999999956 ) ) ;
#497 = CARTESIAN_POINT ( 'NONE',  ( -4.605796786848270763, 4.282535092819014899, -4.799999999999999822 ) ) ;
#498 = CYLINDRICAL_SURFACE ( 'NONE', #576, 1.824999999999999734 ) ;
#499 = VERTEX_POINT ( 'NONE', #1459 ) ;
#500 = ORIENTED_EDGE ( 'NONE', *, *, #358, .F. ) ;
#501 = FACE_OUTER_BOUND ( 'NONE', #1328, .T. ) ;
#502 = DIRECTION ( 'NONE',  ( 1.000000000000000000, 0.000000000000000000, 0.000000000000000000 ) ) ;
#503 = EDGE_CURVE ( 'NONE', #967, #673, #1489, .T. ) ;
#504 = LINE ( 'NONE', #1362, #1574 ) ;
#505 = CARTESIAN_POINT ( 'NONE',  ( 3.118424940794919387, -2.544808615324187784, -4.799999999999999822 ) ) ;
#506 = VECTOR ( 'NONE', #406, 1000.000000000000000 ) ;
#507 = VECTOR ( 'NONE', #229, 1000.000000000000000 ) ;
#508 = VERTEX_POINT ( 'NONE', #1737 ) ;
#509 = CIRCLE ( 'NONE', #630, 1.024999999999999911 ) ;
#510 = ORIENTED_EDGE ( 'NONE', *, *, #1873, .T. ) ;
#511 = FACE_OUTER_BOUND ( 'NONE', #201, .T. ) ;
#512 = FACE_OUTER_BOUND ( 'NONE', #1004, .T. ) ;
#513 = LINE ( 'NONE', #1264, #1395 ) ;
#514 = EDGE_CURVE ( 'NONE', #225, #1753, #1735, .T. ) ;
#515 = AXIS2_PLACEMENT_3D ( 'NONE', #1477, #1905, #442 ) ;
#516 = ORIENTED_EDGE ( 'NONE', *, *, #823, .F. ) ;
#517 = ORIENTED_EDGE ( 'NONE', *, *, #562, .T. ) ;
#518 = AXIS2_PLACEMENT_3D ( 'NONE', #552, #248, #1389 ) ;
#519 = CARTESIAN_POINT ( 'NONE',  ( -2.850059895954885736, 5.279882440875898197, -1.449999999999999956 ) ) ;
#520 = SURFACE_SIDE_STYLE ('',( #1420 ) ) ;
#521 = CIRCLE ( 'NONE', #1571, 2.024999999999999911 ) ;
#522 = FACE_OUTER_BOUND ( 'NONE', #828, .T. ) ;
#523 = CARTESIAN_POINT ( 'NONE',  ( -2.990093521389490583, -1.305085048318536334, 4.446988214730376754 ) ) ;
#524 = CARTESIAN_POINT ( 'NONE',  ( -2.513478103294610744, 8.260941430035552813, 1.449999999999999956 ) ) ;
#525 = EDGE_CURVE ( 'NONE', #1687, #664, #566, .T. ) ;
#526 = ORIENTED_EDGE ( 'NONE', *, *, #1447, .T. ) ;
#527 = ORIENTED_EDGE ( 'NONE', *, *, #703, .T. ) ;
#528 = EDGE_CURVE ( 'NONE', #1800, #645, #432, .T. ) ;
#529 = DIRECTION ( 'NONE',  ( 1.000000000000000000, 0.000000000000000000, 0.000000000000000000 ) ) ;
#530 = DIRECTION ( 'NONE',  ( 1.000000000000000000, 0.000000000000000000, 0.000000000000000000 ) ) ;
#531 = CARTESIAN_POINT ( 'NONE',  ( -3.311432357819936723, -0.4465394755108835212, 4.510593562373707677 ) ) ;
#532 = CARTESIAN_POINT ( 'NONE',  ( -2.291259403363594682, -1.000065171125315455, -3.799999999999999378 ) ) ;
#533 = CARTESIAN_POINT ( 'NONE',  ( 0.000000000000000000, 0.000000000000000000, -3.399999999999999467 ) ) ;
#534 = ORIENTED_EDGE ( 'NONE', *, *, #779, .T. ) ;
#535 = DIRECTION ( 'NONE',  ( 1.000000000000000000, 0.000000000000000000, 0.000000000000000000 ) ) ;
#536 = ORIENTED_EDGE ( 'NONE', *, *, #170, .T. ) ;
#537 = AXIS2_PLACEMENT_3D ( 'NONE', #755, #1194, #494 ) ;
#538 = LINE ( 'NONE', #390, #1153 ) ;
#539 = AXIS2_PLACEMENT_3D ( 'NONE', #1218, #617, #1825 ) ;
#540 = EDGE_CURVE ( 'NONE', #719, #508, #661, .T. ) ;
#541 = DIRECTION ( 'NONE',  ( 0.000000000000000000, 0.000000000000000000, 1.000000000000000000 ) ) ;
#542 = CARTESIAN_POINT ( 'NONE',  ( -3.175431778711830688, -0.8804546970636158987, 4.446988214730703604 ) ) ;
#543 = CARTESIAN_POINT ( 'NONE',  ( -5.599571179991198022, 4.079804235525519296, 1.449999999999999956 ) ) ;
#544 = TOROIDAL_SURFACE ( 'NONE', #1250, 4.025000000000000355, 1.000000000000000000 ) ;
#545 = CARTESIAN_POINT ( 'NONE',  ( 1.045405805523075271, -3.207930052897092654, -4.538469321811587243 ) ) ;
#546 = CARTESIAN_POINT ( 'NONE',  ( 38.00000000000000711, 0.000000000000000000, -3.799999999999999378 ) ) ;
#547 = ORIENTED_EDGE ( 'NONE', *, *, #1016, .T. ) ;
#548 = ORIENTED_EDGE ( 'NONE', *, *, #334, .T. ) ;
#549 = CARTESIAN_POINT ( 'NONE',  ( 3.118424940794918498, -2.544808615324189116, 4.799999999999999822 ) ) ;
#550 = AXIS2_PLACEMENT_3D ( 'NONE', #1158, #1596, #1309 ) ;
#551 = EDGE_CURVE ( 'NONE', #315, #952, #1240, .T. ) ;
#552 = CARTESIAN_POINT ( 'NONE',  ( 0.000000000000000000, 0.000000000000000000, -3.399999999999999467 ) ) ;
#553 = VECTOR ( 'NONE', #1898, 1000.000000000000000 ) ;
#554 = CARTESIAN_POINT ( 'NONE',  ( -2.513478103294610744, 8.260941430035552813, 3.800000000000000266 ) ) ;
#555 = CARTESIAN_POINT ( 'NONE',  ( 2.994374840676270466, -2.602547806635637784, -4.800000000000003375 ) ) ;
#556 = LINE ( 'NONE', #1284, #1460 ) ;
#557 = ORIENTED_EDGE ( 'NONE', *, *, #468, .T. ) ;
#558 = DIRECTION ( 'NONE',  ( -0.9936863297198856859, 0.1121939308867587193, 0.000000000000000000 ) ) ;
#559 = CARTESIAN_POINT ( 'NONE',  ( -2.850059895954885736, 5.279882440875898197, 1.249999999999999778 ) ) ;
#560 = DIRECTION ( 'NONE',  ( 0.000000000000000000, 0.000000000000000000, -1.000000000000000000 ) ) ;
#561 = CARTESIAN_POINT ( 'NONE',  ( -2.850059895954885736, 5.279882440875898197, 3.800000000000000266 ) ) ;
#562 = EDGE_CURVE ( 'NONE', #1644, #1426, #1736, .T. ) ;
#563 = DIRECTION ( 'NONE',  ( -0.01428571428571426966, -0.9998979539769781155, 0.000000000000000000 ) ) ;
#564 = ORIENTED_EDGE ( 'NONE', *, *, #1210, .T. ) ;
#565 = ORIENTED_EDGE ( 'NONE', *, *, #1611, .T. ) ;
#566 = CIRCLE ( 'NONE', #1491, 3.000000000000002665 ) ;
#567 = VERTEX_POINT ( 'NONE', #1263 ) ;
#568 = VECTOR ( 'NONE', #96, 1000.000000000000000 ) ;
#569 = AXIS2_PLACEMENT_3D ( 'NONE', #1205, #1808, #649 ) ;
#570 = CYLINDRICAL_SURFACE ( 'NONE', #550, 1.000000000000000222 ) ;
#571 = DIRECTION ( 'NONE',  ( -0.000000000000000000, -0.000000000000000000, 1.000000000000000000 ) ) ;
#572 = CARTESIAN_POINT ( 'NONE',  ( -2.291259403363594682, -1.000065171125314567, 4.799999999999999822 ) ) ;
#573 = DIRECTION ( 'NONE',  ( 0.000000000000000000, 0.000000000000000000, 1.000000000000000000 ) ) ;
#574 = EDGE_CURVE ( 'NONE', #1903, #388, #85, .T. ) ;
#575 = ORIENTED_EDGE ( 'NONE', *, *, #1611, .F. ) ;
#576 = AXIS2_PLACEMENT_3D ( 'NONE', #1512, #1235, #199 ) ;
#577 = VERTEX_POINT ( 'NONE', #686 ) ;
#578 = EDGE_CURVE ( 'NONE', #1822, #1023, #1866, .T. ) ;
#579 = ORIENTED_EDGE ( 'NONE', *, *, #705, .F. ) ;
#580 = FACE_OUTER_BOUND ( 'NONE', #1393, .T. ) ;
#581 = FACE_OUTER_BOUND ( 'NONE', #1544, .T. ) ;
#582 = CARTESIAN_POINT ( 'NONE',  ( -3.207763164709032111, -1.400091239575441016, 1.449999999999999956 ) ) ;
#583 = VERTEX_POINT ( 'NONE', #808 ) ;
#584 = ORIENTED_EDGE ( 'NONE', *, *, #286, .F. ) ;
#585 = ORIENTED_EDGE ( 'NONE', *, *, #1302, .F. ) ;
#586 = EDGE_CURVE ( 'NONE', #302, #826, #139, .T. ) ;
#587 = FACE_OUTER_BOUND ( 'NONE', #806, .T. ) ;
#588 = DIRECTION ( 'NONE',  ( 0.4000260684501258379, -0.9165037613454378729, 0.000000000000000000 ) ) ;
#589 = ORIENTED_EDGE ( 'NONE', *, *, #1396, .T. ) ;
#590 = EDGE_LOOP ( 'NONE', ( #801, #1899 ) ) ;
#591 = CARTESIAN_POINT ( 'NONE',  ( -3.561218570615738876, 1.570292577487126806, 4.792706897860814941 ) ) ;
#592 = EDGE_CURVE ( 'NONE', #1852, #1644, #116, .T. ) ;
#593 = FACE_BOUND ( 'NONE', #590, .T. ) ;
#594 = AXIS2_PLACEMENT_3D ( 'NONE', #46, #1806, #1072 ) ;
#595 = AXIS2_PLACEMENT_3D ( 'NONE', #250, #1451, #138 ) ;
#596 = TOROIDAL_SURFACE ( 'NONE', #1494, 2.999999999999999112, 1.000000000000000000 ) ;
#597 = DIRECTION ( 'NONE',  ( -0.000000000000000000, -0.000000000000000000, -1.000000000000000000 ) ) ;
#598 = ORIENTED_EDGE ( 'NONE', *, *, #605, .T. ) ;
#599 = DIRECTION ( 'NONE',  ( 0.000000000000000000, -1.000000000000000000, 0.000000000000000000 ) ) ;
#600 = EDGE_LOOP ( 'NONE', ( #1476, #1870 ) ) ;
#601 = ORIENTED_EDGE ( 'NONE', *, *, #670, .F. ) ;
#602 = ORIENTED_EDGE ( 'NONE', *, *, #691, .T. ) ;
#603 = CARTESIAN_POINT ( 'NONE',  ( -3.555819476878429253, 1.252397653306326131, 4.768171887274234244 ) ) ;
#604 = DIRECTION ( 'NONE',  ( 0.9936863297198856859, -0.1121939308867587193, 0.000000000000000000 ) ) ;
#605 = EDGE_CURVE ( 'NONE', #1455, #425, #293, .T. ) ;
#606 = VECTOR ( 'NONE', #342, 1000.000000000000114 ) ;
#607 = LINE ( 'NONE', #1683, #157 ) ;
#608 = AXIS2_PLACEMENT_3D ( 'NONE', #492, #753, #635 ) ;
#609 = EDGE_CURVE ( 'NONE', #1902, #302, #538, .T. ) ;
#610 = DIRECTION ( 'NONE',  ( 0.000000000000000000, 0.000000000000000000, 1.000000000000000000 ) ) ;
#611 = DIRECTION ( 'NONE',  ( 0.000000000000000000, 0.000000000000000000, 1.000000000000000000 ) ) ;
#612 = AXIS2_PLACEMENT_3D ( 'NONE', #1767, #737, #448 ) ;
#613 = ORIENTED_EDGE ( 'NONE', *, *, #1038, .T. ) ;
#614 = ORIENTED_EDGE ( 'NONE', *, *, #437, .F. ) ;
#615 = VERTEX_POINT ( 'NONE', #276 ) ;
#616 = DIRECTION ( 'NONE',  ( 1.000000000000000000, 0.000000000000000000, 0.000000000000000000 ) ) ;
#617 = DIRECTION ( 'NONE',  ( 0.000000000000000000, 0.000000000000000000, 1.000000000000000000 ) ) ;
#618 = UNCERTAINTY_MEASURE_WITH_UNIT (LENGTH_MEASURE( 1.000000000000000082E-05 ), #1632, 'distance_accuracy_value', 'NONE');
#619 = CARTESIAN_POINT ( 'NONE',  ( 0.000000000000000000, 0.000000000000000000, 3.399999999999999467 ) ) ;
#620 = EDGE_CURVE ( 'NONE', #302, #44, #389, .T. ) ;
#621 = ORIENTED_EDGE ( 'NONE', *, *, #89, .T. ) ;
#622 = ORIENTED_EDGE ( 'NONE', *, *, #1106, .T. ) ;
#623 = DIRECTION ( 'NONE',  ( 1.224646799147353207E-16, 1.000000000000000000, -0.000000000000000000 ) ) ;
#624 = AXIS2_PLACEMENT_3D ( 'NONE', #385, #407, #368 ) ;
#625 = CARTESIAN_POINT ( 'NONE',  ( -4.683067418645760149, 4.479830303975645300, 3.799999999999999378 ) ) ;
#626 = DIRECTION ( 'NONE',  ( 1.000000000000000000, 0.000000000000000000, 0.000000000000000000 ) ) ;
#627 = VECTOR ( 'NONE', #604, 999.9999999999998863 ) ;
#628 = DIRECTION ( 'NONE',  ( -0.9998979539769781155, 0.01428571428571426966, -0.000000000000000000 ) ) ;
#629 = FACE_OUTER_BOUND ( 'NONE', #1200, .T. ) ;
#630 = AXIS2_PLACEMENT_3D ( 'NONE', #1723, #408, #870 ) ;
#631 = ADVANCED_FACE ( 'NONE', ( #860 ), #208, .T. ) ;
#632 = ORIENTED_EDGE ( 'NONE', *, *, #525, .F. ) ;
#633 = ORIENTED_EDGE ( 'NONE', *, *, #1447, .F. ) ;
#634 = CARTESIAN_POINT ( 'NONE',  ( 1.313069933530916833, -3.145607233200501618, 4.583399352307289121 ) ) ;
#635 = DIRECTION ( 'NONE',  ( 1.000000000000000000, 0.000000000000000000, 0.000000000000000000 ) ) ;
#636 = AXIS2_PLACEMENT_3D ( 'NONE', #42, #1339, #1523 ) ;
#637 = DIRECTION ( 'NONE',  ( -1.000000000000000000, 0.000000000000000000, 0.000000000000000000 ) ) ;
#638 = FACE_OUTER_BOUND ( 'NONE', #713, .T. ) ;
#639 = CARTESIAN_POINT ( 'NONE',  ( -4.652200285436178362, 4.377862340121256857, -4.799921871948003016 ) ) ;
#640 = DIRECTION ( 'NONE',  ( 0.9998979539769781155, -0.01428571428571429047, -2.090684736350980809E-17 ) ) ;
#641 = LINE ( 'NONE', #1820, #1009 ) ;
#642 = AXIS2_PLACEMENT_3D ( 'NONE', #71, #916, #927 ) ;
#643 = ORIENTED_EDGE ( 'NONE', *, *, #1458, .F. ) ;
#644 = AXIS2_PLACEMENT_3D ( 'NONE', #1110, #1708, #998 ) ;
#645 = VERTEX_POINT ( 'NONE', #1418 ) ;
#646 = AXIS2_PLACEMENT_3D ( 'NONE', #1384, #352, #918 ) ;
#647 = EDGE_CURVE ( 'NONE', #692, #1813, #1215, .T. ) ;
#648 = LINE ( 'NONE', #1204, #957 ) ;
#649 = DIRECTION ( 'NONE',  ( 1.000000000000000000, 0.000000000000000000, 0.000000000000000000 ) ) ;
#650 = CARTESIAN_POINT ( 'NONE',  ( -4.605796786846195090, 4.282535092820113576, 4.799999999999999822 ) ) ;
#651 = CARTESIAN_POINT ( 'NONE',  ( -0.03571428571428574006, -2.499744884942444845, -4.799999999999999822 ) ) ;
#652 = ORIENTED_EDGE ( 'NONE', *, *, #1265, .F. ) ;
#653 = ORIENTED_EDGE ( 'NONE', *, *, #228, .T. ) ;
#654 = EDGE_CURVE ( 'NONE', #1637, #1257, #1279, .T. ) ;
#655 = CARTESIAN_POINT ( 'NONE',  ( 0.1516797644092788555, 1.013715072921748339, -1.449999999999999956 ) ) ;
#656 = DIRECTION ( 'NONE',  ( -0.000000000000000000, -0.000000000000000000, -1.000000000000000000 ) ) ;
#657 = AXIS2_PLACEMENT_3D ( 'NONE', #288, #560, #1570 ) ;
#658 = LINE ( 'NONE', #1511, #606 ) ;
#659 = FACE_OUTER_BOUND ( 'NONE', #1551, .T. ) ;
#660 = DIRECTION ( 'NONE',  ( -0.9936863297198856859, 0.1121939308867587193, 0.000000000000000000 ) ) ;
#661 = CIRCLE ( 'NONE', #1682, 1.824999999999999734 ) ;
#662 = AXIS2_PLACEMENT_3D ( 'NONE', #319, #611, #168 ) ;
#663 = ORIENTED_EDGE ( 'NONE', *, *, #1291, .F. ) ;
#664 = VERTEX_POINT ( 'NONE', #125 ) ;
#665 = PLANE ( 'NONE',  #70 ) ;
#666 = DIRECTION ( 'NONE',  ( -0.9998979539769781155, 0.01428571428571427139, -1.160262203307737325E-18 ) ) ;
#667 = EDGE_CURVE ( 'NONE', #153, #1060, #1463, .T. ) ;
#668 = FACE_OUTER_BOUND ( 'NONE', #721, .T. ) ;
#669 = CARTESIAN_POINT ( 'NONE',  ( -3.404637200095695704, -2.274639878055404464E-15, -4.584314985509578833 ) ) ;
#670 = EDGE_CURVE ( 'NONE', #1783, #1060, #445, .T. ) ;
#671 = VERTEX_POINT ( 'NONE', #1428 ) ;
#672 = CIRCLE ( 'NONE', #1848, 1.000000000000000000 ) ;
#673 = VERTEX_POINT ( 'NONE', #1117 ) ;
#674 = AXIS2_PLACEMENT_3D ( 'NONE', #140, #1615, #1740 ) ;
#675 = CARTESIAN_POINT ( 'NONE',  ( 0.7103052382093048012, 4.747153512218919680, 1.449999999999999956 ) ) ;
#676 = AXIS2_PLACEMENT_3D ( 'NONE', #1797, #359, #1838 ) ;
#677 = CARTESIAN_POINT ( 'NONE',  ( -2.850059895954885736, 5.279882440875898197, 1.249999999999999778 ) ) ;
#678 = DIRECTION ( 'NONE',  ( -0.000000000000000000, -0.000000000000000000, -1.000000000000000000 ) ) ;
#679 = PLANE ( 'NONE',  #766 ) ;
#680 = DIRECTION ( 'NONE',  ( 1.000000000000000000, 0.000000000000000000, 0.000000000000000000 ) ) ;
#681 = EDGE_CURVE ( 'NONE', #1058, #1492, #148, .T. ) ;
#682 = ORIENTED_EDGE ( 'NONE', *, *, #194, .T. ) ;
#683 = ORIENTED_EDGE ( 'NONE', *, *, #884, .F. ) ;
#684 = DIRECTION ( 'NONE',  ( 0.000000000000000000, -1.000000000000000000, 0.000000000000000000 ) ) ;
#685 = CARTESIAN_POINT ( 'NONE',  ( -3.404637200094561056, -5.433777068933875243E-12, 4.584314985508681772 ) ) ;
#686 = CARTESIAN_POINT ( 'NONE',  ( -0.04660714285714287475, -3.262167074849890991, -4.446988214730375866 ) ) ;
#687 = PLANE ( 'NONE',  #147 ) ;
#688 = VERTEX_POINT ( 'NONE', #694 ) ;
#689 = CIRCLE ( 'NONE', #812, 1.000000000000000000 ) ;
#690 = CARTESIAN_POINT ( 'NONE',  ( -0.5179309028609507815, -3.461466102659628952, -1.449999999999999956 ) ) ;
#691 = EDGE_CURVE ( 'NONE', #152, #1552, #1556, .T. ) ;
#692 = VERTEX_POINT ( 'NONE', #1843 ) ;
#693 = AXIS2_PLACEMENT_3D ( 'NONE', #1419, #180, #1082 ) ;
#694 = CARTESIAN_POINT ( 'NONE',  ( -3.553126085964935843, 1.891010316533333180, 4.799999999999999822 ) ) ;
#695 = CIRCLE ( 'NONE', #1771, 1.000000000000000000 ) ;
#696 = SURFACE_STYLE_USAGE ( .BOTH. , #520 ) ;
#697 = DIRECTION ( 'NONE',  ( 0.1121939308867587470, 0.9936863297198856859, 0.000000000000000000 ) ) ;
#698 = DIRECTION ( 'NONE',  ( 0.4000260684501258379, -0.9165037613454378729, 0.000000000000000000 ) ) ;
#699 = DIRECTION ( 'NONE',  ( 0.000000000000000000, 0.000000000000000000, 1.000000000000000000 ) ) ;
#700 = ORIENTED_EDGE ( 'NONE', *, *, #574, .F. ) ;
#701 = ORIENTED_EDGE ( 'NONE', *, *, #1535, .T. ) ;
#702 = CARTESIAN_POINT ( 'NONE',  ( -2.850059895954885736, 5.279882440875898197, -4.799999999999999822 ) ) ;
#703 = EDGE_CURVE ( 'NONE', #1155, #1248, #722, .T. ) ;
#704 = COLOUR_RGB ( '',0.7921568627450980005, 0.8196078431372548767, 0.9333333333333333481 ) ;
#705 = EDGE_CURVE ( 'NONE', #225, #1266, #819, .T. ) ;
#706 = CARTESIAN_POINT ( 'NONE',  ( -3.548554122343165584, 1.094072891658883329, -4.750861003767181678 ) ) ;
#707 =( GEOMETRIC_REPRESENTATION_CONTEXT ( 3 ) GLOBAL_UNCERTAINTY_ASSIGNED_CONTEXT ( ( #917 ) ) GLOBAL_UNIT_ASSIGNED_CONTEXT ( ( #1579, #423, #1893 ) ) REPRESENTATION_CONTEXT ( 'NONE', 'WORKASPACE' ) );
#708 = CARTESIAN_POINT ( 'NONE',  ( -5.599571179991197134, 4.079804235525520184, -1.449999999999999956 ) ) ;
#709 = DIRECTION ( 'NONE',  ( 0.1479802579602717272, 0.9889903150456081926, -0.000000000000000000 ) ) ;
#710 = FACE_OUTER_BOUND ( 'NONE', #188, .T. ) ;
#711 = VERTEX_POINT ( 'NONE', #675 ) ;
#712 = ORIENTED_EDGE ( 'NONE', *, *, #1185, .T. ) ;
#713 = EDGE_LOOP ( 'NONE', ( #1341, #1229 ) ) ;
#714 = FILL_AREA_STYLE ('',( #1146 ) ) ;
#715 = ADVANCED_FACE ( 'NONE', ( #1260 ), #1645, .T. ) ;
#716 = DIRECTION ( 'NONE',  ( 0.9936863297198856859, -0.1121939308867588581, 0.000000000000000000 ) ) ;
#717 = CARTESIAN_POINT ( 'NONE',  ( 0.7103052382093048012, 4.747153512218919680, 1.449999999999999956 ) ) ;
#718 = ORIENTED_EDGE ( 'NONE', *, *, #1604, .T. ) ;
#719 = VERTEX_POINT ( 'NONE', #294 ) ;
#720 = VECTOR ( 'NONE', #699, 1000.000000000000000 ) ;
#721 = EDGE_LOOP ( 'NONE', ( #585, #1190, #32, #782 ) ) ;
#722 = CIRCLE ( 'NONE', #1528, 1.824999999999999512 ) ;
#723 = VECTOR ( 'NONE', #825, 1000.000000000000000 ) ;
#724 = DIRECTION ( 'NONE',  ( 0.000000000000000000, 0.000000000000000000, 1.000000000000000000 ) ) ;
#725 = CARTESIAN_POINT ( 'NONE',  ( 35.00000000000000000, 0.000000000000000000, 3.800000000000000266 ) ) ;
#726 = EDGE_CURVE ( 'NONE', #1669, #11, #847, .T. ) ;
#727 = DIRECTION ( 'NONE',  ( 1.000000000000000000, 0.000000000000000000, 0.000000000000000000 ) ) ;
#728 = VERTEX_POINT ( 'NONE', #1010 ) ;
#729 = ADVANCED_FACE ( 'NONE', ( #587, #593 ), #1457, .F. ) ;
#730 = DIRECTION ( 'NONE',  ( 0.000000000000000000, 0.000000000000000000, 1.000000000000000000 ) ) ;
#731 = VECTOR ( 'NONE', #330, 1000.000000000000114 ) ;
#732 = ORIENTED_EDGE ( 'NONE', *, *, #1154, .T. ) ;
#733 = ORIENTED_EDGE ( 'NONE', *, *, #1094, .F. ) ;
#734 = VECTOR ( 'NONE', #1745, 1000.000000000000000 ) ;
#735 = CARTESIAN_POINT ( 'NONE',  ( -1.025059895954886002, 5.279882440875898197, -1.249999999999999778 ) ) ;
#736 = DIRECTION ( 'NONE',  ( 0.000000000000000000, 0.000000000000000000, 1.000000000000000000 ) ) ;
#737 = DIRECTION ( 'NONE',  ( 0.000000000000000000, 0.000000000000000000, 1.000000000000000000 ) ) ;
#738 = ORIENTED_EDGE ( 'NONE', *, *, #1695, .F. ) ;
#739 = DIRECTION ( 'NONE',  ( -0.9936863297198856859, 0.1121939308867587193, 0.000000000000000000 ) ) ;
#740 = ORIENTED_EDGE ( 'NONE', *, *, #197, .F. ) ;
#741 = ADVANCED_FACE ( 'NONE', ( #581 ), #236, .T. ) ;
#742 = EDGE_LOOP ( 'NONE', ( #1610, #564, #65, #275 ) ) ;
#743 = ORIENTED_EDGE ( 'NONE', *, *, #654, .F. ) ;
#744 = DIRECTION ( 'NONE',  ( -1.000000000000000000, 0.000000000000000000, 0.000000000000000000 ) ) ;
#745 = CARTESIAN_POINT ( 'NONE',  ( 3.024999999999999911, 3.704556567420743261E-16, -3.399999999999999467 ) ) ;
#746 = DIRECTION ( 'NONE',  ( -0.000000000000000000, -0.000000000000000000, -1.000000000000000000 ) ) ;
#747 = LINE ( 'NONE', #1175, #33 ) ;
#748 = ORIENTED_EDGE ( 'NONE', *, *, #1164, .F. ) ;
#749 = ORIENTED_EDGE ( 'NONE', *, *, #1073, .F. ) ;
#750 = ORIENTED_EDGE ( 'NONE', *, *, #358, .T. ) ;
#751 = ADVANCED_FACE ( 'NONE', ( #165 ), #1894, .T. ) ;
#752 = VECTOR ( 'NONE', #278, 1000.000000000000000 ) ;
#753 = DIRECTION ( 'NONE',  ( 0.000000000000000000, 0.000000000000000000, 1.000000000000000000 ) ) ;
#754 = CYLINDRICAL_SURFACE ( 'NONE', #1862, 3.499999999999999556 ) ;
#755 = CARTESIAN_POINT ( 'NONE',  ( -2.850059895954885736, 5.279882440875898197, -4.799999999999999822 ) ) ;
#756 = CIRCLE ( 'NONE', #295, 2.024999999999999911 ) ;
#757 = AXIS2_PLACEMENT_3D ( 'NONE', #435, #599, #1189 ) ;
#758 = DIRECTION ( 'NONE',  ( 0.000000000000000000, 0.000000000000000000, 1.000000000000000000 ) ) ;
#759 = CYLINDRICAL_SURFACE ( 'NONE', #86, 1.000000000000000000 ) ;
#760 = ORIENTED_EDGE ( 'NONE', *, *, #370, .F. ) ;
#761 = ORIENTED_EDGE ( 'NONE', *, *, #54, .T. ) ;
#762 = CARTESIAN_POINT ( 'NONE',  ( 35.00000000000000000, 0.000000000000000000, -3.799999999999999378 ) ) ;
#763 = EDGE_CURVE ( 'NONE', #615, #132, #1906, .T. ) ;
#764 = CARTESIAN_POINT ( 'NONE',  ( -0.05000000000000000278, -3.499642838919422516, -3.799999999999999378 ) ) ;
#765 = DIRECTION ( 'NONE',  ( 1.000000000000000000, 0.000000000000000000, 0.000000000000000000 ) ) ;
#766 = AXIS2_PLACEMENT_3D ( 'NONE', #1856, #1225, #38 ) ;
#767 = VECTOR ( 'NONE', #802, 1000.000000000000000 ) ;
#768 = CARTESIAN_POINT ( 'NONE',  ( -4.675059895954885469, 5.279882440875898197, 1.449999999999999956 ) ) ;
#769 = DIRECTION ( 'NONE',  ( 1.000000000000000000, 0.000000000000000000, 0.000000000000000000 ) ) ;
#770 = VERTEX_POINT ( 'NONE', #1174 ) ;
#771 = CIRCLE ( 'NONE', #1133, 3.024999999999999911 ) ;
#772 = ORIENTED_EDGE ( 'NONE', *, *, #465, .F. ) ;
#773 = ORIENTED_EDGE ( 'NONE', *, *, #378, .T. ) ;
#774 = B_SPLINE_CURVE_WITH_KNOTS ( 'NONE', 3,
 ( #1867, #1104, #545, #1693, #1130, #1283, #841, #1433, #555, #1253 ),
 .UNSPECIFIED., .F., .F.,
 ( 4, 2, 2, 2, 4 ),
 ( 3.746300342538134218E-06, 0.001645696833433259350, 0.002466672099978620050, 0.002877159733251300183, 0.003287647366523979448 ),
 .UNSPECIFIED. ) ;
#775 = CARTESIAN_POINT ( 'NONE',  ( -4.675059895954885469, 5.279882440875898197, -1.249999999999999778 ) ) ;
#776 = DIRECTION ( 'NONE',  ( -1.000000000000000000, 1.224646799147353454E-16, 0.000000000000000000 ) ) ;
#777 = CARTESIAN_POINT ( 'NONE',  ( 0.000000000000000000, 0.000000000000000000, -3.399999999999999467 ) ) ;
#778 = DIRECTION ( 'NONE',  ( 0.000000000000000000, 0.000000000000000000, -1.000000000000000000 ) ) ;
#779 = EDGE_CURVE ( 'NONE', #1426, #901, #1123, .T. ) ;
#780 = CARTESIAN_POINT ( 'NONE',  ( -0.8250598959548857136, 5.279882440875898197, 4.800000000000000711 ) ) ;
#781 = ORIENTED_EDGE ( 'NONE', *, *, #1231, .F. ) ;
#782 = ORIENTED_EDGE ( 'NONE', *, *, #437, .T. ) ;
#783 = CIRCLE ( 'NONE', #83, 1.000000000000000000 ) ;
#784 = DIRECTION ( 'NONE',  ( 1.000000000000000000, 0.000000000000000000, 0.000000000000000000 ) ) ;
#785 = LINE ( 'NONE', #1817, #364 ) ;
#786 = AXIS2_PLACEMENT_3D ( 'NONE', #1468, #431, #1326 ) ;
#787 = DIRECTION ( 'NONE',  ( 0.000000000000000000, -1.000000000000000000, 0.000000000000000000 ) ) ;
#788 = FACE_OUTER_BOUND ( 'NONE', #169, .T. ) ;
#789 = EDGE_CURVE ( 'NONE', #1783, #1537, #1435, .T. ) ;
#790 = ORIENTED_EDGE ( 'NONE', *, *, #861, .F. ) ;
#791 = ORIENTED_EDGE ( 'NONE', *, *, #1348, .F. ) ;
#792 = DIRECTION ( 'NONE',  ( 0.000000000000000000, 0.000000000000000000, 1.000000000000000000 ) ) ;
#793 = CARTESIAN_POINT ( 'NONE',  ( -2.850059895954885736, 5.279882440875898197, -4.799921871948003904 ) ) ;
#794 = VECTOR ( 'NONE', #724, 1000.000000000000000 ) ;
#795 = DIRECTION ( 'NONE',  ( 0.9998979539769782265, -0.01428571428571426966, 0.000000000000000000 ) ) ;
#796 = LINE ( 'NONE', #1412, #723 ) ;
#797 = CIRCLE ( 'NONE', #190, 1.824999999999999512 ) ;
#798 = ORIENTED_EDGE ( 'NONE', *, *, #23, .F. ) ;
#799 = CIRCLE ( 'NONE', #1020, 4.025000000000000355 ) ;
#800 = EDGE_CURVE ( 'NONE', #233, #163, #438, .T. ) ;
#801 = ORIENTED_EDGE ( 'NONE', *, *, #181, .F. ) ;
#802 = DIRECTION ( 'NONE',  ( -0.000000000000000000, -0.000000000000000000, 1.000000000000000000 ) ) ;
#803 = DIRECTION ( 'NONE',  ( 0.9936863297198856859, -0.1121939308867587193, -0.000000000000000000 ) ) ;
#804 = DIRECTION ( 'NONE',  ( 0.000000000000000000, 0.000000000000000000, -1.000000000000000000 ) ) ;
#805 = CARTESIAN_POINT ( 'NONE',  ( -1.024999999999999911, 1.255262969126036846E-16, -4.799999999999999822 ) ) ;
#806 = EDGE_LOOP ( 'NONE', ( #1602, #1033, #245, #1724, #1584, #263, #133, #21, #791 ) ) ;
#807 = ADVANCED_FACE ( 'NONE', ( #1300 ), #1037, .F. ) ;
#808 = CARTESIAN_POINT ( 'NONE',  ( -0.1516797644092781894, -1.013715072921748339, -1.449999999999999956 ) ) ;
#809 = DIRECTION ( 'NONE',  ( -0.000000000000000000, -0.000000000000000000, 1.000000000000000000 ) ) ;
#810 = EDGE_CURVE ( 'NONE', #1780, #291, #881, .T. ) ;
#811 = CARTESIAN_POINT ( 'NONE',  ( -3.561219742578574543, 1.570116333413621890, -4.792697944105291263 ) ) ;
#812 = AXIS2_PLACEMENT_3D ( 'NONE', #348, #623, #776 ) ;
#813 = CARTESIAN_POINT ( 'NONE',  ( -2.513478103294610744, 8.260941430035552813, -1.449999999999999956 ) ) ;
#814 = CARTESIAN_POINT ( 'NONE',  ( -2.990093521389490583, -1.305085048318536334, -4.446988214730375866 ) ) ;
#815 = AXIS2_PLACEMENT_3D ( 'NONE', #14, #7, #1317 ) ;
#816 = AXIS2_PLACEMENT_3D ( 'NONE', #559, #1119, #1548 ) ;
#817 = ORIENTED_EDGE ( 'NONE', *, *, #446, .T. ) ;
#818 = ORIENTED_EDGE ( 'NONE', *, *, #321, .T. ) ;
#819 = LINE ( 'NONE', #1406, #568 ) ;
#820 = CARTESIAN_POINT ( 'NONE',  ( -2.414397818174822241, 7.251559083282194784, -4.800000000000042455 ) ) ;
#821 = DIRECTION ( 'NONE',  ( 0.9165037613454377619, 0.4000260684501260600, 0.000000000000000000 ) ) ;
#822 = AXIS2_PLACEMENT_3D ( 'NONE', #1868, #965, #1694 ) ;
#823 = EDGE_CURVE ( 'NONE', #952, #425, #1832, .T. ) ;
#824 = FACE_BOUND ( 'NONE', #1297, .T. ) ;
#825 = DIRECTION ( 'NONE',  ( 0.4000260684501258379, -0.9165037613454378729, 0.000000000000000000 ) ) ;
#826 = VERTEX_POINT ( 'NONE', #1486 ) ;
#827 = VECTOR ( 'NONE', #1293, 1000.000000000000000 ) ;
#828 = EDGE_LOOP ( 'NONE', ( #517, #749, #1402, #748, #1267 ) ) ;
#829 = AXIS2_PLACEMENT_3D ( 'NONE', #203, #1065, #1499 ) ;
#830 = CARTESIAN_POINT ( 'NONE',  ( 0.000000000000000000, 0.000000000000000000, 3.399999999999999467 ) ) ;
#831 = DIRECTION ( 'NONE',  ( -0.000000000000000000, -0.000000000000000000, -1.000000000000000000 ) ) ;
#832 = CARTESIAN_POINT ( 'NONE',  ( -2.310460383042972410, 7.231665565525054795, -4.799999999999999822 ) ) ;
#833 = LINE ( 'NONE', #1392, #1892 ) ;
#834 = EDGE_CURVE ( 'NONE', #1822, #1536, #1707, .T. ) ;
#835 = ORIENTED_EDGE ( 'NONE', *, *, #925, .T. ) ;
#836 = ORIENTED_EDGE ( 'NONE', *, *, #1070, .F. ) ;
#837 = DIRECTION ( 'NONE',  ( 0.000000000000000000, 0.000000000000000000, 1.000000000000000000 ) ) ;
#838 = CARTESIAN_POINT ( 'NONE',  ( -2.310460383042972410, 7.231665565525054795, -4.799999999999999822 ) ) ;
#839 = CARTESIAN_POINT ( 'NONE',  ( -4.025000000000000355, 4.929203366568097207E-16, 3.799999999999999378 ) ) ;
#840 = CARTESIAN_POINT ( 'NONE',  ( 3.024999999999999911, 3.704556567420743261E-16, -3.399999999999999467 ) ) ;
#841 = CARTESIAN_POINT ( 'NONE',  ( 2.613471096146901651, -2.762128803040318381, -4.775991778174094371 ) ) ;
#842 = CYLINDRICAL_SURFACE ( 'NONE', #339, 3.999999999999996447 ) ;
#843 = ADVANCED_FACE ( 'NONE', ( #905 ), #1021, .F. ) ;
#844 = ORIENTED_EDGE ( 'NONE', *, *, #150, .F. ) ;
#845 = CIRCLE ( 'NONE', #265, 3.262499999999999734 ) ;
#846 = ORIENTED_EDGE ( 'NONE', *, *, #620, .F. ) ;
#847 = CIRCLE ( 'NONE', #815, 0.9999999999999997780 ) ;
#848 = EDGE_CURVE ( 'NONE', #132, #322, #1802, .T. ) ;
#849 = AXIS2_PLACEMENT_3D ( 'NONE', #677, #1399, #88 ) ;
#850 = LINE ( 'NONE', #1026, #794 ) ;
#851 = DIRECTION ( 'NONE',  ( -0.000000000000000000, -0.000000000000000000, 1.000000000000000000 ) ) ;
#852 = SURFACE_STYLE_USAGE ( .BOTH. , #268 ) ;
#853 = DIRECTION ( 'NONE',  ( 1.000000000000000000, -8.881784197001241477E-16, 0.000000000000000000 ) ) ;
#854 = CARTESIAN_POINT ( 'NONE',  ( 0.7103052382093048012, 4.747153512218919680, -1.449999999999999956 ) ) ;
#855 = DIRECTION ( 'NONE',  ( 0.9998979539769781155, -0.01428571428571426966, 0.000000000000000000 ) ) ;
#856 = ORIENTED_EDGE ( 'NONE', *, *, #274, .F. ) ;
#857 = CARTESIAN_POINT ( 'NONE',  ( -1.025059895954886002, 5.279882440875898197, 1.449999999999999956 ) ) ;
#858 = AXIS2_PLACEMENT_3D ( 'NONE', #324, #1202, #1496 ) ;
#859 = ORIENTED_EDGE ( 'NONE', *, *, #1154, .F. ) ;
#860 = FACE_OUTER_BOUND ( 'NONE', #1713, .T. ) ;
#861 = EDGE_CURVE ( 'NONE', #934, #1714, #976, .T. ) ;
#862 = AXIS2_PLACEMENT_3D ( 'NONE', #1039, #1168, #1758 ) ;
#863 = CARTESIAN_POINT ( 'NONE',  ( 34.94285714285714306, -3.999591815907911130, -3.799999999999999378 ) ) ;
#864 = DIRECTION ( 'NONE',  ( 1.000000000000000000, 0.000000000000000000, 0.000000000000000000 ) ) ;
#865 = PRESENTATION_LAYER_ASSIGNMENT (  '', '', ( #1692 ) ) ;
#866 = CARTESIAN_POINT ( 'NONE',  ( -2.625672034181369519, 7.267255100315668237, -3.799999999999999378 ) ) ;
#867 = DIRECTION ( 'NONE',  ( 1.000000000000000000, 0.000000000000000000, 0.000000000000000000 ) ) ;
#868 = CARTESIAN_POINT ( 'NONE',  ( -2.513478103294610744, 8.260941430035552813, -4.799999999999999822 ) ) ;
#869 = EDGE_LOOP ( 'NONE', ( #200, #1821, #1619, #859, #633, #772, #1367, #500 ) ) ;
#870 = DIRECTION ( 'NONE',  ( 1.000000000000000000, 0.000000000000000000, 0.000000000000000000 ) ) ;
#871 = ORIENTED_EDGE ( 'NONE', *, *, #1019, .F. ) ;
#872 = VERTEX_POINT ( 'NONE', #1403 ) ;
#873 = EDGE_CURVE ( 'NONE', #313, #1903, #94, .T. ) ;
#874 = FACE_OUTER_BOUND ( 'NONE', #1702, .T. ) ;
#875 = ADVANCED_FACE ( 'NONE', ( #1415 ), #1507, .T. ) ;
#876 = LINE ( 'NONE', #572, #752 ) ;
#877 = ORIENTED_EDGE ( 'NONE', *, *, #681, .T. ) ;
#878 = VERTEX_POINT ( 'NONE', #857 ) ;
#879 = AXIS2_PLACEMENT_3D ( 'NONE', #122, #1131, #680 ) ;
#880 = VERTEX_POINT ( 'NONE', #690 ) ;
#881 = CIRCLE ( 'NONE', #18, 1.024999999999999911 ) ;
#882 = CIRCLE ( 'NONE', #210, 1.024999999999999911 ) ;
#883 = DIRECTION ( 'NONE',  ( 1.000000000000000000, 0.000000000000000000, 0.000000000000000000 ) ) ;
#884 = EDGE_CURVE ( 'NONE', #291, #583, #1007, .T. ) ;
#885 = FACE_OUTER_BOUND ( 'NONE', #600, .T. ) ;
#886 = CLOSED_SHELL ( 'NONE', ( #631, #751, #994, #50, #741, #897, #1685, #1289, #76, #875, #1698, #1388, #1717, #807, #40, #1788, #12, #729, #1521, #1582, #980, #285, #459, #1741, #971, #159, #1900, #1675, #1255, #101, #1730, #253, #1448, #1636, #1313, #1181, #1364, #1884, #1623, #843, #1127, #1896, #715, #951, #126, #1050, #1059, #5, #226, #1823, #391, #311, #1336, #1198, #394, #962, #1139, #27 ) ) ;
#887 = ORIENTED_EDGE ( 'NONE', *, *, #334, .F. ) ;
#888 = CARTESIAN_POINT ( 'NONE',  ( -1.825059895954886047, 5.279882440875898197, 1.249999999999999778 ) ) ;
#889 = AXIS2_PLACEMENT_3D ( 'NONE', #619, #51, #949 ) ;
#890 = ORIENTED_EDGE ( 'NONE', *, *, #217, .F. ) ;
#891 = ORIENTED_EDGE ( 'NONE', *, *, #667, .T. ) ;
#892 = ORIENTED_EDGE ( 'NONE', *, *, #1268, .T. ) ;
#893 = B_SPLINE_CURVE_WITH_KNOTS ( 'NONE', 3,
 ( #1234, #639, #497, #79 ),
 .UNSPECIFIED., .F., .F.,
 ( 4, 4 ),
 ( 0.0001995651749157048495, 0.0005169449193728034488 ),
 .UNSPECIFIED. ) ;
#894 = DIRECTION ( 'NONE',  ( 1.000000000000000000, 0.000000000000000000, 0.000000000000000000 ) ) ;
#895 = AXIS2_PLACEMENT_3D ( 'NONE', #1718, #97, #1407 ) ;
#896 = FACE_OUTER_BOUND ( 'NONE', #1490, .T. ) ;
#897 = ADVANCED_FACE ( 'NONE', ( #1881 ), #1804, .T. ) ;
#898 = ORIENTED_EDGE ( 'NONE', *, *, #592, .F. ) ;
#899 = LINE ( 'NONE', #1513, #178 ) ;
#900 = APPLICATION_PROTOCOL_DEFINITION ( 'draft international standard', 'automotive_design', 1998, #1450 ) ;
#901 = VERTEX_POINT ( 'NONE', #1750 ) ;
#902 = ORIENTED_EDGE ( 'NONE', *, *, #1558, .T. ) ;
#903 = ORIENTED_EDGE ( 'NONE', *, *, #135, .F. ) ;
#904 = DIRECTION ( 'NONE',  ( -0.01428571428571667745, -0.9998979539769781155, 0.000000000000000000 ) ) ;
#905 = FACE_OUTER_BOUND ( 'NONE', #1890, .T. ) ;
#906 =( NAMED_UNIT ( * ) PLANE_ANGLE_UNIT ( ) SI_UNIT ( $, .RADIAN. ) );
#907 = DIRECTION ( 'NONE',  ( -1.000000000000000000, 0.000000000000000000, 0.000000000000000000 ) ) ;
#908 = ORIENTED_EDGE ( 'NONE', *, *, #1633, .F. ) ;
#909 = ORIENTED_EDGE ( 'NONE', *, *, #206, .T. ) ;
#910 = EDGE_CURVE ( 'NONE', #499, #264, #509, .T. ) ;
#911 = ORIENTED_EDGE ( 'NONE', *, *, #1376, .T. ) ;
#912 = CIRCLE ( 'NONE', #1681, 3.000000000000002665 ) ;
#913 = CARTESIAN_POINT ( 'NONE',  ( -3.553126085964935843, 1.891010316533333180, 4.799999999999999822 ) ) ;
#914 = AXIS2_PLACEMENT_3D ( 'NONE', #1855, #831, #1422 ) ;
#915 = CIRCLE ( 'NONE', #816, 1.024999999999999467 ) ;
#916 = DIRECTION ( 'NONE',  ( 0.000000000000000000, 0.000000000000000000, 1.000000000000000000 ) ) ;
#917 = UNCERTAINTY_MEASURE_WITH_UNIT (LENGTH_MEASURE( 1.000000000000000082E-05 ), #1579, 'distance_accuracy_value', 'NONE');
#918 = DIRECTION ( 'NONE',  ( 1.000000000000000000, 0.000000000000000000, 0.000000000000000000 ) ) ;
#919 = DIRECTION ( 'NONE',  ( -1.000000000000000000, 0.000000000000000000, 0.000000000000000000 ) ) ;
#920 = B_SPLINE_CURVE_WITH_KNOTS ( 'NONE', 3,
 ( #1500, #485, #1666, #214 ),
 .UNSPECIFIED., .F., .F.,
 ( 4, 4 ),
 ( -1.218607408446155895E-05, 0.0007196547628205471987 ),
 .UNSPECIFIED. ) ;
#921 = ORIENTED_EDGE ( 'NONE', *, *, #1595, .T. ) ;
#922 = ORIENTED_EDGE ( 'NONE', *, *, #1554, .T. ) ;
#923 = ORIENTED_EDGE ( 'NONE', *, *, #1115, .F. ) ;
#924 = FACE_OUTER_BOUND ( 'NONE', #1277, .T. ) ;
#925 = EDGE_CURVE ( 'NONE', #1329, #1537, #416, .T. ) ;
#926 = AXIS2_PLACEMENT_3D ( 'NONE', #1145, #1864, #821 ) ;
#927 = DIRECTION ( 'NONE',  ( 1.000000000000000000, 0.000000000000000000, 0.000000000000000000 ) ) ;
#928 = EDGE_CURVE ( 'NONE', #952, #1058, #1560, .T. ) ;
#929 = CARTESIAN_POINT ( 'NONE',  ( 38.00000000000000711, 0.000000000000000000, 4.799999999999999822 ) ) ;
#930 = VECTOR ( 'NONE', #151, 1000.000000000000000 ) ;
#931 = DIRECTION ( 'NONE',  ( 0.000000000000000000, 0.000000000000000000, -1.000000000000000000 ) ) ;
#932 = CARTESIAN_POINT ( 'NONE',  ( 0.000000000000000000, 0.000000000000000000, 3.799999999999999378 ) ) ;
#933 = AXIS2_PLACEMENT_3D ( 'NONE', #1113, #384, #974 ) ;
#934 = VERTEX_POINT ( 'NONE', #1355 ) ;
#935 = CARTESIAN_POINT ( 'NONE',  ( -3.875059895954885647, 5.279882440875898197, 3.800000000000000266 ) ) ;
#936 = DIRECTION ( 'NONE',  ( -1.000000000000000000, 0.000000000000000000, 0.000000000000000000 ) ) ;
#937 = CARTESIAN_POINT ( 'NONE',  ( -2.850059895954885736, 5.279882440875898197, 4.799999999999999822 ) ) ;
#938 = EDGE_CURVE ( 'NONE', #583, #1258, #1618, .T. ) ;
#939 = DIRECTION ( 'NONE',  ( -1.000000000000000000, 0.000000000000000000, 0.000000000000000000 ) ) ;
#940 = CARTESIAN_POINT ( 'NONE',  ( 1.024999999999999911, 0.000000000000000000, -4.799999999999999822 ) ) ;
#941 = ORIENTED_EDGE ( 'NONE', *, *, #1756, .F. ) ;
#942 = ORIENTED_EDGE ( 'NONE', *, *, #1413, .F. ) ;
#943 = DIRECTION ( 'NONE',  ( 1.000000000000000000, 0.000000000000000000, 0.000000000000000000 ) ) ;
#944 = TOROIDAL_SURFACE ( 'NONE', #624, 2.499999999999999556, 1.000000000000000000 ) ;
#945 = DIRECTION ( 'NONE',  ( 0.000000000000000000, 0.000000000000000000, -1.000000000000000000 ) ) ;
#946 = DIRECTION ( 'NONE',  ( 1.000000000000000000, 0.000000000000000000, 0.000000000000000000 ) ) ;
#947 = AXIS2_PLACEMENT_3D ( 'NONE', #725, #736, #1786 ) ;
#948 = CYLINDRICAL_SURFACE ( 'NONE', #646, 1.024999999999999911 ) ;
#949 = DIRECTION ( 'NONE',  ( 1.000000000000000000, 0.000000000000000000, 0.000000000000000000 ) ) ;
#950 = TOROIDAL_SURFACE ( 'NONE', #1710, 2.024999999999999911, 1.000000000000000000 ) ;
#951 = ADVANCED_FACE ( 'NONE', ( #1051 ), #759, .T. ) ;
#952 = VERTEX_POINT ( 'NONE', #1760 ) ;
#953 = ORIENTED_EDGE ( 'NONE', *, *, #1859, .T. ) ;
#954 = DIRECTION ( 'NONE',  ( -0.1121939308867583168, -0.9936863297198856859, 0.000000000000000000 ) ) ;
#955 = LINE ( 'NONE', #1219, #1196 ) ;
#956 = DIRECTION ( 'NONE',  ( -0.000000000000000000, -0.000000000000000000, -1.000000000000000000 ) ) ;
#957 = VECTOR ( 'NONE', #350, 1000.000000000000000 ) ;
#958 = EDGE_CURVE ( 'NONE', #1637, #1329, #899, .T. ) ;
#959 = ORIENTED_EDGE ( 'NONE', *, *, #1458, .T. ) ;
#960 = AXIS2_PLACEMENT_3D ( 'NONE', #1478, #597, #166 ) ;
#961 = ORIENTED_EDGE ( 'NONE', *, *, #239, .F. ) ;
#962 = ADVANCED_FACE ( 'NONE', ( #1041 ), #331, .T. ) ;
#963 = DIRECTION ( 'NONE',  ( 0.000000000000000000, 0.000000000000000000, 1.000000000000000000 ) ) ;
#964 = CARTESIAN_POINT ( 'NONE',  ( -2.513478103294610744, 8.260941430035552813, -3.799999999999999378 ) ) ;
#965 = DIRECTION ( 'NONE',  ( -0.000000000000000000, -0.000000000000000000, -1.000000000000000000 ) ) ;
#966 = DIRECTION ( 'NONE',  ( 0.000000000000000000, 0.000000000000000000, 1.000000000000000000 ) ) ;
#967 = VERTEX_POINT ( 'NONE', #888 ) ;
#968 = PRODUCT_RELATED_PRODUCT_CATEGORY ( 'part', '', ( #256 ) ) ;
#969 = ORIENTED_EDGE ( 'NONE', *, *, #89, .F. ) ;
#970 = CARTESIAN_POINT ( 'NONE',  ( 0.000000000000000000, 0.000000000000000000, 3.399999999999999467 ) ) ;
#971 = ADVANCED_FACE ( 'NONE', ( #1480 ), #1488, .T. ) ;
#972 = CARTESIAN_POINT ( 'NONE',  ( -3.559231665093846253, 1.731960473170351289, -4.799999999999999822 ) ) ;
#973 = CIRCLE ( 'NONE', #418, 3.500000000000000000 ) ;
#974 = DIRECTION ( 'NONE',  ( -0.1121939308867600238, -0.9936863297198854639, 0.000000000000000000 ) ) ;
#975 = CARTESIAN_POINT ( 'NONE',  ( -2.850059895954885736, 5.279882440875898197, -1.249999999999999778 ) ) ;
#976 = CIRCLE ( 'NONE', #1863, 3.600000000000000089 ) ;
#977 = VECTOR ( 'NONE', #1653, 1000.000000000000000 ) ;
#978 = ORIENTED_EDGE ( 'NONE', *, *, #514, .F. ) ;
#979 = ORIENTED_EDGE ( 'NONE', *, *, #455, .F. ) ;
#980 = ADVANCED_FACE ( 'NONE', ( #1828 ), #1236, .T. ) ;
#981 = CARTESIAN_POINT ( 'NONE',  ( -3.024999999999999911, 0.000000000000000000, -3.799999999999999378 ) ) ;
#982 = CARTESIAN_POINT ( 'NONE',  ( -0.05000000000000000278, -3.499642838919422516, 3.800000000000000266 ) ) ;
#983 = CARTESIAN_POINT ( 'NONE',  ( -5.599571179991198022, 4.079804235525519296, -4.799999999999999822 ) ) ;
#984 = LINE ( 'NONE', #813, #1706 ) ;
#985 = EDGE_LOOP ( 'NONE', ( #732, #55, #1169 ) ) ;
#986 = DIRECTION ( 'NONE',  ( 0.000000000000000000, 0.000000000000000000, 1.000000000000000000 ) ) ;
#987 = AXIS2_PLACEMENT_3D ( 'NONE', #625, #483, #464 ) ;
#988 = ORIENTED_EDGE ( 'NONE', *, *, #1280, .F. ) ;
#989 = CARTESIAN_POINT ( 'NONE',  ( 2.866778233238997053, -2.658511346294593736, 4.794589637868679866 ) ) ;
#990 = LINE ( 'NONE', #117, #767 ) ;
#991 = PLANE ( 'NONE',  #66 ) ;
#992 = PLANE ( 'NONE',  #1589 ) ;
#993 = DIRECTION ( 'NONE',  ( -0.000000000000000000, -0.000000000000000000, 1.000000000000000000 ) ) ;
#994 = ADVANCED_FACE ( 'NONE', ( #1543 ), #1834, .T. ) ;
#995 = ORIENTED_EDGE ( 'NONE', *, *, #1323, .F. ) ;
#996 = ORIENTED_EDGE ( 'NONE', *, *, #428, .F. ) ;
#997 = CARTESIAN_POINT ( 'NONE',  ( -2.850059895954885736, 5.279882440875898197, 4.799999999999999822 ) ) ;
#998 = DIRECTION ( 'NONE',  ( 1.000000000000000000, 0.000000000000000000, 0.000000000000000000 ) ) ;
#999 = DIRECTION ( 'NONE',  ( -1.000000000000000000, 1.224646799147353454E-16, 0.000000000000000000 ) ) ;
#1000 = DIRECTION ( 'NONE',  ( -0.000000000000000000, -0.000000000000000000, -1.000000000000000000 ) ) ;
#1001 = FACE_OUTER_BOUND ( 'NONE', #1679, .T. ) ;
#1002 = VECTOR ( 'NONE', #1720, 1000.000000000000114 ) ;
#1003 = EDGE_CURVE ( 'NONE', #1753, #45, #1875, .T. ) ;
#1004 = EDGE_LOOP ( 'NONE', ( #1754, #1474, #1035, #1759 ) ) ;
#1005 = AXIS2_PLACEMENT_3D ( 'NONE', #1861, #1716, #1446 ) ;
#1006 = VERTEX_POINT ( 'NONE', #52 ) ;
#1007 = CIRCLE ( 'NONE', #1308, 1.024999999999999911 ) ;
#1008 = CARTESIAN_POINT ( 'NONE',  ( 2.994195268721043135, -2.602631388379898603, 4.800000000000005151 ) ) ;
#1009 = VECTOR ( 'NONE', #1678, 1000.000000000000000 ) ;
#1010 = CARTESIAN_POINT ( 'NONE',  ( -4.556173373952495886, 4.189102077927014278, 4.799999999999999822 ) ) ;
#1011 = CARTESIAN_POINT ( 'NONE',  ( 0.000000000000000000, 0.000000000000000000, -3.799999999999999378 ) ) ;
#1012 = DIRECTION ( 'NONE',  ( 0.000000000000000000, -1.000000000000000000, 0.000000000000000000 ) ) ;
#1013 = CARTESIAN_POINT ( 'NONE',  ( -1.024999999999999911, 1.255262969126036846E-16, 3.399999999999999467 ) ) ;
#1014 = ORIENTED_EDGE ( 'NONE', *, *, #446, .F. ) ;
#1015 = DIRECTION ( 'NONE',  ( 1.000000000000000000, 0.000000000000000000, 0.000000000000000000 ) ) ;
#1016 = EDGE_CURVE ( 'NONE', #567, #1780, #1079, .T. ) ;
#1017 = ORIENTED_EDGE ( 'NONE', *, *, #1268, .F. ) ;
#1018 = ORIENTED_EDGE ( 'NONE', *, *, #1207, .F. ) ;
#1019 = EDGE_CURVE ( 'NONE', #692, #1492, #641, .T. ) ;
#1020 = AXIS2_PLACEMENT_3D ( 'NONE', #1029, #573, #289 ) ;
#1021 = CYLINDRICAL_SURFACE ( 'NONE', #1369, 3.024999999999999911 ) ;
#1022 = DIRECTION ( 'NONE',  ( -1.000000000000000000, 0.000000000000000000, 0.000000000000000000 ) ) ;
#1023 = VERTEX_POINT ( 'NONE', #216 ) ;
#1024 = ORIENTED_EDGE ( 'NONE', *, *, #239, .T. ) ;
#1025 = EDGE_CURVE ( 'NONE', #901, #225, #796, .T. ) ;
#1026 = CARTESIAN_POINT ( 'NONE',  ( -2.513478103294610744, 8.260941430035552813, -4.799999999999999822 ) ) ;
#1027 = EDGE_CURVE ( 'NONE', #461, #1266, #102, .T. ) ;
#1028 = DIRECTION ( 'NONE',  ( 0.000000000000000000, 0.000000000000000000, 1.000000000000000000 ) ) ;
#1029 = CARTESIAN_POINT ( 'NONE',  ( 0.000000000000000000, 0.000000000000000000, -4.799999999999999822 ) ) ;
#1030 = ORIENTED_EDGE ( 'NONE', *, *, #551, .F. ) ;
#1031 = ORIENTED_EDGE ( 'NONE', *, *, #528, .F. ) ;
#1032 = VECTOR ( 'NONE', #80, 1000.000000000000000 ) ;
#1033 = ORIENTED_EDGE ( 'NONE', *, *, #262, .T. ) ;
#1034 = AXIS2_PLACEMENT_3D ( 'NONE', #702, #1732, #1553 ) ;
#1035 = ORIENTED_EDGE ( 'NONE', *, *, #274, .T. ) ;
#1036 = CIRCLE ( 'NONE', #569, 3.024999999999999911 ) ;
#1037 = CYLINDRICAL_SURFACE ( 'NONE', #1095, 1.024999999999999911 ) ;
#1038 = EDGE_CURVE ( 'NONE', #1813, #692, #1036, .T. ) ;
#1039 = CARTESIAN_POINT ( 'NONE',  ( -2.291259403363593794, -1.000065171125315011, 3.800000000000000266 ) ) ;
#1040 = EDGE_LOOP ( 'NONE', ( #1081, #490, #740, #209, #1601, #682, #1880, #1744 ) ) ;
#1041 = FACE_OUTER_BOUND ( 'NONE', #1790, .T. ) ;
#1042 = ORIENTED_EDGE ( 'NONE', *, *, #810, .T. ) ;
#1043 = ORIENTED_EDGE ( 'NONE', *, *, #1752, .F. ) ;
#1044 = ORIENTED_EDGE ( 'NONE', *, *, #1149, .T. ) ;
#1045 = CIRCLE ( 'NONE', #608, 3.499999999999999556 ) ;
#1046 = CARTESIAN_POINT ( 'NONE',  ( -3.404637200094561056, -5.433777068933875243E-12, 4.584314985508681772 ) ) ;
#1047 = PRODUCT_DEFINITION ( '未知', '', #1540, #1352 ) ;
#1048 = AXIS2_PLACEMENT_3D ( 'NONE', #198, #1206, #1641 ) ;
#1049 = DIRECTION ( 'NONE',  ( 1.000000000000000000, 0.000000000000000000, -0.000000000000000000 ) ) ;
#1050 = ADVANCED_FACE ( 'NONE', ( #1242 ), #149, .T. ) ;
#1051 = FACE_OUTER_BOUND ( 'NONE', #409, .T. ) ;
#1052 = ORIENTED_EDGE ( 'NONE', *, *, #1604, .F. ) ;
#1053 = ORIENTED_EDGE ( 'NONE', *, *, #1351, .F. ) ;
#1054 = CARTESIAN_POINT ( 'NONE',  ( -2.850059895954885736, 5.279882440875898197, -1.249999999999999778 ) ) ;
#1055 = DIRECTION ( 'NONE',  ( -0.1479802579602717272, -0.9889903150456081926, 0.000000000000000000 ) ) ;
#1056 = DIRECTION ( 'NONE',  ( 0.01428571428571429221, 0.9998979539769781155, 0.000000000000000000 ) ) ;
#1057 = DIRECTION ( 'NONE',  ( 0.1121939308867587193, 0.9936863297198856859, -0.000000000000000000 ) ) ;
#1058 = VERTEX_POINT ( 'NONE', #341 ) ;
#1059 = ADVANCED_FACE ( 'NONE', ( #1381 ), #950, .T. ) ;
#1060 = VERTEX_POINT ( 'NONE', #929 ) ;
#1061 = VECTOR ( 'NONE', #709, 1000.000000000000114 ) ;
#1062 = FACE_OUTER_BOUND ( 'NONE', #1377, .T. ) ;
#1063 = VECTOR ( 'NONE', #255, 1000.000000000000000 ) ;
#1064 = VECTOR ( 'NONE', #730, 1000.000000000000000 ) ;
#1065 = DIRECTION ( 'NONE',  ( -0.000000000000000000, -0.000000000000000000, 1.000000000000000000 ) ) ;
#1066 = DIRECTION ( 'NONE',  ( 0.000000000000000000, 0.000000000000000000, 1.000000000000000000 ) ) ;
#1067 = CARTESIAN_POINT ( 'NONE',  ( -4.875059895954885647, 5.279882440875898197, 3.800000000000000266 ) ) ;
#1068 = CARTESIAN_POINT ( 'NONE',  ( -4.556173373952495886, 4.189102077927014278, -4.799999999999999822 ) ) ;
#1069 = ORIENTED_EDGE ( 'NONE', *, *, #592, .T. ) ;
#1070 = EDGE_CURVE ( 'NONE', #313, #1258, #882, .T. ) ;
#1071 = DIRECTION ( 'NONE',  ( -0.000000000000000000, -0.000000000000000000, -1.000000000000000000 ) ) ;
#1072 = DIRECTION ( 'NONE',  ( 1.000000000000000000, 0.000000000000000000, 0.000000000000000000 ) ) ;
#1073 = EDGE_CURVE ( 'NONE', #11, #1426, #375, .T. ) ;
#1074 = AXIS2_PLACEMENT_3D ( 'NONE', #430, #1316, #1299 ) ;
#1075 = CARTESIAN_POINT ( 'NONE',  ( -1.582006206600620635, 3.701064895712734337, -4.799999999999999822 ) ) ;
#1076 = DIRECTION ( 'NONE',  ( -0.000000000000000000, -0.000000000000000000, -1.000000000000000000 ) ) ;
#1077 = PRESENTATION_LAYER_ASSIGNMENT (  '', '', ( #1347 ) ) ;
#1078 = CARTESIAN_POINT ( 'NONE',  ( 0.000000000000000000, 0.000000000000000000, -4.799999999999999822 ) ) ;
#1079 = LINE ( 'NONE', #1668, #477 ) ;
#1080 = ORIENTED_EDGE ( 'NONE', *, *, #1244, .F. ) ;
#1081 = ORIENTED_EDGE ( 'NONE', *, *, #1323, .T. ) ;
#1082 = DIRECTION ( 'NONE',  ( 1.000000000000000000, 0.000000000000000000, 0.000000000000000000 ) ) ;
#1083 = DIRECTION ( 'NONE',  ( 0.000000000000000000, 0.000000000000000000, 1.000000000000000000 ) ) ;
#1084 = EDGE_CURVE ( 'NONE', #363, #1366, #1529, .T. ) ;
#1085 = DIRECTION ( 'NONE',  ( 1.000000000000000000, 0.000000000000000000, 0.000000000000000000 ) ) ;
#1086 = DIRECTION ( 'NONE',  ( -0.9936863297198856859, 0.1121939308867587193, 0.000000000000000000 ) ) ;
#1087 = PLANE ( 'NONE',  #1748 ) ;
#1088 = PLANE ( 'NONE',  #1311 ) ;
#1089 = CARTESIAN_POINT ( 'NONE',  ( -3.175284347877948665, -0.8807924773344363301, -4.446988214730662747 ) ) ;
#1090 = ORIENTED_EDGE ( 'NONE', *, *, #262, .F. ) ;
#1091 = ORIENTED_EDGE ( 'NONE', *, *, #1265, .T. ) ;
#1092 = AXIS2_PLACEMENT_3D ( 'NONE', #1114, #1246, #1839 ) ;
#1093 = CARTESIAN_POINT ( 'NONE',  ( -2.624269610045286250, 7.279676179437156947, -4.799921871948003904 ) ) ;
#1094 = EDGE_CURVE ( 'NONE', #1813, #1058, #1372, .T. ) ;
#1095 = AXIS2_PLACEMENT_3D ( 'NONE', #1631, #571, #1746 ) ;
#1096 = CARTESIAN_POINT ( 'NONE',  ( -0.8250598959548857136, 5.279882440875898197, -3.799999999999999378 ) ) ;
#1097 = DIRECTION ( 'NONE',  ( -1.000000000000000000, 0.000000000000000000, 0.000000000000000000 ) ) ;
#1098 = AXIS2_PLACEMENT_3D ( 'NONE', #395, #411, #697 ) ;
#1099 = DIRECTION ( 'NONE',  ( 1.000000000000000000, 0.000000000000000000, 0.000000000000000000 ) ) ;
#1100 = ORIENTED_EDGE ( 'NONE', *, *, #789, .F. ) ;
#1101 = EDGE_LOOP ( 'NONE', ( #961, #1465, #1357, #700, #273, #1090, #547, #1042 ) ) ;
#1102 = CARTESIAN_POINT ( 'NONE',  ( 0.000000000000000000, 0.000000000000000000, 4.799999999999999822 ) ) ;
#1103 = CYLINDRICAL_SURFACE ( 'NONE', #849, 1.824999999999999512 ) ;
#1104 = CARTESIAN_POINT ( 'NONE',  ( 0.5080208857495980279, -3.270091141020854408, -4.446988214730376754 ) ) ;
#1105 = LINE ( 'NONE', #1581, #720 ) ;
#1106 = EDGE_CURVE ( 'NONE', #826, #1800, #695, .T. ) ;
#1107 = EDGE_LOOP ( 'NONE', ( #653, #227 ) ) ;
#1108 = ORIENTED_EDGE ( 'NONE', *, *, #228, .F. ) ;
#1109 = DIRECTION ( 'NONE',  ( 0.000000000000000000, 0.000000000000000000, 1.000000000000000000 ) ) ;
#1110 = CARTESIAN_POINT ( 'NONE',  ( -2.850059895954885736, 5.279882440875898197, -4.799999999999999822 ) ) ;
#1111 = CYLINDRICAL_SURFACE ( 'NONE', #1688, 3.024999999999999911 ) ;
#1112 = PRODUCT_DEFINITION_SHAPE ( 'NONE', 'NONE',  #1047 ) ;
#1113 = CARTESIAN_POINT ( 'NONE',  ( 35.33658179266027588, 2.981058989159655948, 3.799999999999999378 ) ) ;
#1114 = CARTESIAN_POINT ( 'NONE',  ( 0.000000000000000000, 0.000000000000000000, 1.449999999999999956 ) ) ;
#1115 = EDGE_CURVE ( 'NONE', #688, #1320, #392, .T. ) ;
#1116 = ORIENTED_EDGE ( 'NONE', *, *, #1348, .T. ) ;
#1117 = CARTESIAN_POINT ( 'NONE',  ( -3.875059895954885203, 5.279882440875898197, 1.249999999999999778 ) ) ;
#1118 = CYLINDRICAL_SURFACE ( 'NONE', #1879, 3.600000000000000533 ) ;
#1119 = DIRECTION ( 'NONE',  ( 0.000000000000000000, 0.000000000000000000, -1.000000000000000000 ) ) ;
#1120 = CIRCLE ( 'NONE', #1330, 3.999999999999996447 ) ;
#1121 = DIRECTION ( 'NONE',  ( 0.9165037613454377619, 0.4000260684501258379, 0.000000000000000000 ) ) ;
#1122 = DIRECTION ( 'NONE',  ( 0.000000000000000000, 0.000000000000000000, 1.000000000000000000 ) ) ;
#1123 = CIRCLE ( 'NONE', #362, 2.999999999999998668 ) ;
#1124 = CIRCLE ( 'NONE', #299, 2.012499999999999734 ) ;
#1125 = ORIENTED_EDGE ( 'NONE', *, *, #1231, .T. ) ;
#1126 = CARTESIAN_POINT ( 'NONE',  ( -2.990093521389490583, -1.305085048318536334, -4.446988214730375866 ) ) ;
#1127 = ADVANCED_FACE ( 'NONE', ( #638, #1350 ), #1690, .T. ) ;
#1128 = FACE_OUTER_BOUND ( 'NONE', #1209, .T. ) ;
#1129 = DIRECTION ( 'NONE',  ( 0.9936863297198856859, -0.1121939308867587193, -0.000000000000000000 ) ) ;
#1130 = CARTESIAN_POINT ( 'NONE',  ( 2.100977303904165261, -2.945950034013764984, -4.714917709884812069 ) ) ;
#1131 = DIRECTION ( 'NONE',  ( -0.000000000000000000, -0.000000000000000000, -1.000000000000000000 ) ) ;
#1132 = ORIENTED_EDGE ( 'NONE', *, *, #1613, .F. ) ;
#1133 = AXIS2_PLACEMENT_3D ( 'NONE', #1273, #121, #1423 ) ;
#1134 = ORIENTED_EDGE ( 'NONE', *, *, #551, .T. ) ;
#1135 = AXIS2_PLACEMENT_3D ( 'NONE', #1261, #403, #393 ) ;
#1136 = CARTESIAN_POINT ( 'NONE',  ( 0.000000000000000000, 0.000000000000000000, 3.799999999999999378 ) ) ;
#1137 = FACE_OUTER_BOUND ( 'NONE', #1811, .T. ) ;
#1138 = CARTESIAN_POINT ( 'NONE',  ( -2.990093521389490583, -1.305085048318536334, 4.446988214730376754 ) ) ;
#1139 = ADVANCED_FACE ( 'NONE', ( #48 ), #596, .T. ) ;
#1140 = CARTESIAN_POINT ( 'NONE',  ( 35.00000000000000000, 0.000000000000000000, -4.799999999999999822 ) ) ;
#1141 = DIRECTION ( 'NONE',  ( 1.000000000000000000, 0.000000000000000000, 0.000000000000000000 ) ) ;
#1142 = EDGE_CURVE ( 'NONE', #1331, #1852, #1124, .T. ) ;
#1143 = ORIENTED_EDGE ( 'NONE', *, *, #1149, .F. ) ;
#1144 = ORIENTED_EDGE ( 'NONE', *, *, #848, .F. ) ;
#1145 = CARTESIAN_POINT ( 'NONE',  ( -4.683067418645759261, 4.479830303975645300, -3.799999999999999378 ) ) ;
#1146 = FILL_AREA_STYLE_COLOUR ( '', #1349 ) ;
#1147 = CARTESIAN_POINT ( 'NONE',  ( 35.00000000000000000, 0.000000000000000000, 3.800000000000000266 ) ) ;
#1148 = CARTESIAN_POINT ( 'NONE',  ( 4.025000000000000355, 0.000000000000000000, -3.799999999999999378 ) ) ;
#1149 = EDGE_CURVE ( 'NONE', #1492, #1058, #1592, .T. ) ;
#1150 = AXIS2_PLACEMENT_3D ( 'NONE', #532, #1747, #1121 ) ;
#1151 = CARTESIAN_POINT ( 'NONE',  ( 35.33658179266027588, 2.981058989159655948, 4.799999999999999822 ) ) ;
#1152 = ORIENTED_EDGE ( 'NONE', *, *, #1164, .T. ) ;
#1153 = VECTOR ( 'NONE', #558, 999.9999999999998863 ) ;
#1154 = EDGE_CURVE ( 'NONE', #1320, #728, #1182, .T. ) ;
#1155 = VERTEX_POINT ( 'NONE', #204 ) ;
#1156 = AXIS2_PLACEMENT_3D ( 'NONE', #1524, #966, #1365 ) ;
#1157 = ORIENTED_EDGE ( 'NONE', *, *, #873, .T. ) ;
#1158 = CARTESIAN_POINT ( 'NONE',  ( -4.683067418645760149, 4.479830303975645300, -3.799999999999999378 ) ) ;
#1159 = DIRECTION ( 'NONE',  ( 0.000000000000000000, 0.000000000000000000, 1.000000000000000000 ) ) ;
#1160 = CARTESIAN_POINT ( 'NONE',  ( -2.850059895954885736, 5.279882440875898197, 4.799999999999999822 ) ) ;
#1161 = CIRCLE ( 'NONE', #1654, 1.000000000000000000 ) ;
#1162 = ORIENTED_EDGE ( 'NONE', *, *, #1545, .T. ) ;
#1163 = EDGE_LOOP ( 'NONE', ( #22, #1635, #373, #988, #244, #112, #93 ) ) ;
#1164 = EDGE_CURVE ( 'NONE', #1552, #1669, #785, .T. ) ;
#1165 = ORIENTED_EDGE ( 'NONE', *, *, #1142, .F. ) ;
#1166 = CIRCLE ( 'NONE', #1755, 3.499999999999999556 ) ;
#1167 = CARTESIAN_POINT ( 'NONE',  ( -2.850059895954885736, 5.279882440875898197, 3.800000000000000266 ) ) ;
#1168 = DIRECTION ( 'NONE',  ( -0.4000260684501258379, 0.9165037613454378729, 1.987350738283721727E-16 ) ) ;
#1169 = ORIENTED_EDGE ( 'NONE', *, *, #1115, .T. ) ;
#1170 = CARTESIAN_POINT ( 'NONE',  ( 0.7771435271340738637, 6.883054128149500350, 3.799999999999999378 ) ) ;
#1171 = EDGE_LOOP ( 'NONE', ( #1152, #1658, #1286, #1831, #452, #1221, #921, #602 ) ) ;
#1172 = ORIENTED_EDGE ( 'NONE', *, *, #1094, .T. ) ;
#1173 = EDGE_CURVE ( 'NONE', #1305, #320, #1243, .T. ) ;
#1174 = CARTESIAN_POINT ( 'NONE',  ( -4.694523715662561436, 4.474829978120026475, 4.799921871948003904 ) ) ;
#1175 = CARTESIAN_POINT ( 'NONE',  ( -1.025059895954886002, 5.279882440875898197, -1.249999999999999778 ) ) ;
#1176 = ORIENTED_EDGE ( 'NONE', *, *, #861, .T. ) ;
#1177 = ORIENTED_EDGE ( 'NONE', *, *, #1409, .T. ) ;
#1178 = CIRCLE ( 'NONE', #444, 1.824999999999999734 ) ;
#1179 = ORIENTED_EDGE ( 'NONE', *, *, #763, .F. ) ;
#1180 = AXIS2_PLACEMENT_3D ( 'NONE', #146, #1159, #1597 ) ;
#1181 = ADVANCED_FACE ( 'NONE', ( #512 ), #1103, .T. ) ;
#1182 = CIRCLE ( 'NONE', #1620, 2.024999999999999911 ) ;
#1183 = PLANE ( 'NONE',  #1074 ) ;
#1184 = CARTESIAN_POINT ( 'NONE',  ( -2.850059895954885736, 5.279882440875898197, 1.449999999999999956 ) ) ;
#1185 = EDGE_CURVE ( 'NONE', #1565, #872, #1762, .T. ) ;
#1186 = CARTESIAN_POINT ( 'NONE',  ( -4.862559895954905009, 5.279882440875898197, -4.799921871948003904 ) ) ;
#1187 = VECTOR ( 'NONE', #343, 1000.000000000000000 ) ;
#1188 = ORIENTED_EDGE ( 'NONE', *, *, #349, .T. ) ;
#1189 = DIRECTION ( 'NONE',  ( 0.000000000000000000, 0.000000000000000000, -1.000000000000000000 ) ) ;
#1190 = ORIENTED_EDGE ( 'NONE', *, *, #1633, .T. ) ;
#1191 = ORIENTED_EDGE ( 'NONE', *, *, #1498, .T. ) ;
#1192 = AXIS2_PLACEMENT_3D ( 'NONE', #1568, #666, #1883 ) ;
#1193 = LINE ( 'NONE', #854, #1061 ) ;
#1194 = DIRECTION ( 'NONE',  ( 0.000000000000000000, 0.000000000000000000, 1.000000000000000000 ) ) ;
#1195 = EDGE_CURVE ( 'NONE', #1714, #163, #267, .T. ) ;
#1196 = VECTOR ( 'NONE', #1818, 1000.000000000000000 ) ;
#1197 = CYLINDRICAL_SURFACE ( 'NONE', #213, 1.024999999999999911 ) ;
#1198 = ADVANCED_FACE ( 'NONE', ( #522 ), #1719, .T. ) ;
#1199 = ORIENTED_EDGE ( 'NONE', *, *, #1302, .T. ) ;
#1200 = EDGE_LOOP ( 'NONE', ( #365, #1621, #1288, #436 ) ) ;
#1201 = EDGE_LOOP ( 'NONE', ( #601, #614, #211, #1841 ) ) ;
#1202 = DIRECTION ( 'NONE',  ( -0.000000000000000000, -0.000000000000000000, 1.000000000000000000 ) ) ;
#1203 = DIRECTION ( 'NONE',  ( -0.000000000000000000, -0.000000000000000000, -1.000000000000000000 ) ) ;
#1204 = CARTESIAN_POINT ( 'NONE',  ( -5.599571179991198022, 4.079804235525519296, 3.800000000000000266 ) ) ;
#1205 = CARTESIAN_POINT ( 'NONE',  ( 0.000000000000000000, 0.000000000000000000, 3.399999999999999467 ) ) ;
#1206 = DIRECTION ( 'NONE',  ( 0.000000000000000000, 0.000000000000000000, 1.000000000000000000 ) ) ;
#1207 = EDGE_CURVE ( 'NONE', #1023, #233, #20, .T. ) ;
#1208 = CARTESIAN_POINT ( 'NONE',  ( 0.7103052382093048012, 4.747153512218919680, 1.449999999999999956 ) ) ;
#1209 = EDGE_LOOP ( 'NONE', ( #379, #469, #1044, #733 ) ) ;
#1210 = EDGE_CURVE ( 'NONE', #673, #967, #915, .T. ) ;
#1211 = ORIENTED_EDGE ( 'NONE', *, *, #1280, .T. ) ;
#1212 = ORIENTED_EDGE ( 'NONE', *, *, #1545, .F. ) ;
#1213 = CIRCLE ( 'NONE', #326, 1.024999999999999467 ) ;
#1214 = LINE ( 'NONE', #481, #1239 ) ;
#1215 = CIRCLE ( 'NONE', #1397, 3.024999999999999911 ) ;
#1216 = VECTOR ( 'NONE', #1086, 999.9999999999998863 ) ;
#1217 = DIRECTION ( 'NONE',  ( -0.000000000000000000, -0.000000000000000000, 1.000000000000000000 ) ) ;
#1218 = CARTESIAN_POINT ( 'NONE',  ( 0.000000000000000000, 0.000000000000000000, 3.799999999999999378 ) ) ;
#1219 = CARTESIAN_POINT ( 'NONE',  ( -0.5179309028609507815, -3.461466102659628952, 1.449999999999999956 ) ) ;
#1220 = FACE_OUTER_BOUND ( 'NONE', #1504, .T. ) ;
#1221 = ORIENTED_EDGE ( 'NONE', *, *, #1764, .T. ) ;
#1222 = TOROIDAL_SURFACE ( 'NONE', #636, 4.025000000000000355, 1.000000000000000000 ) ;
#1223 = EDGE_CURVE ( 'NONE', #264, #499, #1647, .T. ) ;
#1224 = ORIENTED_EDGE ( 'NONE', *, *, #578, .F. ) ;
#1225 = DIRECTION ( 'NONE',  ( -0.9165037613454378729, -0.4000260684501258379, 0.000000000000000000 ) ) ;
#1226 = CIRCLE ( 'NONE', #933, 1.000000000000000222 ) ;
#1227 = FACE_OUTER_BOUND ( 'NONE', #31, .T. ) ;
#1228 = DIRECTION ( 'NONE',  ( -0.000000000000000000, -0.000000000000000000, 1.000000000000000000 ) ) ;
#1229 = ORIENTED_EDGE ( 'NONE', *, *, #1705, .F. ) ;
#1230 = ORIENTED_EDGE ( 'NONE', *, *, #1859, .F. ) ;
#1231 = EDGE_CURVE ( 'NONE', #1638, #1773, #1270, .T. ) ;
#1232 = DIRECTION ( 'NONE',  ( 0.000000000000000000, 0.000000000000000000, 1.000000000000000000 ) ) ;
#1233 = DIRECTION ( 'NONE',  ( 1.000000000000000000, 0.000000000000000000, 0.000000000000000000 ) ) ;
#1234 = CARTESIAN_POINT ( 'NONE',  ( -4.694523715662570318, 4.474829978120022922, -4.799921871948003904 ) ) ;
#1235 = DIRECTION ( 'NONE',  ( -0.000000000000000000, -0.000000000000000000, -1.000000000000000000 ) ) ;
#1236 = CYLINDRICAL_SURFACE ( 'NONE', #1739, 2.999999999999998668 ) ;
#1237 = ORIENTED_EDGE ( 'NONE', *, *, #1871, .F. ) ;
#1238 = ORIENTED_EDGE ( 'NONE', *, *, #1436, .T. ) ;
#1239 = VECTOR ( 'NONE', #1660, 1000.000000000000000 ) ;
#1240 = CIRCLE ( 'NONE', #595, 4.025000000000000355 ) ;
#1241 = CARTESIAN_POINT ( 'NONE',  ( 39.00000000000000000, 0.000000000000000000, 3.800000000000000266 ) ) ;
#1242 = FACE_OUTER_BOUND ( 'NONE', #292, .T. ) ;
#1243 = CIRCLE ( 'NONE', #1865, 1.824999999999999734 ) ;
#1244 = EDGE_CURVE ( 'NONE', #872, #1492, #128, .T. ) ;
#1245 = DIRECTION ( 'NONE',  ( -0.9889903150456081926, 0.1479802579602717272, 0.000000000000000000 ) ) ;
#1246 = DIRECTION ( 'NONE',  ( 0.000000000000000000, 0.000000000000000000, 1.000000000000000000 ) ) ;
#1247 = VECTOR ( 'NONE', #357, 1000.000000000000000 ) ;
#1248 = VERTEX_POINT ( 'NONE', #1854 ) ;
#1249 = ORIENTED_EDGE ( 'NONE', *, *, #1376, .F. ) ;
#1250 = AXIS2_PLACEMENT_3D ( 'NONE', #932, #610, #1487 ) ;
#1251 = CARTESIAN_POINT ( 'NONE',  ( 38.00000000000000711, 0.000000000000000000, 3.800000000000000266 ) ) ;
#1252 = DIRECTION ( 'NONE',  ( -0.000000000000000000, -0.000000000000000000, -1.000000000000000000 ) ) ;
#1253 = CARTESIAN_POINT ( 'NONE',  ( 3.118424940794919387, -2.544808615324187784, -4.799999999999999822 ) ) ;
#1254 = DIRECTION ( 'NONE',  ( -1.000000000000000000, 0.000000000000000000, 0.000000000000000000 ) ) ;
#1255 = ADVANCED_FACE ( 'NONE', ( #1290 ), #991, .T. ) ;
#1256 = CIRCLE ( 'NONE', #674, 3.000000000000002665 ) ;
#1257 = VERTEX_POINT ( 'NONE', #982 ) ;
#1258 = VERTEX_POINT ( 'NONE', #1430 ) ;
#1259 = CIRCLE ( 'NONE', #402, 1.000000000000000000 ) ;
#1260 = FACE_OUTER_BOUND ( 'NONE', #1201, .T. ) ;
#1261 = CARTESIAN_POINT ( 'NONE',  ( 0.000000000000000000, 0.000000000000000000, -4.799999999999999822 ) ) ;
#1262 = CARTESIAN_POINT ( 'NONE',  ( -0.5360672743028619402, 8.037678326531686679, 1.449999999999999956 ) ) ;
#1263 = CARTESIAN_POINT ( 'NONE',  ( 0.1516797644092788278, 1.013715072921748117, 1.449999999999999956 ) ) ;
#1264 = CARTESIAN_POINT ( 'NONE',  ( -1.025059895954886002, 5.279882440875898197, 1.249999999999999778 ) ) ;
#1265 = EDGE_CURVE ( 'NONE', #1257, #1455, #1379, .T. ) ;
#1266 = VERTEX_POINT ( 'NONE', #1578 ) ;
#1267 = ORIENTED_EDGE ( 'NONE', *, *, #1752, .T. ) ;
#1268 = EDGE_CURVE ( 'NONE', #901, #1331, #308, .T. ) ;
#1269 = PRESENTATION_STYLE_ASSIGNMENT (( #696 ) ) ;
#1270 = LINE ( 'NONE', #258, #238 ) ;
#1271 = CIRCLE ( 'NONE', #1368, 1.824999999999999512 ) ;
#1272 = CARTESIAN_POINT ( 'NONE',  ( 0.000000000000000000, 0.000000000000000000, 4.446988214730376754 ) ) ;
#1273 = CARTESIAN_POINT ( 'NONE',  ( 0.000000000000000000, 0.000000000000000000, -3.799999999999999378 ) ) ;
#1274 = DIRECTION ( 'NONE',  ( 0.000000000000000000, 0.000000000000000000, 1.000000000000000000 ) ) ;
#1275 = AXIS2_PLACEMENT_3D ( 'NONE', #401, #837, #529 ) ;
#1276 = AXIS2_PLACEMENT_3D ( 'NONE', #182, #1795, #193 ) ;
#1277 = EDGE_LOOP ( 'NONE', ( #143, #996, #773, #254, #1296, #941, #1564 ) ) ;
#1278 = ORIENTED_EDGE ( 'NONE', *, *, #1756, .T. ) ;
#1279 = LINE ( 'NONE', #106, #1063 ) ;
#1280 = EDGE_CURVE ( 'NONE', #322, #615, #372, .T. ) ;
#1281 = DIRECTION ( 'NONE',  ( 1.000000000000000000, 0.000000000000000000, 0.000000000000000000 ) ) ;
#1282 = DIRECTION ( 'NONE',  ( -0.000000000000000000, -0.000000000000000000, -1.000000000000000000 ) ) ;
#1283 = CARTESIAN_POINT ( 'NONE',  ( 2.486007274113418486, -2.810646354501174393, -4.762765264509926766 ) ) ;
#1284 = CARTESIAN_POINT ( 'NONE',  ( 0.7103052382093048012, 4.747153512218919680, -1.449999999999999956 ) ) ;
#1285 = AXIS2_PLACEMENT_3D ( 'NONE', #1516, #1071, #1345 ) ;
#1286 = ORIENTED_EDGE ( 'NONE', *, *, #525, .T. ) ;
#1287 = AXIS2_PLACEMENT_3D ( 'NONE', #777, #1217, #1085 ) ;
#1288 = ORIENTED_EDGE ( 'NONE', *, *, #1613, .T. ) ;
#1289 = ADVANCED_FACE ( 'NONE', ( #1128 ), #1111, .F. ) ;
#1290 = FACE_OUTER_BOUND ( 'NONE', #985, .T. ) ;
#1291 = EDGE_CURVE ( 'NONE', #45, #615, #1319, .T. ) ;
#1292 = DIRECTION ( 'NONE',  ( 0.000000000000000000, 0.000000000000000000, 1.000000000000000000 ) ) ;
#1293 = DIRECTION ( 'NONE',  ( -0.000000000000000000, -0.000000000000000000, 1.000000000000000000 ) ) ;
#1294 = DIRECTION ( 'NONE',  ( 0.1479802579602717272, 0.9889903150456081926, -0.000000000000000000 ) ) ;
#1295 = DIRECTION ( 'NONE',  ( -0.000000000000000000, -0.000000000000000000, -1.000000000000000000 ) ) ;
#1296 = ORIENTED_EDGE ( 'NONE', *, *, #1558, .F. ) ;
#1297 = EDGE_LOOP ( 'NONE', ( #303, #1593 ) ) ;
#1298 = B_SPLINE_CURVE_WITH_KNOTS ( 'NONE', 3,
 ( #838, #820, #1844, #1586 ),
 .UNSPECIFIED., .F., .F.,
 ( 4, 4 ),
 ( -1.597963580467205133E-05, 0.0003014926968690344756 ),
 .UNSPECIFIED. ) ;
#1299 = DIRECTION ( 'NONE',  ( -1.000000000000000000, 0.000000000000000000, -0.000000000000000000 ) ) ;
#1300 = FACE_OUTER_BOUND ( 'NONE', #1680, .T. ) ;
#1301 = DIRECTION ( 'NONE',  ( 0.1121939308867588303, 0.9936863297198855749, 0.000000000000000000 ) ) ;
#1302 = EDGE_CURVE ( 'NONE', #671, #1783, #241, .T. ) ;
#1303 = CIRCLE ( 'NONE', #879, 2.999999999999998668 ) ;
#1304 = LINE ( 'NONE', #868, #553 ) ;
#1305 = VERTEX_POINT ( 'NONE', #735 ) ;
#1306 = AXIS2_PLACEMENT_3D ( 'NONE', #1310, #1891, #173 ) ;
#1307 = ORIENTED_EDGE ( 'NONE', *, *, #1185, .F. ) ;
#1308 = AXIS2_PLACEMENT_3D ( 'NONE', #1901, #986, #535 ) ;
#1309 = DIRECTION ( 'NONE',  ( -0.9165037613454377619, -0.4000260684501260600, 0.000000000000000000 ) ) ;
#1310 = CARTESIAN_POINT ( 'NONE',  ( 0.000000000000000000, 0.000000000000000000, -3.799999999999999378 ) ) ;
#1311 = AXIS2_PLACEMENT_3D ( 'NONE', #1208, #1798, #1534 ) ;
#1312 = CARTESIAN_POINT ( 'NONE',  ( -2.513478103294610744, 8.260941430035552813, 3.800000000000000266 ) ) ;
#1313 = ADVANCED_FACE ( 'NONE', ( #874, #145 ), #1183, .T. ) ;
#1314 = ORIENTED_EDGE ( 'NONE', *, *, #1849, .T. ) ;
#1315 = CIRCLE ( 'NONE', #1812, 1.024999999999999467 ) ;
#1316 = DIRECTION ( 'NONE',  ( 0.000000000000000000, 0.000000000000000000, -1.000000000000000000 ) ) ;
#1317 = DIRECTION ( 'NONE',  ( 0.1121939308867600793, 0.9936863297198854639, 0.000000000000000000 ) ) ;
#1318 = CIRCLE ( 'NONE', #1048, 2.012500000000000178 ) ;
#1319 = B_SPLINE_CURVE_WITH_KNOTS ( 'NONE', 3,
 ( #1700, #1709, #127, #706, #1734, #811, #972, #1559 ),
 .UNSPECIFIED., .F., .F.,
 ( 4, 2, 2, 4 ),
 ( 0.001479273778136467070, 0.002434275501419042639, 0.002911776363060330532, 0.003389277224701617991 ),
 .UNSPECIFIED. ) ;
#1320 = VERTEX_POINT ( 'NONE', #1733 ) ;
#1321 = ORIENTED_EDGE ( 'NONE', *, *, #958, .T. ) ;
#1322 = ORIENTED_EDGE ( 'NONE', *, *, #779, .F. ) ;
#1323 = EDGE_CURVE ( 'NONE', #233, #1800, #850, .T. ) ;
#1324 = EDGE_LOOP ( 'NONE', ( #738, #144, #1603, #323, #844, #1144, #68, #1742 ) ) ;
#1325 = CARTESIAN_POINT ( 'NONE',  ( -1.825059895954886047, 5.279882440875898197, -1.249999999999999778 ) ) ;
#1326 = DIRECTION ( 'NONE',  ( 1.000000000000000000, 0.000000000000000000, 0.000000000000000000 ) ) ;
#1327 = FACE_OUTER_BOUND ( 'NONE', #1629, .T. ) ;
#1328 = EDGE_LOOP ( 'NONE', ( #462, #1731, #400, #781 ) ) ;
#1329 = VERTEX_POINT ( 'NONE', #863 ) ;
#1330 = AXIS2_PLACEMENT_3D ( 'NONE', #1147, #1895, #1598 ) ;
#1331 = VERTEX_POINT ( 'NONE', #421 ) ;
#1332 = VECTOR ( 'NONE', #387, 1000.000000000000000 ) ;
#1333 = CARTESIAN_POINT ( 'NONE',  ( -2.519040798284359894, 7.267795132390127755, 4.799921871948048313 ) ) ;
#1334 = AXIS2_PLACEMENT_3D ( 'NONE', #1789, #1057, #660 ) ;
#1335 = CARTESIAN_POINT ( 'NONE',  ( -1.024999999999999911, 1.255262969126036846E-16, -3.399999999999999467 ) ) ;
#1336 = ADVANCED_FACE ( 'NONE', ( #580 ), #570, .T. ) ;
#1337 = CARTESIAN_POINT ( 'NONE',  ( 0.000000000000000000, 0.000000000000000000, -1.449999999999999956 ) ) ;
#1338 = CARTESIAN_POINT ( 'NONE',  ( 0.000000000000000000, 0.000000000000000000, -3.399999999999999467 ) ) ;
#1339 = DIRECTION ( 'NONE',  ( 0.000000000000000000, 0.000000000000000000, 1.000000000000000000 ) ) ;
#1340 = ORIENTED_EDGE ( 'NONE', *, *, #194, .F. ) ;
#1341 = ORIENTED_EDGE ( 'NONE', *, *, #1648, .F. ) ;
#1342 = AXIS2_PLACEMENT_3D ( 'NONE', #383, #118, #422 ) ;
#1343 = APPLICATION_PROTOCOL_DEFINITION ( 'draft international standard', 'automotive_design', 1998, #296 ) ;
#1344 = ORIENTED_EDGE ( 'NONE', *, *, #1244, .T. ) ;
#1345 = DIRECTION ( 'NONE',  ( -1.000000000000000000, 0.000000000000000000, 0.000000000000000000 ) ) ;
#1346 = CARTESIAN_POINT ( 'NONE',  ( -3.469264641299727003, 0.3096266566652206009, 4.635432790366702527 ) ) ;
#1347 = STYLED_ITEM ( 'NONE', ( #1269 ), #1704 ) ;
#1348 = EDGE_CURVE ( 'NONE', #711, #163, #247, .T. ) ;
#1349 = COLOUR_RGB ( '',0.7921568627450980005, 0.8196078431372548767, 0.9333333333333333481 ) ;
#1350 = FACE_BOUND ( 'NONE', #1479, .T. ) ;
#1351 = EDGE_CURVE ( 'NONE', #488, #332, #1315, .T. ) ;
#1352 = PRODUCT_DEFINITION_CONTEXT ( 'detailed design', #1450, 'design' ) ;
#1353 = CARTESIAN_POINT ( 'NONE',  ( 0.000000000000000000, 0.000000000000000000, 3.800000000000000266 ) ) ;
#1354 = LINE ( 'NONE', #940, #1187 ) ;
#1355 = CARTESIAN_POINT ( 'NONE',  ( 0.7103052382093048012, 4.747153512218919680, -1.449999999999999956 ) ) ;
#1356 = EDGE_LOOP ( 'NONE', ( #621, #1473 ) ) ;
#1357 = ORIENTED_EDGE ( 'NONE', *, *, #23, .T. ) ;
#1358 = ORIENTED_EDGE ( 'NONE', *, *, #1776, .T. ) ;
#1359 = DIRECTION ( 'NONE',  ( -0.000000000000000000, -0.000000000000000000, -1.000000000000000000 ) ) ;
#1360 = DIRECTION ( 'NONE',  ( 1.000000000000000000, 0.000000000000000000, 0.000000000000000000 ) ) ;
#1361 = CARTESIAN_POINT ( 'NONE',  ( 3.024999999999999911, 0.000000000000000000, 3.399999999999999467 ) ) ;
#1362 = CARTESIAN_POINT ( 'NONE',  ( -0.05000000000000000278, -3.499642838919422516, 3.800000000000000266 ) ) ;
#1363 = LINE ( 'NONE', #1667, #1469 ) ;
#1364 = ADVANCED_FACE ( 'NONE', ( #59 ), #1805, .T. ) ;
#1365 = DIRECTION ( 'NONE',  ( 1.000000000000000000, 0.000000000000000000, 0.000000000000000000 ) ) ;
#1366 = VERTEX_POINT ( 'NONE', #935 ) ;
#1367 = ORIENTED_EDGE ( 'NONE', *, *, #1482, .T. ) ;
#1368 = AXIS2_PLACEMENT_3D ( 'NONE', #1184, #13, #616 ) ;
#1369 = AXIS2_PLACEMENT_3D ( 'NONE', #1605, #287, #155 ) ;
#1370 = VECTOR ( 'NONE', #187, 1000.000000000000000 ) ;
#1371 = DIRECTION ( 'NONE',  ( 1.224646799147353207E-16, 1.000000000000000000, -0.000000000000000000 ) ) ;
#1372 = LINE ( 'NONE', #1361, #1247 ) ;
#1373 = CARTESIAN_POINT ( 'NONE',  ( -3.024999999999999911, 3.704556567420743261E-16, 3.799999999999999378 ) ) ;
#1374 = CYLINDRICAL_SURFACE ( 'NONE', #154, 1.000000000000000000 ) ;
#1375 = DIRECTION ( 'NONE',  ( 0.000000000000000000, 0.000000000000000000, -1.000000000000000000 ) ) ;
#1376 = EDGE_CURVE ( 'NONE', #225, #1637, #1045, .T. ) ;
#1377 = EDGE_LOOP ( 'NONE', ( #1165, #1017, #1322, #450, #898 ) ) ;
#1378 = ORIENTED_EDGE ( 'NONE', *, *, #1569, .T. ) ;
#1379 = CIRCLE ( 'NONE', #1192, 1.000000000000000000 ) ;
#1380 = FACE_OUTER_BOUND ( 'NONE', #1779, .T. ) ;
#1381 = FACE_OUTER_BOUND ( 'NONE', #869, .T. ) ;
#1382 = CIRCLE ( 'NONE', #1287, 3.024999999999999911 ) ;
#1383 = AXIS2_PLACEMENT_3D ( 'NONE', #156, #588, #1461 ) ;
#1384 = CARTESIAN_POINT ( 'NONE',  ( -2.850059895954885736, 5.279882440875898197, -4.799999999999999822 ) ) ;
#1385 = DIRECTION ( 'NONE',  ( 0.01428571428571427139, 0.9998979539769781155, 0.000000000000000000 ) ) ;
#1386 = ORIENTED_EDGE ( 'NONE', *, *, #137, .T. ) ;
#1387 = EDGE_LOOP ( 'NONE', ( #1626, #1344, #124, #1763, #1030, #526, #923 ) ) ;
#1388 = ADVANCED_FACE ( 'NONE', ( #24 ), #1672, .F. ) ;
#1389 = DIRECTION ( 'NONE',  ( 1.000000000000000000, 0.000000000000000000, 0.000000000000000000 ) ) ;
#1390 = CARTESIAN_POINT ( 'NONE',  ( -2.850059895954885736, 5.279882440875898197, -1.249999999999999778 ) ) ;
#1391 = DIRECTION ( 'NONE',  ( -0.000000000000000000, -0.000000000000000000, 1.000000000000000000 ) ) ;
#1392 = CARTESIAN_POINT ( 'NONE',  ( 35.44877572354703688, 3.974745318879542744, -4.799999999999999822 ) ) ;
#1393 = EDGE_LOOP ( 'NONE', ( #1191, #1179, #663, #282, #978, #1686, #892 ) ) ;
#1394 = VERTEX_POINT ( 'NONE', #1650 ) ;
#1395 = VECTOR ( 'NONE', #993, 1000.000000000000000 ) ;
#1396 = EDGE_CURVE ( 'NONE', #320, #1155, #1505, .T. ) ;
#1397 = AXIS2_PLACEMENT_3D ( 'NONE', #970, #134, #1576 ) ;
#1398 = CYLINDRICAL_SURFACE ( 'NONE', #457, 1.024999999999999911 ) ;
#1399 = DIRECTION ( 'NONE',  ( -0.000000000000000000, -0.000000000000000000, 1.000000000000000000 ) ) ;
#1400 = AXIS2_PLACEMENT_3D ( 'NONE', #212, #778, #351 ) ;
#1401 = CARTESIAN_POINT ( 'NONE',  ( 35.00000000000000000, 0.000000000000000000, -4.799999999999999822 ) ) ;
#1402 = ORIENTED_EDGE ( 'NONE', *, *, #726, .F. ) ;
#1403 = CARTESIAN_POINT ( 'NONE',  ( -3.404637200094561056, -5.433777068933875243E-12, 4.584314985508681772 ) ) ;
#1404 = ORIENTED_EDGE ( 'NONE', *, *, #1210, .F. ) ;
#1405 = CIRCLE ( 'NONE', #822, 1.824999999999999512 ) ;
#1406 = CARTESIAN_POINT ( 'NONE',  ( -3.207763164709032111, -1.400091239575441016, -4.799999999999999822 ) ) ;
#1407 = DIRECTION ( 'NONE',  ( 1.000000000000000000, 0.000000000000000000, 0.000000000000000000 ) ) ;
#1408 = DIRECTION ( 'NONE',  ( 1.224646799147353207E-16, 1.000000000000000000, -0.000000000000000000 ) ) ;
#1409 = EDGE_CURVE ( 'NONE', #1536, #1258, #658, .T. ) ;
#1410 = CIRCLE ( 'NONE', #69, 0.9999999999999997780 ) ;
#1411 = DIRECTION ( 'NONE',  ( 1.000000000000000000, 0.000000000000000000, -0.000000000000000000 ) ) ;
#1412 = CARTESIAN_POINT ( 'NONE',  ( -3.207763164709031667, -1.400091239575442348, -3.799999999999999378 ) ) ;
#1413 = EDGE_CURVE ( 'NONE', #1888, #1800, #37, .T. ) ;
#1414 = ORIENTED_EDGE ( 'NONE', *, *, #480, .F. ) ;
#1415 = FACE_OUTER_BOUND ( 'NONE', #1882, .T. ) ;
#1416 = ORIENTED_EDGE ( 'NONE', *, *, #503, .T. ) ;
#1417 = AXIS2_PLACEMENT_3D ( 'NONE', #1067, #1655, #99 ) ;
#1418 = CARTESIAN_POINT ( 'NONE',  ( 35.44877572354703688, 3.974745318879542744, 3.800000000000000266 ) ) ;
#1419 = CARTESIAN_POINT ( 'NONE',  ( -2.850059895954885736, 5.279882440875898197, -4.799921871948003904 ) ) ;
#1420 = SURFACE_STYLE_FILL_AREA ( #1835 ) ;
#1421 = DIRECTION ( 'NONE',  ( 1.000000000000000000, 0.000000000000000000, 0.000000000000000000 ) ) ;
#1422 = DIRECTION ( 'NONE',  ( 1.000000000000000000, 0.000000000000000000, 0.000000000000000000 ) ) ;
#1423 = DIRECTION ( 'NONE',  ( 1.000000000000000000, 0.000000000000000000, 0.000000000000000000 ) ) ;
#1424 = CARTESIAN_POINT ( 'NONE',  ( -3.207763164709032111, -1.400091239575441016, -3.799999999999999378 ) ) ;
#1425 = EDGE_CURVE ( 'NONE', #1394, #770, #1318, .T. ) ;
#1426 = VERTEX_POINT ( 'NONE', #329 ) ;
#1427 = ORIENTED_EDGE ( 'NONE', *, *, #297, .F. ) ;
#1428 = CARTESIAN_POINT ( 'NONE',  ( 39.00000000000000000, 0.000000000000000000, -3.799999999999999378 ) ) ;
#1429 = CARTESIAN_POINT ( 'NONE',  ( -2.850059895954885736, 5.279882440875898197, -4.799999999999999822 ) ) ;
#1430 = CARTESIAN_POINT ( 'NONE',  ( -0.1516797644092781616, -1.013715072921748117, 1.449999999999999956 ) ) ;
#1431 = AXIS2_PLACEMENT_3D ( 'NONE', #1011, #1606, #259 ) ;
#1432 = LINE ( 'NONE', #1440, #1002 ) ;
#1433 = CARTESIAN_POINT ( 'NONE',  ( 2.866969657485973322, -2.658429616354530456, -4.794600022894059954 ) ) ;
#1434 = FACE_OUTER_BOUND ( 'NONE', #104, .T. ) ;
#1435 = CIRCLE ( 'NONE', #474, 3.999999999999996447 ) ;
#1436 = EDGE_CURVE ( 'NONE', #1537, #1257, #504, .T. ) ;
#1437 = ORIENTED_EDGE ( 'NONE', *, *, #848, .T. ) ;
#1438 = DIRECTION ( 'NONE',  ( 1.000000000000000000, 0.000000000000000000, 0.000000000000000000 ) ) ;
#1439 =( NAMED_UNIT ( * ) SI_UNIT ( $, .STERADIAN. ) SOLID_ANGLE_UNIT ( ) );
#1440 = CARTESIAN_POINT ( 'NONE',  ( -0.03571428571428568455, -2.499744884942446177, 4.799999999999999822 ) ) ;
#1441 = B_SPLINE_CURVE_WITH_KNOTS ( 'NONE', 3,
 ( #1550, #242, #1701, #397 ),
 .UNSPECIFIED., .F., .F.,
 ( 4, 4 ),
 ( -1.218607408446129976E-05, 0.0007196547628205719185 ),
 .UNSPECIFIED. ) ;
#1442 = CARTESIAN_POINT ( 'NONE',  ( -3.512493427065947138, 0.6222880313995706736, 4.689545760847333433 ) ) ;
#1443 = ORIENTED_EDGE ( 'NONE', *, *, #1705, .T. ) ;
#1444 = AXIS2_PLACEMENT_3D ( 'NONE', #1519, #1371, #637 ) ;
#1445 = ORIENTED_EDGE ( 'NONE', *, *, #1195, .F. ) ;
#1446 = DIRECTION ( 'NONE',  ( 1.000000000000000000, 0.000000000000000000, 0.000000000000000000 ) ) ;
#1447 = EDGE_CURVE ( 'NONE', #315, #1320, #920, .T. ) ;
#1448 = ADVANCED_FACE ( 'NONE', ( #1227 ), #948, .F. ) ;
#1449 = CARTESIAN_POINT ( 'NONE',  ( 35.00000000000000000, 0.000000000000000000, 3.800000000000000266 ) ) ;
#1450 = APPLICATION_CONTEXT ( 'automotive_design' ) ;
#1451 = DIRECTION ( 'NONE',  ( -0.000000000000000000, -0.000000000000000000, -1.000000000000000000 ) ) ;
#1452 = CARTESIAN_POINT ( 'NONE',  ( -1.825059895954885825, 5.279882440875898197, -4.799999999999999822 ) ) ;
#1453 = DIRECTION ( 'NONE',  ( 0.1479802579602717272, 0.9889903150456081926, -0.000000000000000000 ) ) ;
#1454 = ORIENTED_EDGE ( 'NONE', *, *, #1173, .T. ) ;
#1455 = VERTEX_POINT ( 'NONE', #49 ) ;
#1456 = EDGE_LOOP ( 'NONE', ( #417, #1697, #1314, #1608 ) ) ;
#1457 = PLANE ( 'NONE',  #1180 ) ;
#1458 = EDGE_CURVE ( 'NONE', #1536, #880, #955, .T. ) ;
#1459 = CARTESIAN_POINT ( 'NONE',  ( -1.825059895954885825, 5.279882440875898197, -3.799999999999999378 ) ) ;
#1460 = VECTOR ( 'NONE', #1294, 1000.000000000000114 ) ;
#1461 = DIRECTION ( 'NONE',  ( 0.9165037613454379839, 0.4000260684501258379, 0.000000000000000000 ) ) ;
#1462 = FACE_OUTER_BOUND ( 'NONE', #301, .T. ) ;
#1463 = CIRCLE ( 'NONE', #1275, 3.000000000000002665 ) ;
#1464 = DIRECTION ( 'NONE',  ( 0.000000000000000000, 0.000000000000000000, 1.000000000000000000 ) ) ;
#1465 = ORIENTED_EDGE ( 'NONE', *, *, #1472, .F. ) ;
#1466 = AXIS2_PLACEMENT_3D ( 'NONE', #426, #1464, #1015 ) ;
#1467 = ORIENTED_EDGE ( 'NONE', *, *, #726, .T. ) ;
#1468 = CARTESIAN_POINT ( 'NONE',  ( 0.000000000000000000, 0.000000000000000000, 1.449999999999999956 ) ) ;
#1469 = VECTOR ( 'NONE', #1228, 1000.000000000000000 ) ;
#1470 = PLANE ( 'NONE',  #612 ) ;
#1471 = ORIENTED_EDGE ( 'NONE', *, *, #1472, .T. ) ;
#1472 = EDGE_CURVE ( 'NONE', #1006, #335, #487, .T. ) ;
#1473 = ORIENTED_EDGE ( 'NONE', *, *, #574, .T. ) ;
#1474 = ORIENTED_EDGE ( 'NONE', *, *, #137, .F. ) ;
#1475 = CIRCLE ( 'NONE', #642, 3.999999999999996447 ) ;
#1476 = ORIENTED_EDGE ( 'NONE', *, *, #338, .F. ) ;
#1477 = CARTESIAN_POINT ( 'NONE',  ( -2.850059895954885736, 5.279882440875898197, 1.449999999999999956 ) ) ;
#1478 = CARTESIAN_POINT ( 'NONE',  ( 0.000000000000000000, 0.000000000000000000, -3.399999999999999467 ) ) ;
#1479 = EDGE_LOOP ( 'NONE', ( #1471, #1803 ) ) ;
#1480 = FACE_OUTER_BOUND ( 'NONE', #1040, .T. ) ;
#1481 = ORIENTED_EDGE ( 'NONE', *, *, #307, .T. ) ;
#1482 = EDGE_CURVE ( 'NONE', #44, #363, #1259, .T. ) ;
#1483 = ORIENTED_EDGE ( 'NONE', *, *, #514, .T. ) ;
#1484 = PRESENTATION_STYLE_ASSIGNMENT (( #852 ) ) ;
#1485 = DIRECTION ( 'NONE',  ( 1.000000000000000000, 0.000000000000000000, 0.000000000000000000 ) ) ;
#1486 = CARTESIAN_POINT ( 'NONE',  ( -2.624269610045288914, 7.279676179437131189, 4.799921871948003904 ) ) ;
#1487 = DIRECTION ( 'NONE',  ( 1.000000000000000000, 0.000000000000000000, 0.000000000000000000 ) ) ;
#1488 = PLANE ( 'NONE',  #1334 ) ;
#1489 = CIRCLE ( 'NONE', #657, 1.024999999999999467 ) ;
#1490 = EDGE_LOOP ( 'NONE', ( #979, #1443, #1125, #922 ) ) ;
#1491 = AXIS2_PLACEMENT_3D ( 'NONE', #1140, #678, #1728 ) ;
#1492 = VERTEX_POINT ( 'NONE', #1373 ) ;
#1493 = EDGE_CURVE ( 'NONE', #499, #152, #672, .T. ) ;
#1494 = AXIS2_PLACEMENT_3D ( 'NONE', #39, #1674, #626 ) ;
#1495 = ORIENTED_EDGE ( 'NONE', *, *, #1661, .F. ) ;
#1496 = DIRECTION ( 'NONE',  ( 1.000000000000000000, 0.000000000000000000, 0.000000000000000000 ) ) ;
#1497 = DIRECTION ( 'NONE',  ( 1.000000000000000000, 0.000000000000000000, 0.000000000000000000 ) ) ;
#1498 = EDGE_CURVE ( 'NONE', #1331, #132, #893, .T. ) ;
#1499 = DIRECTION ( 'NONE',  ( 1.000000000000000000, 0.000000000000000000, 0.000000000000000000 ) ) ;
#1500 = CARTESIAN_POINT ( 'NONE',  ( -1.582006206600620635, 3.701064895712734337, 4.799999999999999822 ) ) ;
#1501 = FACE_OUTER_BOUND ( 'NONE', #1387, .T. ) ;
#1502 = ORIENTED_EDGE ( 'NONE', *, *, #468, .F. ) ;
#1503 = ORIENTED_EDGE ( 'NONE', *, *, #1413, .T. ) ;
#1504 = EDGE_LOOP ( 'NONE', ( #548, #1502, #333, #652, #399 ) ) ;
#1505 = LINE ( 'NONE', #775, #29 ) ;
#1506 = CARTESIAN_POINT ( 'NONE',  ( 1.024999999999999911, 0.000000000000000000, 3.399999999999999467 ) ) ;
#1507 = CYLINDRICAL_SURFACE ( 'NONE', #1276, 1.824999999999999512 ) ;
#1508 = EDGE_CURVE ( 'NONE', #728, #770, #91, .T. ) ;
#1509 = CARTESIAN_POINT ( 'NONE',  ( 35.33658179266027588, 2.981058989159656392, -4.799999999999999822 ) ) ;
#1510 = DIRECTION ( 'NONE',  ( 0.000000000000000000, 0.000000000000000000, 1.000000000000000000 ) ) ;
#1511 = CARTESIAN_POINT ( 'NONE',  ( 0.7103052382093048012, 4.747153512218919680, 1.449999999999999956 ) ) ;
#1512 = CARTESIAN_POINT ( 'NONE',  ( -2.850059895954885736, 5.279882440875898197, -1.249999999999999778 ) ) ;
#1513 = CARTESIAN_POINT ( 'NONE',  ( 34.94285714285715727, -3.999591815907911130, -3.799999999999999378 ) ) ;
#1514 = ORIENTED_EDGE ( 'NONE', *, *, #493, .T. ) ;
#1515 = ORIENTED_EDGE ( 'NONE', *, *, #705, .T. ) ;
#1516 = CARTESIAN_POINT ( 'NONE',  ( -2.850059895954885736, 5.279882440875898197, -1.249999999999999778 ) ) ;
#1517 = CARTESIAN_POINT ( 'NONE',  ( 3.118424940794918498, -2.544808615324189116, 4.799999999999999822 ) ) ;
#1518 = CARTESIAN_POINT ( 'NONE',  ( -2.850059895954885736, 5.279882440875898197, -1.449999999999999956 ) ) ;
#1519 = CARTESIAN_POINT ( 'NONE',  ( -4.875059895954885647, 5.279882440875898197, -3.799999999999999378 ) ) ;
#1520 = DIRECTION ( 'NONE',  ( 1.000000000000000000, 0.000000000000000000, 0.000000000000000000 ) ) ;
#1521 = ADVANCED_FACE ( 'NONE', ( #185 ), #1087, .T. ) ;
#1522 = CARTESIAN_POINT ( 'NONE',  ( -0.8250598959548857136, 5.279882440875898197, 3.800000000000000266 ) ) ;
#1523 = DIRECTION ( 'NONE',  ( 1.000000000000000000, 0.000000000000000000, 0.000000000000000000 ) ) ;
#1524 = CARTESIAN_POINT ( 'NONE',  ( -2.850059895954885736, 5.279882440875898197, -3.799999999999999378 ) ) ;
#1525 = VERTEX_POINT ( 'NONE', #768 ) ;
#1526 = ORIENTED_EDGE ( 'NONE', *, *, #1223, .F. ) ;
#1527 = AXIS2_PLACEMENT_3D ( 'NONE', #561, #1729, #1485 ) ;
#1528 = AXIS2_PLACEMENT_3D ( 'NONE', #519, #1109, #237 ) ;
#1529 = CIRCLE ( 'NONE', #119, 1.024999999999999911 ) ;
#1530 = PLANE ( 'NONE',  #279 ) ;
#1531 = CARTESIAN_POINT ( 'NONE',  ( 0.000000000000000000, 0.000000000000000000, 4.799999999999999822 ) ) ;
#1532 = CARTESIAN_POINT ( 'NONE',  ( 0.000000000000000000, 0.000000000000000000, -3.399999999999999467 ) ) ;
#1533 = EDGE_CURVE ( 'NONE', #1257, #235, #1166, .T. ) ;
#1534 = DIRECTION ( 'NONE',  ( -0.1479802579602717272, -0.9889903150456081926, 0.000000000000000000 ) ) ;
#1535 = EDGE_CURVE ( 'NONE', #1394, #1366, #344, .T. ) ;
#1536 = VERTEX_POINT ( 'NONE', #260 ) ;
#1537 = VERTEX_POINT ( 'NONE', #1712 ) ;
#1538 = CARTESIAN_POINT ( 'NONE',  ( -3.024999999999999911, 0.000000000000000000, -3.399999999999999467 ) ) ;
#1539 = DIRECTION ( 'NONE',  ( 0.000000000000000000, 0.000000000000000000, 1.000000000000000000 ) ) ;
#1540 = PRODUCT_DEFINITION_FORMATION_WITH_SPECIFIED_SOURCE ( '任何', '', #256, .NOT_KNOWN. ) ;
#1541 = CARTESIAN_POINT ( 'NONE',  ( -4.694523715662561436, 4.474829978120026475, 4.799921871948003904 ) ) ;
#1542 = DIRECTION ( 'NONE',  ( 0.000000000000000000, -1.000000000000000000, 0.000000000000000000 ) ) ;
#1543 = FACE_OUTER_BOUND ( 'NONE', #377, .T. ) ;
#1544 = EDGE_LOOP ( 'NONE', ( #1770, #701, #105, #1761, #846, #434 ) ) ;
#1545 = EDGE_CURVE ( 'NONE', #264, #488, #1549, .T. ) ;
#1546 = EDGE_LOOP ( 'NONE', ( #790, #1132, #1116, #1445 ) ) ;
#1547 = FILL_AREA_STYLE_COLOUR ( '', #704 ) ;
#1548 = DIRECTION ( 'NONE',  ( -1.000000000000000000, 0.000000000000000000, 0.000000000000000000 ) ) ;
#1549 = LINE ( 'NONE', #251, #827 ) ;
#1550 = CARTESIAN_POINT ( 'NONE',  ( -2.225990487716879240, 3.353444698902006582, -4.799999999999999822 ) ) ;
#1551 = EDGE_LOOP ( 'NONE', ( #123, #1188, #1176, #1340, #429, #440, #75, #1791, #683 ) ) ;
#1552 = VERTEX_POINT ( 'NONE', #832 ) ;
#1553 = DIRECTION ( 'NONE',  ( 1.000000000000000000, 0.000000000000000000, 0.000000000000000000 ) ) ;
#1554 = EDGE_CURVE ( 'NONE', #1773, #160, #771, .T. ) ;
#1555 = CIRCLE ( 'NONE', #53, 1.024999999999999911 ) ;
#1556 = CIRCLE ( 'NONE', #1034, 2.024999999999999911 ) ;
#1557 = CYLINDRICAL_SURFACE ( 'NONE', #489, 3.999999999999996447 ) ;
#1558 = EDGE_CURVE ( 'NONE', #577, #189, #774, .T. ) ;
#1559 = CARTESIAN_POINT ( 'NONE',  ( -3.553126085964935843, 1.891010316533333180, -4.799999999999999822 ) ) ;
#1560 = CIRCLE ( 'NONE', #757, 1.000000000000000000 ) ;
#1561 = FACE_OUTER_BOUND ( 'NONE', #219, .T. ) ;
#1562 = CARTESIAN_POINT ( 'NONE',  ( -0.8250598959548857136, 5.279882440875898197, -4.799999999999999822 ) ) ;
#1563 = DIRECTION ( 'NONE',  ( 0.000000000000000000, 0.000000000000000000, 1.000000000000000000 ) ) ;
#1564 = ORIENTED_EDGE ( 'NONE', *, *, #1003, .T. ) ;
#1565 = VERTEX_POINT ( 'NONE', #523 ) ;
#1566 = AXIS2_PLACEMENT_3D ( 'NONE', #1642, #795, #1385 ) ;
#1567 = DIRECTION ( 'NONE',  ( 1.000000000000000000, 0.000000000000000000, 0.000000000000000000 ) ) ;
#1568 = CARTESIAN_POINT ( 'NONE',  ( -0.03571428571428573312, -2.499744884942444401, 3.799999999999999378 ) ) ;
#1569 = EDGE_CURVE ( 'NONE', #1902, #645, #1226, .T. ) ;
#1570 = DIRECTION ( 'NONE',  ( -1.000000000000000000, 0.000000000000000000, 0.000000000000000000 ) ) ;
#1571 = AXIS2_PLACEMENT_3D ( 'NONE', #195, #340, #784 ) ;
#1572 = DIRECTION ( 'NONE',  ( 0.9936863297198856859, -0.1121939308867587193, 0.000000000000000000 ) ) ;
#1573 = ORIENTED_EDGE ( 'NONE', *, *, #1493, .F. ) ;
#1574 = VECTOR ( 'NONE', #628, 1000.000000000000114 ) ;
#1575 = EDGE_LOOP ( 'NONE', ( #141, #1427, #643, #1177 ) ) ;
#1576 = DIRECTION ( 'NONE',  ( 1.000000000000000000, 0.000000000000000000, 0.000000000000000000 ) ) ;
#1577 = CARTESIAN_POINT ( 'NONE',  ( 35.00000000000000000, 0.000000000000000000, -4.799999999999999822 ) ) ;
#1578 = CARTESIAN_POINT ( 'NONE',  ( -3.207763164709032111, -1.400091239575441016, -1.449999999999999956 ) ) ;
#1579 =( LENGTH_UNIT ( ) NAMED_UNIT ( * ) SI_UNIT ( .MILLI., .METRE. ) );
#1580 = DIRECTION ( 'NONE',  ( 1.000000000000000000, 0.000000000000000000, 0.000000000000000000 ) ) ;
#1581 = CARTESIAN_POINT ( 'NONE',  ( -3.207763164709032111, -1.400091239575441016, -4.799999999999999822 ) ) ;
#1582 = ADVANCED_FACE ( 'NONE', ( #1561 ), #679, .T. ) ;
#1583 = VERTEX_POINT ( 'NONE', #1075 ) ;
#1584 = ORIENTED_EDGE ( 'NONE', *, *, #834, .F. ) ;
#1585 = DIRECTION ( 'NONE',  ( 0.000000000000000000, 0.000000000000000000, 1.000000000000000000 ) ) ;
#1586 = CARTESIAN_POINT ( 'NONE',  ( -2.624269610045286250, 7.279676179437156947, -4.799921871948003904 ) ) ;
#1587 = DIRECTION ( 'NONE',  ( 1.000000000000000000, 0.000000000000000000, -0.000000000000000000 ) ) ;
#1588 = CIRCLE ( 'NONE', #386, 3.999999999999996447 ) ;
#1589 = AXIS2_PLACEMENT_3D ( 'NONE', #983, #1885, #698 ) ;
#1590 = DIRECTION ( 'NONE',  ( -1.000000000000000000, 0.000000000000000000, 0.000000000000000000 ) ) ;
#1591 = CARTESIAN_POINT ( 'NONE',  ( -2.225990487716879240, 3.353444698902006582, -4.799999999999999822 ) ) ;
#1592 = CIRCLE ( 'NONE', #539, 3.024999999999999911 ) ;
#1593 = ORIENTED_EDGE ( 'NONE', *, *, #1849, .F. ) ;
#1594 = EDGE_LOOP ( 'NONE', ( #427, #1404 ) ) ;
#1595 = EDGE_CURVE ( 'NONE', #1583, #152, #521, .T. ) ;
#1596 = DIRECTION ( 'NONE',  ( -0.4000260684501258379, 0.9165037613454378729, 0.000000000000000000 ) ) ;
#1597 = DIRECTION ( 'NONE',  ( 1.000000000000000000, 0.000000000000000000, -0.000000000000000000 ) ) ;
#1598 = DIRECTION ( 'NONE',  ( 1.000000000000000000, 0.000000000000000000, 0.000000000000000000 ) ) ;
#1599 = CARTESIAN_POINT ( 'NONE',  ( -1.024999999999999911, 1.255262969126036846E-16, 1.449999999999999956 ) ) ;
#1600 = AXIS2_PLACEMENT_3D ( 'NONE', #1532, #1391, #939 ) ;
#1601 = ORIENTED_EDGE ( 'NONE', *, *, #1837, .T. ) ;
#1602 = ORIENTED_EDGE ( 'NONE', *, *, #1801, .F. ) ;
#1603 = ORIENTED_EDGE ( 'NONE', *, *, #1493, .T. ) ;
#1604 = EDGE_CURVE ( 'NONE', #664, #1329, #1410, .T. ) ;
#1605 = CARTESIAN_POINT ( 'NONE',  ( 0.000000000000000000, 0.000000000000000000, 3.399999999999999467 ) ) ;
#1606 = DIRECTION ( 'NONE',  ( -0.000000000000000000, -0.000000000000000000, -1.000000000000000000 ) ) ;
#1607 = CYLINDRICAL_SURFACE ( 'NONE', #1383, 1.000000000000000000 ) ;
#1608 = ORIENTED_EDGE ( 'NONE', *, *, #1396, .F. ) ;
#1609 = EDGE_LOOP ( 'NONE', ( #1869, #74, #1467, #908 ) ) ;
#1610 = ORIENTED_EDGE ( 'NONE', *, *, #414, .F. ) ;
#1611 = EDGE_CURVE ( 'NONE', #770, #1888, #103, .T. ) ;
#1612 = CARTESIAN_POINT ( 'NONE',  ( -2.850059895954885736, 5.279882440875898197, -1.249999999999999778 ) ) ;
#1613 = EDGE_CURVE ( 'NONE', #711, #934, #607, .T. ) ;
#1614 = CIRCLE ( 'NONE', #1092, 1.024999999999999911 ) ;
#1615 = DIRECTION ( 'NONE',  ( 0.000000000000000000, 0.000000000000000000, 1.000000000000000000 ) ) ;
#1616 = ORIENTED_EDGE ( 'NONE', *, *, #1695, .T. ) ;
#1617 = AXIS2_PLACEMENT_3D ( 'NONE', #1167, #1622, #306 ) ;
#1618 = LINE ( 'NONE', #4, #1370 ) ;
#1619 = ORIENTED_EDGE ( 'NONE', *, *, #1508, .F. ) ;
#1620 = AXIS2_PLACEMENT_3D ( 'NONE', #937, #222, #1520 ) ;
#1621 = ORIENTED_EDGE ( 'NONE', *, *, #1801, .T. ) ;
#1622 = DIRECTION ( 'NONE',  ( 0.000000000000000000, 0.000000000000000000, 1.000000000000000000 ) ) ;
#1623 = ADVANCED_FACE ( 'NONE', ( #1380, #1816 ), #1787, .T. ) ;
#1624 = CARTESIAN_POINT ( 'NONE',  ( -5.599571179991198022, 4.079804235525519296, 3.800000000000000266 ) ) ;
#1625 = B_SPLINE_CURVE_WITH_KNOTS ( 'NONE', 3,
 ( #1046, #1346, #1442, #1630, #603, #591, #1886, #913 ),
 .UNSPECIFIED., .F., .F.,
 ( 4, 2, 2, 4 ),
 ( 0.001479232263037829178, 0.002433477146753449533, 0.002910599588611259385, 0.003387722030469069237 ),
 .UNSPECIFIED. ) ;
#1626 = ORIENTED_EDGE ( 'NONE', *, *, #307, .F. ) ;
#1627 = PRODUCT_CONTEXT ( 'NONE', #296, 'mechanical' ) ;
#1628 = ORIENTED_EDGE ( 'NONE', *, *, #667, .F. ) ;
#1629 = EDGE_LOOP ( 'NONE', ( #835, #1238, #743, #1321 ) ) ;
#1630 = CARTESIAN_POINT ( 'NONE',  ( -3.548569531380302955, 1.094343012767440504, 4.750892562548964193 ) ) ;
#1631 = CARTESIAN_POINT ( 'NONE',  ( 0.000000000000000000, 0.000000000000000000, -4.799999999999999822 ) ) ;
#1632 =( LENGTH_UNIT ( ) NAMED_UNIT ( * ) SI_UNIT ( .MILLI., .METRE. ) );
#1633 = EDGE_CURVE ( 'NONE', #671, #11, #1475, .T. ) ;
#1634 = CARTESIAN_POINT ( 'NONE',  ( -2.850059895954885736, 5.279882440875898197, 1.249999999999999778 ) ) ;
#1635 = ORIENTED_EDGE ( 'NONE', *, *, #405, .T. ) ;
#1636 = ADVANCED_FACE ( 'NONE', ( #221 ), #366, .F. ) ;
#1637 = VERTEX_POINT ( 'NONE', #764 ) ;
#1638 = VERTEX_POINT ( 'NONE', #1538 ) ;
#1639 = CARTESIAN_POINT ( 'NONE',  ( -2.624269610045288914, 7.279676179437131189, 4.799921871948003904 ) ) ;
#1640 = CARTESIAN_POINT ( 'NONE',  ( -1.825059895954885825, 5.279882440875898197, 3.800000000000000266 ) ) ;
#1641 = DIRECTION ( 'NONE',  ( -1.000000000000000000, 0.000000000000000000, 0.000000000000000000 ) ) ;
#1642 = CARTESIAN_POINT ( 'NONE',  ( -0.03571428571428567067, -2.499744884942445289, 3.799999999999999378 ) ) ;
#1643 = CIRCLE ( 'NONE', #1431, 3.024999999999999911 ) ;
#1644 = VERTEX_POINT ( 'NONE', #1093 ) ;
#1645 = TOROIDAL_SURFACE ( 'NONE', #947, 2.999999999999999112, 1.000000000000000000 ) ;
#1646 = ORIENTED_EDGE ( 'NONE', *, *, #938, .T. ) ;
#1647 = CIRCLE ( 'NONE', #1897, 1.024999999999999911 ) ;
#1648 = EDGE_CURVE ( 'NONE', #1638, #345, #1382, .T. ) ;
#1649 = ORIENTED_EDGE ( 'NONE', *, *, #54, .F. ) ;
#1650 = CARTESIAN_POINT ( 'NONE',  ( -4.862559895954870370, 5.279882440875898197, 4.799921871948003904 ) ) ;
#1651 = DIRECTION ( 'NONE',  ( 0.000000000000000000, 0.000000000000000000, 1.000000000000000000 ) ) ;
#1652 = CARTESIAN_POINT ( 'NONE',  ( 38.00000000000000711, 0.000000000000000000, -4.799999999999999822 ) ) ;
#1653 = DIRECTION ( 'NONE',  ( 0.4000260684501257269, -0.9165037613454378729, 0.000000000000000000 ) ) ;
#1654 = AXIS2_PLACEMENT_3D ( 'NONE', #546, #1542, #1857 ) ;
#1655 = DIRECTION ( 'NONE',  ( 1.224646799147353207E-16, 1.000000000000000000, -0.000000000000000000 ) ) ;
#1656 = CARTESIAN_POINT ( 'NONE',  ( -0.03571428571428571230, -2.499744884942444401, -3.799999999999999378 ) ) ;
#1657 = DIRECTION ( 'NONE',  ( 0.9998979539769781155, -0.01428571428571426966, 0.000000000000000000 ) ) ;
#1658 = ORIENTED_EDGE ( 'NONE', *, *, #441, .T. ) ;
#1659 = EDGE_LOOP ( 'NONE', ( #1829, #1162, #1108, #82 ) ) ;
#1660 = DIRECTION ( 'NONE',  ( -0.000000000000000000, -0.000000000000000000, 1.000000000000000000 ) ) ;
#1661 = EDGE_CURVE ( 'NONE', #235, #1888, #648, .T. ) ;
#1662 = CIRCLE ( 'NONE', #518, 3.024999999999999911 ) ;
#1663 = DIRECTION ( 'NONE',  ( -0.000000000000000000, -0.000000000000000000, -1.000000000000000000 ) ) ;
#1664 = DIRECTION ( 'NONE',  ( 1.000000000000000000, 3.552713678800500929E-15, 0.000000000000000000 ) ) ;
#1665 = AXIS2_PLACEMENT_3D ( 'NONE', #495, #792, #327 ) ;
#1666 = CARTESIAN_POINT ( 'NONE',  ( -2.006370244564019245, 3.459638209949219778, 4.799999999999999822 ) ) ;
#1667 = CARTESIAN_POINT ( 'NONE',  ( -4.675059895954885469, 5.279882440875898197, 1.249999999999999778 ) ) ;
#1668 = CARTESIAN_POINT ( 'NONE',  ( 0.1516797644092788278, 1.013715072921748117, -4.799999999999999822 ) ) ;
#1669 = VERTEX_POINT ( 'NONE', #1509 ) ;
#1670 = ORIENTED_EDGE ( 'NONE', *, *, #834, .T. ) ;
#1671 = CARTESIAN_POINT ( 'NONE',  ( 0.5034832805203169892, -3.252435923396183259, 4.468904154711465182 ) ) ;
#1672 = CYLINDRICAL_SURFACE ( 'NONE', #858, 1.024999999999999911 ) ;
#1673 = CARTESIAN_POINT ( 'NONE',  ( 34.95714285714286262, -2.999693861930933014, -3.799999999999999378 ) ) ;
#1674 = DIRECTION ( 'NONE',  ( 0.000000000000000000, 0.000000000000000000, 1.000000000000000000 ) ) ;
#1675 = ADVANCED_FACE ( 'NONE', ( #1824 ), #1530, .F. ) ;
#1676 = CARTESIAN_POINT ( 'NONE',  ( -4.556173373952495886, 4.189102077927014278, 4.799999999999999822 ) ) ;
#1677 = CARTESIAN_POINT ( 'NONE',  ( -0.03571428571428574006, -2.499744884942444845, -3.799999999999999378 ) ) ;
#1678 = DIRECTION ( 'NONE',  ( -0.000000000000000000, -0.000000000000000000, 1.000000000000000000 ) ) ;
#1679 = EDGE_LOOP ( 'NONE', ( #1858, #161, #1768, #1670, #959, #451, #579, #911 ) ) ;
#1680 = EDGE_LOOP ( 'NONE', ( #890, #1024, #415, #1646, #836, #1157, #969, #798 ) ) ;
#1681 = AXIS2_PLACEMENT_3D ( 'NONE', #1711, #109, #853 ) ;
#1682 = AXIS2_PLACEMENT_3D ( 'NONE', #412, #424, #1022 ) ;
#1683 = CARTESIAN_POINT ( 'NONE',  ( 0.7103052382093048012, 4.747153512218919680, 1.449999999999999956 ) ) ;
#1684 = CARTESIAN_POINT ( 'NONE',  ( -2.850059895954885736, 5.279882440875898197, 3.800000000000000266 ) ) ;
#1685 = ADVANCED_FACE ( 'NONE', ( #501 ), #1796, .F. ) ;
#1686 = ORIENTED_EDGE ( 'NONE', *, *, #1025, .F. ) ;
#1687 = VERTEX_POINT ( 'NONE', #1652 ) ;
#1688 = AXIS2_PLACEMENT_3D ( 'NONE', #830, #851, #1438 ) ;
#1689 = CARTESIAN_POINT ( 'NONE',  ( -0.5360672743028616072, 8.037678326531686679, -1.449999999999999956 ) ) ;
#1690 = PLANE ( 'NONE',  #1400 ) ;
#1691 = CIRCLE ( 'NONE', #862, 1.000000000000000000 ) ;
#1692 = STYLED_ITEM ( 'NONE', ( #1484 ), #158 ) ;
#1693 = CARTESIAN_POINT ( 'NONE',  ( 1.840803148741873008, -3.022525761937981059, -4.671977525647450946 ) ) ;
#1694 = DIRECTION ( 'NONE',  ( 1.000000000000000000, 0.000000000000000000, 0.000000000000000000 ) ) ;
#1695 = EDGE_CURVE ( 'NONE', #264, #1852, #433, .T. ) ;
#1696 = ORIENTED_EDGE ( 'NONE', *, *, #620, .T. ) ;
#1697 = ORIENTED_EDGE ( 'NONE', *, *, #1871, .T. ) ;
#1698 = ADVANCED_FACE ( 'NONE', ( #28 ), #1398, .F. ) ;
#1699 = DIRECTION ( 'NONE',  ( 0.000000000000000000, 0.000000000000000000, -1.000000000000000000 ) ) ;
#1700 = CARTESIAN_POINT ( 'NONE',  ( -3.404637200095695704, -2.274639878055404464E-15, -4.584314985509578833 ) ) ;
#1701 = CARTESIAN_POINT ( 'NONE',  ( -1.791296313757631653, 3.575734276799135802, -4.799999999999999822 ) ) ;
#1702 = EDGE_LOOP ( 'NONE', ( #1386, #1722 ) ) ;
#1703 = VERTEX_POINT ( 'NONE', #240 ) ;
#1704 = MANIFOLD_SOLID_BREP ( '圆角1', #886 ) ;
#1705 = EDGE_CURVE ( 'NONE', #345, #1638, #1662, .T. ) ;
#1706 = VECTOR ( 'NONE', #1572, 999.9999999999998863 ) ;
#1707 = CIRCLE ( 'NONE', #786, 3.500000000000000000 ) ;
#1708 = DIRECTION ( 'NONE',  ( 0.000000000000000000, 0.000000000000000000, 1.000000000000000000 ) ) ;
#1709 = CARTESIAN_POINT ( 'NONE',  ( -3.469361010337763673, 0.3100883556367521332, -4.635509014546467021 ) ) ;
#1710 = AXIS2_PLACEMENT_3D ( 'NONE', #183, #1539, #946 ) ;
#1711 = CARTESIAN_POINT ( 'NONE',  ( 35.00000000000000000, 0.000000000000000000, -4.799999999999999822 ) ) ;
#1712 = CARTESIAN_POINT ( 'NONE',  ( 34.94285714285714306, -3.999591815907911130, 3.800000000000000266 ) ) ;
#1713 = EDGE_LOOP ( 'NONE', ( #632, #536, #584, #1052 ) ) ;
#1714 = VERTEX_POINT ( 'NONE', #1689 ) ;
#1715 = CIRCLE ( 'NONE', #889, 1.024999999999999911 ) ;
#1716 = DIRECTION ( 'NONE',  ( 0.000000000000000000, 0.000000000000000000, 1.000000000000000000 ) ) ;
#1717 = ADVANCED_FACE ( 'NONE', ( #1137 ), #1557, .T. ) ;
#1718 = CARTESIAN_POINT ( 'NONE',  ( 0.000000000000000000, 0.000000000000000000, -4.446988214730375866 ) ) ;
#1719 = CYLINDRICAL_SURFACE ( 'NONE', #1098, 1.000000000000000000 ) ;
#1720 = DIRECTION ( 'NONE',  ( 0.9998979539769781155, -0.01428571428571426966, 0.000000000000000000 ) ) ;
#1721 = CIRCLE ( 'NONE', #895, 3.262499999999999734 ) ;
#1722 = ORIENTED_EDGE ( 'NONE', *, *, #540, .T. ) ;
#1723 = CARTESIAN_POINT ( 'NONE',  ( -2.850059895954885736, 5.279882440875898197, -3.799999999999999378 ) ) ;
#1724 = ORIENTED_EDGE ( 'NONE', *, *, #1409, .F. ) ;
#1725 = DIRECTION ( 'NONE',  ( 1.000000000000000000, -8.566535683836084989E-16, 0.000000000000000000 ) ) ;
#1726 = DIRECTION ( 'NONE',  ( 0.000000000000000000, 0.000000000000000000, -1.000000000000000000 ) ) ;
#1727 = CARTESIAN_POINT ( 'NONE',  ( -2.850059895954885736, 5.279882440875898197, 1.449999999999999956 ) ) ;
#1728 = DIRECTION ( 'NONE',  ( 1.000000000000000000, 0.000000000000000000, 0.000000000000000000 ) ) ;
#1729 = DIRECTION ( 'NONE',  ( 0.000000000000000000, 0.000000000000000000, 1.000000000000000000 ) ) ;
#1730 = ADVANCED_FACE ( 'NONE', ( #87 ), #1118, .F. ) ;
#1731 = ORIENTED_EDGE ( 'NONE', *, *, #455, .T. ) ;
#1732 = DIRECTION ( 'NONE',  ( 0.000000000000000000, 0.000000000000000000, 1.000000000000000000 ) ) ;
#1733 = CARTESIAN_POINT ( 'NONE',  ( -2.225990487716879240, 3.353444698902006582, 4.799999999999999822 ) ) ;
#1734 = CARTESIAN_POINT ( 'NONE',  ( -3.555810916952652612, 1.252139234678323110, -4.768147287566956827 ) ) ;
#1735 = CIRCLE ( 'NONE', #1150, 1.000000000000000000 ) ;
#1736 = CIRCLE ( 'NONE', #175, 0.9999999999999992228 ) ;
#1737 = CARTESIAN_POINT ( 'NONE',  ( -1.025059895954886002, 5.279882440875898197, 1.249999999999999778 ) ) ;
#1738 = CARTESIAN_POINT ( 'NONE',  ( 0.000000000000000000, 0.000000000000000000, -1.449999999999999956 ) ) ;
#1739 = AXIS2_PLACEMENT_3D ( 'NONE', #81, #1563, #1099 ) ;
#1740 = DIRECTION ( 'NONE',  ( 1.000000000000000000, 0.000000000000000000, 0.000000000000000000 ) ) ;
#1741 = ADVANCED_FACE ( 'NONE', ( #77 ), #410, .T. ) ;
#1742 = ORIENTED_EDGE ( 'NONE', *, *, #1142, .T. ) ;
#1743 = ORIENTED_EDGE ( 'NONE', *, *, #1223, .T. ) ;
#1744 = ORIENTED_EDGE ( 'NONE', *, *, #800, .F. ) ;
#1745 = DIRECTION ( 'NONE',  ( 0.000000000000000000, 0.000000000000000000, 1.000000000000000000 ) ) ;
#1746 = DIRECTION ( 'NONE',  ( 1.000000000000000000, 0.000000000000000000, 0.000000000000000000 ) ) ;
#1747 = DIRECTION ( 'NONE',  ( 0.4000260684501258379, -0.9165037613454377619, 0.000000000000000000 ) ) ;
#1748 = AXIS2_PLACEMENT_3D ( 'NONE', #223, #1245, #1055 ) ;
#1749 = ORIENTED_EDGE ( 'NONE', *, *, #67, .T. ) ;
#1750 = CARTESIAN_POINT ( 'NONE',  ( -5.599571179991198022, 4.079804235525519296, -3.799999999999999378 ) ) ;
#1751 = CIRCLE ( 'NONE', #1135, 4.025000000000000355 ) ;
#1752 = EDGE_CURVE ( 'NONE', #1552, #1644, #1298, .T. ) ;
#1753 = VERTEX_POINT ( 'NONE', #1126 ) ;
#1754 = ORIENTED_EDGE ( 'NONE', *, *, #67, .F. ) ;
#1755 = AXIS2_PLACEMENT_3D ( 'NONE', #1353, #41, #475 ) ;
#1756 = EDGE_CURVE ( 'NONE', #1753, #577, #1721, .T. ) ;
#1757 = DIRECTION ( 'NONE',  ( 1.000000000000000000, 0.000000000000000000, 0.000000000000000000 ) ) ;
#1758 = DIRECTION ( 'NONE',  ( -0.9165037613454379839, -0.4000260684501257269, 0.000000000000000000 ) ) ;
#1759 = ORIENTED_EDGE ( 'NONE', *, *, #181, .T. ) ;
#1760 = CARTESIAN_POINT ( 'NONE',  ( 4.025000000000000355, 0.000000000000000000, 4.799999999999999822 ) ) ;
#1761 = ORIENTED_EDGE ( 'NONE', *, *, #1482, .F. ) ;
#1762 = B_SPLINE_CURVE_WITH_KNOTS ( 'NONE', 3,
 ( #1138, #542, #531, #685 ),
 .UNSPECIFIED., .F., .F.,
 ( 4, 4 ),
 ( 0.0001030328929320122787, 0.001479232263037829178 ),
 .UNSPECIFIED. ) ;
#1763 = ORIENTED_EDGE ( 'NONE', *, *, #928, .F. ) ;
#1764 = EDGE_CURVE ( 'NONE', #1703, #1583, #1751, .T. ) ;
#1765 = DIRECTION ( 'NONE',  ( -0.000000000000000000, -0.000000000000000000, -1.000000000000000000 ) ) ;
#1766 = CIRCLE ( 'NONE', #1527, 1.024999999999999911 ) ;
#1767 = CARTESIAN_POINT ( 'NONE',  ( -2.850059895954885736, 5.279882440875898197, -1.249999999999999778 ) ) ;
#1768 = ORIENTED_EDGE ( 'NONE', *, *, #277, .F. ) ;
#1769 = AXIS2_PLACEMENT_3D ( 'NONE', #1136, #1585, #114 ) ;
#1770 = ORIENTED_EDGE ( 'NONE', *, *, #113, .T. ) ;
#1771 = AXIS2_PLACEMENT_3D ( 'NONE', #367, #61, #954 ) ;
#1772 = EDGE_LOOP ( 'NONE', ( #1100, #191, #1628, #887 ) ) ;
#1773 = VERTEX_POINT ( 'NONE', #981 ) ;
#1774 = DIRECTION ( 'NONE',  ( 0.000000000000000000, 0.000000000000000000, 1.000000000000000000 ) ) ;
#1775 = CARTESIAN_POINT ( 'NONE',  ( -2.513478103294610744, 8.260941430035552813, 1.449999999999999956 ) ) ;
#1776 = EDGE_CURVE ( 'NONE', #499, #332, #990, .T. ) ;
#1777 = LINE ( 'NONE', #717, #312 ) ;
#1778 = ORIENTED_EDGE ( 'NONE', *, *, #1815, .F. ) ;
#1779 = EDGE_LOOP ( 'NONE', ( #613, #467 ) ) ;
#1780 = VERTEX_POINT ( 'NONE', #655 ) ;
#1781 =( GEOMETRIC_REPRESENTATION_CONTEXT ( 3 ) GLOBAL_UNCERTAINTY_ASSIGNED_CONTEXT ( ( #184 ) ) GLOBAL_UNIT_ASSIGNED_CONTEXT ( ( #257, #107, #1872 ) ) REPRESENTATION_CONTEXT ( 'NONE', 'WORKASPACE' ) );
#1782 = SURFACE_STYLE_FILL_AREA ( #714 ) ;
#1783 = VERTEX_POINT ( 'NONE', #1241 ) ;
#1784 = CARTESIAN_POINT ( 'NONE',  ( -2.310460383042984844, 7.231665565525059236, 4.799999999999999822 ) ) ;
#1785 = DIRECTION ( 'NONE',  ( -0.000000000000000000, -0.000000000000000000, 1.000000000000000000 ) ) ;
#1786 = DIRECTION ( 'NONE',  ( 1.000000000000000000, 0.000000000000000000, 0.000000000000000000 ) ) ;
#1787 = PLANE ( 'NONE',  #1665 ) ;
#1788 = ADVANCED_FACE ( 'NONE', ( #511 ), #665, .T. ) ;
#1789 = CARTESIAN_POINT ( 'NONE',  ( -2.513478103294610744, 8.260941430035552813, -4.799999999999999822 ) ) ;
#1790 = EDGE_LOOP ( 'NONE', ( #1483, #1278, #1649, #1249 ) ) ;
#1791 = ORIENTED_EDGE ( 'NONE', *, *, #297, .T. ) ;
#1792 = CARTESIAN_POINT ( 'NONE',  ( 0.000000000000000000, 0.000000000000000000, 0.000000000000000000 ) ) ;
#1793 = ORIENTED_EDGE ( 'NONE', *, *, #925, .F. ) ;
#1794 = DIRECTION ( 'NONE',  ( -1.000000000000000000, 0.000000000000000000, 0.000000000000000000 ) ) ;
#1795 = DIRECTION ( 'NONE',  ( -0.000000000000000000, -0.000000000000000000, 1.000000000000000000 ) ) ;
#1796 = CYLINDRICAL_SURFACE ( 'NONE', #1877, 3.024999999999999911 ) ;
#1797 = CARTESIAN_POINT ( 'NONE',  ( -2.850059895954885736, 5.279882440875898197, 3.800000000000000266 ) ) ;
#1798 = DIRECTION ( 'NONE',  ( -0.9889903150456081926, 0.1479802579602717272, 0.000000000000000000 ) ) ;
#1799 = CIRCLE ( 'NONE', #207, 1.000000000000000000 ) ;
#1800 = VERTEX_POINT ( 'NONE', #1312 ) ;
#1801 = EDGE_CURVE ( 'NONE', #567, #711, #1777, .T. ) ;
#1802 = CIRCLE ( 'NONE', #537, 2.024999999999999911 ) ;
#1803 = ORIENTED_EDGE ( 'NONE', *, *, #217, .T. ) ;
#1804 = TOROIDAL_SURFACE ( 'NONE', #1466, 2.999999999999999112, 1.000000000000000000 ) ;
#1805 = CYLINDRICAL_SURFACE ( 'NONE', #1285, 1.824999999999999734 ) ;
#1806 = DIRECTION ( 'NONE',  ( 0.000000000000000000, 0.000000000000000000, 1.000000000000000000 ) ) ;
#1807 = CARTESIAN_POINT ( 'NONE',  ( 0.000000000000000000, 0.000000000000000000, -4.799999999999999822 ) ) ;
#1808 = DIRECTION ( 'NONE',  ( 0.000000000000000000, 0.000000000000000000, 1.000000000000000000 ) ) ;
#1809 = AXIS2_PLACEMENT_3D ( 'NONE', #1634, #318, #907 ) ;
#1810 = CYLINDRICAL_SURFACE ( 'NONE', #1566, 1.000000000000000000 ) ;
#1811 = EDGE_LOOP ( 'NONE', ( #1850, #1199, #371, #1793 ) ) ;
#1812 = AXIS2_PLACEMENT_3D ( 'NONE', #1612, #305, #744 ) ;
#1813 = VERTEX_POINT ( 'NONE', #439 ) ;
#1814 = CARTESIAN_POINT ( 'NONE',  ( 1.841711498501978461, -3.022244843805033998, 4.672127626855430371 ) ) ;
#1815 = EDGE_CURVE ( 'NONE', #1023, #1888, #8, .T. ) ;
#1816 = FACE_BOUND ( 'NONE', #1356, .T. ) ;
#1817 = CARTESIAN_POINT ( 'NONE',  ( 35.33658179266029720, 2.981058989159654171, -4.799999999999999822 ) ) ;
#1818 = DIRECTION ( 'NONE',  ( 0.000000000000000000, 0.000000000000000000, -1.000000000000000000 ) ) ;
#1819 = FACE_OUTER_BOUND ( 'NONE', #1456, .T. ) ;
#1820 = CARTESIAN_POINT ( 'NONE',  ( -3.024999999999999911, 3.704556567420743261E-16, 3.399999999999999467 ) ) ;
#1821 = ORIENTED_EDGE ( 'NONE', *, *, #1425, .T. ) ;
#1822 = VERTEX_POINT ( 'NONE', #582 ) ;
#1823 = ADVANCED_FACE ( 'NONE', ( #710 ), #1607, .T. ) ;
#1824 = FACE_OUTER_BOUND ( 'NONE', #1171, .T. ) ;
#1825 = DIRECTION ( 'NONE',  ( 1.000000000000000000, 0.000000000000000000, 0.000000000000000000 ) ) ;
#1826 = CARTESIAN_POINT ( 'NONE',  ( -4.652200285436142835, 4.377862340121280837, 4.799921871948003904 ) ) ;
#1827 = CARTESIAN_POINT ( 'NONE',  ( 34.95714285714286262, -2.999693861930933902, 4.799999999999999822 ) ) ;
#1828 = FACE_OUTER_BOUND ( 'NONE', #111, .T. ) ;
#1829 = ORIENTED_EDGE ( 'NONE', *, *, #910, .T. ) ;
#1830 = VECTOR ( 'NONE', #1292, 1000.000000000000000 ) ;
#1831 = ORIENTED_EDGE ( 'NONE', *, *, #135, .T. ) ;
#1832 = CIRCLE ( 'NONE', #266, 4.025000000000000355 ) ;
#1833 = VECTOR ( 'NONE', #317, 1000.000000000000000 ) ;
#1834 = TOROIDAL_SURFACE ( 'NONE', #1156, 2.024999999999999911, 1.000000000000000000 ) ;
#1835 = FILL_AREA_STYLE ('',( #1547 ) ) ;
#1836 = DIRECTION ( 'NONE',  ( -1.000000000000000000, 0.000000000000000000, 0.000000000000000000 ) ) ;
#1837 = EDGE_CURVE ( 'NONE', #1426, #9, #1304, .T. ) ;
#1838 = DIRECTION ( 'NONE',  ( 1.000000000000000000, 0.000000000000000000, 0.000000000000000000 ) ) ;
#1839 = DIRECTION ( 'NONE',  ( 1.000000000000000000, 0.000000000000000000, 0.000000000000000000 ) ) ;
#1840 = EDGE_CURVE ( 'NONE', #189, #1703, #799, .T. ) ;
#1841 = ORIENTED_EDGE ( 'NONE', *, *, #1873, .F. ) ;
#1842 = ORIENTED_EDGE ( 'NONE', *, *, #465, .T. ) ;
#1843 = CARTESIAN_POINT ( 'NONE',  ( -3.024999999999999911, 3.704556567420743261E-16, 3.399999999999999467 ) ) ;
#1844 = CARTESIAN_POINT ( 'NONE',  ( -2.519040798284351901, 7.267795132390167723, -4.799921871948047425 ) ) ;
#1845 = DIRECTION ( 'NONE',  ( -0.000000000000000000, -0.000000000000000000, -1.000000000000000000 ) ) ;
#1846 = MECHANICAL_DESIGN_GEOMETRIC_PRESENTATION_REPRESENTATION (  '', ( #1347 ), #1781 ) ;
#1847 = CARTESIAN_POINT ( 'NONE',  ( 0.000000000000000000, 0.000000000000000000, -1.449999999999999956 ) ) ;
#1848 = AXIS2_PLACEMENT_3D ( 'NONE', #1096, #63, #931 ) ;
#1849 = EDGE_CURVE ( 'NONE', #1248, #1155, #797, .T. ) ;
#1850 = ORIENTED_EDGE ( 'NONE', *, *, #286, .T. ) ;
#1851 = CARTESIAN_POINT ( 'NONE',  ( -1.024999999999999911, 1.255262969126036846E-16, -4.799999999999999822 ) ) ;
#1852 = VERTEX_POINT ( 'NONE', #1186 ) ;
#1853 = DIRECTION ( 'NONE',  ( -0.000000000000000000, -0.000000000000000000, -1.000000000000000000 ) ) ;
#1854 = CARTESIAN_POINT ( 'NONE',  ( -1.025059895954886002, 5.279882440875898197, -1.449999999999999956 ) ) ;
#1855 = CARTESIAN_POINT ( 'NONE',  ( 0.000000000000000000, 0.000000000000000000, 3.399999999999999467 ) ) ;
#1856 = CARTESIAN_POINT ( 'NONE',  ( -5.599571179991198022, 4.079804235525519296, -4.799999999999999822 ) ) ;
#1857 = DIRECTION ( 'NONE',  ( 0.000000000000000000, 0.000000000000000000, -1.000000000000000000 ) ) ;
#1858 = ORIENTED_EDGE ( 'NONE', *, *, #654, .T. ) ;
#1859 = EDGE_CURVE ( 'NONE', #235, #1565, #1691, .T. ) ;
#1860 = ORIENTED_EDGE ( 'NONE', *, *, #1038, .F. ) ;
#1861 = CARTESIAN_POINT ( 'NONE',  ( 35.00000000000000000, 0.000000000000000000, -3.799999999999999378 ) ) ;
#1862 = AXIS2_PLACEMENT_3D ( 'NONE', #1878, #1774, #1497 ) ;
#1863 = AXIS2_PLACEMENT_3D ( 'NONE', #1518, #1083, #943 ) ;
#1864 = DIRECTION ( 'NONE',  ( 0.4000260684501260044, -0.9165037613454377619, 0.000000000000000000 ) ) ;
#1865 = AXIS2_PLACEMENT_3D ( 'NONE', #1390, #78, #1836 ) ;
#1866 = LINE ( 'NONE', #543, #507 ) ;
#1867 = CARTESIAN_POINT ( 'NONE',  ( -0.04660714285714287475, -3.262167074849890991, -4.446988214730375866 ) ) ;
#1868 = CARTESIAN_POINT ( 'NONE',  ( -2.850059895954885736, 5.279882440875898197, 1.449999999999999956 ) ) ;
#1869 = ORIENTED_EDGE ( 'NONE', *, *, #170, .F. ) ;
#1870 = ORIENTED_EDGE ( 'NONE', *, *, #1173, .F. ) ;
#1871 = EDGE_CURVE ( 'NONE', #1305, #1248, #747, .T. ) ;
#1872 =( NAMED_UNIT ( * ) SI_UNIT ( $, .STERADIAN. ) SOLID_ANGLE_UNIT ( ) );
#1873 = EDGE_CURVE ( 'NONE', #1060, #1902, #1256, .T. ) ;
#1874 = DIRECTION ( 'NONE',  ( -0.000000000000000000, -0.000000000000000000, -1.000000000000000000 ) ) ;
#1875 = B_SPLINE_CURVE_WITH_KNOTS ( 'NONE', 3,
 ( #814, #1089, #92, #669 ),
 .UNSPECIFIED., .F., .F.,
 ( 4, 4 ),
 ( 0.0001031185468962304212, 0.001479273778136467070 ),
 .UNSPECIFIED. ) ;
#1876 = CARTESIAN_POINT ( 'NONE',  ( -3.875059895954885203, 5.279882440875898197, -1.249999999999999778 ) ) ;
#1877 = AXIS2_PLACEMENT_3D ( 'NONE', #1338, #1663, #936 ) ;
#1878 = CARTESIAN_POINT ( 'NONE',  ( 0.000000000000000000, 0.000000000000000000, -4.799999999999999822 ) ) ;
#1879 = AXIS2_PLACEMENT_3D ( 'NONE', #382, #1726, #374 ) ;
#1880 = ORIENTED_EDGE ( 'NONE', *, *, #1195, .T. ) ;
#1881 = FACE_OUTER_BOUND ( 'NONE', #1772, .T. ) ;
#1882 = EDGE_LOOP ( 'NONE', ( #310, #1749, #818, #856 ) ) ;
#1883 = DIRECTION ( 'NONE',  ( -0.01428571428571427139, -0.9998979539769781155, 0.000000000000000000 ) ) ;
#1884 = ADVANCED_FACE ( 'NONE', ( #456, #885 ), #1470, .T. ) ;
#1885 = DIRECTION ( 'NONE',  ( -0.9165037613454378729, -0.4000260684501258379, 0.000000000000000000 ) ) ;
#1886 = CARTESIAN_POINT ( 'NONE',  ( -3.559226836668862415, 1.732086520681603181, 4.800000000000000711 ) ) ;
#1887 = CARTESIAN_POINT ( 'NONE',  ( -2.850059895954885736, 5.279882440875898197, -1.449999999999999956 ) ) ;
#1888 = VERTEX_POINT ( 'NONE', #1624 ) ;
#1889 = ORIENTED_EDGE ( 'NONE', *, *, #1837, .F. ) ;
#1890 = EDGE_LOOP ( 'NONE', ( #871, #1860, #1172, #877 ) ) ;
#1891 = DIRECTION ( 'NONE',  ( 0.000000000000000000, 0.000000000000000000, 1.000000000000000000 ) ) ;
#1892 = VECTOR ( 'NONE', #90, 1000.000000000000000 ) ;
#1893 =( NAMED_UNIT ( * ) SI_UNIT ( $, .STERADIAN. ) SOLID_ANGLE_UNIT ( ) );
#1894 = TOROIDAL_SURFACE ( 'NONE', #1306, 4.025000000000000355, 1.000000000000000000 ) ;
#1895 = DIRECTION ( 'NONE',  ( -0.000000000000000000, -0.000000000000000000, -1.000000000000000000 ) ) ;
#1896 = ADVANCED_FACE ( 'NONE', ( #896 ), #309, .F. ) ;
#1897 = AXIS2_PLACEMENT_3D ( 'NONE', #249, #1845, #1421 ) ;
#1898 = DIRECTION ( 'NONE',  ( 0.000000000000000000, 0.000000000000000000, 1.000000000000000000 ) ) ;
#1899 = ORIENTED_EDGE ( 'NONE', *, *, #321, .F. ) ;
#1900 = ADVANCED_FACE ( 'NONE', ( #1327 ), #16, .T. ) ;
#1901 = CARTESIAN_POINT ( 'NONE',  ( 0.000000000000000000, 0.000000000000000000, -1.449999999999999956 ) ) ;
#1902 = VERTEX_POINT ( 'NONE', #1151 ) ;
#1903 = VERTEX_POINT ( 'NONE', #1013 ) ;
#1904 = AXIS2_PLACEMENT_3D ( 'NONE', #215, #476, #919 ) ;
#1905 = DIRECTION ( 'NONE',  ( 0.000000000000000000, 0.000000000000000000, 1.000000000000000000 ) ) ;
#1906 = LINE ( 'NONE', #26, #1833 ) ;
ENDSEC;
END-ISO-10303-21;
