ISO-10303-21;
HEADER;
FILE_DESCRIPTION (( 'STEP AP214' ),
    '1' );
FILE_NAME ('指杆.step',
    '2026-04-16T06:23:41',
    ( '' ),
    ( '' ),
    'SwSTEP 2.0',
    'SolidWorks 2020',
    '' );
FILE_SCHEMA (( 'AUTOMOTIVE_DESIGN' ));
ENDSEC;

DATA;
#1 = DIRECTION ( 'NONE',  ( 1.000000000000000000, 0.000000000000000000, 0.000000000000000000 ) ) ;
#2 = DIRECTION ( 'NONE',  ( 1.000000000000000000, 0.000000000000000000, 0.000000000000000000 ) ) ;
#3 = DIRECTION ( 'NONE',  ( 1.000000000000000000, 0.000000000000000000, 0.000000000000000000 ) ) ;
#4 = ORIENTED_EDGE ( 'NONE', *, *, #1782, .F. ) ;
#5 = ORIENTED_EDGE ( 'NONE', *, *, #1422, .T. ) ;
#6 = DIRECTION ( 'NONE',  ( 3.388131789017201356E-18, 1.000000000000000000, 0.000000000000000000 ) ) ;
#7 = AXIS2_PLACEMENT_3D ( 'NONE', #3256, #720, #2969 ) ;
#8 = DIRECTION ( 'NONE',  ( 1.000000000000000000, -7.274273775929404688E-13, 0.000000000000000000 ) ) ;
#9 = DIRECTION ( 'NONE',  ( 1.000000000000000000, 0.000000000000000000, 0.000000000000000000 ) ) ;
#10 = ADVANCED_FACE ( 'NONE', ( #3322 ), #862, .T. ) ;
#11 = EDGE_CURVE ( 'NONE', #1463, #1205, #1556, .T. ) ;
#12 = CYLINDRICAL_SURFACE ( 'NONE', #2599, 6.000000000000000888 ) ;
#13 = ORIENTED_EDGE ( 'NONE', *, *, #1506, .F. ) ;
#14 = ADVANCED_FACE ( 'NONE', ( #2684 ), #163, .T. ) ;
#15 = DIRECTION ( 'NONE',  ( 1.000000000000000000, 0.000000000000000000, 0.000000000000000000 ) ) ;
#16 = CARTESIAN_POINT ( 'NONE',  ( 5.964974793881512305, 4.603452496013903605, 0.7477709952708193608 ) ) ;
#17 = EDGE_CURVE ( 'NONE', #3535, #1577, #2997, .T. ) ;
#18 = CARTESIAN_POINT ( 'NONE',  ( 46.00860221814055251, 4.062170784313706484, -5.200000000000000178 ) ) ;
#19 = CYLINDRICAL_SURFACE ( 'NONE', #2339, 1.500000000000001332 ) ;
#20 = DIRECTION ( 'NONE',  ( -0.000000000000000000, -0.000000000000000000, -1.000000000000000000 ) ) ;
#21 = VECTOR ( 'NONE', #450, 1000.000000000000000 ) ;
#22 = ORIENTED_EDGE ( 'NONE', *, *, #3565, .T. ) ;
#23 = CARTESIAN_POINT ( 'NONE',  ( 52.14000000000000057, -4.345920406328604417E-15, -8.000000000000000000 ) ) ;
#24 = DIRECTION ( 'NONE',  ( 1.000000000000000000, 0.000000000000000000, 0.000000000000000000 ) ) ;
#25 = CARTESIAN_POINT ( 'NONE',  ( 15.00000000000000000, -2.000000000000006217, 3.700000000000000178 ) ) ;
#26 = EDGE_CURVE ( 'NONE', #56, #1624, #2145, .T. ) ;
#27 = CIRCLE ( 'NONE', #310, 4.000000000000000000 ) ;
#28 = VECTOR ( 'NONE', #2399, 1000.000000000000000 ) ;
#29 = CARTESIAN_POINT ( 'NONE',  ( 47.94211886159624925, 11.08833200248930773, 8.000000000000000000 ) ) ;
#30 = ORIENTED_EDGE ( 'NONE', *, *, #881, .T. ) ;
#31 = VERTEX_POINT ( 'NONE', #2100 ) ;
#32 = DIRECTION ( 'NONE',  ( -0.000000000000000000, -0.000000000000000000, -1.000000000000000000 ) ) ;
#33 = DIRECTION ( 'NONE',  ( -0.000000000000000000, -0.000000000000000000, 1.000000000000000000 ) ) ;
#34 = CARTESIAN_POINT ( 'NONE',  ( 53.61499999999999488, -4.345920406328604417E-15, 7.500000000000000000 ) ) ;
#35 = AXIS2_PLACEMENT_3D ( 'NONE', #1055, #824, #234 ) ;
#36 = DIRECTION ( 'NONE',  ( 1.000000000000000000, 0.000000000000000000, 0.000000000000000000 ) ) ;
#37 = EDGE_CURVE ( 'NONE', #3472, #664, #3189, .T. ) ;
#38 = EDGE_LOOP ( 'NONE', ( #1997, #703, #1276, #636 ) ) ;
#39 = VECTOR ( 'NONE', #2755, 1000.000000000000000 ) ;
#40 = CARTESIAN_POINT ( 'NONE',  ( -3.424999999999999378, 4.194415287079681980E-16, -5.200000000000000178 ) ) ;
#41 = DIRECTION ( 'NONE',  ( -0.000000000000000000, -0.000000000000000000, -1.000000000000000000 ) ) ;
#42 = DIRECTION ( 'NONE',  ( 1.000000000000000000, 0.000000000000000000, 0.000000000000000000 ) ) ;
#43 = AXIS2_PLACEMENT_3D ( 'NONE', #2104, #670, #709 ) ;
#44 = DIRECTION ( 'NONE',  ( 1.000000000000000000, 0.000000000000000000, 0.000000000000000000 ) ) ;
#45 = CIRCLE ( 'NONE', #3534, 5.499999999999976907 ) ;
#46 = EDGE_CURVE ( 'NONE', #31, #1500, #102, .T. ) ;
#47 = ORIENTED_EDGE ( 'NONE', *, *, #1918, .F. ) ;
#48 = ORIENTED_EDGE ( 'NONE', *, *, #1967, .F. ) ;
#49 = VERTEX_POINT ( 'NONE', #3052 ) ;
#50 = DIRECTION ( 'NONE',  ( -0.000000000000000000, 0.000000000000000000, 1.000000000000000000 ) ) ;
#51 = ORIENTED_EDGE ( 'NONE', *, *, #2327, .F. ) ;
#52 = FACE_OUTER_BOUND ( 'NONE', #3086, .T. ) ;
#53 = PLANE ( 'NONE',  #3476 ) ;
#54 = DIRECTION ( 'NONE',  ( 1.000000000000000000, 0.000000000000000000, -0.000000000000000000 ) ) ;
#55 = CIRCLE ( 'NONE', #3363, 0.4999999999999991673 ) ;
#56 = VERTEX_POINT ( 'NONE', #1649 ) ;
#57 = CARTESIAN_POINT ( 'NONE',  ( 22.50049140560457417, -2.000000000000004441, -0.7000000000000000666 ) ) ;
#58 = EDGE_CURVE ( 'NONE', #169, #2878, #2238, .T. ) ;
#59 = CARTESIAN_POINT ( 'NONE',  ( 3.958287489416092431, -4.000000000000007105, -4.509097487428283202 ) ) ;
#60 = CARTESIAN_POINT ( 'NONE',  ( -0.9749999999999999778, 1.194030629168669322E-16, -6.600000000000000533 ) ) ;
#61 = ADVANCED_FACE ( 'NONE', ( #1829 ), #3506, .T. ) ;
#62 = CARTESIAN_POINT ( 'NONE',  ( 52.14000000000000057, -4.345920406328604417E-15, 8.000000000000000000 ) ) ;
#63 = VERTEX_POINT ( 'NONE', #1082 ) ;
#64 = PLANE ( 'NONE',  #2842 ) ;
#65 = VERTEX_POINT ( 'NONE', #1103 ) ;
#66 = EDGE_LOOP ( 'NONE', ( #1636, #803, #1696, #675 ) ) ;
#67 = DIRECTION ( 'NONE',  ( 0.000000000000000000, -0.000000000000000000, 1.000000000000000000 ) ) ;
#68 = CARTESIAN_POINT ( 'NONE',  ( -0.9749999999999999778, 1.194030629168669322E-16, 7.500000000000000000 ) ) ;
#69 = CARTESIAN_POINT ( 'NONE',  ( 50.62169744412505423, 10.15553333650299273, 7.500000000000000000 ) ) ;
#70 = ORIENTED_EDGE ( 'NONE', *, *, #769, .F. ) ;
#71 = VERTEX_POINT ( 'NONE', #3389 ) ;
#72 = ORIENTED_EDGE ( 'NONE', *, *, #506, .T. ) ;
#73 = DIRECTION ( 'NONE',  ( 1.000000000000000000, 0.000000000000000000, 0.000000000000000000 ) ) ;
#74 = LINE ( 'NONE', #1485, #3355 ) ;
#75 = CIRCLE ( 'NONE', #2193, 0.5000000000000004441 ) ;
#76 = DIRECTION ( 'NONE',  ( 0.000000000000000000, 0.000000000000000000, 1.000000000000000000 ) ) ;
#77 = FACE_OUTER_BOUND ( 'NONE', #2064, .T. ) ;
#78 = VECTOR ( 'NONE', #3618, 1000.000000000000000 ) ;
#79 = ADVANCED_FACE ( 'NONE', ( #1643 ), #520, .F. ) ;
#80 = ORIENTED_EDGE ( 'NONE', *, *, #561, .F. ) ;
#81 = VECTOR ( 'NONE', #1645, 1000.000000000000000 ) ;
#82 = DIRECTION ( 'NONE',  ( 0.7071067811865517916, 0.000000000000000000, 0.7071067811865433539 ) ) ;
#83 = ORIENTED_EDGE ( 'NONE', *, *, #548, .T. ) ;
#84 = ORIENTED_EDGE ( 'NONE', *, *, #2349, .T. ) ;
#85 = DIRECTION ( 'NONE',  ( 1.000000000000000000, 0.000000000000000000, 0.000000000000000000 ) ) ;
#86 = DIRECTION ( 'NONE',  ( -1.000000000000000000, 0.000000000000000000, 0.000000000000000000 ) ) ;
#87 = DIRECTION ( 'NONE',  ( 1.000000000000000000, 0.000000000000000000, 0.000000000000000000 ) ) ;
#88 = VERTEX_POINT ( 'NONE', #2211 ) ;
#89 = EDGE_LOOP ( 'NONE', ( #1591, #663, #1216, #2436 ) ) ;
#90 = ORIENTED_EDGE ( 'NONE', *, *, #1002, .T. ) ;
#91 = CARTESIAN_POINT ( 'NONE',  ( 16.50000000000000355, -2.000000000000005329, -3.700000000000001066 ) ) ;
#92 = CIRCLE ( 'NONE', #505, 4.000000000000000000 ) ;
#93 = ORIENTED_EDGE ( 'NONE', *, *, #2259, .F. ) ;
#94 = FACE_OUTER_BOUND ( 'NONE', #3437, .T. ) ;
#95 = AXIS2_PLACEMENT_3D ( 'NONE', #3012, #3051, #492 ) ;
#96 = LINE ( 'NONE', #3522, #1266 ) ;
#97 = AXIS2_PLACEMENT_3D ( 'NONE', #309, #1430, #3630 ) ;
#98 = CARTESIAN_POINT ( 'NONE',  ( 46.12501084212602365, -2.000000000000001332, -5.200000000000000178 ) ) ;
#99 = AXIS2_PLACEMENT_3D ( 'NONE', #1133, #1934, #8 ) ;
#100 = EDGE_LOOP ( 'NONE', ( #1592, #1609, #1576, #314 ) ) ;
#101 = EDGE_CURVE ( 'NONE', #2357, #2694, #2261, .T. ) ;
#102 = CIRCLE ( 'NONE', #1208, 6.000000000000000888 ) ;
#103 = DIRECTION ( 'NONE',  ( 0.000000000000000000, 0.000000000000000000, 1.000000000000000000 ) ) ;
#104 = ORIENTED_EDGE ( 'NONE', *, *, #1480, .F. ) ;
#105 = ORIENTED_EDGE ( 'NONE', *, *, #3326, .F. ) ;
#106 = DIRECTION ( 'NONE',  ( -0.000000000000000000, -0.000000000000000000, -1.000000000000000000 ) ) ;
#107 = EDGE_CURVE ( 'NONE', #297, #957, #2158, .T. ) ;
#108 = DIRECTION ( 'NONE',  ( -0.000000000000000000, 0.000000000000000000, 1.000000000000000000 ) ) ;
#109 = CARTESIAN_POINT ( 'NONE',  ( 52.14000000000000057, -4.345920406328604417E-15, -5.200000000000000178 ) ) ;
#110 = CIRCLE ( 'NONE', #2164, 1.500000000000001332 ) ;
#111 = VERTEX_POINT ( 'NONE', #40 ) ;
#112 = VERTEX_POINT ( 'NONE', #2553 ) ;
#113 = DIRECTION ( 'NONE',  ( -0.000000000000000000, 6.230120059358115239E-35, -1.000000000000000000 ) ) ;
#114 =( LENGTH_UNIT ( ) NAMED_UNIT ( * ) SI_UNIT ( .MILLI., .METRE. ) );
#115 = EDGE_CURVE ( 'NONE', #3085, #2150, #1697, .T. ) ;
#116 = EDGE_LOOP ( 'NONE', ( #3213, #3513, #2080, #3536 ) ) ;
#117 = CARTESIAN_POINT ( 'NONE',  ( 45.78994010404510817, 5.279882440875892868, 5.200000000000000178 ) ) ;
#118 = CARTESIAN_POINT ( 'NONE',  ( 0.000000000000000000, 4.000000000000000000, 5.200000000000000178 ) ) ;
#119 = DIRECTION ( 'NONE',  ( -0.9988526604587394386, -0.04788906654444345656, 0.000000000000000000 ) ) ;
#120 = ADVANCED_FACE ( 'NONE', ( #2832 ), #1712, .F. ) ;
#121 = DIRECTION ( 'NONE',  ( -1.000000000000000000, 0.000000000000000000, 0.000000000000000000 ) ) ;
#122 = ORIENTED_EDGE ( 'NONE', *, *, #3485, .T. ) ;
#123 = ADVANCED_FACE ( 'NONE', ( #788 ), #1638, .T. ) ;
#124 = ORIENTED_EDGE ( 'NONE', *, *, #1884, .F. ) ;
#125 = CARTESIAN_POINT ( 'NONE',  ( 24.00049140560457772, -4.000000000000000888, -0.7000000000000000666 ) ) ;
#126 = DIRECTION ( 'NONE',  ( 1.000000000000000000, 0.000000000000000000, 0.000000000000000000 ) ) ;
#127 = CARTESIAN_POINT ( 'NONE',  ( 4.118099796051670758, 6.795127944688271526, 4.364043493434722976 ) ) ;
#128 = EDGE_CURVE ( 'NONE', #1457, #3627, #3370, .T. ) ;
#129 = EDGE_LOOP ( 'NONE', ( #1734, #1159, #1258, #1586 ) ) ;
#130 = DIRECTION ( 'NONE',  ( 0.000000000000000000, 0.000000000000000000, 1.000000000000000000 ) ) ;
#131 = DIRECTION ( 'NONE',  ( 0.000000000000000000, -1.000000000000000000, 0.000000000000000000 ) ) ;
#132 = UNCERTAINTY_MEASURE_WITH_UNIT (LENGTH_MEASURE( 1.000000000000000082E-05 ), #114, 'distance_accuracy_value', 'NONE');
#133 = CARTESIAN_POINT ( 'NONE',  ( 53.61499999999999488, -4.345920406328604417E-15, -8.000000000000000000 ) ) ;
#134 = CARTESIAN_POINT ( 'NONE',  ( 52.14000000000000057, -4.345920406328604417E-15, -8.000000000000000000 ) ) ;
#135 = CARTESIAN_POINT ( 'NONE',  ( 3.958287489416092431, 5.667323904260574530, 4.509097487428283202 ) ) ;
#136 = AXIS2_PLACEMENT_3D ( 'NONE', #2868, #3419, #1200 ) ;
#137 = CARTESIAN_POINT ( 'NONE',  ( -1.173556874675002968E-15, 0.000000000000000000, -6.600000000000000533 ) ) ;
#138 = EDGE_CURVE ( 'NONE', #1000, #1533, #1965, .T. ) ;
#139 = ORIENTED_EDGE ( 'NONE', *, *, #3450, .T. ) ;
#140 = ORIENTED_EDGE ( 'NONE', *, *, #1539, .T. ) ;
#141 = AXIS2_PLACEMENT_3D ( 'NONE', #917, #2253, #584 ) ;
#142 = CYLINDRICAL_SURFACE ( 'NONE', #1735, 0.5000000000000004441 ) ;
#143 = CARTESIAN_POINT ( 'NONE',  ( 56.14000000000000057, -4.345920406328604417E-15, -8.000000000000000000 ) ) ;
#144 = CARTESIAN_POINT ( 'NONE',  ( 7.766731223238317661, 9.662734546095528287, -7.500000000000000000 ) ) ;
#145 = VECTOR ( 'NONE', #3199, 1000.000000000000000 ) ;
#146 = ORIENTED_EDGE ( 'NONE', *, *, #1376, .T. ) ;
#147 = ORIENTED_EDGE ( 'NONE', *, *, #968, .T. ) ;
#148 = ORIENTED_EDGE ( 'NONE', *, *, #1918, .T. ) ;
#149 = PLANE ( 'NONE',  #2087 ) ;
#150 = EDGE_CURVE ( 'NONE', #3551, #760, #1914, .T. ) ;
#151 = PLANE ( 'NONE',  #1644 ) ;
#152 = AXIS2_PLACEMENT_3D ( 'NONE', #362, #2010, #2326 ) ;
#153 = FACE_OUTER_BOUND ( 'NONE', #3453, .T. ) ;
#154 = CIRCLE ( 'NONE', #264, 4.000000000000003553 ) ;
#155 = CARTESIAN_POINT ( 'NONE',  ( 0.000000000000000000, 3.500000000000000000, 8.000000000000000000 ) ) ;
#156 = AXIS2_PLACEMENT_3D ( 'NONE', #1289, #1616, #1324 ) ;
#157 = CARTESIAN_POINT ( 'NONE',  ( 0.9749999999999999778, 0.000000000000000000, 6.600000000000001421 ) ) ;
#158 = VECTOR ( 'NONE', #2153, 1000.000000000000000 ) ;
#159 = VERTEX_POINT ( 'NONE', #1677 ) ;
#160 = VERTEX_POINT ( 'NONE', #1984 ) ;
#161 = DIRECTION ( 'NONE',  ( 1.000000000000000000, 0.000000000000000000, 0.000000000000000000 ) ) ;
#162 = AXIS2_PLACEMENT_3D ( 'NONE', #2296, #2076, #2313 ) ;
#163 = PLANE ( 'NONE',  #1273 ) ;
#164 = FACE_OUTER_BOUND ( 'NONE', #2419, .T. ) ;
#165 = ORIENTED_EDGE ( 'NONE', *, *, #17, .F. ) ;
#166 = VERTEX_POINT ( 'NONE', #2519 ) ;
#167 = DIRECTION ( 'NONE',  ( -1.000000000000000000, 0.000000000000000000, 0.000000000000000000 ) ) ;
#168 = CARTESIAN_POINT ( 'NONE',  ( 46.12501084212602365, -2.000000000000001332, 5.200000000000000178 ) ) ;
#169 = VERTEX_POINT ( 'NONE', #2765 ) ;
#170 = DIRECTION ( 'NONE',  ( 1.000000000000000000, 0.000000000000000000, 0.000000000000000000 ) ) ;
#171 = VERTEX_POINT ( 'NONE', #3039 ) ;
#172 = EDGE_CURVE ( 'NONE', #2899, #2002, #1373, .T. ) ;
#173 = VERTEX_POINT ( 'NONE', #2533 ) ;
#174 = DIRECTION ( 'NONE',  ( 1.000000000000000000, 0.000000000000000000, -0.000000000000000000 ) ) ;
#175 = LINE ( 'NONE', #1249, #2844 ) ;
#176 = ADVANCED_FACE ( 'NONE', ( #3385 ), #3469, .T. ) ;
#177 = CARTESIAN_POINT ( 'NONE',  ( 4.458287489416092875, 0.000000000000000000, 7.500000000000000000 ) ) ;
#178 = ORIENTED_EDGE ( 'NONE', *, *, #46, .F. ) ;
#179 = VERTEX_POINT ( 'NONE', #3404 ) ;
#180 = CARTESIAN_POINT ( 'NONE',  ( 4.458287489416092875, 5.667323904260572753, -8.000000000000000000 ) ) ;
#181 = CARTESIAN_POINT ( 'NONE',  ( 50.62169744412505423, 10.15553333650298917, 5.200000000000000178 ) ) ;
#182 = ORIENTED_EDGE ( 'NONE', *, *, #669, .F. ) ;
#183 = VERTEX_POINT ( 'NONE', #1355 ) ;
#184 = ORIENTED_EDGE ( 'NONE', *, *, #318, .T. ) ;
#185 = CARTESIAN_POINT ( 'NONE',  ( 2.500681100491073166E-42, 4.400000000000000355, 5.233300849860817998E-34 ) ) ;
#186 = DIRECTION ( 'NONE',  ( 1.000000000000000000, 0.000000000000000000, 0.000000000000000000 ) ) ;
#187 = ORIENTED_EDGE ( 'NONE', *, *, #3108, .T. ) ;
#188 = DIRECTION ( 'NONE',  ( 1.000000000000000000, 0.000000000000000000, 0.000000000000000000 ) ) ;
#189 = EDGE_CURVE ( 'NONE', #1500, #1136, #2480, .T. ) ;
#190 = DIRECTION ( 'NONE',  ( 0.3479176161606249429, -0.9375251102584442053, 0.000000000000000000 ) ) ;
#191 = EDGE_LOOP ( 'NONE', ( #182, #1996, #1088, #3122 ) ) ;
#192 = ORIENTED_EDGE ( 'NONE', *, *, #3492, .F. ) ;
#193 = DIRECTION ( 'NONE',  ( -1.000000000000000000, 0.000000000000000000, 0.000000000000000000 ) ) ;
#194 = DIRECTION ( 'NONE',  ( 0.000000000000000000, 0.000000000000000000, -1.000000000000000000 ) ) ;
#195 = VERTEX_POINT ( 'NONE', #540 ) ;
#196 = AXIS2_PLACEMENT_3D ( 'NONE', #2052, #2309, #2908 ) ;
#197 = VERTEX_POINT ( 'NONE', #1659 ) ;
#198 = DIRECTION ( 'NONE',  ( 0.000000000000000000, -1.000000000000000000, 0.000000000000000000 ) ) ;
#199 = PLANE ( 'NONE',  #3229 ) ;
#200 = CIRCLE ( 'NONE', #3580, 3.500000000000000000 ) ;
#201 = FACE_OUTER_BOUND ( 'NONE', #937, .T. ) ;
#202 = ORIENTED_EDGE ( 'NONE', *, *, #1358, .T. ) ;
#203 = EDGE_LOOP ( 'NONE', ( #1446, #1046, #2203, #3616 ) ) ;
#204 = CARTESIAN_POINT ( 'NONE',  ( 52.14000000000000057, -4.345920406328604417E-15, -8.000000000000000000 ) ) ;
#205 = VECTOR ( 'NONE', #1907, 1000.000000000000000 ) ;
#206 = EDGE_CURVE ( 'NONE', #2939, #3412, #829, .T. ) ;
#207 = EDGE_CURVE ( 'NONE', #3647, #1817, #3232, .T. ) ;
#208 = DIRECTION ( 'NONE',  ( 0.3479176161606249429, -0.9375251102584442053, 0.000000000000000000 ) ) ;
#209 = AXIS2_PLACEMENT_3D ( 'NONE', #2526, #819, #15 ) ;
#210 = VERTEX_POINT ( 'NONE', #1099 ) ;
#211 = ORIENTED_EDGE ( 'NONE', *, *, #2821, .T. ) ;
#212 = EDGE_CURVE ( 'NONE', #2046, #1629, #1804, .T. ) ;
#213 = FACE_OUTER_BOUND ( 'NONE', #1017, .T. ) ;
#214 = AXIS2_PLACEMENT_3D ( 'NONE', #1343, #2121, #3562 ) ;
#215 = DIRECTION ( 'NONE',  ( 0.9988526604587395497, 0.04788906654444345656, -0.000000000000000000 ) ) ;
#216 = ORIENTED_EDGE ( 'NONE', *, *, #3196, .T. ) ;
#217 = VERTEX_POINT ( 'NONE', #1224 ) ;
#218 = ORIENTED_EDGE ( 'NONE', *, *, #3243, .T. ) ;
#219 = VECTOR ( 'NONE', #131, 1000.000000000000000 ) ;
#220 = ADVANCED_FACE ( 'NONE', ( #2333, #2634 ), #2056, .F. ) ;
#221 = LINE ( 'NONE', #2241, #2678 ) ;
#222 = CARTESIAN_POINT ( 'NONE',  ( -1.355252715606880234E-17, -3.500000000000000000, -8.000000000000000000 ) ) ;
#223 = CARTESIAN_POINT ( 'NONE',  ( 52.14000000000000057, -4.345920406328604417E-15, -7.500000000000000000 ) ) ;
#224 = AXIS2_PLACEMENT_3D ( 'NONE', #683, #113, #2851 ) ;
#225 = DIRECTION ( 'NONE',  ( -0.000000000000000000, -0.000000000000000000, -1.000000000000000000 ) ) ;
#226 = PLANE ( 'NONE',  #1012 ) ;
#227 = EDGE_LOOP ( 'NONE', ( #1479, #521, #337, #3447 ) ) ;
#228 = EDGE_CURVE ( 'NONE', #1610, #315, #1689, .T. ) ;
#229 = LINE ( 'NONE', #282, #793 ) ;
#230 = CARTESIAN_POINT ( 'NONE',  ( 48.89222750274525708, -3.708263902859307848, 5.200000000000000178 ) ) ;
#231 = EDGE_CURVE ( 'NONE', #1390, #195, #274, .T. ) ;
#232 = ORIENTED_EDGE ( 'NONE', *, *, #2937, .F. ) ;
#233 = ORIENTED_EDGE ( 'NONE', *, *, #982, .T. ) ;
#234 = DIRECTION ( 'NONE',  ( 1.000000000000000000, 0.000000000000000000, 0.000000000000000000 ) ) ;
#235 = CARTESIAN_POINT ( 'NONE',  ( 7.582114294781146846, -2.000000000000006661, -5.200000000000000178 ) ) ;
#236 = FACE_OUTER_BOUND ( 'NONE', #986, .T. ) ;
#237 = ADVANCED_FACE ( 'NONE', ( #1183 ), #2872, .F. ) ;
#238 = ORIENTED_EDGE ( 'NONE', *, *, #3066, .F. ) ;
#239 = DIRECTION ( 'NONE',  ( -0.000000000000000000, -0.000000000000000000, 1.000000000000000000 ) ) ;
#240 = CARTESIAN_POINT ( 'NONE',  ( 7.582114294781146846, 2.921585889185337681, 5.200000000000000178 ) ) ;
#241 = CARTESIAN_POINT ( 'NONE',  ( 50.62169744412505423, 10.15553333650298917, 7.500000000000000000 ) ) ;
#242 = CARTESIAN_POINT ( 'NONE',  ( 44.13355199762366254, 3.366335551992456931, -5.400000000000000355 ) ) ;
#243 = ORIENTED_EDGE ( 'NONE', *, *, #3121, .T. ) ;
#244 = DIRECTION ( 'NONE',  ( 0.000000000000000000, 0.000000000000000000, 1.000000000000000000 ) ) ;
#245 = CARTESIAN_POINT ( 'NONE',  ( -1.355252715606880543E-17, -4.000000000000000888, 2.200000000000000622 ) ) ;
#246 = ORIENTED_EDGE ( 'NONE', *, *, #3610, .T. ) ;
#247 = CARTESIAN_POINT ( 'NONE',  ( 52.14000000000000057, -4.345920406328604417E-15, 5.200000000000000178 ) ) ;
#248 = LINE ( 'NONE', #3345, #1454 ) ;
#249 = DIRECTION ( 'NONE',  ( -1.000000000000000000, 0.000000000000000000, 0.000000000000000000 ) ) ;
#250 = TOROIDAL_SURFACE ( 'NONE', #3503, 1.474999999999999867, 0.5000000000000000000 ) ;
#251 = ORIENTED_EDGE ( 'NONE', *, *, #823, .T. ) ;
#252 = ORIENTED_EDGE ( 'NONE', *, *, #2665, .F. ) ;
#253 = DIRECTION ( 'NONE',  ( 0.8532853053892310857, 0.5214443283868436252, -0.000000000000000000 ) ) ;
#254 = AXIS2_PLACEMENT_3D ( 'NONE', #398, #415, #1827 ) ;
#255 = EDGE_CURVE ( 'NONE', #782, #2475, #945, .T. ) ;
#256 = DIRECTION ( 'NONE',  ( -1.000000000000000000, 0.000000000000000000, 0.000000000000000000 ) ) ;
#257 = DIRECTION ( 'NONE',  ( -1.000000000000000000, -1.350228159821300116E-16, 0.000000000000000000 ) ) ;
#258 = FACE_OUTER_BOUND ( 'NONE', #3505, .T. ) ;
#259 = ORIENTED_EDGE ( 'NONE', *, *, #971, .T. ) ;
#260 = ORIENTED_EDGE ( 'NONE', *, *, #467, .T. ) ;
#261 = CIRCLE ( 'NONE', #446, 0.5000000000000004441 ) ;
#262 = DIRECTION ( 'NONE',  ( 0.000000000000000000, 0.000000000000000000, -1.000000000000000000 ) ) ;
#263 = CARTESIAN_POINT ( 'NONE',  ( 5.990966647556756897, 4.609472777831395085, -0.3791037922190120812 ) ) ;
#264 = AXIS2_PLACEMENT_3D ( 'NONE', #1295, #2431, #1832 ) ;
#265 = CARTESIAN_POINT ( 'NONE',  ( 44.13144481997665025, 7.187741556283238964, 5.400000000000000355 ) ) ;
#266 = VECTOR ( 'NONE', #3040, 1000.000000000000000 ) ;
#267 = CARTESIAN_POINT ( 'NONE',  ( 24.00049140560457772, -2.000000000000000888, 0.7000000000000000666 ) ) ;
#268 = DIRECTION ( 'NONE',  ( 1.000000000000000000, 0.000000000000000000, 0.000000000000000000 ) ) ;
#269 = CIRCLE ( 'NONE', #516, 3.500000000000000000 ) ;
#270 = EDGE_LOOP ( 'NONE', ( #2016, #2479, #3297, #598, #1267, #1435, #2911, #336, #2540, #2160, #2888, #1867, #417, #3493, #2365, #589, #1664, #2953, #3246, #1416 ) ) ;
#271 = EDGE_CURVE ( 'NONE', #2899, #780, #2809, .T. ) ;
#272 = DIRECTION ( 'NONE',  ( 1.000000000000000000, -3.388131789017200971E-18, -3.388131789017197890E-18 ) ) ;
#273 = DIRECTION ( 'NONE',  ( 1.000000000000000000, 0.000000000000000000, 0.000000000000000000 ) ) ;
#274 = CIRCLE ( 'NONE', #224, 175.2599999999999341 ) ;
#275 = DIRECTION ( 'NONE',  ( 1.000000000000000000, 0.000000000000000000, 0.000000000000000000 ) ) ;
#276 = ADVANCED_FACE ( 'NONE', ( #3134 ), #3176, .F. ) ;
#277 = VECTOR ( 'NONE', #2068, 1000.000000000000000 ) ;
#278 = VECTOR ( 'NONE', #3287, 1000.000000000000000 ) ;
#279 = DIRECTION ( 'NONE',  ( 0.8532853053892321959, 0.5214443283868419599, 0.000000000000000000 ) ) ;
#280 = EDGE_CURVE ( 'NONE', #3125, #2268, #694, .T. ) ;
#281 = ORIENTED_EDGE ( 'NONE', *, *, #1547, .T. ) ;
#282 = CARTESIAN_POINT ( 'NONE',  ( 3.948185437972727474, 4.400000000000000355, 5.200000000000000178 ) ) ;
#283 = VECTOR ( 'NONE', #1073, 1000.000000000000227 ) ;
#284 = AXIS2_PLACEMENT_3D ( 'NONE', #755, #2653, #1874 ) ;
#285 = CARTESIAN_POINT ( 'NONE',  ( 13.50000000000000355, 4.400000000000000355, -3.700000000000002842 ) ) ;
#286 = DIRECTION ( 'NONE',  ( 1.000000000000000000, 2.775557561562888984E-15, 0.000000000000000000 ) ) ;
#287 = DIRECTION ( 'NONE',  ( 0.000000000000000000, 0.000000000000000000, -1.000000000000000000 ) ) ;
#288 = CARTESIAN_POINT ( 'NONE',  ( 52.14000000000000057, -4.345920406328604417E-15, 8.000000000000000000 ) ) ;
#289 = FILL_AREA_STYLE ('',( #1862 ) ) ;
#290 = ORIENTED_EDGE ( 'NONE', *, *, #2603, .T. ) ;
#291 = CARTESIAN_POINT ( 'NONE',  ( 3.958287489416092431, 5.667323904260572753, -8.000000000000000000 ) ) ;
#292 = DIRECTION ( 'NONE',  ( -0.5214443283868435142, 0.8532853053892311967, 0.000000000000000000 ) ) ;
#293 = DIRECTION ( 'NONE',  ( 0.000000000000000000, 0.000000000000000000, 1.000000000000000000 ) ) ;
#294 = EDGE_CURVE ( 'NONE', #1877, #1559, #608, .T. ) ;
#295 = EDGE_CURVE ( 'NONE', #2719, #197, #649, .T. ) ;
#296 = CYLINDRICAL_SURFACE ( 'NONE', #2136, 3.500000000000003109 ) ;
#297 = VERTEX_POINT ( 'NONE', #386 ) ;
#298 = ORIENTED_EDGE ( 'NONE', *, *, #2877, .F. ) ;
#299 = ADVANCED_FACE ( 'NONE', ( #2590 ), #1151, .T. ) ;
#300 = LINE ( 'NONE', #3431, #3210 ) ;
#301 = CYLINDRICAL_SURFACE ( 'NONE', #2855, 4.000000000000003553 ) ;
#302 = FACE_OUTER_BOUND ( 'NONE', #38, .T. ) ;
#303 = CARTESIAN_POINT ( 'NONE',  ( 43.78994010404512949, 5.279882440875892868, 5.400000000000000355 ) ) ;
#304 = CARTESIAN_POINT ( 'NONE',  ( 0.000000000000000000, 0.000000000000000000, 0.000000000000000000 ) ) ;
#305 = CIRCLE ( 'NONE', #2835, 0.5000000000000008882 ) ;
#306 = VERTEX_POINT ( 'NONE', #3480 ) ;
#307 = ORIENTED_EDGE ( 'NONE', *, *, #1314, .T. ) ;
#308 = DIRECTION ( 'NONE',  ( 1.000000000000000000, 0.000000000000000000, 0.000000000000000000 ) ) ;
#309 = CARTESIAN_POINT ( 'NONE',  ( 52.14000000000000057, -4.345920406328604417E-15, 6.599999999999999645 ) ) ;
#310 = AXIS2_PLACEMENT_3D ( 'NONE', #2012, #3131, #2848 ) ;
#311 = DIRECTION ( 'NONE',  ( 0.000000000000000000, 0.000000000000000000, -1.000000000000000000 ) ) ;
#312 = VECTOR ( 'NONE', #710, 1000.000000000000000 ) ;
#313 = LINE ( 'NONE', #1988, #2483 ) ;
#314 = ORIENTED_EDGE ( 'NONE', *, *, #2178, .F. ) ;
#315 = VERTEX_POINT ( 'NONE', #3438 ) ;
#316 = ORIENTED_EDGE ( 'NONE', *, *, #561, .T. ) ;
#317 = EDGE_CURVE ( 'NONE', #3116, #2352, #45, .T. ) ;
#318 = EDGE_CURVE ( 'NONE', #423, #491, #2573, .T. ) ;
#319 = DIRECTION ( 'NONE',  ( 1.000000000000000000, 0.000000000000000000, 0.000000000000000000 ) ) ;
#320 = VECTOR ( 'NONE', #33, 1000.000000000000000 ) ;
#321 = ADVANCED_FACE ( 'NONE', ( #665 ), #633, .F. ) ;
#322 = DIRECTION ( 'NONE',  ( 0.000000000000000000, 0.000000000000000000, 1.000000000000000000 ) ) ;
#323 = CARTESIAN_POINT ( 'NONE',  ( 49.28994010404510817, 5.279882440875892868, 5.400000000000000355 ) ) ;
#324 = DIRECTION ( 'NONE',  ( 1.350228159821300363E-16, -1.000000000000000000, 0.000000000000000000 ) ) ;
#325 = AXIS2_PLACEMENT_3D ( 'NONE', #729, #678, #1534 ) ;
#326 = FACE_OUTER_BOUND ( 'NONE', #1113, .T. ) ;
#327 = EDGE_CURVE ( 'NONE', #111, #2728, #2218, .T. ) ;
#328 = EDGE_CURVE ( 'NONE', #2488, #1075, #110, .T. ) ;
#329 = ORIENTED_EDGE ( 'NONE', *, *, #621, .T. ) ;
#330 = AXIS2_PLACEMENT_3D ( 'NONE', #1583, #1047, #991 ) ;
#331 = DIRECTION ( 'NONE',  ( -1.000000000000000000, 0.000000000000000000, 0.000000000000000000 ) ) ;
#332 = CYLINDRICAL_SURFACE ( 'NONE', #1571, 3.500000000000003109 ) ;
#333 = AXIS2_PLACEMENT_3D ( 'NONE', #3180, #2616, #411 ) ;
#334 = EDGE_CURVE ( 'NONE', #1611, #3096, #2913, .T. ) ;
#335 = CARTESIAN_POINT ( 'NONE',  ( 0.000000000000000000, 4.000000000000000000, -8.000000000000000000 ) ) ;
#336 = ORIENTED_EDGE ( 'NONE', *, *, #574, .F. ) ;
#337 = ORIENTED_EDGE ( 'NONE', *, *, #1740, .T. ) ;
#338 = ORIENTED_EDGE ( 'NONE', *, *, #3399, .T. ) ;
#339 = AXIS2_PLACEMENT_3D ( 'NONE', #1699, #3650, #2555 ) ;
#340 = CYLINDRICAL_SURFACE ( 'NONE', #378, 4.000000000000003553 ) ;
#341 = ADVANCED_FACE ( 'NONE', ( #2985 ), #2949, .T. ) ;
#342 = ORIENTED_EDGE ( 'NONE', *, *, #599, .F. ) ;
#343 = DIRECTION ( 'NONE',  ( 0.000000000000000000, 0.000000000000000000, 1.000000000000000000 ) ) ;
#344 = CARTESIAN_POINT ( 'NONE',  ( 0.000000000000000000, 0.000000000000000000, -8.000000000000000000 ) ) ;
#345 = EDGE_CURVE ( 'NONE', #1366, #2384, #2225, .T. ) ;
#346 = CARTESIAN_POINT ( 'NONE',  ( -1.173556874675002968E-15, 0.000000000000000000, -5.200000000000001066 ) ) ;
#347 = VERTEX_POINT ( 'NONE', #3578 ) ;
#348 = AXIS2_PLACEMENT_3D ( 'NONE', #2907, #324, #1199 ) ;
#349 = VERTEX_POINT ( 'NONE', #2407 ) ;
#350 = VERTEX_POINT ( 'NONE', #1318 ) ;
#351 = DIRECTION ( 'NONE',  ( 1.350228159821300363E-16, -1.000000000000000000, 0.000000000000000000 ) ) ;
#352 = CARTESIAN_POINT ( 'NONE',  ( 3.958287489416092431, 3.500000000000000000, -8.000000000000000000 ) ) ;
#353 = EDGE_CURVE ( 'NONE', #31, #1457, #3564, .T. ) ;
#354 = CARTESIAN_POINT ( 'NONE',  ( 46.06346891345411620, -168.0616090356724897, 2.200000000000000178 ) ) ;
#355 = LINE ( 'NONE', #391, #1497 ) ;
#356 = CARTESIAN_POINT ( 'NONE',  ( 55.55314122155692758, 2.085777313547375833, -5.200000000000000178 ) ) ;
#357 = ORIENTED_EDGE ( 'NONE', *, *, #2001, .T. ) ;
#358 = ORIENTED_EDGE ( 'NONE', *, *, #328, .F. ) ;
#359 = LINE ( 'NONE', #1194, #954 ) ;
#360 = EDGE_LOOP ( 'NONE', ( #316, #1570, #828, #361 ) ) ;
#361 = ORIENTED_EDGE ( 'NONE', *, *, #3499, .F. ) ;
#362 = CARTESIAN_POINT ( 'NONE',  ( 52.14000000000000057, -4.345920406328604417E-15, -6.599999999999999645 ) ) ;
#363 = DIRECTION ( 'NONE',  ( -1.000000000000000000, 0.000000000000000000, 0.000000000000000000 ) ) ;
#364 = DIRECTION ( 'NONE',  ( 0.000000000000000000, 0.000000000000000000, 1.000000000000000000 ) ) ;
#365 = DIRECTION ( 'NONE',  ( 1.000000000000000000, 0.000000000000000000, 0.000000000000000000 ) ) ;
#366 = ORIENTED_EDGE ( 'NONE', *, *, #2169, .F. ) ;
#367 = ORIENTED_EDGE ( 'NONE', *, *, #818, .T. ) ;
#368 = DIRECTION ( 'NONE',  ( -0.000000000000000000, -0.000000000000000000, -1.000000000000000000 ) ) ;
#369 = CARTESIAN_POINT ( 'NONE',  ( 48.95151308287935876, 9.174862382812488448, -2.200000000000000178 ) ) ;
#370 = LINE ( 'NONE', #3154, #984 ) ;
#371 = EDGE_CURVE ( 'NONE', #1853, #2839, #3478, .T. ) ;
#372 = VECTOR ( 'NONE', #2697, 1000.000000000000000 ) ;
#373 = CYLINDRICAL_SURFACE ( 'NONE', #570, 0.9749999999999967581 ) ;
#374 = DIRECTION ( 'NONE',  ( 0.000000000000000000, 0.000000000000000000, 1.000000000000000000 ) ) ;
#375 = MECHANICAL_DESIGN_GEOMETRIC_PRESENTATION_REPRESENTATION (  '', ( #2901 ), #554 ) ;
#376 = CIRCLE ( 'NONE', #840, 1.499999999999999556 ) ;
#377 = EDGE_CURVE ( 'NONE', #2184, #1981, #1100, .T. ) ;
#378 = AXIS2_PLACEMENT_3D ( 'NONE', #3395, #851, #1456 ) ;
#379 = DIRECTION ( 'NONE',  ( -0.9988526604587394386, -0.04788906654444583660, 0.000000000000000000 ) ) ;
#380 = ORIENTED_EDGE ( 'NONE', *, *, #1013, .F. ) ;
#381 = ORIENTED_EDGE ( 'NONE', *, *, #1230, .F. ) ;
#382 = CARTESIAN_POINT ( 'NONE',  ( 49.11500000000000199, -3.975464749586530436E-15, -5.600000000000006750 ) ) ;
#383 = DIRECTION ( 'NONE',  ( -6.217248937900876626E-15, 0.000000000000000000, -1.000000000000000000 ) ) ;
#384 = DIRECTION ( 'NONE',  ( 0.000000000000000000, 0.000000000000000000, 1.000000000000000000 ) ) ;
#385 = EDGE_LOOP ( 'NONE', ( #2975, #1415, #1023, #655 ) ) ;
#386 = CARTESIAN_POINT ( 'NONE',  ( 7.582114294781145070, 2.921585889185340790, -5.200000000000000178 ) ) ;
#387 = CIRCLE ( 'NONE', #35, 3.500000000000003109 ) ;
#388 = SURFACE_SIDE_STYLE ('',( #2612 ) ) ;
#389 = LINE ( 'NONE', #2636, #2569 ) ;
#390 = VECTOR ( 'NONE', #2583, 1000.000000000000000 ) ;
#391 = CARTESIAN_POINT ( 'NONE',  ( 0.9749999999999999778, 0.000000000000000000, -8.000000000000000000 ) ) ;
#392 = CIRCLE ( 'NONE', #3156, 0.5000000000000004441 ) ;
#393 = EDGE_CURVE ( 'NONE', #2022, #2046, #3653, .T. ) ;
#394 = CARTESIAN_POINT ( 'NONE',  ( -3.425000000000012257, 0.000000000000000000, 5.200000000000000178 ) ) ;
#395 = CIRCLE ( 'NONE', #632, 1.500000000000001332 ) ;
#396 = VECTOR ( 'NONE', #676, 1000.000000000000000 ) ;
#397 = EDGE_CURVE ( 'NONE', #1205, #1719, #1888, .T. ) ;
#398 = CARTESIAN_POINT ( 'NONE',  ( 7.958287489416090210, 5.667323904260573642, 7.500000000000000000 ) ) ;
#399 = VERTEX_POINT ( 'NONE', #2669 ) ;
#400 = DIRECTION ( 'NONE',  ( -1.000000000000000000, 0.000000000000000000, 0.000000000000000000 ) ) ;
#401 = CARTESIAN_POINT ( 'NONE',  ( 45.78994010404510817, 5.279882440875892868, 2.200000000000000178 ) ) ;
#402 = AXIS2_PLACEMENT_3D ( 'NONE', #542, #1661, #2785 ) ;
#403 = CARTESIAN_POINT ( 'NONE',  ( 4.111392102729912956, 6.799048099120419408, -4.370714493908031351 ) ) ;
#404 = ORIENTED_EDGE ( 'NONE', *, *, #2106, .T. ) ;
#405 = ORIENTED_EDGE ( 'NONE', *, *, #2507, .F. ) ;
#406 = ORIENTED_EDGE ( 'NONE', *, *, #294, .F. ) ;
#407 = DIRECTION ( 'NONE',  ( 1.000000000000000000, 0.000000000000000000, 0.000000000000000000 ) ) ;
#408 = CARTESIAN_POINT ( 'NONE',  ( 56.14000000000000057, -4.345920406328604417E-15, -8.000000000000000000 ) ) ;
#409 = ORIENTED_EDGE ( 'NONE', *, *, #2845, .T. ) ;
#410 = DIRECTION ( 'NONE',  ( 0.000000000000000000, 0.000000000000000000, -1.000000000000000000 ) ) ;
#411 = DIRECTION ( 'NONE',  ( 1.000000000000000000, 0.000000000000000000, 0.000000000000000000 ) ) ;
#412 = EDGE_CURVE ( 'NONE', #1275, #1882, #1819, .T. ) ;
#413 = ADVANCED_FACE ( 'NONE', ( #3254 ), #149, .T. ) ;
#414 = DIRECTION ( 'NONE',  ( 0.000000000000000000, 0.000000000000000000, 1.000000000000000000 ) ) ;
#415 = DIRECTION ( 'NONE',  ( -0.000000000000000000, -0.000000000000000000, -1.000000000000000000 ) ) ;
#416 = ORIENTED_EDGE ( 'NONE', *, *, #418, .F. ) ;
#417 = ORIENTED_EDGE ( 'NONE', *, *, #3173, .F. ) ;
#418 = EDGE_CURVE ( 'NONE', #2840, #2900, #2147, .T. ) ;
#419 = CARTESIAN_POINT ( 'NONE',  ( 52.14000000000000057, -4.345920406328604417E-15, 7.500000000000000000 ) ) ;
#420 = LINE ( 'NONE', #3328, #1042 ) ;
#421 = DIRECTION ( 'NONE',  ( 0.000000000000000000, 0.000000000000000000, 1.000000000000000000 ) ) ;
#422 = CARTESIAN_POINT ( 'NONE',  ( 3.958287489416093319, 5.958891958110792864, -4.509097487428283202 ) ) ;
#423 = VERTEX_POINT ( 'NONE', #987 ) ;
#424 = ORIENTED_EDGE ( 'NONE', *, *, #3444, .F. ) ;
#425 = CARTESIAN_POINT ( 'NONE',  ( 3.948185437972715484, 4.400000000000001243, 4.517945522843342943 ) ) ;
#426 = CARTESIAN_POINT ( 'NONE',  ( 0.000000000000000000, 4.000000000000000000, 7.500000000000000000 ) ) ;
#427 = FACE_OUTER_BOUND ( 'NONE', #2582, .T. ) ;
#428 = CARTESIAN_POINT ( 'NONE',  ( 14.86954308122128232, 4.399999999999987033, 2.200000000000000178 ) ) ;
#429 = DIRECTION ( 'NONE',  ( 1.000000000000000000, 0.000000000000000000, 0.000000000000000000 ) ) ;
#430 = VECTOR ( 'NONE', #1675, 1000.000000000000114 ) ;
#431 = AXIS2_PLACEMENT_3D ( 'NONE', #1777, #2886, #365 ) ;
#432 = DIRECTION ( 'NONE',  ( -0.5214443283868435142, 0.8532853053892311967, 0.000000000000000000 ) ) ;
#433 = VERTEX_POINT ( 'NONE', #477 ) ;
#434 = ORIENTED_EDGE ( 'NONE', *, *, #1923, .T. ) ;
#435 = ORIENTED_EDGE ( 'NONE', *, *, #2481, .F. ) ;
#436 = AXIS2_PLACEMENT_3D ( 'NONE', #725, #103, #2973 ) ;
#437 = ADVANCED_FACE ( 'NONE', ( #1302 ), #1612, .F. ) ;
#438 = LINE ( 'NONE', #2417, #3223 ) ;
#439 = CARTESIAN_POINT ( 'NONE',  ( 4.253981677937464845, 7.182471539469473143, 4.231985564602386951 ) ) ;
#440 = EDGE_CURVE ( 'NONE', #1882, #962, #1080, .T. ) ;
#441 = ORIENTED_EDGE ( 'NONE', *, *, #3121, .F. ) ;
#442 = DIRECTION ( 'NONE',  ( 0.7071067811865464625, 0.7071067811865486830, -0.000000000000000000 ) ) ;
#443 = CARTESIAN_POINT ( 'NONE',  ( 44.13144481997665025, 7.187741556283238964, -5.400000000000000355 ) ) ;
#444 = CARTESIAN_POINT ( 'NONE',  ( 55.56500000000001194, -3.926478877620635430E-15, 5.200000000000000178 ) ) ;
#445 = EDGE_CURVE ( 'NONE', #2668, #3634, #1241, .T. ) ;
#446 = AXIS2_PLACEMENT_3D ( 'NONE', #2529, #3608, #1977 ) ;
#447 = AXIS2_PLACEMENT_3D ( 'NONE', #1692, #1096, #268 ) ;
#448 = DIRECTION ( 'NONE',  ( 1.000000000000000000, -1.734723475976805517E-15, 0.000000000000000000 ) ) ;
#449 = CIRCLE ( 'NONE', #1083, 1.500000000000000000 ) ;
#450 = DIRECTION ( 'NONE',  ( 1.000000000000000000, 0.000000000000000000, -0.000000000000000000 ) ) ;
#451 = AXIS2_PLACEMENT_3D ( 'NONE', #1270, #2712, #2411 ) ;
#452 = DIRECTION ( 'NONE',  ( 0.000000000000000000, 0.000000000000000000, -1.000000000000000000 ) ) ;
#453 = VECTOR ( 'NONE', #2118, 1000.000000000000000 ) ;
#454 = ORIENTED_EDGE ( 'NONE', *, *, #1188, .F. ) ;
#455 = ORIENTED_EDGE ( 'NONE', *, *, #1656, .F. ) ;
#456 = CYLINDRICAL_SURFACE ( 'NONE', #325, 3.024999999999999911 ) ;
#457 = AXIS2_PLACEMENT_3D ( 'NONE', #3151, #629, #2036 ) ;
#458 = CARTESIAN_POINT ( 'NONE',  ( 50.62169744412505423, 10.15553333650298917, -8.000000000000000000 ) ) ;
#459 = CARTESIAN_POINT ( 'NONE',  ( 5.897758546287565018, 9.096092856425796569, 1.139398230175914017 ) ) ;
#460 = EDGE_LOOP ( 'NONE', ( #544, #367, #745, #867 ) ) ;
#461 = CARTESIAN_POINT ( 'NONE',  ( 3.954868973806356269, 4.432742504939979789, 4.512104850635369147 ) ) ;
#462 = VECTOR ( 'NONE', #845, 1000.000000000000000 ) ;
#463 = PLANE ( 'NONE',  #2102 ) ;
#464 = CARTESIAN_POINT ( 'NONE',  ( 0.000000000000000000, 3.500000000000000000, -7.500000000000000000 ) ) ;
#465 = EDGE_CURVE ( 'NONE', #1040, #2898, #1850, .T. ) ;
#466 = CARTESIAN_POINT ( 'NONE',  ( 52.14000000000000057, -4.345920406328604417E-15, 7.500000000000000000 ) ) ;
#467 = EDGE_CURVE ( 'NONE', #2753, #433, #2020, .T. ) ;
#468 = DIRECTION ( 'NONE',  ( -1.000000000000000000, 0.000000000000000000, -0.000000000000000000 ) ) ;
#469 = VERTEX_POINT ( 'NONE', #2966 ) ;
#470 = ORIENTED_EDGE ( 'NONE', *, *, #2343, .T. ) ;
#471 = CARTESIAN_POINT ( 'NONE',  ( -1.474999999999999867, 1.806354028742346048E-16, -7.500000000000000000 ) ) ;
#472 = DIRECTION ( 'NONE',  ( 0.000000000000000000, 0.000000000000000000, 1.000000000000000000 ) ) ;
#473 = CARTESIAN_POINT ( 'NONE',  ( 5.675512002232154352, 8.953386278093194761, -1.967128677993261965 ) ) ;
#474 = ORIENTED_EDGE ( 'NONE', *, *, #1238, .F. ) ;
#475 = ORIENTED_EDGE ( 'NONE', *, *, #1563, .T. ) ;
#476 = ORIENTED_EDGE ( 'NONE', *, *, #1740, .F. ) ;
#477 = CARTESIAN_POINT ( 'NONE',  ( 45.78994010404510817, 5.279882440875892868, -2.200000000000000622 ) ) ;
#478 = EDGE_CURVE ( 'NONE', #491, #2878, #92, .T. ) ;
#479 = ADVANCED_FACE ( 'NONE', ( #3270 ), #805, .F. ) ;
#480 = FACE_OUTER_BOUND ( 'NONE', #1070, .T. ) ;
#481 = CARTESIAN_POINT ( 'NONE',  ( 53.11499999999999488, -4.345920406328604417E-15, -8.000000000000000000 ) ) ;
#482 = ADVANCED_FACE ( 'NONE', ( #3396 ), #1368, .F. ) ;
#483 = ADVANCED_FACE ( 'NONE', ( #2186, #2793, #1928 ), #1960, .T. ) ;
#484 = FACE_OUTER_BOUND ( 'NONE', #1520, .T. ) ;
#485 = DIRECTION ( 'NONE',  ( 1.000000000000000000, 0.000000000000000000, 0.000000000000000000 ) ) ;
#486 = EDGE_CURVE ( 'NONE', #2022, #491, #1125, .T. ) ;
#487 = CARTESIAN_POINT ( 'NONE',  ( 55.12649856886230992, 1.825055149353953743, -8.000000000000000000 ) ) ;
#488 = AXIS2_PLACEMENT_3D ( 'NONE', #759, #1880, #1603 ) ;
#489 = EDGE_CURVE ( 'NONE', #760, #1390, #1671, .T. ) ;
#490 = ORIENTED_EDGE ( 'NONE', *, *, #2240, .T. ) ;
#491 = VERTEX_POINT ( 'NONE', #535 ) ;
#492 = DIRECTION ( 'NONE',  ( 1.000000000000000000, 0.000000000000000000, 0.000000000000000000 ) ) ;
#493 = CARTESIAN_POINT ( 'NONE',  ( 52.14000000000000057, -4.000000000000005329, -8.000000000000000000 ) ) ;
#494 = ORIENTED_EDGE ( 'NONE', *, *, #3124, .T. ) ;
#495 = VECTOR ( 'NONE', #2166, 1000.000000000000114 ) ;
#496 = ORIENTED_EDGE ( 'NONE', *, *, #3377, .T. ) ;
#497 = VERTEX_POINT ( 'NONE', #3365 ) ;
#498 = CARTESIAN_POINT ( 'NONE',  ( -1.173556874675002968E-15, 0.000000000000000000, -5.599999999999993427 ) ) ;
#499 = CARTESIAN_POINT ( 'NONE',  ( 52.14000000000000057, -4.345920406328604417E-15, 7.500000000000000000 ) ) ;
#500 = CARTESIAN_POINT ( 'NONE',  ( -1.173556874675002968E-15, 0.000000000000000000, 6.600000000000000533 ) ) ;
#501 = CIRCLE ( 'NONE', #141, 0.5000000000000004441 ) ;
#502 = ORIENTED_EDGE ( 'NONE', *, *, #2777, .T. ) ;
#503 = DIRECTION ( 'NONE',  ( 0.8532853053892313078, 0.5214443283868436252, -0.000000000000000000 ) ) ;
#504 = CARTESIAN_POINT ( 'NONE',  ( 3.425000000000009592, 4.194415287079698250E-16, 5.200000000000000178 ) ) ;
#505 = AXIS2_PLACEMENT_3D ( 'NONE', #2689, #1282, #3557 ) ;
#506 = EDGE_CURVE ( 'NONE', #2564, #1694, #1024, .T. ) ;
#507 = DIRECTION ( 'NONE',  ( 0.000000000000000000, 0.000000000000000000, -1.000000000000000000 ) ) ;
#508 = AXIS2_PLACEMENT_3D ( 'NONE', #2469, #3068, #3636 ) ;
#509 = ORIENTED_EDGE ( 'NONE', *, *, #280, .F. ) ;
#510 = DIRECTION ( 'NONE',  ( -1.000000000000000000, 0.000000000000000000, 0.000000000000000000 ) ) ;
#511 = EDGE_CURVE ( 'NONE', #2126, #979, #261, .T. ) ;
#512 = AXIS2_PLACEMENT_3D ( 'NONE', #2766, #1879, #2156 ) ;
#513 = CYLINDRICAL_SURFACE ( 'NONE', #1666, 0.4999999999999991673 ) ;
#514 = ORIENTED_EDGE ( 'NONE', *, *, #107, .T. ) ;
#515 = ORIENTED_EDGE ( 'NONE', *, *, #754, .F. ) ;
#516 = AXIS2_PLACEMENT_3D ( 'NONE', #2781, #1411, #1374 ) ;
#517 = CARTESIAN_POINT ( 'NONE',  ( 46.12501084212601654, -2.000000000000001776, -2.200000000000000178 ) ) ;
#518 = DIRECTION ( 'NONE',  ( 0.000000000000000000, -1.000000000000000000, 0.000000000000000000 ) ) ;
#519 = CARTESIAN_POINT ( 'NONE',  ( 51.16499999999999915, -4.226517343411737806E-15, -8.000000000000000000 ) ) ;
#520 = CONICAL_SURFACE ( 'NONE', #3291, 3.024999999999999911, 0.7853981633974541632 ) ;
#521 = ORIENTED_EDGE ( 'NONE', *, *, #3606, .F. ) ;
#522 = CARTESIAN_POINT ( 'NONE',  ( 0.000000000000000000, 0.000000000000000000, 7.500000000000000000 ) ) ;
#523 = FACE_OUTER_BOUND ( 'NONE', #810, .T. ) ;
#524 = DIRECTION ( 'NONE',  ( -0.000000000000000000, -0.000000000000000000, -1.000000000000000000 ) ) ;
#525 = VECTOR ( 'NONE', #1467, 1000.000000000000000 ) ;
#526 = ADVANCED_FACE ( 'NONE', ( #1110 ), #2476, .T. ) ;
#527 = DIRECTION ( 'NONE',  ( 1.000000000000000000, 0.000000000000000000, 0.000000000000000000 ) ) ;
#528 = CIRCLE ( 'NONE', #2403, 6.000000000000000888 ) ;
#529 = VERTEX_POINT ( 'NONE', #517 ) ;
#530 = CARTESIAN_POINT ( 'NONE',  ( 7.582114294781146846, -2.000000000000006661, -5.400000000000000355 ) ) ;
#531 = LINE ( 'NONE', #245, #2079 ) ;
#532 = ORIENTED_EDGE ( 'NONE', *, *, #206, .F. ) ;
#533 = EDGE_CURVE ( 'NONE', #1150, #2224, #2761, .T. ) ;
#534 = ORIENTED_EDGE ( 'NONE', *, *, #881, .F. ) ;
#535 = CARTESIAN_POINT ( 'NONE',  ( 2.191778307088422718E-21, 4.000000000000000000, -5.200000000000001066 ) ) ;
#536 = DIRECTION ( 'NONE',  ( 0.000000000000000000, 0.000000000000000000, 1.000000000000000000 ) ) ;
#537 = DIRECTION ( 'NONE',  ( -1.000000000000000000, 0.000000000000000000, 0.000000000000000000 ) ) ;
#538 = EDGE_CURVE ( 'NONE', #179, #3472, #791, .T. ) ;
#539 = VERTEX_POINT ( 'NONE', #18 ) ;
#540 = CARTESIAN_POINT ( 'NONE',  ( 14.86954308122128232, 4.400000000000000355, 5.200000000000000178 ) ) ;
#541 = DIRECTION ( 'NONE',  ( 0.000000000000000000, 0.000000000000000000, 1.000000000000000000 ) ) ;
#542 = CARTESIAN_POINT ( 'NONE',  ( 52.14000000000000057, -4.345920406328604417E-15, -6.599999999999999645 ) ) ;
#543 = CARTESIAN_POINT ( 'NONE',  ( 14.86954308122128232, 4.399999999999987033, 5.400000000000000355 ) ) ;
#544 = ORIENTED_EDGE ( 'NONE', *, *, #1108, .F. ) ;
#545 = CARTESIAN_POINT ( 'NONE',  ( 1.474999999999999867, 0.000000000000000000, -7.500000000000000000 ) ) ;
#546 = DIRECTION ( 'NONE',  ( 0.000000000000000000, 0.000000000000000000, -1.000000000000000000 ) ) ;
#547 = VERTEX_POINT ( 'NONE', #265 ) ;
#548 = EDGE_CURVE ( 'NONE', #3318, #2475, #221, .T. ) ;
#549 = AXIS2_PLACEMENT_3D ( 'NONE', #1621, #3084, #563 ) ;
#550 = DIRECTION ( 'NONE',  ( -0.000000000000000000, -0.000000000000000000, -1.000000000000000000 ) ) ;
#551 = CARTESIAN_POINT ( 'NONE',  ( 48.06184152795736253, 8.591200351342457964, 5.200000000000000178 ) ) ;
#552 = EDGE_CURVE ( 'NONE', #3126, #3412, #2514, .T. ) ;
#553 = CARTESIAN_POINT ( 'NONE',  ( 52.14000000000000057, -4.345920406328604417E-15, 5.200000000000000178 ) ) ;
#554 =( GEOMETRIC_REPRESENTATION_CONTEXT ( 3 ) GLOBAL_UNCERTAINTY_ASSIGNED_CONTEXT ( ( #2370 ) ) GLOBAL_UNIT_ASSIGNED_CONTEXT ( ( #3114, #588, #556 ) ) REPRESENTATION_CONTEXT ( 'NONE', 'WORKASPACE' ) );
#555 = VECTOR ( 'NONE', #1342, 1000.000000000000000 ) ;
#556 =( NAMED_UNIT ( * ) SI_UNIT ( $, .STERADIAN. ) SOLID_ANGLE_UNIT ( ) );
#557 = ORIENTED_EDGE ( 'NONE', *, *, #1810, .T. ) ;
#558 = DIRECTION ( 'NONE',  ( -1.000000000000000000, -1.350228159821300116E-16, 0.000000000000000000 ) ) ;
#559 = CIRCLE ( 'NONE', #3143, 5.499999999999976907 ) ;
#560 = CARTESIAN_POINT ( 'NONE',  ( 48.89222750274525708, -3.708263902859309624, -5.200000000000000178 ) ) ;
#561 = EDGE_CURVE ( 'NONE', #2532, #88, #387, .T. ) ;
#562 = CARTESIAN_POINT ( 'NONE',  ( 46.06346891345411620, -168.0616090356724897, -2.200000000000000178 ) ) ;
#563 = DIRECTION ( 'NONE',  ( 1.000000000000000000, 0.000000000000000000, 0.000000000000000000 ) ) ;
#564 = ORIENTED_EDGE ( 'NONE', *, *, #2457, .T. ) ;
#565 = AXIS2_PLACEMENT_3D ( 'NONE', #1001, #3516, #1560 ) ;
#566 = DIRECTION ( 'NONE',  ( 1.000000000000000000, 0.000000000000000000, 0.000000000000000000 ) ) ;
#567 = LINE ( 'NONE', #763, #495 ) ;
#568 = AXIS2_PLACEMENT_3D ( 'NONE', #1555, #2662, #983 ) ;
#569 = CARTESIAN_POINT ( 'NONE',  ( 0.000000000000000000, 0.000000000000000000, -8.000000000000000000 ) ) ;
#570 = AXIS2_PLACEMENT_3D ( 'NONE', #134, #2595, #1823 ) ;
#571 = CARTESIAN_POINT ( 'NONE',  ( 50.19505479143043658, 9.894811172309569969, -8.000000000000000000 ) ) ;
#572 = LINE ( 'NONE', #1655, #2364 ) ;
#573 = ORIENTED_EDGE ( 'NONE', *, *, #1765, .T. ) ;
#574 = EDGE_CURVE ( 'NONE', #1463, #2799, #1653, .T. ) ;
#575 = DIRECTION ( 'NONE',  ( 0.000000000000000000, 0.000000000000000000, 1.000000000000000000 ) ) ;
#576 = CARTESIAN_POINT ( 'NONE',  ( 3.024999999999998579, 0.000000000000000000, -6.600000000000000533 ) ) ;
#577 = VECTOR ( 'NONE', #472, 1000.000000000000000 ) ;
#578 = FACE_OUTER_BOUND ( 'NONE', #2097, .T. ) ;
#579 = EDGE_CURVE ( 'NONE', #3634, #981, #2205, .T. ) ;
#580 = CIRCLE ( 'NONE', #402, 0.9749999999999967581 ) ;
#581 = LINE ( 'NONE', #2856, #949 ) ;
#582 = ORIENTED_EDGE ( 'NONE', *, *, #1619, .T. ) ;
#583 = ORIENTED_EDGE ( 'NONE', *, *, #467, .F. ) ;
#584 = DIRECTION ( 'NONE',  ( 0.000000000000000000, 0.000000000000000000, 1.000000000000000000 ) ) ;
#585 = DIRECTION ( 'NONE',  ( -0.9988526604587395497, -0.04788906654444345656, 0.000000000000000000 ) ) ;
#586 = LINE ( 'NONE', #2274, #708 ) ;
#587 = FACE_OUTER_BOUND ( 'NONE', #3150, .T. ) ;
#588 =( NAMED_UNIT ( * ) PLANE_ANGLE_UNIT ( ) SI_UNIT ( $, .RADIAN. ) );
#589 = ORIENTED_EDGE ( 'NONE', *, *, #841, .T. ) ;
#590 = DIRECTION ( 'NONE',  ( 1.000000000000000000, 0.000000000000000000, 0.000000000000000000 ) ) ;
#591 = CIRCLE ( 'NONE', #2647, 0.9749999999999967581 ) ;
#592 = DIRECTION ( 'NONE',  ( 0.000000000000000000, 0.000000000000000000, 1.000000000000000000 ) ) ;
#593 = CARTESIAN_POINT ( 'NONE',  ( -1.355252715606880543E-17, -4.000000000000000888, -7.500000000000000000 ) ) ;
#594 = ADVANCED_FACE ( 'NONE', ( #1072 ), #3091, .F. ) ;
#595 = EDGE_CURVE ( 'NONE', #539, #1338, #3089, .T. ) ;
#596 = CARTESIAN_POINT ( 'NONE',  ( 55.64000000000000057, -4.345920406328604417E-15, -7.500000000000000000 ) ) ;
#597 = ORIENTED_EDGE ( 'NONE', *, *, #3632, .T. ) ;
#598 = ORIENTED_EDGE ( 'NONE', *, *, #58, .T. ) ;
#599 = EDGE_CURVE ( 'NONE', #1177, #2898, #2291, .T. ) ;
#600 = DIRECTION ( 'NONE',  ( 1.000000000000000000, 0.000000000000000000, 0.000000000000000000 ) ) ;
#601 = DIRECTION ( 'NONE',  ( -0.000000000000000000, -0.000000000000000000, -1.000000000000000000 ) ) ;
#602 = DIRECTION ( 'NONE',  ( -1.000000000000000000, 1.224646799147352961E-16, 0.000000000000000000 ) ) ;
#603 = CARTESIAN_POINT ( 'NONE',  ( 0.000000000000000000, 4.400000000000001243, 0.000000000000000000 ) ) ;
#604 = CARTESIAN_POINT ( 'NONE',  ( 7.958287489416090210, 5.667323904260573642, 8.000000000000000000 ) ) ;
#605 = VECTOR ( 'NONE', #2505, 1000.000000000000114 ) ;
#606 = ORIENTED_EDGE ( 'NONE', *, *, #3283, .F. ) ;
#607 = ORIENTED_EDGE ( 'NONE', *, *, #1489, .F. ) ;
#608 = LINE ( 'NONE', #3214, #1568 ) ;
#609 = CARTESIAN_POINT ( 'NONE',  ( -1.173556874675002968E-15, 0.000000000000000000, 6.600000000000000533 ) ) ;
#610 = VECTOR ( 'NONE', #2093, 1000.000000000000000 ) ;
#611 = DIRECTION ( 'NONE',  ( 0.000000000000000000, 0.000000000000000000, -1.000000000000000000 ) ) ;
#612 = CIRCLE ( 'NONE', #2140, 0.5000000000000000000 ) ;
#613 = VECTOR ( 'NONE', #119, 1000.000000000000114 ) ;
#614 = CYLINDRICAL_SURFACE ( 'NONE', #1721, 4.000000000000000000 ) ;
#615 = ORIENTED_EDGE ( 'NONE', *, *, #2413, .F. ) ;
#616 = EDGE_LOOP ( 'NONE', ( #3430, #1925, #2789, #1474 ) ) ;
#617 = EDGE_CURVE ( 'NONE', #469, #1538, #1437, .T. ) ;
#618 = DIRECTION ( 'NONE',  ( -0.000000000000000000, -0.000000000000000000, -1.000000000000000000 ) ) ;
#619 = AXIS2_PLACEMENT_3D ( 'NONE', #837, #1387, #2 ) ;
#620 = ORIENTED_EDGE ( 'NONE', *, *, #2964, .F. ) ;
#621 = EDGE_CURVE ( 'NONE', #962, #1882, #3520, .T. ) ;
#622 = DIRECTION ( 'NONE',  ( 1.000000000000000000, 0.000000000000000000, 0.000000000000000000 ) ) ;
#623 = DIRECTION ( 'NONE',  ( 1.000000000000000000, 0.000000000000000000, 0.000000000000000000 ) ) ;
#624 = VECTOR ( 'NONE', #2790, 1000.000000000000000 ) ;
#625 = DIRECTION ( 'NONE',  ( 0.000000000000000000, 0.000000000000000000, -1.000000000000000000 ) ) ;
#626 = ORIENTED_EDGE ( 'NONE', *, *, #818, .F. ) ;
#627 = ORIENTED_EDGE ( 'NONE', *, *, #207, .T. ) ;
#628 = VECTOR ( 'NONE', #3583, 1000.000000000000000 ) ;
#629 = DIRECTION ( 'NONE',  ( -2.256840143605774710E-16, -0.000000000000000000, -1.000000000000000000 ) ) ;
#630 = DIRECTION ( 'NONE',  ( -0.3479176161606249429, 0.9375251102584442053, 0.000000000000000000 ) ) ;
#631 = CARTESIAN_POINT ( 'NONE',  ( 49.28994010404510817, 5.279882440875892868, 5.200000000000000178 ) ) ;
#632 = AXIS2_PLACEMENT_3D ( 'NONE', #2873, #3215, #2914 ) ;
#633 = CONICAL_SURFACE ( 'NONE', #1093, 3.425000000000011369, 0.7853981633974445042 ) ;
#634 = CARTESIAN_POINT ( 'NONE',  ( 1.474999999999999867, 0.000000000000000000, 7.500000000000000000 ) ) ;
#635 = CYLINDRICAL_SURFACE ( 'NONE', #2303, 0.5000000000000004441 ) ;
#636 = ORIENTED_EDGE ( 'NONE', *, *, #2987, .F. ) ;
#637 = CONICAL_SURFACE ( 'NONE', #3170, 3.024999999999999911, 0.7853981633974541632 ) ;
#638 = AXIS2_PLACEMENT_3D ( 'NONE', #3017, #734, #3302 ) ;
#639 = LINE ( 'NONE', #2622, #3325 ) ;
#640 = VERTEX_POINT ( 'NONE', #3187 ) ;
#641 = EDGE_CURVE ( 'NONE', #56, #112, #1322, .T. ) ;
#642 = ORIENTED_EDGE ( 'NONE', *, *, #2527, .F. ) ;
#643 = DIRECTION ( 'NONE',  ( -0.7071067811865517916, 8.659560562354985860E-17, 0.7071067811865433539 ) ) ;
#644 = FACE_OUTER_BOUND ( 'NONE', #2947, .T. ) ;
#645 = CARTESIAN_POINT ( 'NONE',  ( 55.56500000000001194, -4.345920406328604417E-15, -5.200000000000000178 ) ) ;
#646 = EDGE_CURVE ( 'NONE', #2391, #2429, #3398, .T. ) ;
#647 = ORIENTED_EDGE ( 'NONE', *, *, #579, .F. ) ;
#648 = ORIENTED_EDGE ( 'NONE', *, *, #3651, .F. ) ;
#649 = LINE ( 'NONE', #1522, #1627 ) ;
#650 = DIRECTION ( 'NONE',  ( -0.000000000000000000, -0.000000000000000000, -1.000000000000000000 ) ) ;
#651 = ORIENTED_EDGE ( 'NONE', *, *, #1923, .F. ) ;
#652 = DIRECTION ( 'NONE',  ( 0.000000000000000000, 0.000000000000000000, -1.000000000000000000 ) ) ;
#653 = LINE ( 'NONE', #2896, #973 ) ;
#654 = CARTESIAN_POINT ( 'NONE',  ( 56.14000000000000057, -4.345920406328604417E-15, -5.200000000000000178 ) ) ;
#655 = ORIENTED_EDGE ( 'NONE', *, *, #2457, .F. ) ;
#656 = CARTESIAN_POINT ( 'NONE',  ( 47.91817432832402801, 11.58775833271867484, 7.500000000000000000 ) ) ;
#657 = ORIENTED_EDGE ( 'NONE', *, *, #3416, .T. ) ;
#658 = EDGE_LOOP ( 'NONE', ( #1349, #2641, #2089, #1710, #1903, #2474, #3515, #4 ) ) ;
#659 = PLANE ( 'NONE',  #3460 ) ;
#660 = DIRECTION ( 'NONE',  ( 0.000000000000000000, 1.000000000000000000, 0.000000000000000000 ) ) ;
#661 = CARTESIAN_POINT ( 'NONE',  ( 52.14000000000000057, -4.345920406328604417E-15, 5.200000000000000178 ) ) ;
#662 = EDGE_CURVE ( 'NONE', #2357, #2380, #1732, .T. ) ;
#663 = ORIENTED_EDGE ( 'NONE', *, *, #3075, .T. ) ;
#664 = VERTEX_POINT ( 'NONE', #886 ) ;
#665 = FACE_OUTER_BOUND ( 'NONE', #743, .T. ) ;
#666 = EDGE_CURVE ( 'NONE', #2898, #183, #1218, .T. ) ;
#667 = DIRECTION ( 'NONE',  ( 0.000000000000000000, -1.000000000000000000, 0.000000000000000000 ) ) ;
#668 = CYLINDRICAL_SURFACE ( 'NONE', #2752, 177.2599999999999625 ) ;
#669 = EDGE_CURVE ( 'NONE', #1177, #306, #3335, .T. ) ;
#670 = DIRECTION ( 'NONE',  ( -0.000000000000000000, -0.000000000000000000, 1.000000000000000000 ) ) ;
#671 = LINE ( 'NONE', #992, #312 ) ;
#672 = TOROIDAL_SURFACE ( 'NONE', #3140, 1.474999999999999423, 0.5000000000000000000 ) ;
#673 = VECTOR ( 'NONE', #468, 1000.000000000000000 ) ;
#674 = CARTESIAN_POINT ( 'NONE',  ( 3.948185437972715484, 4.400000000000001243, -4.517945522843342943 ) ) ;
#675 = ORIENTED_EDGE ( 'NONE', *, *, #318, .F. ) ;
#676 = DIRECTION ( 'NONE',  ( -1.000000000000000000, -0.000000000000000000, -0.000000000000000000 ) ) ;
#677 = VERTEX_POINT ( 'NONE', #1495 ) ;
#678 = DIRECTION ( 'NONE',  ( -0.000000000000000000, -0.000000000000000000, 1.000000000000000000 ) ) ;
#679 = CYLINDRICAL_SURFACE ( 'NONE', #2284, 1.500000000000000000 ) ;
#680 = CARTESIAN_POINT ( 'NONE',  ( 4.545647700112197320, 7.767247878462728572, -3.922238684837994427 ) ) ;
#681 = ORIENTED_EDGE ( 'NONE', *, *, #206, .T. ) ;
#682 = ORIENTED_EDGE ( 'NONE', *, *, #1268, .T. ) ;
#683 = CARTESIAN_POINT ( 'NONE',  ( 46.06346891345411620, -168.0616090356724897, 5.200000000000000178 ) ) ;
#684 = DIRECTION ( 'NONE',  ( 1.224646799147353207E-16, 1.000000000000000000, -0.000000000000000000 ) ) ;
#685 = ORIENTED_EDGE ( 'NONE', *, *, #3550, .T. ) ;
#686 = LINE ( 'NONE', #1767, #525 ) ;
#687 = AXIS2_PLACEMENT_3D ( 'NONE', #2683, #2960, #2090 ) ;
#688 = DIRECTION ( 'NONE',  ( -0.000000000000000000, -0.000000000000000000, -1.000000000000000000 ) ) ;
#689 = VECTOR ( 'NONE', #2247, 1000.000000000000000 ) ;
#690 = APPLICATION_CONTEXT ( 'automotive_design' ) ;
#691 = CARTESIAN_POINT ( 'NONE',  ( 47.94211886159624925, 11.08833200248930417, -7.500000000000000000 ) ) ;
#692 = EDGE_CURVE ( 'NONE', #71, #350, #2207, .T. ) ;
#693 = CIRCLE ( 'NONE', #2857, 3.425000000000011369 ) ;
#694 = CIRCLE ( 'NONE', #2750, 0.9749999999999999778 ) ;
#695 = DIRECTION ( 'NONE',  ( 0.000000000000000000, 0.000000000000000000, 1.000000000000000000 ) ) ;
#696 = ORIENTED_EDGE ( 'NONE', *, *, #3098, .T. ) ;
#697 = EDGE_LOOP ( 'NONE', ( #2579, #3227, #2624, #1947 ) ) ;
#698 = DIRECTION ( 'NONE',  ( 0.8532853053892313078, 0.5214443283868436252, -0.000000000000000000 ) ) ;
#699 = DIRECTION ( 'NONE',  ( 0.000000000000000000, 0.000000000000000000, 1.000000000000000000 ) ) ;
#700 = TOROIDAL_SURFACE ( 'NONE', #2107, 1.474999999999999423, 0.5000000000000000000 ) ;
#701 = CARTESIAN_POINT ( 'NONE',  ( 4.955284724773162175, 8.316669191287600071, -3.392536913388233266 ) ) ;
#702 = ADVANCED_FACE ( 'NONE', ( #2604 ), #899, .F. ) ;
#703 = ORIENTED_EDGE ( 'NONE', *, *, #3426, .T. ) ;
#704 = CARTESIAN_POINT ( 'NONE',  ( 0.000000000000000000, 0.000000000000000000, 7.500000000000000000 ) ) ;
#705 = SURFACE_STYLE_USAGE ( .BOTH. , #388 ) ;
#706 = ORIENTED_EDGE ( 'NONE', *, *, #2621, .T. ) ;
#707 = CARTESIAN_POINT ( 'NONE',  ( 52.14000000000000057, -4.000000000000005329, -7.500000000000000000 ) ) ;
#708 = VECTOR ( 'NONE', #2776, 1000.000000000000000 ) ;
#709 = DIRECTION ( 'NONE',  ( -1.000000000000000000, 0.000000000000000000, 0.000000000000000000 ) ) ;
#710 = DIRECTION ( 'NONE',  ( -0.000000000000000000, -0.000000000000000000, -1.000000000000000000 ) ) ;
#711 = ADVANCED_FACE ( 'NONE', ( #2050 ), #659, .T. ) ;
#712 = DIRECTION ( 'NONE',  ( 1.000000000000000000, 0.000000000000000000, 0.000000000000000000 ) ) ;
#713 = ORIENTED_EDGE ( 'NONE', *, *, #2327, .T. ) ;
#714 = ORIENTED_EDGE ( 'NONE', *, *, #2190, .T. ) ;
#715 = CARTESIAN_POINT ( 'NONE',  ( 3.024999999999998579, 0.000000000000000000, -5.599999999999993427 ) ) ;
#716 = EDGE_CURVE ( 'NONE', #1136, #1778, #3635, .T. ) ;
#717 = ORIENTED_EDGE ( 'NONE', *, *, #465, .F. ) ;
#718 = DIRECTION ( 'NONE',  ( 1.000000000000000000, 0.000000000000000000, 0.000000000000000000 ) ) ;
#719 = DIRECTION ( 'NONE',  ( 0.000000000000000000, 0.000000000000000000, -1.000000000000000000 ) ) ;
#720 = DIRECTION ( 'NONE',  ( 0.000000000000000000, 0.000000000000000000, 1.000000000000000000 ) ) ;
#721 = ORIENTED_EDGE ( 'NONE', *, *, #2259, .T. ) ;
#722 = LINE ( 'NONE', #2465, #628 ) ;
#723 = DIRECTION ( 'NONE',  ( 1.000000000000000000, 0.000000000000000000, 0.000000000000000000 ) ) ;
#724 = CIRCLE ( 'NONE', #2962, 4.000000000000003553 ) ;
#725 = CARTESIAN_POINT ( 'NONE',  ( 48.06184152795736253, 8.591200351342457964, -7.500000000000000000 ) ) ;
#726 = ORIENTED_EDGE ( 'NONE', *, *, #445, .F. ) ;
#727 = EDGE_LOOP ( 'NONE', ( #470, #1087, #216, #1400 ) ) ;
#728 = AXIS2_PLACEMENT_3D ( 'NONE', #2024, #379, #1737 ) ;
#729 = CARTESIAN_POINT ( 'NONE',  ( 52.14000000000000057, -4.345920406328604417E-15, -6.599999999999999645 ) ) ;
#730 = CARTESIAN_POINT ( 'NONE',  ( 3.958287489416093319, 5.958513168568514651, 4.509097487428284090 ) ) ;
#731 = ORIENTED_EDGE ( 'NONE', *, *, #2992, .T. ) ;
#732 = EDGE_CURVE ( 'NONE', #2391, #2799, #3207, .T. ) ;
#733 = ORIENTED_EDGE ( 'NONE', *, *, #58, .F. ) ;
#734 = DIRECTION ( 'NONE',  ( 0.000000000000000000, 0.000000000000000000, 1.000000000000000000 ) ) ;
#735 = DIRECTION ( 'NONE',  ( 1.000000000000000000, 0.000000000000000000, 0.000000000000000000 ) ) ;
#736 = DIRECTION ( 'NONE',  ( -0.000000000000000000, -0.000000000000000000, 1.000000000000000000 ) ) ;
#737 = PRODUCT ( '指杆', '指杆', '', ( #1709 ) ) ;
#738 = EDGE_LOOP ( 'NONE', ( #1052, #2650, #2880, #1900 ) ) ;
#739 = AXIS2_PLACEMENT_3D ( 'NONE', #1724, #1459, #2626 ) ;
#740 = CIRCLE ( 'NONE', #214, 3.999999999999998224 ) ;
#741 = CARTESIAN_POINT ( 'NONE',  ( 43.78994010404512949, 5.279882440875892868, 5.400000000000000355 ) ) ;
#742 = CIRCLE ( 'NONE', #2807, 0.5000000000000004441 ) ;
#743 = EDGE_LOOP ( 'NONE', ( #3488, #105, #3191, #1931 ) ) ;
#744 = EDGE_CURVE ( 'NONE', #2126, #2357, #3523, .T. ) ;
#745 = ORIENTED_EDGE ( 'NONE', *, *, #982, .F. ) ;
#746 = CARTESIAN_POINT ( 'NONE',  ( -1.355252715606880543E-17, -4.000000000000000888, 7.500000000000000000 ) ) ;
#747 = AXIS2_PLACEMENT_3D ( 'NONE', #1536, #941, #3532 ) ;
#748 = CARTESIAN_POINT ( 'NONE',  ( 5.675969215946306434, 8.953692420740297919, 1.965653996825866612 ) ) ;
#749 = EDGE_LOOP ( 'NONE', ( #202, #682 ) ) ;
#750 = ORIENTED_EDGE ( 'NONE', *, *, #255, .F. ) ;
#751 = DIRECTION ( 'NONE',  ( 1.000000000000000000, 0.000000000000000000, 0.000000000000000000 ) ) ;
#752 = AXIS2_PLACEMENT_3D ( 'NONE', #3417, #3129, #602 ) ;
#753 = DIRECTION ( 'NONE',  ( 0.000000000000000000, 0.000000000000000000, 1.000000000000000000 ) ) ;
#754 = EDGE_CURVE ( 'NONE', #3033, #197, #3403, .T. ) ;
#755 = CARTESIAN_POINT ( 'NONE',  ( 49.28994010404510817, 5.279882440875892868, 2.200000000000000178 ) ) ;
#756 = ORIENTED_EDGE ( 'NONE', *, *, #228, .T. ) ;
#757 = DIRECTION ( 'NONE',  ( -0.000000000000000000, -0.000000000000000000, -1.000000000000000000 ) ) ;
#758 = ADVANCED_FACE ( 'NONE', ( #2067 ), #301, .T. ) ;
#759 = CARTESIAN_POINT ( 'NONE',  ( -1.173556874675002968E-15, 0.000000000000000000, 6.600000000000000533 ) ) ;
#760 = VERTEX_POINT ( 'NONE', #3415 ) ;
#761 = ORIENTED_EDGE ( 'NONE', *, *, #716, .F. ) ;
#762 = CARTESIAN_POINT ( 'NONE',  ( 13.50000000000000355, -2.000000000000006217, -5.200000000000002842 ) ) ;
#763 = CARTESIAN_POINT ( 'NONE',  ( 47.46488495469115776, 8.266381009738202224, -5.200000000000000178 ) ) ;
#764 = EDGE_LOOP ( 'NONE', ( #2180, #1906, #298, #2810 ) ) ;
#765 = EDGE_LOOP ( 'NONE', ( #620, #509, #1876, #3605 ) ) ;
#766 = CARTESIAN_POINT ( 'NONE',  ( 0.000000000000000000, 0.000000000000000000, -7.500000000000000000 ) ) ;
#767 = DIRECTION ( 'NONE',  ( 1.000000000000000000, 0.000000000000000000, 0.000000000000000000 ) ) ;
#768 = DIRECTION ( 'NONE',  ( 0.000000000000000000, 0.000000000000000000, 1.000000000000000000 ) ) ;
#769 = EDGE_CURVE ( 'NONE', #3577, #1981, #2497, .T. ) ;
#770 = ORIENTED_EDGE ( 'NONE', *, *, #3377, .F. ) ;
#771 = FACE_OUTER_BOUND ( 'NONE', #1554, .T. ) ;
#772 =( LENGTH_UNIT ( ) NAMED_UNIT ( * ) SI_UNIT ( .MILLI., .METRE. ) );
#773 = ADVANCED_FACE ( 'NONE', ( #52 ), #3155, .T. ) ;
#774 = DIRECTION ( 'NONE',  ( -0.000000000000000000, -0.000000000000000000, 1.000000000000000000 ) ) ;
#775 = ORIENTED_EDGE ( 'NONE', *, *, #574, .T. ) ;
#776 = VERTEX_POINT ( 'NONE', #746 ) ;
#777 = CYLINDRICAL_SURFACE ( 'NONE', #2265, 1.499999999999999556 ) ;
#778 = VECTOR ( 'NONE', #2815, 1000.000000000000114 ) ;
#779 = CARTESIAN_POINT ( 'NONE',  ( 55.64000000000000057, -4.345920406328604417E-15, 7.500000000000000000 ) ) ;
#780 = VERTEX_POINT ( 'NONE', #180 ) ;
#781 = CIRCLE ( 'NONE', #1958, 3.024999999999999911 ) ;
#782 = VERTEX_POINT ( 'NONE', #1277 ) ;
#783 = CARTESIAN_POINT ( 'NONE',  ( 7.582114294781146846, -2.000000000000006661, 5.200000000000000178 ) ) ;
#784 = CARTESIAN_POINT ( 'NONE',  ( 16.50000000000000355, 4.400000000000000355, -3.700000000000001066 ) ) ;
#785 = FACE_BOUND ( 'NONE', #2667, .T. ) ;
#786 = EDGE_CURVE ( 'NONE', #2722, #2049, #154, .T. ) ;
#787 = ORIENTED_EDGE ( 'NONE', *, *, #2665, .T. ) ;
#788 = FACE_OUTER_BOUND ( 'NONE', #2736, .T. ) ;
#789 = CARTESIAN_POINT ( 'NONE',  ( 3.458287489416092431, 4.500000000000000888, 7.500000000000000000 ) ) ;
#790 = CARTESIAN_POINT ( 'NONE',  ( 52.14000000000000057, -4.345920406328604417E-15, 6.599999999999999645 ) ) ;
#791 = CIRCLE ( 'NONE', #619, 3.024999999999999911 ) ;
#792 = CIRCLE ( 'NONE', #447, 3.425000000000010925 ) ;
#793 = VECTOR ( 'NONE', #1607, 1000.000000000000000 ) ;
#794 = ADVANCED_FACE ( 'NONE', ( #2977 ), #456, .F. ) ;
#795 = CARTESIAN_POINT ( 'NONE',  ( -1.355252715606880543E-17, -4.000000000000000888, -8.000000000000000000 ) ) ;
#796 = TOROIDAL_SURFACE ( 'NONE', #451, 1.474999999999999867, 0.5000000000000000000 ) ;
#797 = ORIENTED_EDGE ( 'NONE', *, *, #2537, .F. ) ;
#798 = VERTEX_POINT ( 'NONE', #125 ) ;
#799 = CARTESIAN_POINT ( 'NONE',  ( 50.66499999999999915, -4.165285003454369443E-15, -8.000000000000000000 ) ) ;
#800 = CIRCLE ( 'NONE', #1207, 175.2599999999999625 ) ;
#801 = CARTESIAN_POINT ( 'NONE',  ( 5.720598479330754493, 4.546561797126748239, 1.848620660829333184 ) ) ;
#802 = VERTEX_POINT ( 'NONE', #1848 ) ;
#803 = ORIENTED_EDGE ( 'NONE', *, *, #3166, .T. ) ;
#804 = CIRCLE ( 'NONE', #2749, 0.5000000000000004441 ) ;
#805 = CYLINDRICAL_SURFACE ( 'NONE', #1681, 0.9749999999999999778 ) ;
#806 = CARTESIAN_POINT ( 'NONE',  ( 52.14000000000000057, -4.345920406328604417E-15, -7.500000000000000000 ) ) ;
#807 = CYLINDRICAL_SURFACE ( 'NONE', #196, 0.5000000000000000000 ) ;
#808 = ADVANCED_FACE ( 'NONE', ( #3570, #1794 ), #2720, .T. ) ;
#809 = EDGE_LOOP ( 'NONE', ( #2757, #405, #606, #47 ) ) ;
#810 = EDGE_LOOP ( 'NONE', ( #2120, #2468, #1068, #3317 ) ) ;
#811 = DIRECTION ( 'NONE',  ( -0.000000000000000000, 1.000000000000000000, -0.000000000000000000 ) ) ;
#812 = DIRECTION ( 'NONE',  ( 0.000000000000000000, 0.000000000000000000, 1.000000000000000000 ) ) ;
#813 = LINE ( 'NONE', #1986, #462 ) ;
#814 = DIRECTION ( 'NONE',  ( -0.000000000000000000, 1.000000000000000000, -0.000000000000000000 ) ) ;
#815 = VECTOR ( 'NONE', #2927, 999.9999999999998863 ) ;
#816 = ORIENTED_EDGE ( 'NONE', *, *, #3654, .F. ) ;
#817 = ORIENTED_EDGE ( 'NONE', *, *, #3124, .F. ) ;
#818 = EDGE_CURVE ( 'NONE', #1381, #2840, #2439, .T. ) ;
#819 = DIRECTION ( 'NONE',  ( 0.000000000000000000, 0.000000000000000000, 1.000000000000000000 ) ) ;
#820 = DIRECTION ( 'NONE',  ( 0.000000000000000000, 0.000000000000000000, -1.000000000000000000 ) ) ;
#821 = ORIENTED_EDGE ( 'NONE', *, *, #397, .F. ) ;
#822 = AXIS2_PLACEMENT_3D ( 'NONE', #1564, #1286, #186 ) ;
#823 = EDGE_CURVE ( 'NONE', #2250, #2344, #1796, .T. ) ;
#824 = DIRECTION ( 'NONE',  ( 0.000000000000000000, 0.000000000000000000, 1.000000000000000000 ) ) ;
#825 = CARTESIAN_POINT ( 'NONE',  ( 0.000000000000000000, 0.000000000000000000, -7.500000000000000000 ) ) ;
#826 = DIRECTION ( 'NONE',  ( -1.000000000000000000, 0.000000000000000000, 0.000000000000000000 ) ) ;
#827 = EDGE_LOOP ( 'NONE', ( #2779, #2167 ) ) ;
#828 = ORIENTED_EDGE ( 'NONE', *, *, #2295, .T. ) ;
#829 = LINE ( 'NONE', #2780, #3351 ) ;
#830 = CARTESIAN_POINT ( 'NONE',  ( 3.958287489416092431, 5.667323904260572753, 7.500000000000000000 ) ) ;
#831 = PLANE ( 'NONE',  #1451 ) ;
#832 = CARTESIAN_POINT ( 'NONE',  ( 0.000000000000000000, 4.000000000000000000, -7.500000000000000000 ) ) ;
#833 = VERTEX_POINT ( 'NONE', #958 ) ;
#834 = FACE_OUTER_BOUND ( 'NONE', #848, .T. ) ;
#835 = FACE_OUTER_BOUND ( 'NONE', #3369, .T. ) ;
#836 = CIRCLE ( 'NONE', #2424, 5.499999999999976907 ) ;
#837 = CARTESIAN_POINT ( 'NONE',  ( -1.173556874675002968E-15, 0.000000000000000000, 6.600000000000000533 ) ) ;
#838 = FACE_OUTER_BOUND ( 'NONE', #2235, .T. ) ;
#839 = DIRECTION ( 'NONE',  ( -0.000000000000000000, -0.000000000000000000, -1.000000000000000000 ) ) ;
#840 = AXIS2_PLACEMENT_3D ( 'NONE', #1146, #2275, #1995 ) ;
#841 = EDGE_CURVE ( 'NONE', #2552, #3126, #1262, .T. ) ;
#842 = DIRECTION ( 'NONE',  ( -1.000000000000000000, 0.000000000000000000, 0.000000000000000000 ) ) ;
#843 = VECTOR ( 'NONE', #2290, 1000.000000000000000 ) ;
#844 = CARTESIAN_POINT ( 'NONE',  ( -0.9749999999999999778, 1.194030629168669322E-16, -7.500000000000000000 ) ) ;
#845 = DIRECTION ( 'NONE',  ( 0.000000000000000000, -0.000000000000000000, 1.000000000000000000 ) ) ;
#846 = CARTESIAN_POINT ( 'NONE',  ( 55.16499999999999915, -4.345920406328604417E-15, -5.600000000000006750 ) ) ;
#847 = EDGE_LOOP ( 'NONE', ( #2416, #1049, #1259, #642, #944, #1354, #2366, #2142, #80, #3342 ) ) ;
#848 = EDGE_LOOP ( 'NONE', ( #2143, #1792, #920, #1300, #1521, #404 ) ) ;
#849 = AXIS2_PLACEMENT_3D ( 'NONE', #2827, #2865, #3168 ) ;
#850 = CARTESIAN_POINT ( 'NONE',  ( 22.50049140560457417, -4.000000000000000888, -0.7000000000000000666 ) ) ;
#851 = DIRECTION ( 'NONE',  ( 0.000000000000000000, 0.000000000000000000, 1.000000000000000000 ) ) ;
#852 = CARTESIAN_POINT ( 'NONE',  ( 48.06184152795736253, 8.591200351342457964, -8.000000000000000000 ) ) ;
#853 = CIRCLE ( 'NONE', #1618, 1.500000000000000000 ) ;
#854 = CARTESIAN_POINT ( 'NONE',  ( 48.89222750274525708, -3.708263902859309624, 5.200000000000000178 ) ) ;
#855 = CARTESIAN_POINT ( 'NONE',  ( 3.024999999999998579, 3.704556567420743261E-16, 6.600000000000000533 ) ) ;
#856 = SURFACE_STYLE_FILL_AREA ( #289 ) ;
#857 = MECHANICAL_DESIGN_GEOMETRIC_PRESENTATION_REPRESENTATION (  '', ( #3466 ), #2446 ) ;
#858 = ORIENTED_EDGE ( 'NONE', *, *, #3240, .T. ) ;
#859 = CARTESIAN_POINT ( 'NONE',  ( 46.06346891345411620, -168.0616090356724897, -5.200000000000000178 ) ) ;
#860 = EDGE_CURVE ( 'NONE', #640, #3479, #903, .T. ) ;
#861 = FACE_OUTER_BOUND ( 'NONE', #3262, .T. ) ;
#862 = TOROIDAL_SURFACE ( 'NONE', #747, 3.500000000000000888, 0.5000000000000000000 ) ;
#863 = DIRECTION ( 'NONE',  ( -1.000000000000000000, 0.000000000000000000, 0.000000000000000000 ) ) ;
#864 = EDGE_CURVE ( 'NONE', #2489, #957, #3553, .T. ) ;
#865 = VECTOR ( 'NONE', #1412, 1000.000000000000114 ) ;
#866 = CARTESIAN_POINT ( 'NONE',  ( 48.06184152795736253, 8.591200351342457964, 7.500000000000000000 ) ) ;
#867 = ORIENTED_EDGE ( 'NONE', *, *, #968, .F. ) ;
#868 = ORIENTED_EDGE ( 'NONE', *, *, #2123, .F. ) ;
#869 = DIRECTION ( 'NONE',  ( 0.7071067811865449082, 8.659560562354902043E-17, -0.7071067811865502373 ) ) ;
#870 = B_SPLINE_CURVE_WITH_KNOTS ( 'NONE', 3,
 ( #3245, #2356, #2108, #674 ),
 .UNSPECIFIED., .F., .F.,
 ( 4, 4 ),
 ( 0.000000000000000000, 0.0001008976668415614684 ),
 .UNSPECIFIED. ) ;
#871 = CARTESIAN_POINT ( 'NONE',  ( 52.14000000000000057, -4.000000000000005329, -8.000000000000000000 ) ) ;
#872 = CARTESIAN_POINT ( 'NONE',  ( 52.14000000000000057, -4.345920406328604417E-15, -6.599999999999999645 ) ) ;
#873 = DIRECTION ( 'NONE',  ( 0.000000000000000000, 0.000000000000000000, -1.000000000000000000 ) ) ;
#874 = VERTEX_POINT ( 'NONE', #1588 ) ;
#875 = DIRECTION ( 'NONE',  ( -1.000000000000000000, 0.000000000000000000, 0.000000000000000000 ) ) ;
#876 = AXIS2_PLACEMENT_3D ( 'NONE', #1929, #3072, #3624 ) ;
#877 = CARTESIAN_POINT ( 'NONE',  ( -1.173556874675002968E-15, 0.000000000000000000, -5.599999999999993427 ) ) ;
#878 = CARTESIAN_POINT ( 'NONE',  ( 4.458287489416092875, 4.500000000000000888, 8.000000000000000000 ) ) ;
#879 = EDGE_CURVE ( 'NONE', #3535, #1657, #2379, .T. ) ;
#880 = CARTESIAN_POINT ( 'NONE',  ( 0.000000000000000000, -4.000000000000007105, 0.000000000000000000 ) ) ;
#881 = EDGE_CURVE ( 'NONE', #2580, #1010, #3462, .T. ) ;
#882 = ADVANCED_FACE ( 'NONE', ( #3509 ), #142, .T. ) ;
#883 = EDGE_LOOP ( 'NONE', ( #1865, #2278, #3333, #1321 ) ) ;
#884 = FACE_OUTER_BOUND ( 'NONE', #1434, .T. ) ;
#885 = ORIENTED_EDGE ( 'NONE', *, *, #2430, .T. ) ;
#886 = CARTESIAN_POINT ( 'NONE',  ( -3.025000000000001243, 0.000000000000000000, 5.600000000000007638 ) ) ;
#887 = CARTESIAN_POINT ( 'NONE',  ( 13.50000000000000000, -4.000000000000000888, 5.200000000000000178 ) ) ;
#888 = LINE ( 'NONE', #2347, #3020 ) ;
#889 = VECTOR ( 'NONE', #1470, 1000.000000000000000 ) ;
#890 = ORIENTED_EDGE ( 'NONE', *, *, #3196, .F. ) ;
#891 = DIRECTION ( 'NONE',  ( -1.000000000000000000, 0.000000000000000000, 2.256840143605774710E-16 ) ) ;
#892 = PRODUCT_DEFINITION_FORMATION_WITH_SPECIFIED_SOURCE ( '任何', '', #737, .NOT_KNOWN. ) ;
#893 = CARTESIAN_POINT ( 'NONE',  ( -1.173556874675002968E-15, 0.000000000000000000, 5.200000000000000178 ) ) ;
#894 = VECTOR ( 'NONE', #618, 1000.000000000000000 ) ;
#895 = DIRECTION ( 'NONE',  ( -1.000000000000000000, 0.000000000000000000, 0.000000000000000000 ) ) ;
#896 = ORIENTED_EDGE ( 'NONE', *, *, #3614, .F. ) ;
#897 = EDGE_CURVE ( 'NONE', #2488, #399, #438, .T. ) ;
#898 = DIRECTION ( 'NONE',  ( 0.000000000000000000, 0.000000000000000000, 1.000000000000000000 ) ) ;
#899 = CONICAL_SURFACE ( 'NONE', #2972, 3.024999999999999911, 0.7853981633974541632 ) ;
#900 = EDGE_LOOP ( 'NONE', ( #2792, #3106, #3165, #2324 ) ) ;
#901 = CARTESIAN_POINT ( 'NONE',  ( 53.61499999999999488, -4.345920406328604417E-15, -7.500000000000000000 ) ) ;
#902 = DIRECTION ( 'NONE',  ( 0.000000000000000000, 0.000000000000000000, 1.000000000000000000 ) ) ;
#903 = CIRCLE ( 'NONE', #3639, 2.500000000000002220 ) ;
#904 = CARTESIAN_POINT ( 'NONE',  ( 47.94211886159624925, 11.08833200248930417, -8.000000000000000000 ) ) ;
#905 = ORIENTED_EDGE ( 'NONE', *, *, #1482, .T. ) ;
#906 = ORIENTED_EDGE ( 'NONE', *, *, #552, .T. ) ;
#907 = AXIS2_PLACEMENT_3D ( 'NONE', #204, #1060, #2696 ) ;
#908 = CARTESIAN_POINT ( 'NONE',  ( 49.28994010404510817, 5.279882440875892868, 5.400000000000000355 ) ) ;
#909 = CARTESIAN_POINT ( 'NONE',  ( 40.94941422704341960, 25.02426757450731998, 7.500000000000000000 ) ) ;
#910 = AXIS2_PLACEMENT_3D ( 'NONE', #500, #2967, #735 ) ;
#911 = AXIS2_PLACEMENT_3D ( 'NONE', #291, #842, #575 ) ;
#912 = DIRECTION ( 'NONE',  ( 0.000000000000000000, 0.000000000000000000, -1.000000000000000000 ) ) ;
#913 = FACE_OUTER_BOUND ( 'NONE', #738, .T. ) ;
#914 = VERTEX_POINT ( 'NONE', #715 ) ;
#915 = AXIS2_PLACEMENT_3D ( 'NONE', #1937, #293, #3064 ) ;
#916 = ADVANCED_FACE ( 'NONE', ( #3228 ), #3280, .T. ) ;
#917 = CARTESIAN_POINT ( 'NONE',  ( -1.355252715606880543E-17, -3.500000000000000888, 7.500000000000000000 ) ) ;
#918 = ORIENTED_EDGE ( 'NONE', *, *, #377, .T. ) ;
#919 = ADVANCED_FACE ( 'NONE', ( #2360 ), #2644, .T. ) ;
#920 = ORIENTED_EDGE ( 'NONE', *, *, #2340, .T. ) ;
#921 = DIRECTION ( 'NONE',  ( 1.000000000000000000, 0.000000000000000000, 0.000000000000000000 ) ) ;
#922 = DIRECTION ( 'NONE',  ( -0.000000000000000000, 1.000000000000000000, -0.000000000000000000 ) ) ;
#923 = DIRECTION ( 'NONE',  ( 0.000000000000000000, 0.000000000000000000, 1.000000000000000000 ) ) ;
#924 = ORIENTED_EDGE ( 'NONE', *, *, #2128, .F. ) ;
#925 = ADVANCED_FACE ( 'NONE', ( #834 ), #2811, .T. ) ;
#926 = AXIS2_PLACEMENT_3D ( 'NONE', #464, #2389, #3306 ) ;
#927 = ORIENTED_EDGE ( 'NONE', *, *, #1510, .T. ) ;
#928 = DIRECTION ( 'NONE',  ( -1.000000000000000000, 0.000000000000000000, 0.000000000000000000 ) ) ;
#929 = LINE ( 'NONE', #408, #2270 ) ;
#930 = CARTESIAN_POINT ( 'NONE',  ( 50.19505479143043658, 9.894811172309569969, -7.500000000000000000 ) ) ;
#931 = TOROIDAL_SURFACE ( 'NONE', #7, 1.000000000000000000, 0.5000000000000000000 ) ;
#932 = DIRECTION ( 'NONE',  ( 0.000000000000000000, 0.000000000000000000, -1.000000000000000000 ) ) ;
#933 = DIRECTION ( 'NONE',  ( 0.000000000000000000, 0.000000000000000000, 1.000000000000000000 ) ) ;
#934 = ORIENTED_EDGE ( 'NONE', *, *, #2806, .T. ) ;
#935 = ORIENTED_EDGE ( 'NONE', *, *, #1422, .F. ) ;
#936 = CARTESIAN_POINT ( 'NONE',  ( 44.13144481997665025, 7.187741556283238964, -2.200000000000000178 ) ) ;
#937 = EDGE_LOOP ( 'NONE', ( #3494, #2984, #2350, #2301 ) ) ;
#938 = ORIENTED_EDGE ( 'NONE', *, *, #1539, .F. ) ;
#939 = DIRECTION ( 'NONE',  ( 0.04788906654444425454, -0.9988526604587394386, 0.000000000000000000 ) ) ;
#940 = DIRECTION ( 'NONE',  ( -1.000000000000000000, 0.000000000000000000, 0.000000000000000000 ) ) ;
#941 = DIRECTION ( 'NONE',  ( 0.000000000000000000, 0.000000000000000000, 1.000000000000000000 ) ) ;
#942 = CARTESIAN_POINT ( 'NONE',  ( 15.00000000000000000, -4.000000000000000888, 3.699999999999999734 ) ) ;
#943 = ORIENTED_EDGE ( 'NONE', *, *, #2758, .T. ) ;
#944 = ORIENTED_EDGE ( 'NONE', *, *, #1307, .F. ) ;
#945 = LINE ( 'NONE', #1998, #2330 ) ;
#946 = CARTESIAN_POINT ( 'NONE',  ( 5.582114294781146846, 4.400000000000001243, 2.200000000000000178 ) ) ;
#947 = ADVANCED_FACE ( 'NONE', ( #3658 ), #2023, .T. ) ;
#948 = DIRECTION ( 'NONE',  ( 0.000000000000000000, 1.000000000000000000, 0.000000000000000000 ) ) ;
#949 = VECTOR ( 'NONE', #1414, 1000.000000000000000 ) ;
#950 = CIRCLE ( 'NONE', #1421, 0.5000000000000000000 ) ;
#951 = FACE_BOUND ( 'NONE', #1658, .T. ) ;
#952 = DIRECTION ( 'NONE',  ( 1.000000000000000000, 0.000000000000000000, 0.000000000000000000 ) ) ;
#953 = AXIS2_PLACEMENT_3D ( 'NONE', #2586, #2606, #1180 ) ;
#954 = VECTOR ( 'NONE', #1123, 1000.000000000000114 ) ;
#955 = CARTESIAN_POINT ( 'NONE',  ( 55.12649856886230992, 1.825055149353951967, 8.000000000000000000 ) ) ;
#956 = ORIENTED_EDGE ( 'NONE', *, *, #579, .T. ) ;
#957 = VERTEX_POINT ( 'NONE', #2771 ) ;
#958 = CARTESIAN_POINT ( 'NONE',  ( 49.11500000000000199, -4.345920406328604417E-15, 5.600000000000014744 ) ) ;
#959 = CARTESIAN_POINT ( 'NONE',  ( 3.458287489416092431, 3.500000000000000000, -8.000000000000000000 ) ) ;
#960 = ADVANCED_FACE ( 'NONE', ( #213, #1955, #1089 ), #2221, .F. ) ;
#961 = CARTESIAN_POINT ( 'NONE',  ( 5.979391030878549174, 9.143845852873891289, 0.5732949477233925117 ) ) ;
#962 = VERTEX_POINT ( 'NONE', #1402 ) ;
#963 = ORIENTED_EDGE ( 'NONE', *, *, #2860, .T. ) ;
#964 = DIRECTION ( 'NONE',  ( 0.000000000000000000, -0.000000000000000000, -1.000000000000000000 ) ) ;
#965 = VECTOR ( 'NONE', #442, 999.9999999999998863 ) ;
#966 = FACE_OUTER_BOUND ( 'NONE', #658, .T. ) ;
#967 = UNCERTAINTY_MEASURE_WITH_UNIT (LENGTH_MEASURE( 1.000000000000000082E-05 ), #772, 'distance_accuracy_value', 'NONE');
#968 = EDGE_CURVE ( 'NONE', #802, #2900, #1325, .T. ) ;
#969 = CARTESIAN_POINT ( 'NONE',  ( 53.11499999999999488, -4.345920406328604417E-15, -7.500000000000000000 ) ) ;
#970 = AXIS2_PLACEMENT_3D ( 'NONE', #1235, #698, #1813 ) ;
#971 = EDGE_CURVE ( 'NONE', #2344, #2250, #1378, .T. ) ;
#972 = DIRECTION ( 'NONE',  ( -0.000000000000000000, 1.000000000000000000, -0.000000000000000000 ) ) ;
#973 = VECTOR ( 'NONE', #1841, 1000.000000000000000 ) ;
#974 = CARTESIAN_POINT ( 'NONE',  ( 49.28994010404510817, 5.279882440875892868, -5.200000000000000178 ) ) ;
#975 = EDGE_CURVE ( 'NONE', #3125, #2839, #1686, .T. ) ;
#976 = EDGE_CURVE ( 'NONE', #159, #31, #229, .T. ) ;
#977 = VECTOR ( 'NONE', #891, 1000.000000000000000 ) ;
#978 = CARTESIAN_POINT ( 'NONE',  ( 3.425000000000009592, 4.194415287079698250E-16, 5.200000000000000178 ) ) ;
#979 = VERTEX_POINT ( 'NONE', #799 ) ;
#980 = VECTOR ( 'NONE', #2011, 1000.000000000000000 ) ;
#981 = VERTEX_POINT ( 'NONE', #530 ) ;
#982 = EDGE_CURVE ( 'NONE', #2900, #2840, #2319, .T. ) ;
#983 = DIRECTION ( 'NONE',  ( 0.000000000000000000, 0.000000000000000000, -1.000000000000000000 ) ) ;
#984 = VECTOR ( 'NONE', #611, 1000.000000000000000 ) ;
#985 = CARTESIAN_POINT ( 'NONE',  ( 5.896967258297194370, 9.095618637943426066, -1.143228665533453148 ) ) ;
#986 = EDGE_LOOP ( 'NONE', ( #455, #434, #2601, #3368, #2385, #731, #2406, #2994, #1054 ) ) ;
#987 = CARTESIAN_POINT ( 'NONE',  ( 3.458287489416092431, 4.000000000000000000, -5.200000000000001066 ) ) ;
#988 = CARTESIAN_POINT ( 'NONE',  ( 52.14000000000000057, -4.345920406328604417E-15, -6.599999999999999645 ) ) ;
#989 = DIRECTION ( 'NONE',  ( 0.000000000000000000, 0.000000000000000000, 1.000000000000000000 ) ) ;
#990 = ORIENTED_EDGE ( 'NONE', *, *, #172, .T. ) ;
#991 = DIRECTION ( 'NONE',  ( 1.000000000000000000, 0.000000000000000000, 0.000000000000000000 ) ) ;
#992 = CARTESIAN_POINT ( 'NONE',  ( 44.13355199762368386, 3.366335551992464481, 5.400000000000000355 ) ) ;
#993 = EDGE_CURVE ( 'NONE', #2443, #874, #3299, .T. ) ;
#994 = CARTESIAN_POINT ( 'NONE',  ( 16.50000000000000355, -4.000000000000000888, -3.700000000000001066 ) ) ;
#995 = EDGE_LOOP ( 'NONE', ( #2632, #583, #3656, #1106 ) ) ;
#996 = ORIENTED_EDGE ( 'NONE', *, *, #2413, .T. ) ;
#997 = DIRECTION ( 'NONE',  ( 0.000000000000000000, 0.000000000000000000, 1.000000000000000000 ) ) ;
#998 = FACE_OUTER_BOUND ( 'NONE', #697, .T. ) ;
#999 = ORIENTED_EDGE ( 'NONE', *, *, #189, .T. ) ;
#1000 = VERTEX_POINT ( 'NONE', #2454 ) ;
#1001 = CARTESIAN_POINT ( 'NONE',  ( 49.28994010404510817, 5.279882440875892868, -2.200000000000000622 ) ) ;
#1002 = EDGE_CURVE ( 'NONE', #169, #2864, #3603, .T. ) ;
#1003 = LINE ( 'NONE', #2134, #158 ) ;
#1004 = DIRECTION ( 'NONE',  ( -0.000000000000000000, -0.000000000000000000, -1.000000000000000000 ) ) ;
#1005 = DIRECTION ( 'NONE',  ( -0.000000000000000000, -0.000000000000000000, -1.000000000000000000 ) ) ;
#1006 = DIRECTION ( 'NONE',  ( 1.000000000000000000, 0.000000000000000000, 0.000000000000000000 ) ) ;
#1007 = AXIS2_PLACEMENT_3D ( 'NONE', #866, #1452, #2004 ) ;
#1008 = VECTOR ( 'NONE', #1904, 1000.000000000000000 ) ;
#1009 = DIRECTION ( 'NONE',  ( -0.000000000000000000, -0.000000000000000000, -1.000000000000000000 ) ) ;
#1010 = VERTEX_POINT ( 'NONE', #1883 ) ;
#1011 = ORIENTED_EDGE ( 'NONE', *, *, #2869, .F. ) ;
#1012 = AXIS2_PLACEMENT_3D ( 'NONE', #242, #3312, #190 ) ;
#1013 = EDGE_CURVE ( 'NONE', #3574, #874, #1855, .T. ) ;
#1014 = CARTESIAN_POINT ( 'NONE',  ( 48.06184152795736253, 8.591200351342457964, 8.000000000000000000 ) ) ;
#1015 = VECTOR ( 'NONE', #1979, 1000.000000000000000 ) ;
#1016 = CARTESIAN_POINT ( 'NONE',  ( 3.958287489416092431, 4.500000000000000888, 7.500000000000000000 ) ) ;
#1017 = EDGE_LOOP ( 'NONE', ( #2701, #2269, #1092, #1886, #243, #140, #3637, #3233, #2450, #2034, #72 ) ) ;
#1018 = EDGE_LOOP ( 'NONE', ( #1704, #2075, #1926, #232 ) ) ;
#1019 = EDGE_CURVE ( 'NONE', #3308, #3601, #1648, .T. ) ;
#1020 = DIRECTION ( 'NONE',  ( 1.000000000000000000, 0.000000000000000000, 0.000000000000000000 ) ) ;
#1021 = DIRECTION ( 'NONE',  ( 0.000000000000000000, -0.000000000000000000, -1.000000000000000000 ) ) ;
#1022 = CARTESIAN_POINT ( 'NONE',  ( 56.14000000000000057, -4.345920406328604417E-15, -7.500000000000000000 ) ) ;
#1023 = ORIENTED_EDGE ( 'NONE', *, *, #1927, .T. ) ;
#1024 = CIRCLE ( 'NONE', #3219, 2.500000000000002220 ) ;
#1025 = ORIENTED_EDGE ( 'NONE', *, *, #617, .T. ) ;
#1026 = LINE ( 'NONE', #3544, #1684 ) ;
#1027 = AXIS2_PLACEMENT_3D ( 'NONE', #1383, #262, #3617 ) ;
#1028 = AXIS2_PLACEMENT_3D ( 'NONE', #3274, #3006, #1915 ) ;
#1029 = FACE_OUTER_BOUND ( 'NONE', #203, .T. ) ;
#1030 = CIRCLE ( 'NONE', #3102, 0.5000000000000004441 ) ;
#1031 = ORIENTED_EDGE ( 'NONE', *, *, #669, .T. ) ;
#1032 = ORIENTED_EDGE ( 'NONE', *, *, #393, .F. ) ;
#1033 = EDGE_CURVE ( 'NONE', #49, #664, #3525, .T. ) ;
#1034 = DIRECTION ( 'NONE',  ( 1.000000000000000000, 0.000000000000000000, -0.000000000000000000 ) ) ;
#1035 = VECTOR ( 'NONE', #3062, 1000.000000000000000 ) ;
#1036 = CARTESIAN_POINT ( 'NONE',  ( 5.222762756821014207, 8.586920699375282240, -2.956416850505757754 ) ) ;
#1037 = EDGE_CURVE ( 'NONE', #1624, #2552, #449, .T. ) ;
#1038 = ORIENTED_EDGE ( 'NONE', *, *, #3537, .T. ) ;
#1039 = EDGE_LOOP ( 'NONE', ( #2125, #999, #1336, #475, #3132 ) ) ;
#1040 = VERTEX_POINT ( 'NONE', #2237 ) ;
#1041 = DIRECTION ( 'NONE',  ( 1.000000000000000000, 0.000000000000000000, 0.000000000000000000 ) ) ;
#1042 = VECTOR ( 'NONE', #311, 1000.000000000000000 ) ;
#1043 = DIRECTION ( 'NONE',  ( 0.8532853053892339723, 0.5214443283868390733, 0.000000000000000000 ) ) ;
#1044 = CARTESIAN_POINT ( 'NONE',  ( 52.14000000000000057, -4.345920406328604417E-15, -5.200000000000000178 ) ) ;
#1045 = ADVANCED_FACE ( 'NONE', ( #3315 ), #777, .F. ) ;
#1046 = ORIENTED_EDGE ( 'NONE', *, *, #538, .T. ) ;
#1047 = DIRECTION ( 'NONE',  ( -0.000000000000000000, -0.000000000000000000, -1.000000000000000000 ) ) ;
#1048 = DIRECTION ( 'NONE',  ( 1.000000000000000000, 0.000000000000000000, 0.000000000000000000 ) ) ;
#1049 = ORIENTED_EDGE ( 'NONE', *, *, #2892, .F. ) ;
#1050 = DIRECTION ( 'NONE',  ( -0.000000000000000000, -0.000000000000000000, -1.000000000000000000 ) ) ;
#1051 = DIRECTION ( 'NONE',  ( 0.8532853053892324180, 0.5214443283868416268, 0.000000000000000000 ) ) ;
#1052 = ORIENTED_EDGE ( 'NONE', *, *, #3173, .T. ) ;
#1053 = ORIENTED_EDGE ( 'NONE', *, *, #1013, .T. ) ;
#1054 = ORIENTED_EDGE ( 'NONE', *, *, #489, .F. ) ;
#1055 = CARTESIAN_POINT ( 'NONE',  ( 49.28994010404510817, 5.279882440875892868, 5.200000000000000178 ) ) ;
#1056 = EDGE_CURVE ( 'NONE', #217, #798, #1626, .T. ) ;
#1057 = CARTESIAN_POINT ( 'NONE',  ( 52.14000000000000057, -4.345920406328604417E-15, -5.200000000000000178 ) ) ;
#1058 = DIRECTION ( 'NONE',  ( 1.000000000000000000, 0.000000000000000000, 0.000000000000000000 ) ) ;
#1059 = ADVANCED_FACE ( 'NONE', ( #153, #951 ), #3483, .T. ) ;
#1060 = DIRECTION ( 'NONE',  ( -0.000000000000000000, -0.000000000000000000, 1.000000000000000000 ) ) ;
#1061 = LINE ( 'NONE', #1102, #2336 ) ;
#1062 = DIRECTION ( 'NONE',  ( 0.000000000000000000, 0.000000000000000000, 1.000000000000000000 ) ) ;
#1063 = AXIS2_PLACEMENT_3D ( 'NONE', #3007, #2447, #3093 ) ;
#1064 = ORIENTED_EDGE ( 'NONE', *, *, #1077, .T. ) ;
#1065 = DIRECTION ( 'NONE',  ( 0.000000000000000000, 0.000000000000000000, -1.000000000000000000 ) ) ;
#1066 = AXIS2_PLACEMENT_3D ( 'NONE', #2418, #2130, #194 ) ;
#1067 = CARTESIAN_POINT ( 'NONE',  ( 3.958287489416092431, 4.500000000000000888, -5.200000000000000178 ) ) ;
#1068 = ORIENTED_EDGE ( 'NONE', *, *, #2594, .T. ) ;
#1069 = AXIS2_PLACEMENT_3D ( 'NONE', #2086, #3276, #712 ) ;
#1070 = EDGE_LOOP ( 'NONE', ( #2062, #192, #1408, #3420 ) ) ;
#1071 = AXIS2_PLACEMENT_3D ( 'NONE', #3400, #2746, #249 ) ;
#1072 = FACE_OUTER_BOUND ( 'NONE', #2204, .T. ) ;
#1073 = DIRECTION ( 'NONE',  ( 0.3479176161606249429, -0.9375251102584442053, 0.000000000000000000 ) ) ;
#1074 = LINE ( 'NONE', #1946, #1484 ) ;
#1075 = VERTEX_POINT ( 'NONE', #1751 ) ;
#1076 = DIRECTION ( 'NONE',  ( 1.000000000000000000, 0.000000000000000000, 0.000000000000000000 ) ) ;
#1077 = EDGE_CURVE ( 'NONE', #802, #2344, #355, .T. ) ;
#1078 = DIRECTION ( 'NONE',  ( 1.000000000000000000, 0.000000000000000000, 0.000000000000000000 ) ) ;
#1079 = DIRECTION ( 'NONE',  ( 0.000000000000000000, 0.000000000000000000, 1.000000000000000000 ) ) ;
#1080 = CIRCLE ( 'NONE', #1791, 0.9749999999999967581 ) ;
#1081 = ADVANCED_FACE ( 'NONE', ( #1546 ), #2042, .F. ) ;
#1082 = CARTESIAN_POINT ( 'NONE',  ( 53.61499999999999488, -4.345920406328604417E-15, 8.000000000000000000 ) ) ;
#1083 = AXIS2_PLACEMENT_3D ( 'NONE', #2490, #2182, #1065 ) ;
#1084 = CYLINDRICAL_SURFACE ( 'NONE', #3272, 0.9749999999999999778 ) ;
#1085 = ADVANCED_FACE ( 'NONE', ( #2337 ), #373, .F. ) ;
#1086 = VECTOR ( 'NONE', #256, 1000.000000000000000 ) ;
#1087 = ORIENTED_EDGE ( 'NONE', *, *, #294, .T. ) ;
#1088 = ORIENTED_EDGE ( 'NONE', *, *, #2557, .T. ) ;
#1089 = FACE_BOUND ( 'NONE', #1401, .T. ) ;
#1090 = CIRCLE ( 'NONE', #2563, 0.5000000000000004441 ) ;
#1091 = CARTESIAN_POINT ( 'NONE',  ( 5.582114294781146846, 4.514077340587451914, 2.200000000000000178 ) ) ;
#1092 = ORIENTED_EDGE ( 'NONE', *, *, #692, .T. ) ;
#1093 = AXIS2_PLACEMENT_3D ( 'NONE', #2017, #2611, #928 ) ;
#1094 = DIRECTION ( 'NONE',  ( -1.000000000000000000, 0.000000000000000000, 0.000000000000000000 ) ) ;
#1095 = DIRECTION ( 'NONE',  ( 1.000000000000000000, 0.000000000000000000, 0.000000000000000000 ) ) ;
#1096 = DIRECTION ( 'NONE',  ( -0.000000000000000000, 0.000000000000000000, 1.000000000000000000 ) ) ;
#1097 = ORIENTED_EDGE ( 'NONE', *, *, #3025, .T. ) ;
#1098 = CIRCLE ( 'NONE', #3652, 0.5000000000000018874 ) ;
#1099 = CARTESIAN_POINT ( 'NONE',  ( 5.582114294781146846, 4.514077340587451914, 2.200000000000000178 ) ) ;
#1100 = CIRCLE ( 'NONE', #1573, 1.000000000000000444 ) ;
#1101 = DIRECTION ( 'NONE',  ( -1.000000000000000000, 0.000000000000000000, 0.000000000000000000 ) ) ;
#1102 = CARTESIAN_POINT ( 'NONE',  ( 46.12501084212602365, -2.000000000000001332, 5.400000000000000355 ) ) ;
#1103 = CARTESIAN_POINT ( 'NONE',  ( 44.13355199762368386, 3.366335551992464481, -2.200000000000000178 ) ) ;
#1104 = LINE ( 'NONE', #832, #3024 ) ;
#1105 = ORIENTED_EDGE ( 'NONE', *, *, #280, .T. ) ;
#1106 = ORIENTED_EDGE ( 'NONE', *, *, #3537, .F. ) ;
#1107 = DIRECTION ( 'NONE',  ( 1.000000000000000000, 0.000000000000000000, 0.000000000000000000 ) ) ;
#1108 = EDGE_CURVE ( 'NONE', #1381, #802, #1859, .T. ) ;
#1109 = CARTESIAN_POINT ( 'NONE',  ( 55.12649856886230992, 1.825055149353953743, -7.500000000000000000 ) ) ;
#1110 = FACE_OUTER_BOUND ( 'NONE', #1524, .T. ) ;
#1111 = FACE_OUTER_BOUND ( 'NONE', #2610, .T. ) ;
#1112 = FACE_OUTER_BOUND ( 'NONE', #129, .T. ) ;
#1113 = EDGE_LOOP ( 'NONE', ( #787, #3278, #3448, #858 ) ) ;
#1114 = DIRECTION ( 'NONE',  ( 0.000000000000000000, 6.230120059358115239E-35, -1.000000000000000000 ) ) ;
#1115 = LINE ( 'NONE', #1679, #1086 ) ;
#1116 = LINE ( 'NONE', #2767, #865 ) ;
#1117 = EDGE_CURVE ( 'NONE', #1657, #2903, #96, .T. ) ;
#1118 = DIRECTION ( 'NONE',  ( 0.000000000000000000, 0.000000000000000000, 1.000000000000000000 ) ) ;
#1119 = ORIENTED_EDGE ( 'NONE', *, *, #1959, .T. ) ;
#1120 = CARTESIAN_POINT ( 'NONE',  ( 0.9749999999999999778, 0.000000000000000000, -8.000000000000000000 ) ) ;
#1121 = EDGE_CURVE ( 'NONE', #798, #1192, #853, .T. ) ;
#1122 = CIRCLE ( 'NONE', #3502, 1.500000000000000444 ) ;
#1123 = DIRECTION ( 'NONE',  ( 0.9988526604587394386, 0.04788906654444345656, -0.000000000000000000 ) ) ;
#1124 = EDGE_CURVE ( 'NONE', #1761, #2532, #1248, .T. ) ;
#1125 = LINE ( 'NONE', #3320, #2617 ) ;
#1126 = DIRECTION ( 'NONE',  ( -2.977001517945642039E-43, -1.000000000000000000, 0.000000000000000000 ) ) ;
#1127 = DIRECTION ( 'NONE',  ( 1.000000000000000000, 0.000000000000000000, 0.000000000000000000 ) ) ;
#1128 = AXIS2_PLACEMENT_3D ( 'NONE', #3380, #3625, #3036 ) ;
#1129 = CARTESIAN_POINT ( 'NONE',  ( 48.71499999999998920, -4.345920406328604417E-15, 5.200000000000000178 ) ) ;
#1130 = EDGE_CURVE ( 'NONE', #547, #3116, #1738, .T. ) ;
#1131 = EDGE_LOOP ( 'NONE', ( #1409, #290, #366, #1215 ) ) ;
#1132 = VECTOR ( 'NONE', #2341, 1000.000000000000000 ) ;
#1133 = CARTESIAN_POINT ( 'NONE',  ( 48.06184152795736253, 8.591200351342457964, -5.200000000000000178 ) ) ;
#1134 = FACE_OUTER_BOUND ( 'NONE', #1462, .T. ) ;
#1135 = CARTESIAN_POINT ( 'NONE',  ( 49.28994010404510817, 5.279882440875892868, 5.200000000000000178 ) ) ;
#1136 = VERTEX_POINT ( 'NONE', #428 ) ;
#1137 = ORIENTED_EDGE ( 'NONE', *, *, #11, .F. ) ;
#1138 = AXIS2_PLACEMENT_3D ( 'NONE', #3111, #585, #3343 ) ;
#1139 = DIRECTION ( 'NONE',  ( -0.000000000000000000, -0.000000000000000000, 1.000000000000000000 ) ) ;
#1140 = AXIS2_PLACEMENT_3D ( 'NONE', #1574, #2925, #193 ) ;
#1141 = EDGE_CURVE ( 'NONE', #423, #3577, #2916, .T. ) ;
#1142 = DIRECTION ( 'NONE',  ( 0.000000000000000000, 0.000000000000000000, -1.000000000000000000 ) ) ;
#1143 = AXIS2_PLACEMENT_3D ( 'NONE', #3218, #688, #2375 ) ;
#1144 = FACE_OUTER_BOUND ( 'NONE', #1552, .T. ) ;
#1145 = EDGE_CURVE ( 'NONE', #112, #166, #1508, .T. ) ;
#1146 = CARTESIAN_POINT ( 'NONE',  ( 13.50000000000000000, -2.000000000000005773, 3.699999999999999734 ) ) ;
#1147 =( NAMED_UNIT ( * ) PLANE_ANGLE_UNIT ( ) SI_UNIT ( $, .RADIAN. ) );
#1148 = AXIS2_PLACEMENT_3D ( 'NONE', #3321, #2950, #1837 ) ;
#1149 = ORIENTED_EDGE ( 'NONE', *, *, #3161, .F. ) ;
#1150 = VERTEX_POINT ( 'NONE', #2354 ) ;
#1151 = CYLINDRICAL_SURFACE ( 'NONE', #2103, 1.499999999999999556 ) ;
#1152 = DIRECTION ( 'NONE',  ( -0.000000000000000000, -0.000000000000000000, -1.000000000000000000 ) ) ;
#1153 = AXIS2_PLACEMENT_3D ( 'NONE', #859, #1114, #1429 ) ;
#1154 = ADVANCED_FACE ( 'NONE', ( #2935 ), #3500, .T. ) ;
#1155 = DIRECTION ( 'NONE',  ( 1.000000000000000000, 0.000000000000000000, 0.000000000000000000 ) ) ;
#1156 = AXIS2_PLACEMENT_3D ( 'NONE', #1226, #2874, #1155 ) ;
#1157 = DIRECTION ( 'NONE',  ( 0.000000000000000000, 0.000000000000000000, 1.000000000000000000 ) ) ;
#1158 = ORIENTED_EDGE ( 'NONE', *, *, #1352, .F. ) ;
#1159 = ORIENTED_EDGE ( 'NONE', *, *, #3162, .F. ) ;
#1160 = AXIS2_PLACEMENT_3D ( 'NONE', #1477, #3188, #126 ) ;
#1161 = LINE ( 'NONE', #2414, #673 ) ;
#1162 = ORIENTED_EDGE ( 'NONE', *, *, #2190, .F. ) ;
#1163 = DIRECTION ( 'NONE',  ( -0.000000000000000000, -0.000000000000000000, -1.000000000000000000 ) ) ;
#1164 = CARTESIAN_POINT ( 'NONE',  ( 0.000000000000000000, 4.400000000000001243, 0.000000000000000000 ) ) ;
#1165 = ADVANCED_FACE ( 'NONE', ( #1768 ), #1527, .F. ) ;
#1166 = DIRECTION ( 'NONE',  ( 0.000000000000000000, 0.000000000000000000, 1.000000000000000000 ) ) ;
#1167 = ORIENTED_EDGE ( 'NONE', *, *, #3654, .T. ) ;
#1168 = VERTEX_POINT ( 'NONE', #2875 ) ;
#1169 = CARTESIAN_POINT ( 'NONE',  ( 0.000000000000000000, 0.000000000000000000, 6.600000000000001421 ) ) ;
#1170 = CARTESIAN_POINT ( 'NONE',  ( 7.582114294781146846, -2.000000000000006661, 5.400000000000000355 ) ) ;
#1171 = LINE ( 'NONE', #1206, #2043 ) ;
#1172 = EDGE_CURVE ( 'NONE', #1611, #2668, #2979, .T. ) ;
#1173 = EDGE_LOOP ( 'NONE', ( #1252, #696, #2879, #1301 ) ) ;
#1174 = CARTESIAN_POINT ( 'NONE',  ( 0.000000000000000000, -3.500000000000000888, 8.000000000000000000 ) ) ;
#1175 = ORIENTED_EDGE ( 'NONE', *, *, #1352, .T. ) ;
#1176 = CARTESIAN_POINT ( 'NONE',  ( 49.28994010404510817, 5.279882440875892868, 5.400000000000000355 ) ) ;
#1177 = VERTEX_POINT ( 'NONE', #3107 ) ;
#1178 = CARTESIAN_POINT ( 'NONE',  ( 0.000000000000000000, 4.000000000000000000, -8.000000000000000000 ) ) ;
#1179 = CARTESIAN_POINT ( 'NONE',  ( -3.425000000000012257, 0.000000000000000000, 5.200000000000000178 ) ) ;
#1180 = DIRECTION ( 'NONE',  ( -1.000000000000000000, 0.000000000000000000, 0.000000000000000000 ) ) ;
#1181 = CIRCLE ( 'NONE', #3264, 3.500000000000003109 ) ;
#1182 = ORIENTED_EDGE ( 'NONE', *, *, #295, .T. ) ;
#1183 = FACE_OUTER_BOUND ( 'NONE', #3212, .T. ) ;
#1184 = DIRECTION ( 'NONE',  ( 0.9375251102584443164, 0.3479176161606249984, 0.000000000000000000 ) ) ;
#1185 = AXIS2_PLACEMENT_3D ( 'NONE', #3171, #87, #625 ) ;
#1186 = EDGE_LOOP ( 'NONE', ( #2597, #104, #1197, #3192, #2311, #1647 ) ) ;
#1187 = FACE_OUTER_BOUND ( 'NONE', #616, .T. ) ;
#1188 = EDGE_CURVE ( 'NONE', #1232, #2839, #1441, .T. ) ;
#1189 = DIRECTION ( 'NONE',  ( -1.000000000000000000, 0.000000000000000000, 0.000000000000000000 ) ) ;
#1190 = EDGE_CURVE ( 'NONE', #3048, #957, #653, .T. ) ;
#1191 = DIRECTION ( 'NONE',  ( -0.000000000000000000, 1.000000000000000000, -0.000000000000000000 ) ) ;
#1192 = VERTEX_POINT ( 'NONE', #3598 ) ;
#1193 = EDGE_CURVE ( 'NONE', #2774, #776, #722, .T. ) ;
#1194 = CARTESIAN_POINT ( 'NONE',  ( 47.94211886159625635, 11.08833200248930417, -8.000000000000000000 ) ) ;
#1195 = VECTOR ( 'NONE', #2708, 1000.000000000000000 ) ;
#1196 = EDGE_LOOP ( 'NONE', ( #2587, #2074 ) ) ;
#1197 = ORIENTED_EDGE ( 'NONE', *, *, #2464, .T. ) ;
#1198 = DIRECTION ( 'NONE',  ( 1.000000000000000000, 0.000000000000000000, 0.000000000000000000 ) ) ;
#1199 = DIRECTION ( 'NONE',  ( 1.000000000000000000, 1.350228159821300363E-16, 0.000000000000000000 ) ) ;
#1200 = DIRECTION ( 'NONE',  ( 1.000000000000000000, 0.000000000000000000, 0.000000000000000000 ) ) ;
#1201 = ORIENTED_EDGE ( 'NONE', *, *, #617, .F. ) ;
#1202 = ORIENTED_EDGE ( 'NONE', *, *, #2169, .T. ) ;
#1203 = DIRECTION ( 'NONE',  ( -1.350228159821300363E-16, 1.000000000000000000, -0.000000000000000000 ) ) ;
#1204 = CARTESIAN_POINT ( 'NONE',  ( 3.458287489416092431, 3.500000000000000000, 7.500000000000000000 ) ) ;
#1205 = VERTEX_POINT ( 'NONE', #1891 ) ;
#1206 = CARTESIAN_POINT ( 'NONE',  ( 5.582114294781146846, -4.000000000000007105, 2.200000000000000178 ) ) ;
#1207 = AXIS2_PLACEMENT_3D ( 'NONE', #3153, #650, #1801 ) ;
#1208 = AXIS2_PLACEMENT_3D ( 'NONE', #603, #3337, #546 ) ;
#1209 = DIRECTION ( 'NONE',  ( -0.000000000000000000, -0.000000000000000000, 1.000000000000000000 ) ) ;
#1210 = EDGE_CURVE ( 'NONE', #433, #1538, #1026, .T. ) ;
#1211 = CARTESIAN_POINT ( 'NONE',  ( -0.9749999999999999778, 1.194030629168669322E-16, -8.000000000000000000 ) ) ;
#1212 = ORIENTED_EDGE ( 'NONE', *, *, #1826, .T. ) ;
#1213 = CIRCLE ( 'NONE', #1634, 3.024999999999999911 ) ;
#1214 = DIRECTION ( 'NONE',  ( 1.000000000000000000, 0.000000000000000000, 0.000000000000000000 ) ) ;
#1215 = ORIENTED_EDGE ( 'NONE', *, *, #2892, .T. ) ;
#1216 = ORIENTED_EDGE ( 'NONE', *, *, #17, .T. ) ;
#1217 = EDGE_CURVE ( 'NONE', #2719, #2899, #740, .T. ) ;
#1218 = LINE ( 'NONE', #382, #1375 ) ;
#1219 = CARTESIAN_POINT ( 'NONE',  ( 52.14000000000000057, -4.345920406328604417E-15, 8.000000000000000000 ) ) ;
#1220 = DIRECTION ( 'NONE',  ( 1.000000000000000000, 0.000000000000000000, 0.000000000000000000 ) ) ;
#1221 = EDGE_LOOP ( 'NONE', ( #474, #770, #1011, #2609 ) ) ;
#1222 = ORIENTED_EDGE ( 'NONE', *, *, #646, .T. ) ;
#1223 = ORIENTED_EDGE ( 'NONE', *, *, #3144, .F. ) ;
#1224 = CARTESIAN_POINT ( 'NONE',  ( 24.00049140560457772, -4.000000000000000888, 0.7000000000000000666 ) ) ;
#1225 =( NAMED_UNIT ( * ) PLANE_ANGLE_UNIT ( ) SI_UNIT ( $, .RADIAN. ) );
#1226 = CARTESIAN_POINT ( 'NONE',  ( -1.173556874675002968E-15, 0.000000000000000000, -6.600000000000000533 ) ) ;
#1227 = DIRECTION ( 'NONE',  ( 1.000000000000000000, -0.000000000000000000, 0.000000000000000000 ) ) ;
#1228 = CARTESIAN_POINT ( 'NONE',  ( 13.50000000000000355, -4.000000000000000888, -3.700000000000002842 ) ) ;
#1229 = EDGE_CURVE ( 'NONE', #315, #798, #2970, .T. ) ;
#1230 = EDGE_CURVE ( 'NONE', #2674, #173, #2685, .T. ) ;
#1231 = CARTESIAN_POINT ( 'NONE',  ( 0.000000000000000000, 0.000000000000000000, -7.500000000000000000 ) ) ;
#1232 = VERTEX_POINT ( 'NONE', #2991 ) ;
#1233 = ORIENTED_EDGE ( 'NONE', *, *, #2825, .T. ) ;
#1234 = EDGE_CURVE ( 'NONE', #433, #1000, #3642, .T. ) ;
#1235 = CARTESIAN_POINT ( 'NONE',  ( 50.62169744412505423, 10.15553333650299273, -8.000000000000000000 ) ) ;
#1236 = CARTESIAN_POINT ( 'NONE',  ( 51.16499999999999915, -4.226517343411737806E-15, 7.500000000000000000 ) ) ;
#1237 = CARTESIAN_POINT ( 'NONE',  ( 5.999879543322946596, 9.155108062662614898, -0.2919950739325550826 ) ) ;
#1238 = EDGE_CURVE ( 'NONE', #2110, #640, #2267, .T. ) ;
#1239 = ORIENTED_EDGE ( 'NONE', *, *, #2877, .T. ) ;
#1240 = ORIENTED_EDGE ( 'NONE', *, *, #3341, .T. ) ;
#1241 = LINE ( 'NONE', #2438, #2852 ) ;
#1242 = FACE_OUTER_BOUND ( 'NONE', #764, .T. ) ;
#1243 = ORIENTED_EDGE ( 'NONE', *, *, #212, .T. ) ;
#1244 = DIRECTION ( 'NONE',  ( -0.8532853053892337503, -0.5214443283868394063, 0.000000000000000000 ) ) ;
#1245 = CIRCLE ( 'NONE', #1250, 1.474999999999997202 ) ;
#1246 = ADVANCED_FACE ( 'NONE', ( #771 ), #3327, .F. ) ;
#1247 = AXIS2_PLACEMENT_3D ( 'NONE', #604, #923, #1760 ) ;
#1248 = LINE ( 'NONE', #2954, #3037 ) ;
#1249 = CARTESIAN_POINT ( 'NONE',  ( 44.13144481997665025, 7.187741556283238964, 5.400000000000000355 ) ) ;
#1250 = AXIS2_PLACEMENT_3D ( 'NONE', #3241, #933, #1006 ) ;
#1251 = DIRECTION ( 'NONE',  ( 1.000000000000000000, 0.000000000000000000, 0.000000000000000000 ) ) ;
#1252 = ORIENTED_EDGE ( 'NONE', *, *, #1033, .F. ) ;
#1253 = ORIENTED_EDGE ( 'NONE', *, *, #2498, .F. ) ;
#1254 = CARTESIAN_POINT ( 'NONE',  ( 4.458287489416092875, 5.667323904260572753, -7.500000000000000000 ) ) ;
#1255 = EDGE_CURVE ( 'NONE', #3590, #171, #2805, .T. ) ;
#1256 = CARTESIAN_POINT ( 'NONE',  ( 4.816504903550006489, 8.154288562657978190, -3.584431590706357973 ) ) ;
#1257 = AXIS2_PLACEMENT_3D ( 'NONE', #901, #2029, #1142 ) ;
#1258 = ORIENTED_EDGE ( 'NONE', *, *, #662, .T. ) ;
#1259 = ORIENTED_EDGE ( 'NONE', *, *, #786, .F. ) ;
#1260 = EDGE_LOOP ( 'NONE', ( #281, #918, #70, #1288 ) ) ;
#1261 = DIRECTION ( 'NONE',  ( 0.000000000000000000, -0.000000000000000000, -1.000000000000000000 ) ) ;
#1262 = CIRCLE ( 'NONE', #568, 1.500000000000000000 ) ;
#1263 = EDGE_CURVE ( 'NONE', #2864, #2488, #2386, .T. ) ;
#1264 = DIRECTION ( 'NONE',  ( 1.000000000000000000, -0.000000000000000000, -0.000000000000000000 ) ) ;
#1265 = DIRECTION ( 'NONE',  ( 0.000000000000000000, -1.000000000000000000, 0.000000000000000000 ) ) ;
#1266 = VECTOR ( 'NONE', #76, 1000.000000000000000 ) ;
#1267 = ORIENTED_EDGE ( 'NONE', *, *, #2283, .F. ) ;
#1268 = EDGE_CURVE ( 'NONE', #1458, #1232, #3527, .T. ) ;
#1269 = ADVANCED_FACE ( 'NONE', ( #484 ), #1566, .F. ) ;
#1270 = CARTESIAN_POINT ( 'NONE',  ( 0.000000000000000000, 0.000000000000000000, -7.500000000000000000 ) ) ;
#1271 = VECTOR ( 'NONE', #2726, 1000.000000000000000 ) ;
#1272 = DIRECTION ( 'NONE',  ( 0.000000000000000000, 0.000000000000000000, 1.000000000000000000 ) ) ;
#1273 = AXIS2_PLACEMENT_3D ( 'NONE', #2129, #1296, #2978 ) ;
#1274 = CARTESIAN_POINT ( 'NONE',  ( 16.50000000000000000, -4.000000000000000888, 2.200000000000000622 ) ) ;
#1275 = VERTEX_POINT ( 'NONE', #2138 ) ;
#1276 = ORIENTED_EDGE ( 'NONE', *, *, #646, .F. ) ;
#1277 = CARTESIAN_POINT ( 'NONE',  ( 48.25828703720165436, -2.000000000000001776, 2.200000000000000178 ) ) ;
#1278 = AXIS2_PLACEMENT_3D ( 'NONE', #909, #3197, #1244 ) ;
#1279 = CARTESIAN_POINT ( 'NONE',  ( 52.14000000000000057, -4.345920406328604417E-15, 6.599999999999999645 ) ) ;
#1280 = ORIENTED_EDGE ( 'NONE', *, *, #1806, .T. ) ;
#1281 = EDGE_LOOP ( 'NONE', ( #2963, #2015, #3289, #1493 ) ) ;
#1282 = DIRECTION ( 'NONE',  ( 2.256840143605774710E-16, 0.000000000000000000, 1.000000000000000000 ) ) ;
#1283 = ADVANCED_FACE ( 'NONE', ( #523 ), #2730, .T. ) ;
#1284 = EDGE_CURVE ( 'NONE', #2046, #2391, #2445, .T. ) ;
#1285 = DIRECTION ( 'NONE',  ( -1.000000000000000000, -1.350228159821300363E-16, -8.412083543212878325E-51 ) ) ;
#1286 = DIRECTION ( 'NONE',  ( -1.350228159821300363E-16, 1.000000000000000000, -0.000000000000000000 ) ) ;
#1287 = VECTOR ( 'NONE', #2515, 999.9999999999998863 ) ;
#1288 = ORIENTED_EDGE ( 'NONE', *, *, #2784, .T. ) ;
#1289 = CARTESIAN_POINT ( 'NONE',  ( 0.000000000000000000, 3.500000000000000000, 7.500000000000000000 ) ) ;
#1290 = LINE ( 'NONE', #98, #1599 ) ;
#1291 = ADVANCED_FACE ( 'NONE', ( #2394 ), #796, .T. ) ;
#1292 = DIRECTION ( 'NONE',  ( 0.000000000000000000, -1.000000000000000000, 0.000000000000000000 ) ) ;
#1293 = VERTEX_POINT ( 'NONE', #504 ) ;
#1294 = EDGE_LOOP ( 'NONE', ( #885, #3495 ) ) ;
#1295 = CARTESIAN_POINT ( 'NONE',  ( 52.14000000000000057, -4.345920406328604417E-15, 5.200000000000000178 ) ) ;
#1296 = DIRECTION ( 'NONE',  ( 0.000000000000000000, 1.000000000000000000, 0.000000000000000000 ) ) ;
#1297 = FACE_OUTER_BOUND ( 'NONE', #227, .T. ) ;
#1298 = ORIENTED_EDGE ( 'NONE', *, *, #1037, .F. ) ;
#1299 = EDGE_CURVE ( 'NONE', #664, #49, #3464, .T. ) ;
#1300 = ORIENTED_EDGE ( 'NONE', *, *, #1130, .T. ) ;
#1301 = ORIENTED_EDGE ( 'NONE', *, *, #1927, .F. ) ;
#1302 = FACE_OUTER_BOUND ( 'NONE', #727, .T. ) ;
#1303 = CARTESIAN_POINT ( 'NONE',  ( 4.458287489416092875, 5.667323904260572753, -8.000000000000000000 ) ) ;
#1304 = CARTESIAN_POINT ( 'NONE',  ( -1.355252715606880543E-17, -4.000000000000000888, -8.000000000000000000 ) ) ;
#1305 = CYLINDRICAL_SURFACE ( 'NONE', #3101, 3.024999999999999911 ) ;
#1306 = ADVANCED_FACE ( 'NONE', ( #1860 ), #1305, .F. ) ;
#1307 = EDGE_CURVE ( 'NONE', #1205, #3094, #3063, .T. ) ;
#1308 = AXIS2_PLACEMENT_3D ( 'NONE', #346, #3190, #1461 ) ;
#1309 = LINE ( 'NONE', #2427, #2782 ) ;
#1310 = ORIENTED_EDGE ( 'NONE', *, *, #1782, .T. ) ;
#1311 = ORIENTED_EDGE ( 'NONE', *, *, #3354, .T. ) ;
#1312 = CIRCLE ( 'NONE', #2731, 0.5000000000000004441 ) ;
#1313 = DIRECTION ( 'NONE',  ( 0.000000000000000000, 1.000000000000000000, -0.000000000000000000 ) ) ;
#1314 = EDGE_CURVE ( 'NONE', #1877, #2065, #2214, .T. ) ;
#1315 = CARTESIAN_POINT ( 'NONE',  ( 5.978769063070576095, 9.143493157328697052, -0.5792366680353817632 ) ) ;
#1316 = ORIENTED_EDGE ( 'NONE', *, *, #2869, .T. ) ;
#1317 = ORIENTED_EDGE ( 'NONE', *, *, #1806, .F. ) ;
#1318 = CARTESIAN_POINT ( 'NONE',  ( 52.14000000000000057, -3.500000000000000888, -8.000000000000000000 ) ) ;
#1319 = LINE ( 'NONE', #426, #1567 ) ;
#1320 = DIRECTION ( 'NONE',  ( 1.000000000000000000, 0.000000000000000000, 0.000000000000000000 ) ) ;
#1321 = ORIENTED_EDGE ( 'NONE', *, *, #2603, .F. ) ;
#1322 = CIRCLE ( 'NONE', #1909, 4.000000000000000000 ) ;
#1323 = ORIENTED_EDGE ( 'NONE', *, *, #2585, .F. ) ;
#1324 = DIRECTION ( 'NONE',  ( 0.000000000000000000, 0.000000000000000000, 1.000000000000000000 ) ) ;
#1325 = CIRCLE ( 'NONE', #2800, 0.5000000000000004441 ) ;
#1326 = AXIS2_PLACEMENT_3D ( 'NONE', #2192, #2426, #448 ) ;
#1327 = EDGE_CURVE ( 'NONE', #349, #2405, #1501, .T. ) ;
#1328 = CARTESIAN_POINT ( 'NONE',  ( 16.50000000000000355, -4.000000000000000888, -2.200000000000000178 ) ) ;
#1329 = CIRCLE ( 'NONE', #99, 3.000000000000002665 ) ;
#1330 = ORIENTED_EDGE ( 'NONE', *, *, #2451, .T. ) ;
#1331 = ADVANCED_FACE ( 'NONE', ( #2281 ), #1966, .F. ) ;
#1332 = ORIENTED_EDGE ( 'NONE', *, *, #2507, .T. ) ;
#1333 = DIRECTION ( 'NONE',  ( 1.000000000000000000, 0.000000000000000000, -0.000000000000000000 ) ) ;
#1334 = VECTOR ( 'NONE', #253, 1000.000000000000114 ) ;
#1335 = CARTESIAN_POINT ( 'NONE',  ( 3.458287489416092431, 4.500000000000000888, -7.500000000000000000 ) ) ;
#1336 = ORIENTED_EDGE ( 'NONE', *, *, #3161, .T. ) ;
#1337 = EDGE_CURVE ( 'NONE', #1192, #1593, #1115, .T. ) ;
#1338 = VERTEX_POINT ( 'NONE', #560 ) ;
#1339 = CARTESIAN_POINT ( 'NONE',  ( 16.50000000000000000, -5.566772252322746972, 2.200000000000000178 ) ) ;
#1340 = VECTOR ( 'NONE', #3178, 1000.000000000000114 ) ;
#1341 = DIRECTION ( 'NONE',  ( -0.000000000000000000, -1.000000000000000000, -0.000000000000000000 ) ) ;
#1342 = DIRECTION ( 'NONE',  ( -0.000000000000000000, -0.000000000000000000, 1.000000000000000000 ) ) ;
#1343 = CARTESIAN_POINT ( 'NONE',  ( 7.958287489416090210, 5.667323904260573642, -7.500000000000000000 ) ) ;
#1344 = DIRECTION ( 'NONE',  ( -0.000000000000000000, -0.000000000000000000, -1.000000000000000000 ) ) ;
#1345 = ORIENTED_EDGE ( 'NONE', *, *, #1482, .F. ) ;
#1346 = DIRECTION ( 'NONE',  ( 0.000000000000000000, 0.000000000000000000, -1.000000000000000000 ) ) ;
#1347 = CARTESIAN_POINT ( 'NONE',  ( 5.928996671124103557, 4.595082188062042938, -0.9390777633456327544 ) ) ;
#1348 = EDGE_LOOP ( 'NONE', ( #2109, #906, #532, #148 ) ) ;
#1349 = ORIENTED_EDGE ( 'NONE', *, *, #1716, .T. ) ;
#1350 = DIRECTION ( 'NONE',  ( 1.000000000000000000, 0.000000000000000000, 0.000000000000000000 ) ) ;
#1351 = CARTESIAN_POINT ( 'NONE',  ( 46.00860221814055251, 4.062170784313704708, 5.200000000000000178 ) ) ;
#1352 = EDGE_CURVE ( 'NONE', #1150, #1870, #392, .T. ) ;
#1353 = PLANE ( 'NONE',  #1128 ) ;
#1354 = ORIENTED_EDGE ( 'NONE', *, *, #397, .T. ) ;
#1355 = CARTESIAN_POINT ( 'NONE',  ( 48.71499999999998920, -3.926478877620635430E-15, -5.200000000000000178 ) ) ;
#1356 = DIRECTION ( 'NONE',  ( -0.000000000000000000, -0.000000000000000000, 1.000000000000000000 ) ) ;
#1357 = EDGE_CURVE ( 'NONE', #914, #2965, #2442, .T. ) ;
#1358 = EDGE_CURVE ( 'NONE', #1232, #1458, #2025, .T. ) ;
#1359 = FACE_OUTER_BOUND ( 'NONE', #3257, .T. ) ;
#1360 = DIRECTION ( 'NONE',  ( -0.000000000000000000, -0.000000000000000000, -1.000000000000000000 ) ) ;
#1361 = AXIS2_PLACEMENT_3D ( 'NONE', #1717, #1702, #44 ) ;
#1362 = ORIENTED_EDGE ( 'NONE', *, *, #1056, .F. ) ;
#1363 = CARTESIAN_POINT ( 'NONE',  ( -1.173556874675002968E-15, 0.000000000000000000, 5.600000000000007638 ) ) ;
#1364 = AXIS2_PLACEMENT_3D ( 'NONE', #2463, #2189, #3644 ) ;
#1365 = DIRECTION ( 'NONE',  ( -1.000000000000000000, 0.000000000000000000, 0.000000000000000000 ) ) ;
#1366 = VERTEX_POINT ( 'NONE', #576 ) ;
#1367 = AXIS2_PLACEMENT_3D ( 'NONE', #1231, #1009, #1251 ) ;
#1368 = CYLINDRICAL_SURFACE ( 'NONE', #1969, 175.2599999999999625 ) ;
#1369 = ADVANCED_FACE ( 'NONE', ( #1698 ), #2212, .F. ) ;
#1370 = FACE_OUTER_BOUND ( 'NONE', #2229, .T. ) ;
#1371 = CARTESIAN_POINT ( 'NONE',  ( 55.12649856886230992, 1.825055149353951744, -8.000000000000000000 ) ) ;
#1372 = ORIENTED_EDGE ( 'NONE', *, *, #1284, .F. ) ;
#1373 = LINE ( 'NONE', #2818, #3410 ) ;
#1374 = DIRECTION ( 'NONE',  ( 1.000000000000000000, 0.000000000000000000, 0.000000000000000000 ) ) ;
#1375 = VECTOR ( 'NONE', #643, 1000.000000000000000 ) ;
#1376 = EDGE_CURVE ( 'NONE', #3061, #640, #1396, .T. ) ;
#1377 = PRODUCT_DEFINITION_SHAPE ( 'NONE', 'NONE',  #2362 ) ;
#1378 = CIRCLE ( 'NONE', #1617, 0.9749999999999999778 ) ;
#1379 = DIRECTION ( 'NONE',  ( -0.000000000000000000, 0.000000000000000000, 1.000000000000000000 ) ) ;
#1380 = VECTOR ( 'NONE', #174, 1000.000000000000000 ) ;
#1381 = VERTEX_POINT ( 'NONE', #844 ) ;
#1382 = ORIENTED_EDGE ( 'NONE', *, *, #1130, .F. ) ;
#1383 = CARTESIAN_POINT ( 'NONE',  ( 46.06346891345411620, -168.0616090356724897, 5.400000000000000355 ) ) ;
#1384 = VECTOR ( 'NONE', #1285, 1000.000000000000000 ) ;
#1385 = CARTESIAN_POINT ( 'NONE',  ( 5.825801700728920451, 4.571072811295370464, 1.483280248905823662 ) ) ;
#1386 = VECTOR ( 'NONE', #3628, 1000.000000000000000 ) ;
#1387 = DIRECTION ( 'NONE',  ( -0.000000000000000000, -0.000000000000000000, 1.000000000000000000 ) ) ;
#1388 = FACE_OUTER_BOUND ( 'NONE', #1871, .T. ) ;
#1389 = LINE ( 'NONE', #1407, #1015 ) ;
#1390 = VERTEX_POINT ( 'NONE', #240 ) ;
#1391 = AXIS2_PLACEMENT_3D ( 'NONE', #1442, #1496, #940 ) ;
#1392 = ADVANCED_FACE ( 'NONE', ( #2520 ), #1974, .F. ) ;
#1393 = ORIENTED_EDGE ( 'NONE', *, *, #1077, .F. ) ;
#1394 = CARTESIAN_POINT ( 'NONE',  ( 53.11499999999999488, -4.345920406328604417E-15, -8.000000000000000000 ) ) ;
#1395 = AXIS2_PLACEMENT_3D ( 'NONE', #2421, #198, #964 ) ;
#1396 = LINE ( 'NONE', #3350, #2215 ) ;
#1397 = CIRCLE ( 'NONE', #284, 3.500000000000003109 ) ;
#1398 = EDGE_CURVE ( 'NONE', #2625, #1577, #1329, .T. ) ;
#1399 = CARTESIAN_POINT ( 'NONE',  ( 50.19505479143043658, 9.894811172309571745, -7.500000000000000000 ) ) ;
#1400 = ORIENTED_EDGE ( 'NONE', *, *, #2451, .F. ) ;
#1401 = EDGE_LOOP ( 'NONE', ( #233, #2929 ) ) ;
#1402 = CARTESIAN_POINT ( 'NONE',  ( 53.11499999999999488, -4.345920406328604417E-15, 7.500000000000000000 ) ) ;
#1403 = EDGE_CURVE ( 'NONE', #3601, #2912, #269, .T. ) ;
#1404 = DIRECTION ( 'NONE',  ( -0.7071067811865486830, 0.7071067811865464625, 0.000000000000000000 ) ) ;
#1405 = DIRECTION ( 'NONE',  ( 0.000000000000000000, 0.000000000000000000, 1.000000000000000000 ) ) ;
#1406 = DIRECTION ( 'NONE',  ( 1.000000000000000000, 0.000000000000000000, 0.000000000000000000 ) ) ;
#1407 = CARTESIAN_POINT ( 'NONE',  ( 49.11500000000000199, -4.345920406328604417E-15, 6.599999999999999645 ) ) ;
#1408 = ORIENTED_EDGE ( 'NONE', *, *, #271, .F. ) ;
#1409 = ORIENTED_EDGE ( 'NONE', *, *, #3473, .T. ) ;
#1410 = DIRECTION ( 'NONE',  ( 0.000000000000000000, 0.000000000000000000, 1.000000000000000000 ) ) ;
#1411 = DIRECTION ( 'NONE',  ( 0.000000000000000000, 0.000000000000000000, 1.000000000000000000 ) ) ;
#1412 = DIRECTION ( 'NONE',  ( 0.3479176161606249429, -0.9375251102584442053, 0.000000000000000000 ) ) ;
#1413 = EDGE_CURVE ( 'NONE', #2405, #349, #693, .T. ) ;
#1414 = DIRECTION ( 'NONE',  ( 0.000000000000000000, 0.000000000000000000, 1.000000000000000000 ) ) ;
#1415 = ORIENTED_EDGE ( 'NONE', *, *, #1299, .F. ) ;
#1416 = ORIENTED_EDGE ( 'NONE', *, *, #1121, .T. ) ;
#1417 = ORIENTED_EDGE ( 'NONE', *, *, #3550, .F. ) ;
#1418 = ADVANCED_FACE ( 'NONE', ( #861 ), #1985, .F. ) ;
#1419 = AXIS2_PLACEMENT_3D ( 'NONE', #2971, #1825, #2955 ) ;
#1420 = CARTESIAN_POINT ( 'NONE',  ( 7.582114294781146846, 2.921585889185336793, 5.400000000000000355 ) ) ;
#1421 = AXIS2_PLACEMENT_3D ( 'NONE', #1335, #1885, #1 ) ;
#1422 = EDGE_CURVE ( 'NONE', #2774, #2306, #1030, .T. ) ;
#1423 = CARTESIAN_POINT ( 'NONE',  ( 52.14000000000000057, -4.345920406328604417E-15, -8.000000000000000000 ) ) ;
#1424 = DIRECTION ( 'NONE',  ( -0.04788906654444425454, 0.9988526604587394386, 0.000000000000000000 ) ) ;
#1425 = CARTESIAN_POINT ( 'NONE',  ( 52.14000000000000057, -4.345920406328604417E-15, 6.599999999999999645 ) ) ;
#1426 = AXIS2_PLACEMENT_3D ( 'NONE', #2751, #1344, #1662 ) ;
#1427 = APPLICATION_PROTOCOL_DEFINITION ( 'draft international standard', 'automotive_design', 1998, #2323 ) ;
#1428 = EDGE_LOOP ( 'NONE', ( #733, #90, #685, #706, #514, #2185, #597, #184, #2332 ) ) ;
#1429 = DIRECTION ( 'NONE',  ( 0.000000000000000000, 1.000000000000000000, 0.000000000000000000 ) ) ;
#1430 = DIRECTION ( 'NONE',  ( -0.000000000000000000, -0.000000000000000000, 1.000000000000000000 ) ) ;
#1431 = DIRECTION ( 'NONE',  ( -0.9988526604587394386, -0.04788906654444345656, 0.000000000000000000 ) ) ;
#1432 = VECTOR ( 'NONE', #2775, 1000.000000000000000 ) ;
#1433 = CARTESIAN_POINT ( 'NONE',  ( 16.50000000000000000, -2.000000000000005329, 2.200000000000000178 ) ) ;
#1434 = EDGE_LOOP ( 'NONE', ( #1587, #1793, #934, #13 ) ) ;
#1435 = ORIENTED_EDGE ( 'NONE', *, *, #1284, .T. ) ;
#1436 = ORIENTED_EDGE ( 'NONE', *, *, #823, .F. ) ;
#1437 = CIRCLE ( 'NONE', #2433, 3.500000000000003109 ) ;
#1438 = FACE_OUTER_BOUND ( 'NONE', #1651, .T. ) ;
#1439 = AXIS2_PLACEMENT_3D ( 'NONE', #419, #2402, #3530 ) ;
#1440 = DIRECTION ( 'NONE',  ( -1.000000000000000000, 0.000000000000000000, -0.000000000000000000 ) ) ;
#1441 = CIRCLE ( 'NONE', #2096, 0.5000000000000004441 ) ;
#1442 = CARTESIAN_POINT ( 'NONE',  ( -1.173556874675002968E-15, 0.000000000000000000, 5.200000000000000178 ) ) ;
#1443 = PLANE ( 'NONE',  #3388 ) ;
#1444 = EDGE_CURVE ( 'NONE', #2674, #1870, #3371, .T. ) ;
#1445 = AXIS2_PLACEMENT_3D ( 'NONE', #2819, #3135, #1730 ) ;
#1446 = ORIENTED_EDGE ( 'NONE', *, *, #2471, .F. ) ;
#1447 = ORIENTED_EDGE ( 'NONE', *, *, #2845, .F. ) ;
#1448 = DIRECTION ( 'NONE',  ( -0.000000000000000000, -0.000000000000000000, 1.000000000000000000 ) ) ;
#1449 =( NAMED_UNIT ( * ) SI_UNIT ( $, .STERADIAN. ) SOLID_ANGLE_UNIT ( ) );
#1450 = CARTESIAN_POINT ( 'NONE',  ( 7.582114294781146846, -2.000000000000006661, 5.400000000000000355 ) ) ;
#1451 = AXIS2_PLACEMENT_3D ( 'NONE', #3631, #1968, #1431 ) ;
#1452 = DIRECTION ( 'NONE',  ( -0.000000000000000000, -0.000000000000000000, -1.000000000000000000 ) ) ;
#1453 = ORIENTED_EDGE ( 'NONE', *, *, #2618, .F. ) ;
#1454 = VECTOR ( 'NONE', #2477, 1000.000000000000000 ) ;
#1455 = VECTOR ( 'NONE', #3019, 1000.000000000000000 ) ;
#1456 = DIRECTION ( 'NONE',  ( 1.000000000000000000, 0.000000000000000000, 0.000000000000000000 ) ) ;
#1457 = VERTEX_POINT ( 'NONE', #3195 ) ;
#1458 = VERTEX_POINT ( 'NONE', #3177 ) ;
#1459 = DIRECTION ( 'NONE',  ( 0.000000000000000000, 0.000000000000000000, -1.000000000000000000 ) ) ;
#1460 = DIRECTION ( 'NONE',  ( -0.000000000000000000, -0.000000000000000000, 1.000000000000000000 ) ) ;
#1461 = DIRECTION ( 'NONE',  ( -1.000000000000000000, 0.000000000000000000, 2.532443030623078566E-16 ) ) ;
#1462 = EDGE_LOOP ( 'NONE', ( #2302, #1739, #1280, #2525 ) ) ;
#1463 = VERTEX_POINT ( 'NONE', #2099 ) ;
#1464 = DIRECTION ( 'NONE',  ( -0.000000000000000000, -0.000000000000000000, 1.000000000000000000 ) ) ;
#1465 = EDGE_CURVE ( 'NONE', #1745, #2939, #395, .T. ) ;
#1466 = CARTESIAN_POINT ( 'NONE',  ( 52.14000000000000057, -4.345920406328604417E-15, -8.000000000000000000 ) ) ;
#1467 = DIRECTION ( 'NONE',  ( 0.000000000000000000, -1.000000000000000000, 0.000000000000000000 ) ) ;
#1468 = EDGE_CURVE ( 'NONE', #2380, #979, #3531, .T. ) ;
#1469 = DIRECTION ( 'NONE',  ( -0.3479176161606249429, 0.9375251102584442053, 0.000000000000000000 ) ) ;
#1470 = DIRECTION ( 'NONE',  ( 0.7071067811865517916, 0.000000000000000000, 0.7071067811865433539 ) ) ;
#1471 = EDGE_LOOP ( 'NONE', ( #2831, #3384, #2045, #454 ) ) ;
#1472 = ORIENTED_EDGE ( 'NONE', *, *, #1108, .T. ) ;
#1473 = CARTESIAN_POINT ( 'NONE',  ( 3.958287489416092431, 5.667323904260572753, -7.500000000000000000 ) ) ;
#1474 = ORIENTED_EDGE ( 'NONE', *, *, #327, .F. ) ;
#1475 = EDGE_LOOP ( 'NONE', ( #797, #2318, #3529, #868 ) ) ;
#1476 = DIRECTION ( 'NONE',  ( 0.000000000000000000, 0.000000000000000000, 1.000000000000000000 ) ) ;
#1477 = CARTESIAN_POINT ( 'NONE',  ( 52.14000000000000057, -4.345920406328604417E-15, -5.200000000000000178 ) ) ;
#1478 = FACE_OUTER_BOUND ( 'NONE', #2054, .T. ) ;
#1479 = ORIENTED_EDGE ( 'NONE', *, *, #2621, .F. ) ;
#1480 = EDGE_CURVE ( 'NONE', #2890, #297, #2314, .T. ) ;
#1481 = CARTESIAN_POINT ( 'NONE',  ( 6.319152402096168005E-16, 4.000000000000000000, -5.200000000000001066 ) ) ;
#1482 = EDGE_CURVE ( 'NONE', #2224, #2674, #1090, .T. ) ;
#1483 = CARTESIAN_POINT ( 'NONE',  ( 45.78994010404510817, 5.279882440875892868, -5.200000000000000178 ) ) ;
#1484 = VECTOR ( 'NONE', #2516, 1000.000000000000000 ) ;
#1485 = CARTESIAN_POINT ( 'NONE',  ( 7.766731223238317661, 9.662734546095530064, -7.500000000000000000 ) ) ;
#1486 = AXIS2_PLACEMENT_3D ( 'NONE', #2063, #1513, #1214 ) ;
#1487 = CARTESIAN_POINT ( 'NONE',  ( 49.28994010404510817, 5.279882440875892868, 5.200000000000000178 ) ) ;
#1488 = CARTESIAN_POINT ( 'NONE',  ( 2.729660544970658798, 4.400000000000001243, -2.200000000000000178 ) ) ;
#1489 = EDGE_CURVE ( 'NONE', #3308, #173, #804, .T. ) ;
#1490 = CARTESIAN_POINT ( 'NONE',  ( 55.55314122155692758, 2.085777313547375833, 5.200000000000000178 ) ) ;
#1491 = AXIS2_PLACEMENT_3D ( 'NONE', #247, #3641, #1094 ) ;
#1492 = ORIENTED_EDGE ( 'NONE', *, *, #1444, .F. ) ;
#1493 = ORIENTED_EDGE ( 'NONE', *, *, #975, .F. ) ;
#1494 = MANIFOLD_SOLID_BREP ( '圆角3', #2506 ) ;
#1495 = CARTESIAN_POINT ( 'NONE',  ( 7.582114294781146846, 2.921585889185336793, 5.400000000000000355 ) ) ;
#1496 = DIRECTION ( 'NONE',  ( -0.000000000000000000, -0.000000000000000000, -1.000000000000000000 ) ) ;
#1497 = VECTOR ( 'NONE', #1209, 1000.000000000000000 ) ;
#1498 = PLANE ( 'NONE',  #953 ) ;
#1499 = ORIENTED_EDGE ( 'NONE', *, *, #3005, .F. ) ;
#1500 = VERTEX_POINT ( 'NONE', #946 ) ;
#1501 = CIRCLE ( 'NONE', #2623, 3.425000000000011369 ) ;
#1502 = CARTESIAN_POINT ( 'NONE',  ( 44.13144481997665025, 7.187741556283238964, -5.400000000000000355 ) ) ;
#1503 = DIRECTION ( 'NONE',  ( -0.000000000000000000, -0.000000000000000000, 1.000000000000000000 ) ) ;
#1504 = DIRECTION ( 'NONE',  ( 0.000000000000000000, 0.000000000000000000, -1.000000000000000000 ) ) ;
#1505 = TOROIDAL_SURFACE ( 'NONE', #2648, 3.500000000000000888, 0.5000000000000000000 ) ;
#1506 = EDGE_CURVE ( 'NONE', #2002, #3204, #2574, .T. ) ;
#1507 = AXIS2_PLACEMENT_3D ( 'NONE', #3496, #1448, #1800 ) ;
#1508 = LINE ( 'NONE', #118, #2922 ) ;
#1509 = CARTESIAN_POINT ( 'NONE',  ( 48.25828703720165436, -2.000000000000007105, -2.200000000000000178 ) ) ;
#1510 = EDGE_CURVE ( 'NONE', #497, #1882, #742, .T. ) ;
#1511 = AXIS2_PLACEMENT_3D ( 'NONE', #562, #1680, #275 ) ;
#1512 = EDGE_CURVE ( 'NONE', #3048, #3096, #800, .T. ) ;
#1513 = DIRECTION ( 'NONE',  ( -0.000000000000000000, -0.000000000000000000, -1.000000000000000000 ) ) ;
#1514 = ORIENTED_EDGE ( 'NONE', *, *, #2656, .F. ) ;
#1515 = ORIENTED_EDGE ( 'NONE', *, *, #128, .F. ) ;
#1516 = DIRECTION ( 'NONE',  ( 0.000000000000000000, 0.000000000000000000, 1.000000000000000000 ) ) ;
#1517 = ADVANCED_FACE ( 'NONE', ( #1242 ), #1764, .F. ) ;
#1518 = CYLINDRICAL_SURFACE ( 'NONE', #3056, 175.2599999999999625 ) ;
#1519 = CARTESIAN_POINT ( 'NONE',  ( 3.990720773639736318, 6.248545140281929200, -4.481164794613994751 ) ) ;
#1520 = EDGE_LOOP ( 'NONE', ( #1630, #1932, #1828, #2649 ) ) ;
#1521 = ORIENTED_EDGE ( 'NONE', *, *, #317, .T. ) ;
#1522 = CARTESIAN_POINT ( 'NONE',  ( 7.766731223238317661, 9.662734546095528287, -8.000000000000000000 ) ) ;
#1523 = DIRECTION ( 'NONE',  ( 0.000000000000000000, 0.000000000000000000, 1.000000000000000000 ) ) ;
#1524 = EDGE_LOOP ( 'NONE', ( #1316, #2691, #515, #3374 ) ) ;
#1525 = DIRECTION ( 'NONE',  ( -1.000000000000000000, 0.000000000000000000, 0.000000000000000000 ) ) ;
#1526 = AXIS2_PLACEMENT_3D ( 'NONE', #1890, #736, #1320 ) ;
#1527 = PLANE ( 'NONE',  #3225 ) ;
#1528 = DIRECTION ( 'NONE',  ( 0.9988526604587394386, 0.04788906654444583660, 0.000000000000000000 ) ) ;
#1529 = EDGE_CURVE ( 'NONE', #2429, #3574, #929, .T. ) ;
#1530 = DIRECTION ( 'NONE',  ( 0.000000000000000000, -1.000000000000000000, 0.000000000000000000 ) ) ;
#1531 = EDGE_LOOP ( 'NONE', ( #124, #2870, #1762, #2095 ) ) ;
#1532 = ADVANCED_FACE ( 'NONE', ( #966 ), #2853, .T. ) ;
#1533 = VERTEX_POINT ( 'NONE', #369 ) ;
#1534 = DIRECTION ( 'NONE',  ( 1.000000000000000000, 0.000000000000000000, 0.000000000000000000 ) ) ;
#1535 = DIRECTION ( 'NONE',  ( 0.000000000000000000, 0.000000000000000000, 1.000000000000000000 ) ) ;
#1536 = CARTESIAN_POINT ( 'NONE',  ( 52.14000000000000057, -4.345920406328604417E-15, 7.500000000000000000 ) ) ;
#1537 = CARTESIAN_POINT ( 'NONE',  ( 3.958287489416092431, 5.667323904260574530, -4.509097487428283202 ) ) ;
#1538 = VERTEX_POINT ( 'NONE', #1483 ) ;
#1539 = EDGE_CURVE ( 'NONE', #2613, #1981, #1749, .T. ) ;
#1540 = ORIENTED_EDGE ( 'NONE', *, *, #115, .T. ) ;
#1541 = DIRECTION ( 'NONE',  ( 0.000000000000000000, 0.000000000000000000, 1.000000000000000000 ) ) ;
#1542 = DIRECTION ( 'NONE',  ( 0.000000000000000000, 0.000000000000000000, 1.000000000000000000 ) ) ;
#1543 = PLANE ( 'NONE',  #3183 ) ;
#1544 = AXIS2_PLACEMENT_3D ( 'NONE', #1807, #2412, #2355 ) ;
#1545 = VECTOR ( 'NONE', #3361, 1000.000000000000000 ) ;
#1546 = FACE_OUTER_BOUND ( 'NONE', #995, .T. ) ;
#1547 = EDGE_CURVE ( 'NONE', #2910, #2184, #3347, .T. ) ;
#1548 = CYLINDRICAL_SURFACE ( 'NONE', #2200, 4.000000000000003553 ) ;
#1549 = CIRCLE ( 'NONE', #254, 3.999999999999998224 ) ;
#1550 = CARTESIAN_POINT ( 'NONE',  ( 52.14000000000000057, -4.000000000000005329, 5.200000000000000178 ) ) ;
#1551 = VERTEX_POINT ( 'NONE', #2709 ) ;
#1552 = EDGE_LOOP ( 'NONE', ( #1799, #938, #51, #2824 ) ) ;
#1553 = ADVANCED_FACE ( 'NONE', ( #480 ), #1742, .T. ) ;
#1554 = EDGE_LOOP ( 'NONE', ( #3205, #3253, #381, #2588, #2817, #2508 ) ) ;
#1555 = CARTESIAN_POINT ( 'NONE',  ( 16.50000000000000000, -4.000000000000000888, 3.700000000000000178 ) ) ;
#1556 = LINE ( 'NONE', #3572, #1976 ) ;
#1557 = CARTESIAN_POINT ( 'NONE',  ( 5.836063904498475452, 9.059279355492602548, 1.421541514771069714 ) ) ;
#1558 = ORIENTED_EDGE ( 'NONE', *, *, #115, .F. ) ;
#1559 = VERTEX_POINT ( 'NONE', #3579 ) ;
#1560 = DIRECTION ( 'NONE',  ( 1.000000000000000000, 3.469446951953611033E-15, 0.000000000000000000 ) ) ;
#1561 = VECTOR ( 'NONE', #244, 1000.000000000000000 ) ;
#1562 = FACE_BOUND ( 'NONE', #1798, .T. ) ;
#1563 = EDGE_CURVE ( 'NONE', #195, #159, #1003, .T. ) ;
#1564 = CARTESIAN_POINT ( 'NONE',  ( 16.50000000000000000, -2.000000000000005329, 3.700000000000000178 ) ) ;
#1565 = AXIS2_PLACEMENT_3D ( 'NONE', #877, #541, #3423 ) ;
#1566 = CYLINDRICAL_SURFACE ( 'NONE', #907, 0.9749999999999967581 ) ;
#1567 = VECTOR ( 'NONE', #1264, 1000.000000000000000 ) ;
#1568 = VECTOR ( 'NONE', #368, 1000.000000000000000 ) ;
#1569 = CARTESIAN_POINT ( 'NONE',  ( 48.95151308287940140, 9.174862382812488448, 2.200000000000000178 ) ) ;
#1570 = ORIENTED_EDGE ( 'NONE', *, *, #2128, .T. ) ;
#1571 = AXIS2_PLACEMENT_3D ( 'NONE', #631, #1504, #2576 ) ;
#1572 = EDGE_LOOP ( 'NONE', ( #238, #3000, #3432, #2073, #2849, #1162 ) ) ;
#1573 = AXIS2_PLACEMENT_3D ( 'NONE', #1836, #2133, #2151 ) ;
#1574 = CARTESIAN_POINT ( 'NONE',  ( 49.28994010404510817, 5.279882440875892868, 2.200000000000000178 ) ) ;
#1575 = CARTESIAN_POINT ( 'NONE',  ( 5.576939630525838076, 8.884444233650363287, -2.229771064145411597 ) ) ;
#1576 = ORIENTED_EDGE ( 'NONE', *, *, #1547, .F. ) ;
#1577 = VERTEX_POINT ( 'NONE', #3596 ) ;
#1578 = CARTESIAN_POINT ( 'NONE',  ( 3.958287489416092431, 4.466065536086431642, 4.509097487428283202 ) ) ;
#1579 = DIRECTION ( 'NONE',  ( 1.000000000000000000, 0.000000000000000000, 0.000000000000000000 ) ) ;
#1580 = EDGE_CURVE ( 'NONE', #2184, #780, #3558, .T. ) ;
#1581 = DIRECTION ( 'NONE',  ( 0.000000000000000000, 0.000000000000000000, -1.000000000000000000 ) ) ;
#1582 = EDGE_CURVE ( 'NONE', #3590, #3061, #3286, .T. ) ;
#1583 = CARTESIAN_POINT ( 'NONE',  ( 0.000000000000000000, 0.000000000000000000, 8.000000000000000000 ) ) ;
#1584 = EDGE_CURVE ( 'NONE', #306, #1177, #3041, .T. ) ;
#1585 = FACE_OUTER_BOUND ( 'NONE', #1756, .T. ) ;
#1586 = ORIENTED_EDGE ( 'NONE', *, *, #3565, .F. ) ;
#1587 = ORIENTED_EDGE ( 'NONE', *, *, #172, .F. ) ;
#1588 = CARTESIAN_POINT ( 'NONE',  ( 55.55314122155692758, 2.085777313547375833, -5.200000000000000178 ) ) ;
#1589 = CARTESIAN_POINT ( 'NONE',  ( -6.836583219627271113, -4.000000000000007105, 5.200000000000000178 ) ) ;
#1590 = CARTESIAN_POINT ( 'NONE',  ( 44.13355199762368386, 3.366335551992464481, -5.400000000000000355 ) ) ;
#1591 = ORIENTED_EDGE ( 'NONE', *, *, #993, .F. ) ;
#1592 = ORIENTED_EDGE ( 'NONE', *, *, #271, .T. ) ;
#1593 = VERTEX_POINT ( 'NONE', #2745 ) ;
#1594 = CARTESIAN_POINT ( 'NONE',  ( 52.14000000000000057, -4.345920406328604417E-15, 6.599999999999999645 ) ) ;
#1595 = DIRECTION ( 'NONE',  ( 0.000000000000000000, 0.000000000000000000, 1.000000000000000000 ) ) ;
#1596 = CARTESIAN_POINT ( 'NONE',  ( 0.000000000000000000, 0.000000000000000000, -8.000000000000000000 ) ) ;
#1597 = ORIENTED_EDGE ( 'NONE', *, *, #879, .F. ) ;
#1598 = DIRECTION ( 'NONE',  ( 1.000000000000000000, 0.000000000000000000, 0.000000000000000000 ) ) ;
#1599 = VECTOR ( 'NONE', #2338, 1000.000000000000000 ) ;
#1600 = PRODUCT_RELATED_PRODUCT_CATEGORY ( 'part', '', ( #737 ) ) ;
#1601 = TOROIDAL_SURFACE ( 'NONE', #2425, 1.474999999999999423, 0.5000000000000000000 ) ;
#1602 = ADVANCED_FACE ( 'NONE', ( #3304 ), #199, .T. ) ;
#1603 = DIRECTION ( 'NONE',  ( -1.000000000000000000, 0.000000000000000000, 0.000000000000000000 ) ) ;
#1604 = EDGE_LOOP ( 'NONE', ( #1105, #3514 ) ) ;
#1605 = EDGE_LOOP ( 'NONE', ( #1669, #22 ) ) ;
#1606 = VECTOR ( 'NONE', #432, 1000.000000000000114 ) ;
#1607 = DIRECTION ( 'NONE',  ( 0.000000000000000000, 0.000000000000000000, -1.000000000000000000 ) ) ;
#1608 = CARTESIAN_POINT ( 'NONE',  ( 0.000000000000000000, 0.000000000000000000, 7.500000000000000000 ) ) ;
#1609 = ORIENTED_EDGE ( 'NONE', *, *, #1580, .F. ) ;
#1610 = VERTEX_POINT ( 'NONE', #2172 ) ;
#1611 = VERTEX_POINT ( 'NONE', #443 ) ;
#1612 = CYLINDRICAL_SURFACE ( 'NONE', #3275, 3.024999999999999911 ) ;
#1613 = DIRECTION ( 'NONE',  ( 0.000000000000000000, 0.000000000000000000, -1.000000000000000000 ) ) ;
#1614 = CARTESIAN_POINT ( 'NONE',  ( 3.948185437972725698, 4.400000000000000355, -5.200000000000000178 ) ) ;
#1615 = VECTOR ( 'NONE', #2461, 1000.000000000000000 ) ;
#1616 = DIRECTION ( 'NONE',  ( -1.000000000000000000, 0.000000000000000000, 0.000000000000000000 ) ) ;
#1617 = AXIS2_PLACEMENT_3D ( 'NONE', #1665, #3336, #566 ) ;
#1618 = AXIS2_PLACEMENT_3D ( 'NONE', #850, #972, #1786 ) ;
#1619 = EDGE_CURVE ( 'NONE', #1551, #173, #1319, .T. ) ;
#1620 = ADVANCED_FACE ( 'NONE', ( #3288 ), #3645, .T. ) ;
#1621 = CARTESIAN_POINT ( 'NONE',  ( -1.173556874675002968E-15, 0.000000000000000000, 6.600000000000000533 ) ) ;
#1622 = AXIS2_PLACEMENT_3D ( 'NONE', #988, #1595, #767 ) ;
#1623 = ORIENTED_EDGE ( 'NONE', *, *, #1512, .T. ) ;
#1624 = VERTEX_POINT ( 'NONE', #3271 ) ;
#1625 = ADVANCED_FACE ( 'NONE', ( #1889, #3003 ), #3018, .T. ) ;
#1626 = LINE ( 'NONE', #2201, #2744 ) ;
#1627 = VECTOR ( 'NONE', #2651, 1000.000000000000000 ) ;
#1628 = CARTESIAN_POINT ( 'NONE',  ( 52.14000000000000057, -4.345920406328604417E-15, 7.500000000000000000 ) ) ;
#1629 = VERTEX_POINT ( 'NONE', #222 ) ;
#1630 = ORIENTED_EDGE ( 'NONE', *, *, #2673, .F. ) ;
#1631 = ADVANCED_FACE ( 'NONE', ( #1562, #3609 ), #463, .T. ) ;
#1632 = EDGE_CURVE ( 'NONE', #1000, #469, #2388, .T. ) ;
#1633 = CARTESIAN_POINT ( 'NONE',  ( 4.458287489416092875, 0.000000000000000000, 8.000000000000000000 ) ) ;
#1634 = AXIS2_PLACEMENT_3D ( 'NONE', #3510, #699, #2663 ) ;
#1635 = LINE ( 'NONE', #2227, #1287 ) ;
#1636 = ORIENTED_EDGE ( 'NONE', *, *, #1141, .T. ) ;
#1637 = EDGE_LOOP ( 'NONE', ( #3646, #1298, #651, #1954 ) ) ;
#1638 = PLANE ( 'NONE',  #911 ) ;
#1639 = CARTESIAN_POINT ( 'NONE',  ( 52.14000000000000057, -4.000000000000000888, -7.500000000000000000 ) ) ;
#1640 = CIRCLE ( 'NONE', #2112, 0.9749999999999967581 ) ;
#1641 = CIRCLE ( 'NONE', #926, 0.5000000000000004441 ) ;
#1642 = LINE ( 'NONE', #25, #2867 ) ;
#1643 = FACE_OUTER_BOUND ( 'NONE', #3269, .T. ) ;
#1644 = AXIS2_PLACEMENT_3D ( 'NONE', #1857, #503, #2101 ) ;
#1645 = DIRECTION ( 'NONE',  ( -0.000000000000000000, 1.000000000000000000, -0.000000000000000000 ) ) ;
#1646 = ORIENTED_EDGE ( 'NONE', *, *, #993, .T. ) ;
#1647 = ORIENTED_EDGE ( 'NONE', *, *, #1190, .T. ) ;
#1648 = LINE ( 'NONE', #2510, #39 ) ;
#1649 = CARTESIAN_POINT ( 'NONE',  ( 0.000000000000000000, -4.000000000000007105, 5.200000000000000178 ) ) ;
#1650 = CARTESIAN_POINT ( 'NONE',  ( 46.00860221814054540, 4.062170784313706484, -2.200000000000000178 ) ) ;
#1651 = EDGE_LOOP ( 'NONE', ( #1972, #1597, #3279, #3587 ) ) ;
#1652 = ORIENTED_EDGE ( 'NONE', *, *, #207, .F. ) ;
#1653 = LINE ( 'NONE', #2226, #3152 ) ;
#1654 = DIRECTION ( 'NONE',  ( 1.000000000000000000, -7.274273775929404688E-13, 0.000000000000000000 ) ) ;
#1655 = CARTESIAN_POINT ( 'NONE',  ( 3.958287489416092431, 5.667323904260572753, -8.000000000000000000 ) ) ;
#1656 = EDGE_CURVE ( 'NONE', #2199, #760, #2690, .T. ) ;
#1657 = VERTEX_POINT ( 'NONE', #2986 ) ;
#1658 = EDGE_LOOP ( 'NONE', ( #2400, #3313 ) ) ;
#1659 = CARTESIAN_POINT ( 'NONE',  ( 7.766731223238317661, 9.662734546095528287, 7.500000000000000000 ) ) ;
#1660 = DIRECTION ( 'NONE',  ( 1.000000000000000000, 0.000000000000000000, 0.000000000000000000 ) ) ;
#1661 = DIRECTION ( 'NONE',  ( -0.000000000000000000, -0.000000000000000000, -1.000000000000000000 ) ) ;
#1662 = DIRECTION ( 'NONE',  ( 1.000000000000000000, 0.000000000000000000, 0.000000000000000000 ) ) ;
#1663 = CIRCLE ( 'NONE', #3569, 3.500000000000003109 ) ;
#1664 = ORIENTED_EDGE ( 'NONE', *, *, #2733, .F. ) ;
#1665 = CARTESIAN_POINT ( 'NONE',  ( 0.000000000000000000, 0.000000000000000000, -6.600000000000000533 ) ) ;
#1666 = AXIS2_PLACEMENT_3D ( 'NONE', #3014, #215, #3316 ) ;
#1667 = DIRECTION ( 'NONE',  ( 0.000000000000000000, -1.000000000000000000, 0.000000000000000000 ) ) ;
#1668 = EDGE_CURVE ( 'NONE', #3308, #2224, #2157, .T. ) ;
#1669 = ORIENTED_EDGE ( 'NONE', *, *, #1468, .T. ) ;
#1670 = AXIS2_PLACEMENT_3D ( 'NONE', #2467, #1379, #2788 ) ;
#1671 = LINE ( 'NONE', #783, #205 ) ;
#1672 = CARTESIAN_POINT ( 'NONE',  ( 52.14000000000000057, -4.345920406328604417E-15, -8.000000000000000000 ) ) ;
#1673 = B_SPLINE_CURVE_WITH_KNOTS ( 'NONE', 3,
 ( #2491, #2528, #3088, #1347, #1688, #263, #2791, #2472, #16, #1385, #801, #1091 ),
 .UNSPECIFIED., .F., .F.,
 ( 4, 2, 2, 2, 2, 4 ),
 ( 8.673617379884035472E-19, 0.001121143335161167709, 0.001681715002741750913, 0.002242286670322334117, 0.003363430005483500091, 0.004484573340644665632 ),
 .UNSPECIFIED. ) ;
#1674 = DIRECTION ( 'NONE',  ( 0.000000000000000000, 0.000000000000000000, 1.000000000000000000 ) ) ;
#1675 = DIRECTION ( 'NONE',  ( -0.7071067811865449082, 0.000000000000000000, -0.7071067811865502373 ) ) ;
#1676 = ORIENTED_EDGE ( 'NONE', *, *, #1668, .F. ) ;
#1677 = CARTESIAN_POINT ( 'NONE',  ( 3.948185437972727474, 4.400000000000000355, 5.200000000000000178 ) ) ;
#1678 = ADVANCED_FACE ( 'NONE', ( #1111 ), #3090, .T. ) ;
#1679 = CARTESIAN_POINT ( 'NONE',  ( -1.355252715606880543E-17, -4.000000000000000888, -2.200000000000000622 ) ) ;
#1680 = DIRECTION ( 'NONE',  ( 0.000000000000000000, 0.000000000000000000, 1.000000000000000000 ) ) ;
#1681 = AXIS2_PLACEMENT_3D ( 'NONE', #569, #3034, #2255 ) ;
#1682 = ADVANCED_FACE ( 'NONE', ( #302 ), #1505, .T. ) ;
#1683 = DIRECTION ( 'NONE',  ( 0.000000000000000000, 0.000000000000000000, 1.000000000000000000 ) ) ;
#1684 = VECTOR ( 'NONE', #2176, 1000.000000000000000 ) ;
#1685 = VERTEX_POINT ( 'NONE', #235 ) ;
#1686 = LINE ( 'NONE', #1120, #2152 ) ;
#1687 = AXIS2_PLACEMENT_3D ( 'NONE', #2462, #753, #1873 ) ;
#1688 = CARTESIAN_POINT ( 'NONE',  ( 5.955442654797430180, 4.601224724610171180, -0.7537266366738040180 ) ) ;
#1689 = CIRCLE ( 'NONE', #1863, 1.500000000000001332 ) ;
#1690 = DIRECTION ( 'NONE',  ( 1.000000000000000000, 0.000000000000000000, -0.000000000000000000 ) ) ;
#1691 = CARTESIAN_POINT ( 'NONE',  ( 52.14000000000000057, -4.345920406328604417E-15, -8.000000000000000000 ) ) ;
#1692 = CARTESIAN_POINT ( 'NONE',  ( -1.173556874675002968E-15, 0.000000000000000000, 5.200000000000000178 ) ) ;
#1693 = DIRECTION ( 'NONE',  ( 0.000000000000000000, 0.000000000000000000, 1.000000000000000000 ) ) ;
#1694 = VERTEX_POINT ( 'NONE', #571 ) ;
#1695 = CIRCLE ( 'NONE', #752, 0.5000000000000002220 ) ;
#1696 = ORIENTED_EDGE ( 'NONE', *, *, #486, .T. ) ;
#1697 = LINE ( 'NONE', #2191, #3163 ) ;
#1698 = FACE_OUTER_BOUND ( 'NONE', #1348, .T. ) ;
#1699 = CARTESIAN_POINT ( 'NONE',  ( 47.46488495469115776, 8.266381009738202224, 5.200000000000000178 ) ) ;
#1700 = ADVANCED_FACE ( 'NONE', ( #1144 ), #1707, .T. ) ;
#1701 = CIRCLE ( 'NONE', #3547, 3.000000000000002665 ) ;
#1702 = DIRECTION ( 'NONE',  ( 0.000000000000000000, 0.000000000000000000, 1.000000000000000000 ) ) ;
#1703 = ADVANCED_FACE ( 'NONE', ( #1388 ), #2466, .T. ) ;
#1704 = ORIENTED_EDGE ( 'NONE', *, *, #1785, .T. ) ;
#1705 = CARTESIAN_POINT ( 'NONE',  ( -3.025000000000001243, 3.704556567420743261E-16, -5.599999999999993427 ) ) ;
#1706 = CARTESIAN_POINT ( 'NONE',  ( 7.790675756510539784, 9.163308215866159401, 7.500000000000000000 ) ) ;
#1707 = CYLINDRICAL_SURFACE ( 'NONE', #1991, 0.5000000000000004441 ) ;
#1708 = FACE_BOUND ( 'NONE', #1294, .T. ) ;
#1709 = PRODUCT_CONTEXT ( 'NONE', #2323, 'mechanical' ) ;
#1710 = ORIENTED_EDGE ( 'NONE', *, *, #1987, .F. ) ;
#1711 = ORIENTED_EDGE ( 'NONE', *, *, #228, .F. ) ;
#1712 = CYLINDRICAL_SURFACE ( 'NONE', #2693, 0.9749999999999967581 ) ;
#1713 = DIRECTION ( 'NONE',  ( 1.000000000000000000, 0.000000000000000000, -0.000000000000000000 ) ) ;
#1714 = ORIENTED_EDGE ( 'NONE', *, *, #1962, .F. ) ;
#1715 = CARTESIAN_POINT ( 'NONE',  ( 49.28994010404510817, 5.279882440875892868, 5.200000000000000178 ) ) ;
#1716 = EDGE_CURVE ( 'NONE', #1964, #1719, #3379, .T. ) ;
#1717 = CARTESIAN_POINT ( 'NONE',  ( 46.06346891345411620, -168.0616090356724897, 2.200000000000000178 ) ) ;
#1718 = ORIENTED_EDGE ( 'NONE', *, *, #2340, .F. ) ;
#1719 = VERTEX_POINT ( 'NONE', #854 ) ;
#1720 = EDGE_CURVE ( 'NONE', #3307, #71, #2522, .T. ) ;
#1721 = AXIS2_PLACEMENT_3D ( 'NONE', #2044, #1683, #3123 ) ;
#1722 = CARTESIAN_POINT ( 'NONE',  ( 3.458287489416092431, 4.500000000000000888, 5.200000000000000178 ) ) ;
#1723 = CIRCLE ( 'NONE', #2602, 4.000000000000003553 ) ;
#1724 = CARTESIAN_POINT ( 'NONE',  ( 46.06346891345411620, -168.0616090356724897, 2.200000000000000178 ) ) ;
#1725 = CARTESIAN_POINT ( 'NONE',  ( 24.00049140560457772, -2.000000000000000888, 2.199999999999997069 ) ) ;
#1726 = PLANE ( 'NONE',  #2905 ) ;
#1727 = VECTOR ( 'NONE', #2271, 1000.000000000000000 ) ;
#1728 = ORIENTED_EDGE ( 'NONE', *, *, #1019, .T. ) ;
#1729 = DIRECTION ( 'NONE',  ( -0.000000000000000000, -0.000000000000000000, 1.000000000000000000 ) ) ;
#1730 = DIRECTION ( 'NONE',  ( 1.000000000000000000, 0.000000000000000000, -0.000000000000000000 ) ) ;
#1731 = FACE_OUTER_BOUND ( 'NONE', #360, .T. ) ;
#1732 = CIRCLE ( 'NONE', #1257, 0.5000000000000004441 ) ;
#1733 = DIRECTION ( 'NONE',  ( 0.000000000000000000, 0.000000000000000000, -1.000000000000000000 ) ) ;
#1734 = ORIENTED_EDGE ( 'NONE', *, *, #511, .F. ) ;
#1735 = AXIS2_PLACEMENT_3D ( 'NONE', #1254, #1313, #2703 ) ;
#1736 = ADVANCED_FACE ( 'NONE', ( #838 ), #19, .T. ) ;
#1737 = DIRECTION ( 'NONE',  ( 0.04788906654444582967, -0.9988526604587394386, 0.000000000000000000 ) ) ;
#1738 = CIRCLE ( 'NONE', #43, 5.499999999999976907 ) ;
#1739 = ORIENTED_EDGE ( 'NONE', *, *, #3043, .F. ) ;
#1740 = EDGE_CURVE ( 'NONE', #981, #2890, #2206, .T. ) ;
#1741 = CARTESIAN_POINT ( 'NONE',  ( 52.14000000000000057, -4.345920406328604417E-15, -7.500000000000000000 ) ) ;
#1742 = TOROIDAL_SURFACE ( 'NONE', #1148, 3.499999999999998224, 0.5000000000000000000 ) ;
#1743 = DIRECTION ( 'NONE',  ( -0.7071067811865502373, 0.000000000000000000, -0.7071067811865447972 ) ) ;
#1744 = DIRECTION ( 'NONE',  ( 1.000000000000000000, 0.000000000000000000, -0.000000000000000000 ) ) ;
#1745 = VERTEX_POINT ( 'NONE', #267 ) ;
#1746 = EDGE_CURVE ( 'NONE', #1761, #2681, #1701, .T. ) ;
#1747 = ORIENTED_EDGE ( 'NONE', *, *, #3426, .F. ) ;
#1748 = DIRECTION ( 'NONE',  ( -1.000000000000000000, 0.000000000000000000, -1.214306433183764966E-16 ) ) ;
#1749 = LINE ( 'NONE', #352, #1271 ) ;
#1750 = DIRECTION ( 'NONE',  ( 0.000000000000000000, 0.000000000000000000, 1.000000000000000000 ) ) ;
#1751 = CARTESIAN_POINT ( 'NONE',  ( 16.50000000000000355, -2.000000000000005329, -2.200000000000000178 ) ) ;
#1752 = CYLINDRICAL_SURFACE ( 'NONE', #2374, 0.5000000000000027756 ) ;
#1753 = ORIENTED_EDGE ( 'NONE', *, *, #1403, .F. ) ;
#1754 = CIRCLE ( 'NONE', #1814, 0.5000000000000004441 ) ;
#1755 = DIRECTION ( 'NONE',  ( -1.000000000000000000, 0.000000000000000000, 0.000000000000000000 ) ) ;
#1756 = EDGE_LOOP ( 'NONE', ( #1175, #1492, #1345, #2048 ) ) ;
#1757 = ORIENTED_EDGE ( 'NONE', *, *, #2177, .T. ) ;
#1758 = DIRECTION ( 'NONE',  ( 1.000000000000000000, 0.000000000000000000, 0.000000000000000000 ) ) ;
#1759 = FACE_OUTER_BOUND ( 'NONE', #2687, .T. ) ;
#1760 = DIRECTION ( 'NONE',  ( 1.000000000000000000, 0.000000000000000000, 0.000000000000000000 ) ) ;
#1761 = VERTEX_POINT ( 'NONE', #3112 ) ;
#1762 = ORIENTED_EDGE ( 'NONE', *, *, #1188, .T. ) ;
#1763 = CARTESIAN_POINT ( 'NONE',  ( -2.993325909419154218, -4.000000000000007105, -5.200000000000000178 ) ) ;
#1764 = PLANE ( 'NONE',  #2504 ) ;
#1765 = EDGE_CURVE ( 'NONE', #3555, #2753, #1635, .T. ) ;
#1766 = EDGE_CURVE ( 'NONE', #1366, #914, #586, .T. ) ;
#1767 = CARTESIAN_POINT ( 'NONE',  ( 3.958287489416092431, 4.000000000000000000, -7.500000000000000000 ) ) ;
#1768 = FACE_OUTER_BOUND ( 'NONE', #3552, .T. ) ;
#1769 = CARTESIAN_POINT ( 'NONE',  ( 3.458287489416092431, 4.000000000000000000, -7.500000000000000000 ) ) ;
#1770 = EDGE_LOOP ( 'NONE', ( #2724, #1119, #409, #2131 ) ) ;
#1771 = ORIENTED_EDGE ( 'NONE', *, *, #1720, .F. ) ;
#1772 = CARTESIAN_POINT ( 'NONE',  ( -1.355252715606880234E-17, -3.500000000000000000, 8.000000000000000000 ) ) ;
#1773 = ORIENTED_EDGE ( 'NONE', *, *, #189, .F. ) ;
#1774 = ORIENTED_EDGE ( 'NONE', *, *, #465, .T. ) ;
#1775 = CARTESIAN_POINT ( 'NONE',  ( 46.00860221814055251, 4.062170784313704708, -5.200000000000000178 ) ) ;
#1776 = FACE_OUTER_BOUND ( 'NONE', #3591, .T. ) ;
#1777 = CARTESIAN_POINT ( 'NONE',  ( 0.000000000000000000, 0.000000000000000000, 7.500000000000000000 ) ) ;
#1778 = VERTEX_POINT ( 'NONE', #1945 ) ;
#1779 = ORIENTED_EDGE ( 'NONE', *, *, #1121, .F. ) ;
#1780 = DIRECTION ( 'NONE',  ( 1.000000000000000000, 0.000000000000000000, 0.000000000000000000 ) ) ;
#1781 = FILL_AREA_STYLE ('',( #2037 ) ) ;
#1782 = EDGE_CURVE ( 'NONE', #1964, #3647, #248, .T. ) ;
#1783 = CARTESIAN_POINT ( 'NONE',  ( 5.582114294781143293, 4.514077340587451914, -2.200000000000000178 ) ) ;
#1784 = CIRCLE ( 'NONE', #3512, 3.024999999999999911 ) ;
#1785 = EDGE_CURVE ( 'NONE', #2428, #2719, #55, .T. ) ;
#1786 = DIRECTION ( 'NONE',  ( 0.000000000000000000, 0.000000000000000000, -1.000000000000000000 ) ) ;
#1787 = CARTESIAN_POINT ( 'NONE',  ( -0.4204519536220550080, 8.769633295748443302, 8.000000000000000000 ) ) ;
#1788 = ADVANCED_FACE ( 'NONE', ( #3366 ), #3242, .T. ) ;
#1789 = EDGE_LOOP ( 'NONE', ( #178, #2453, #2348, #3055, #3284, #3429, #3568, #1540, #3054, #93 ) ) ;
#1790 = CARTESIAN_POINT ( 'NONE',  ( 0.000000000000000000, 0.000000000000000000, -8.000000000000000000 ) ) ;
#1791 = AXIS2_PLACEMENT_3D ( 'NONE', #499, #130, #718 ) ;
#1792 = ORIENTED_EDGE ( 'NONE', *, *, #2234, .T. ) ;
#1793 = ORIENTED_EDGE ( 'NONE', *, *, #2178, .T. ) ;
#1794 = FACE_BOUND ( 'NONE', #2990, .T. ) ;
#1795 = DIRECTION ( 'NONE',  ( -0.000000000000000000, -0.000000000000000000, -1.000000000000000000 ) ) ;
#1796 = CIRCLE ( 'NONE', #687, 0.9749999999999999778 ) ;
#1797 = CARTESIAN_POINT ( 'NONE',  ( 4.201815983321427694, 7.066871031032856187, -4.285907863058030287 ) ) ;
#1798 = EDGE_LOOP ( 'NONE', ( #1212, #3362 ) ) ;
#1799 = ORIENTED_EDGE ( 'NONE', *, *, #769, .T. ) ;
#1800 = DIRECTION ( 'NONE',  ( 1.000000000000000000, 0.000000000000000000, 0.000000000000000000 ) ) ;
#1801 = DIRECTION ( 'NONE',  ( -1.000000000000000000, 0.000000000000000000, 0.000000000000000000 ) ) ;
#1802 = CARTESIAN_POINT ( 'NONE',  ( 44.13355199762366254, 3.366335551992456931, 2.200000000000000178 ) ) ;
#1803 = VECTOR ( 'NONE', #1503, 1000.000000000000000 ) ;
#1804 = CIRCLE ( 'NONE', #3105, 0.5000000000000000000 ) ;
#1805 = DIRECTION ( 'NONE',  ( 0.000000000000000000, -0.000000000000000000, -1.000000000000000000 ) ) ;
#1806 = EDGE_CURVE ( 'NONE', #63, #962, #1754, .T. ) ;
#1807 = CARTESIAN_POINT ( 'NONE',  ( 7.958287489416090210, 5.667323904260573642, -8.000000000000000000 ) ) ;
#1808 = CIRCLE ( 'NONE', #1866, 3.500000000000003109 ) ;
#1809 = ADVANCED_FACE ( 'NONE', ( #1370 ), #3475, .F. ) ;
#1810 = EDGE_CURVE ( 'NONE', #3634, #529, #2051, .T. ) ;
#1811 = CARTESIAN_POINT ( 'NONE',  ( 14.86954308122128232, 4.399999999999987033, -2.200000000000000178 ) ) ;
#1812 = ORIENTED_EDGE ( 'NONE', *, *, #2987, .T. ) ;
#1813 = DIRECTION ( 'NONE',  ( -0.5214443283868435142, 0.8532853053892311967, 0.000000000000000000 ) ) ;
#1814 = AXIS2_PLACEMENT_3D ( 'NONE', #34, #518, #2762 ) ;
#1815 = LINE ( 'NONE', #2361, #2041 ) ;
#1816 = CARTESIAN_POINT ( 'NONE',  ( 4.418542134436642677, 7.548816173194747847, -4.062111418280664132 ) ) ;
#1817 = VERTEX_POINT ( 'NONE', #401 ) ;
#1818 = ORIENTED_EDGE ( 'NONE', *, *, #3043, .T. ) ;
#1819 = LINE ( 'NONE', #2098, #1195 ) ;
#1820 = DIRECTION ( 'NONE',  ( 0.5214443283868410717, -0.8532853053892328621, -2.960428101929480226E-15 ) ) ;
#1821 = ORIENTED_EDGE ( 'NONE', *, *, #841, .F. ) ;
#1822 = CYLINDRICAL_SURFACE ( 'NONE', #1936, 4.000000000000000000 ) ;
#1823 = DIRECTION ( 'NONE',  ( 1.000000000000000000, 0.000000000000000000, 0.000000000000000000 ) ) ;
#1824 = ADVANCED_FACE ( 'NONE', ( #1759 ), #679, .F. ) ;
#1826 = EDGE_CURVE ( 'NONE', #2562, #183, #2760, .T. ) ;
#1825 = DIRECTION ( 'NONE',  ( -0.000000000000000000, -0.000000000000000000, 1.000000000000000000 ) ) ;
#1827 = DIRECTION ( 'NONE',  ( 1.000000000000000000, 0.000000000000000000, 0.000000000000000000 ) ) ;
#1828 = ORIENTED_EDGE ( 'NONE', *, *, #440, .T. ) ;
#1829 = FACE_OUTER_BOUND ( 'NONE', #1989, .T. ) ;
#1830 = EDGE_LOOP ( 'NONE', ( #1921, #3487, #1182, #2170 ) ) ;
#1831 = EDGE_CURVE ( 'NONE', #2694, #2923, #1640, .T. ) ;
#1832 = DIRECTION ( 'NONE',  ( 1.000000000000000000, 0.000000000000000000, 0.000000000000000000 ) ) ;
#1833 = CARTESIAN_POINT ( 'NONE',  ( 52.14000000000000057, -4.345920406328604417E-15, -7.500000000000000000 ) ) ;
#1834 = VERTEX_POINT ( 'NONE', #2584 ) ;
#1835 = ORIENTED_EDGE ( 'NONE', *, *, #864, .T. ) ;
#1836 = CARTESIAN_POINT ( 'NONE',  ( 3.458287489416092431, 4.500000000000000888, -8.000000000000000000 ) ) ;
#1837 = DIRECTION ( 'NONE',  ( 1.000000000000000000, 0.000000000000000000, 0.000000000000000000 ) ) ;
#1838 = AXIS2_PLACEMENT_3D ( 'NONE', #2715, #3585, #1048 ) ;
#1839 = ORIENTED_EDGE ( 'NONE', *, *, #1145, .F. ) ;
#1840 = CIRCLE ( 'NONE', #3626, 0.5000000000000004441 ) ;
#1841 = DIRECTION ( 'NONE',  ( 0.000000000000000000, 0.000000000000000000, -1.000000000000000000 ) ) ;
#1842 = CYLINDRICAL_SURFACE ( 'NONE', #1419, 0.9749999999999967581 ) ;
#1843 = VECTOR ( 'NONE', #452, 1000.000000000000000 ) ;
#1844 = LINE ( 'NONE', #1569, #2909 ) ;
#1845 = ORIENTED_EDGE ( 'NONE', *, *, #2825, .F. ) ;
#1846 = ORIENTED_EDGE ( 'NONE', *, *, #1810, .F. ) ;
#1847 = EDGE_CURVE ( 'NONE', #782, #3647, #2605, .T. ) ;
#1848 = CARTESIAN_POINT ( 'NONE',  ( 0.9749999999999999778, 0.000000000000000000, -7.500000000000000000 ) ) ;
#1849 = LINE ( 'NONE', #3251, #610 ) ;
#1850 = CIRCLE ( 'NONE', #2917, 3.024999999999999911 ) ;
#1851 = EDGE_CURVE ( 'NONE', #3085, #160, #528, .T. ) ;
#1852 = EDGE_LOOP ( 'NONE', ( #3182, #1382, #2460, #1167 ) ) ;
#1853 = VERTEX_POINT ( 'NONE', #68 ) ;
#1854 = CARTESIAN_POINT ( 'NONE',  ( 52.37024570280227920, -0.2302457028022804608, 5.200000000000000178 ) ) ;
#1855 = CIRCLE ( 'NONE', #95, 4.000000000000003553 ) ;
#1856 = DIRECTION ( 'NONE',  ( 0.000000000000000000, 0.000000000000000000, 1.000000000000000000 ) ) ;
#1857 = CARTESIAN_POINT ( 'NONE',  ( 50.62169744412505423, 10.15553333650299273, -8.000000000000000000 ) ) ;
#1858 = ADVANCED_FACE ( 'NONE', ( #1776 ), #1518, .F. ) ;
#1859 = CIRCLE ( 'NONE', #1143, 0.9749999999999999778 ) ;
#1860 = FACE_OUTER_BOUND ( 'NONE', #2434, .T. ) ;
#1861 = AXIS2_PLACEMENT_3D ( 'NONE', #2440, #1820, #1043 ) ;
#1862 = FILL_AREA_STYLE_COLOUR ( '', #3081 ) ;
#1863 = AXIS2_PLACEMENT_3D ( 'NONE', #57, #351, #73 ) ;
#1864 = CYLINDRICAL_SURFACE ( 'NONE', #3449, 0.5000000000000004441 ) ;
#1865 = ORIENTED_EDGE ( 'NONE', *, *, #1238, .T. ) ;
#1866 = AXIS2_PLACEMENT_3D ( 'NONE', #1219, #902, #2847 ) ;
#1867 = ORIENTED_EDGE ( 'NONE', *, *, #1193, .T. ) ;
#1868 = DIRECTION ( 'NONE',  ( -1.000000000000000000, 1.224646799147352961E-16, 0.000000000000000000 ) ) ;
#1869 = DIRECTION ( 'NONE',  ( 0.000000000000000000, 0.000000000000000000, 1.000000000000000000 ) ) ;
#1870 = VERTEX_POINT ( 'NONE', #2328 ) ;
#1871 = EDGE_LOOP ( 'NONE', ( #3261, #817, #1158, #2401 ) ) ;
#1872 = DIRECTION ( 'NONE',  ( 0.000000000000000000, 0.000000000000000000, 1.000000000000000000 ) ) ;
#1873 = DIRECTION ( 'NONE',  ( 1.000000000000000000, 0.000000000000000000, 0.000000000000000000 ) ) ;
#1874 = DIRECTION ( 'NONE',  ( 1.000000000000000000, -1.734723475976805517E-15, 0.000000000000000000 ) ) ;
#1875 = CIRCLE ( 'NONE', #3424, 175.2599999999999625 ) ;
#1876 = ORIENTED_EDGE ( 'NONE', *, *, #975, .T. ) ;
#1877 = VERTEX_POINT ( 'NONE', #1993 ) ;
#1878 = ADVANCED_FACE ( 'NONE', ( #3169 ), #2572, .F. ) ;
#1879 = DIRECTION ( 'NONE',  ( 0.5214443283868420709, -0.8532853053892323070, 2.960428101929478254E-15 ) ) ;
#1880 = DIRECTION ( 'NONE',  ( -0.000000000000000000, -0.000000000000000000, -1.000000000000000000 ) ) ;
#1881 = ORIENTED_EDGE ( 'NONE', *, *, #786, .T. ) ;
#1882 = VERTEX_POINT ( 'NONE', #1236 ) ;
#1883 = CARTESIAN_POINT ( 'NONE',  ( 44.13355199762368386, 3.366335551992464481, 2.200000000000000178 ) ) ;
#1884 = EDGE_CURVE ( 'NONE', #1458, #1853, #1695, .T. ) ;
#1885 = DIRECTION ( 'NONE',  ( 0.000000000000000000, 0.000000000000000000, 1.000000000000000000 ) ) ;
#1886 = ORIENTED_EDGE ( 'NONE', *, *, #3005, .T. ) ;
#1887 = ORIENTED_EDGE ( 'NONE', *, *, #2861, .F. ) ;
#1888 = LINE ( 'NONE', #1854, #965 ) ;
#1889 = FACE_OUTER_BOUND ( 'NONE', #827, .T. ) ;
#1890 = CARTESIAN_POINT ( 'NONE',  ( 52.14000000000000057, -4.345920406328604417E-15, 6.599999999999999645 ) ) ;
#1891 = CARTESIAN_POINT ( 'NONE',  ( 48.60049140560456493, -4.000000000000000000, 5.200000000000000178 ) ) ;
#1892 = VECTOR ( 'NONE', #2823, 1000.000000000000000 ) ;
#1893 = DIRECTION ( 'NONE',  ( -0.000000000000000000, -0.000000000000000000, 1.000000000000000000 ) ) ;
#1894 = ADVANCED_FACE ( 'NONE', ( #644 ), #53, .T. ) ;
#1895 = CIRCLE ( 'NONE', #2485, 0.5000000000000026645 ) ;
#1896 = VECTOR ( 'NONE', #1139, 1000.000000000000000 ) ;
#1897 = CARTESIAN_POINT ( 'NONE',  ( 3.958287489416092431, 4.500000000000000888, -4.509097487428283202 ) ) ;
#1898 = EDGE_CURVE ( 'NONE', #1834, #3061, #1808, .T. ) ;
#1899 = ORIENTED_EDGE ( 'NONE', *, *, #1230, .T. ) ;
#1900 = ORIENTED_EDGE ( 'NONE', *, *, #641, .F. ) ;
#1901 = TOROIDAL_SURFACE ( 'NONE', #3621, 1.474999999999999867, 0.5000000000000000000 ) ;
#1902 = CARTESIAN_POINT ( 'NONE',  ( 13.50000000000000000, -4.000000000000007105, 3.699999999999999734 ) ) ;
#1903 = ORIENTED_EDGE ( 'NONE', *, *, #1765, .F. ) ;
#1904 = DIRECTION ( 'NONE',  ( -0.000000000000000000, -0.000000000000000000, 1.000000000000000000 ) ) ;
#1905 = ORIENTED_EDGE ( 'NONE', *, *, #138, .F. ) ;
#1906 = ORIENTED_EDGE ( 'NONE', *, *, #489, .T. ) ;
#1907 = DIRECTION ( 'NONE',  ( 0.000000000000000000, 1.000000000000000000, 6.230120059358115239E-35 ) ) ;
#1908 = CARTESIAN_POINT ( 'NONE',  ( 7.790675756510539784, 9.163308215866159401, -7.500000000000000000 ) ) ;
#1909 = AXIS2_PLACEMENT_3D ( 'NONE', #2884, #3433, #85 ) ;
#1910 = DIRECTION ( 'NONE',  ( -0.000000000000000000, -0.000000000000000000, 1.000000000000000000 ) ) ;
#1911 = ORIENTED_EDGE ( 'NONE', *, *, #1656, .T. ) ;
#1912 = AXIS2_PLACEMENT_3D ( 'NONE', #1706, #3489, #939 ) ;
#1913 = AXIS2_PLACEMENT_3D ( 'NONE', #288, #3060, #1058 ) ;
#1914 = LINE ( 'NONE', #2246, #3353 ) ;
#1915 = DIRECTION ( 'NONE',  ( 1.000000000000000000, 0.000000000000000000, 0.000000000000000000 ) ) ;
#1916 = CARTESIAN_POINT ( 'NONE',  ( 52.14000000000000057, -4.345920406328604417E-15, 7.500000000000000000 ) ) ;
#1917 = AXIS2_PLACEMENT_3D ( 'NONE', #3294, #3613, #3258 ) ;
#1918 = EDGE_CURVE ( 'NONE', #2939, #1168, #2346, .T. ) ;
#1919 = CARTESIAN_POINT ( 'NONE',  ( 22.50049140560457417, -2.000000000000000888, -2.200000000000000178 ) ) ;
#1920 = COLOUR_RGB ( '',0.7921568627450980005, 0.8196078431372548767, 0.9333333333333333481 ) ;
#1921 = ORIENTED_EDGE ( 'NONE', *, *, #1117, .F. ) ;
#1922 = CARTESIAN_POINT ( 'NONE',  ( 55.55314122155692758, 2.085777313547375833, -8.000000000000000000 ) ) ;
#1923 = EDGE_CURVE ( 'NONE', #2199, #1624, #3208, .T. ) ;
#1924 = CARTESIAN_POINT ( 'NONE',  ( 48.25828703720165436, -2.000000000000007105, 2.299999999999999378 ) ) ;
#1925 = ORIENTED_EDGE ( 'NONE', *, *, #1357, .F. ) ;
#1926 = ORIENTED_EDGE ( 'NONE', *, *, #3623, .F. ) ;
#1927 = EDGE_CURVE ( 'NONE', #664, #3556, #3147, .T. ) ;
#1928 = FACE_OUTER_BOUND ( 'NONE', #2981, .T. ) ;
#1929 = CARTESIAN_POINT ( 'NONE',  ( 7.958287489416090210, 5.667323904260573642, 7.500000000000000000 ) ) ;
#1930 = LINE ( 'NONE', #855, #2796 ) ;
#1931 = ORIENTED_EDGE ( 'NONE', *, *, #1413, .F. ) ;
#1932 = ORIENTED_EDGE ( 'NONE', *, *, #412, .T. ) ;
#1933 = CARTESIAN_POINT ( 'NONE',  ( 2.729660544970658798, 4.400000000000001243, 2.200000000000000178 ) ) ;
#1934 = DIRECTION ( 'NONE',  ( -0.000000000000000000, -0.000000000000000000, -1.000000000000000000 ) ) ;
#1935 = AXIS2_PLACEMENT_3D ( 'NONE', #825, #2814, #2547 ) ;
#1936 = AXIS2_PLACEMENT_3D ( 'NONE', #1596, #768, #170 ) ;
#1937 = CARTESIAN_POINT ( 'NONE',  ( 48.06184152795736253, 8.591200351342457964, -8.000000000000000000 ) ) ;
#1938 = CARTESIAN_POINT ( 'NONE',  ( 7.766731223238317661, 9.662734546095530064, 7.500000000000000000 ) ) ;
#1939 = ORIENTED_EDGE ( 'NONE', *, *, #1529, .T. ) ;
#1940 = DIRECTION ( 'NONE',  ( -0.000000000000000000, -0.000000000000000000, 1.000000000000000000 ) ) ;
#1941 = LINE ( 'NONE', #1924, #78 ) ;
#1942 = EDGE_LOOP ( 'NONE', ( #3293, #2718, #2659, #329 ) ) ;
#1943 = ADVANCED_FACE ( 'NONE', ( #2308 ), #2866, .F. ) ;
#1944 = DIRECTION ( 'NONE',  ( -0.000000000000000000, -0.000000000000000000, 1.000000000000000000 ) ) ;
#1945 = CARTESIAN_POINT ( 'NONE',  ( 44.13144481997665025, 7.187741556283238964, 2.200000000000000178 ) ) ;
#1946 = CARTESIAN_POINT ( 'NONE',  ( 24.00049140560457772, -2.000000000000000888, 0.7000000000000000666 ) ) ;
#1947 = ORIENTED_EDGE ( 'NONE', *, *, #662, .F. ) ;
#1948 = CARTESIAN_POINT ( 'NONE',  ( 8.738421351847287966, -15.39943706616431918, -2.200000000000000178 ) ) ;
#1949 = CARTESIAN_POINT ( 'NONE',  ( 52.14000000000000057, -4.345920406328604417E-15, -6.599999999999999645 ) ) ;
#1950 = CYLINDRICAL_SURFACE ( 'NONE', #2161, 3.024999999999999911 ) ;
#1951 = CARTESIAN_POINT ( 'NONE',  ( 3.458287489416092431, 3.500000000000000000, 8.000000000000000000 ) ) ;
#1952 = VECTOR ( 'NONE', #3409, 1000.000000000000000 ) ;
#1953 = ORIENTED_EDGE ( 'NONE', *, *, #2295, .F. ) ;
#1954 = ORIENTED_EDGE ( 'NONE', *, *, #2643, .F. ) ;
#1955 = FACE_BOUND ( 'NONE', #1605, .T. ) ;
#1956 = TOROIDAL_SURFACE ( 'NONE', #3206, 1.474999999999999423, 0.5000000000000000000 ) ;
#1957 = DIRECTION ( 'NONE',  ( -1.000000000000000000, 0.000000000000000000, 0.000000000000000000 ) ) ;
#1958 = AXIS2_PLACEMENT_3D ( 'NONE', #2159, #1360, #3047 ) ;
#1959 = EDGE_CURVE ( 'NONE', #2722, #171, #3230, .T. ) ;
#1960 = PLANE ( 'NONE',  #2264 ) ;
#1961 = DIRECTION ( 'NONE',  ( -0.000000000000000000, -0.000000000000000000, -1.000000000000000000 ) ) ;
#1962 = EDGE_CURVE ( 'NONE', #2965, #914, #1213, .T. ) ;
#1963 = CARTESIAN_POINT ( 'NONE',  ( 46.12501084212602365, -2.000000000000000888, 2.199999999999999734 ) ) ;
#1964 = VERTEX_POINT ( 'NONE', #2091 ) ;
#1965 = LINE ( 'NONE', #1948, #1334 ) ;
#1966 = CYLINDRICAL_SURFACE ( 'NONE', #1971, 3.024999999999999911 ) ;
#1967 = EDGE_CURVE ( 'NONE', #1719, #1338, #1815, .T. ) ;
#1968 = DIRECTION ( 'NONE',  ( -0.04788906654444346350, 0.9988526604587395497, 0.000000000000000000 ) ) ;
#1969 = AXIS2_PLACEMENT_3D ( 'NONE', #2493, #1944, #1350 ) ;
#1970 = CARTESIAN_POINT ( 'NONE',  ( 0.000000000000000000, -3.500000000000000888, 7.500000000000000000 ) ) ;
#1971 = AXIS2_PLACEMENT_3D ( 'NONE', #609, #1152, #3078 ) ;
#1972 = ORIENTED_EDGE ( 'NONE', *, *, #3623, .T. ) ;
#1973 = CARTESIAN_POINT ( 'NONE',  ( 3.458287489416092431, 4.000000000000000000, -8.000000000000000000 ) ) ;
#1974 = CONICAL_SURFACE ( 'NONE', #2390, 3.024999999999999911, 0.7853981633974541632 ) ;
#1975 = LINE ( 'NONE', #3109, #1896 ) ;
#1976 = VECTOR ( 'NONE', #421, 1000.000000000000000 ) ;
#1977 = DIRECTION ( 'NONE',  ( -1.000000000000000000, 1.224646799147349509E-16, 0.000000000000000000 ) ) ;
#1978 = DIRECTION ( 'NONE',  ( 0.000000000000000000, 1.000000000000000000, 0.000000000000000000 ) ) ;
#1979 = DIRECTION ( 'NONE',  ( -0.000000000000000000, -0.000000000000000000, -1.000000000000000000 ) ) ;
#1980 = CARTESIAN_POINT ( 'NONE',  ( 46.12501084212602365, -2.000000000000001332, -5.400000000000000355 ) ) ;
#1981 = VERTEX_POINT ( 'NONE', #959 ) ;
#1982 = AXIS2_PLACEMENT_3D ( 'NONE', #2521, #1079, #9 ) ;
#1983 = ORIENTED_EDGE ( 'NONE', *, *, #2941, .T. ) ;
#1984 = CARTESIAN_POINT ( 'NONE',  ( 3.948185437972715484, 4.400000000000001243, -4.517945522843342943 ) ) ;
#1985 = PLANE ( 'NONE',  #3408 ) ;
#1986 = CARTESIAN_POINT ( 'NONE',  ( 3.958287489416092431, 4.500000000000000888, 8.000000000000000000 ) ) ;
#1987 = EDGE_CURVE ( 'NONE', #2753, #539, #420, .T. ) ;
#1988 = CARTESIAN_POINT ( 'NONE',  ( 48.89222750274525708, -3.708263902859307848, -5.200000000000000178 ) ) ;
#1989 = EDGE_LOOP ( 'NONE', ( #3011, #2358, #30, #3560 ) ) ;
#1990 = DIRECTION ( 'NONE',  ( -1.000000000000000000, -0.000000000000000000, -0.000000000000000000 ) ) ;
#1991 = AXIS2_PLACEMENT_3D ( 'NONE', #2530, #2256, #287 ) ;
#1992 = CARTESIAN_POINT ( 'NONE',  ( 52.14000000000000057, -4.345920406328604417E-15, -7.500000000000000000 ) ) ;
#1993 = CARTESIAN_POINT ( 'NONE',  ( 55.16499999999999915, -3.975464749586530436E-15, 6.599999999999999645 ) ) ;
#1994 = CARTESIAN_POINT ( 'NONE',  ( -3.025000000000001243, 0.000000000000000000, 6.600000000000000533 ) ) ;
#1995 = DIRECTION ( 'NONE',  ( 1.000000000000000000, 0.000000000000000000, 0.000000000000000000 ) ) ;
#1996 = ORIENTED_EDGE ( 'NONE', *, *, #599, .T. ) ;
#1997 = ORIENTED_EDGE ( 'NONE', *, *, #692, .F. ) ;
#1998 = CARTESIAN_POINT ( 'NONE',  ( 49.00049140560457772, -2.000000000000000888, 2.200000000000000178 ) ) ;
#1999 = CARTESIAN_POINT ( 'NONE',  ( 52.14000000000000057, -4.000000000000005329, 5.200000000000000178 ) ) ;
#2000 = LINE ( 'NONE', #2081, #2934 ) ;
#2001 = EDGE_CURVE ( 'NONE', #1457, #2674, #813, .T. ) ;
#2002 = VERTEX_POINT ( 'NONE', #3407 ) ;
#2003 = ADVANCED_FACE ( 'NONE', ( #2501 ), #2232, .F. ) ;
#2004 = DIRECTION ( 'NONE',  ( 1.000000000000000000, 0.000000000000000000, 0.000000000000000000 ) ) ;
#2005 = ORIENTED_EDGE ( 'NONE', *, *, #1229, .T. ) ;
#2006 = AXIS2_PLACEMENT_3D ( 'NONE', #974, #414, #723 ) ;
#2007 = EDGE_CURVE ( 'NONE', #3318, #3551, #1061, .T. ) ;
#2008 = CYLINDRICAL_SURFACE ( 'NONE', #2254, 5.499999999999976907 ) ;
#2009 = VECTOR ( 'NONE', #3053, 1000.000000000000000 ) ;
#2010 = DIRECTION ( 'NONE',  ( 0.000000000000000000, 0.000000000000000000, 1.000000000000000000 ) ) ;
#2011 = DIRECTION ( 'NONE',  ( -2.977001517945642039E-43, -1.000000000000000000, 0.000000000000000000 ) ) ;
#2012 = CARTESIAN_POINT ( 'NONE',  ( 0.000000000000000000, 0.000000000000000000, 7.500000000000000000 ) ) ;
#2013 = CIRCLE ( 'NONE', #2787, 4.000000000000003553 ) ;
#2014 = ORIENTED_EDGE ( 'NONE', *, *, #2177, .F. ) ;
#2015 = ORIENTED_EDGE ( 'NONE', *, *, #2964, .T. ) ;
#2016 = ORIENTED_EDGE ( 'NONE', *, *, #1337, .T. ) ;
#2017 = CARTESIAN_POINT ( 'NONE',  ( 52.14000000000000057, -4.345920406328604417E-15, 5.200000000000000178 ) ) ;
#2018 = DIRECTION ( 'NONE',  ( -0.000000000000000000, 1.000000000000000000, -0.000000000000000000 ) ) ;
#2019 = CARTESIAN_POINT ( 'NONE',  ( -0.9749999999999999778, 1.194030629168669322E-16, 6.600000000000001421 ) ) ;
#2020 = CIRCLE ( 'NONE', #565, 3.500000000000003109 ) ;
#2021 = LINE ( 'NONE', #3392, #1892 ) ;
#2022 = VERTEX_POINT ( 'NONE', #3372 ) ;
#2023 = TOROIDAL_SURFACE ( 'NONE', #508, 2.500000000000001776, 0.5000000000000000000 ) ;
#2024 = CARTESIAN_POINT ( 'NONE',  ( 47.94211886159624925, 11.08833200248930773, 7.500000000000000000 ) ) ;
#2025 = CIRCLE ( 'NONE', #2747, 1.474999999999999867 ) ;
#2026 = ORIENTED_EDGE ( 'NONE', *, *, #1465, .T. ) ;
#2027 = ORIENTED_EDGE ( 'NONE', *, *, #1962, .T. ) ;
#2028 = ADVANCED_FACE ( 'NONE', ( #3120 ), #831, .T. ) ;
#2029 = DIRECTION ( 'NONE',  ( 0.000000000000000000, -1.000000000000000000, 0.000000000000000000 ) ) ;
#2030 = VECTOR ( 'NONE', #2018, 1000.000000000000000 ) ;
#2031 = CARTESIAN_POINT ( 'NONE',  ( 46.12501084212602365, -2.000000000000001332, -5.400000000000000355 ) ) ;
#2032 = CARTESIAN_POINT ( 'NONE',  ( 43.78994010404512949, 5.279882440875892868, 2.200000000000000178 ) ) ;
#2033 = AXIS2_PLACEMENT_3D ( 'NONE', #522, #3117, #590 ) ;
#2034 = ORIENTED_EDGE ( 'NONE', *, *, #2937, .T. ) ;
#2035 = EDGE_LOOP ( 'NONE', ( #657, #582, #963, #1839 ) ) ;
#2036 = DIRECTION ( 'NONE',  ( -1.000000000000000000, 0.000000000000000000, 2.532443030623078566E-16 ) ) ;
#2037 = FILL_AREA_STYLE_COLOUR ( '', #1920 ) ;
#2038 = EDGE_LOOP ( 'NONE', ( #1818, #2055 ) ) ;
#2039 = CARTESIAN_POINT ( 'NONE',  ( 51.16499999999999915, -4.226517343411737806E-15, -7.500000000000000000 ) ) ;
#2040 = ADVANCED_FACE ( 'NONE', ( #1134 ), #700, .T. ) ;
#2041 = VECTOR ( 'NONE', #2944, 1000.000000000000000 ) ;
#2042 = CYLINDRICAL_SURFACE ( 'NONE', #2560, 3.500000000000003109 ) ;
#2043 = VECTOR ( 'NONE', #2298, 1000.000000000000000 ) ;
#2044 = CARTESIAN_POINT ( 'NONE',  ( 0.000000000000000000, 0.000000000000000000, -8.000000000000000000 ) ) ;
#2045 = ORIENTED_EDGE ( 'NONE', *, *, #2591, .F. ) ;
#2046 = VERTEX_POINT ( 'NONE', #593 ) ;
#2047 = CARTESIAN_POINT ( 'NONE',  ( 49.11500000000000199, -3.975464749586530436E-15, -5.600000000000006750 ) ) ;
#2048 = ORIENTED_EDGE ( 'NONE', *, *, #533, .F. ) ;
#2049 = VERTEX_POINT ( 'NONE', #2263 ) ;
#2050 = FACE_OUTER_BOUND ( 'NONE', #2035, .T. ) ;
#2051 = LINE ( 'NONE', #2031, #2577 ) ;
#2052 = CARTESIAN_POINT ( 'NONE',  ( 3.458287489416092431, 4.500000000000000888, -8.000000000000000000 ) ) ;
#2053 = ADVANCED_FACE ( 'NONE', ( #1359 ), #2820, .T. ) ;
#2054 = EDGE_LOOP ( 'NONE', ( #647, #726, #3620, #2858, #476 ) ) ;
#2055 = ORIENTED_EDGE ( 'NONE', *, *, #2437, .T. ) ;
#2056 = PLANE ( 'NONE',  #2393 ) ;
#2057 = CARTESIAN_POINT ( 'NONE',  ( 7.582114294781146846, 2.921585889185336793, -5.400000000000000355 ) ) ;
#2058 = DIRECTION ( 'NONE',  ( 0.5214443283868420709, -0.8532853053892323070, 0.000000000000000000 ) ) ;
#2059 = ADVANCED_FACE ( 'NONE', ( #2194 ), #1950, .F. ) ;
#2060 = DIRECTION ( 'NONE',  ( 1.000000000000000000, 0.000000000000000000, -0.000000000000000000 ) ) ;
#2061 = FACE_OUTER_BOUND ( 'NONE', #1531, .T. ) ;
#2062 = ORIENTED_EDGE ( 'NONE', *, *, #1785, .F. ) ;
#2063 = CARTESIAN_POINT ( 'NONE',  ( 52.14000000000000057, -4.345920406328604417E-15, 8.000000000000000000 ) ) ;
#2064 = EDGE_LOOP ( 'NONE', ( #490, #3458, #1845, #1253 ) ) ;
#2065 = VERTEX_POINT ( 'NONE', #3080 ) ;
#2066 = CIRCLE ( 'NONE', #549, 3.024999999999999911 ) ;
#2067 = FACE_OUTER_BOUND ( 'NONE', #3175, .T. ) ;
#2068 = DIRECTION ( 'NONE',  ( 0.000000000000000000, -1.000000000000000000, 0.000000000000000000 ) ) ;
#2069 = DIRECTION ( 'NONE',  ( 1.000000000000000000, 0.000000000000000000, 0.000000000000000000 ) ) ;
#2070 = EDGE_CURVE ( 'NONE', #1533, #2150, #3414, .T. ) ;
#2071 = CARTESIAN_POINT ( 'NONE',  ( 50.60374229506292920, 10.18454290402474172, -5.200000000000000178 ) ) ;
#2072 = EDGE_CURVE ( 'NONE', #1761, #2625, #3100, .T. ) ;
#2073 = ORIENTED_EDGE ( 'NONE', *, *, #1141, .F. ) ;
#2074 = ORIENTED_EDGE ( 'NONE', *, *, #327, .T. ) ;
#2075 = ORIENTED_EDGE ( 'NONE', *, *, #2196, .F. ) ;
#2076 = DIRECTION ( 'NONE',  ( -0.000000000000000000, -1.000000000000000000, -0.000000000000000000 ) ) ;
#2077 = ADVANCED_FACE ( 'NONE', ( #578 ), #3599, .T. ) ;
#2078 = CARTESIAN_POINT ( 'NONE',  ( 50.66499999999999915, -4.165285003454370232E-15, 7.500000000000000000 ) ) ;
#2079 = VECTOR ( 'NONE', #1365, 1000.000000000000000 ) ;
#2080 = ORIENTED_EDGE ( 'NONE', *, *, #1831, .F. ) ;
#2081 = CARTESIAN_POINT ( 'NONE',  ( -3.025000000000001243, 3.704556567420743261E-16, -5.599999999999993427 ) ) ;
#2082 = CIRCLE ( 'NONE', #2544, 1.500000000000000444 ) ;
#2083 = EDGE_CURVE ( 'NONE', #2552, #347, #1642, .T. ) ;
#2084 = DIRECTION ( 'NONE',  ( 0.000000000000000000, 0.000000000000000000, -1.000000000000000000 ) ) ;
#2085 = DIRECTION ( 'NONE',  ( -0.000000000000000000, -0.000000000000000000, -1.000000000000000000 ) ) ;
#2086 = CARTESIAN_POINT ( 'NONE',  ( 49.28994010404510817, 5.279882440875892868, -5.400000000000000355 ) ) ;
#2087 = AXIS2_PLACEMENT_3D ( 'NONE', #185, #3001, #1261 ) ;
#2088 = ORIENTED_EDGE ( 'NONE', *, *, #1444, .T. ) ;
#2089 = ORIENTED_EDGE ( 'NONE', *, *, #595, .F. ) ;
#2090 = DIRECTION ( 'NONE',  ( 1.000000000000000000, 0.000000000000000000, 0.000000000000000000 ) ) ;
#2091 = CARTESIAN_POINT ( 'NONE',  ( 46.00860221814055251, 4.062170784313706484, 5.200000000000000178 ) ) ;
#2092 = AXIS2_PLACEMENT_3D ( 'NONE', #471, #3265, #1868 ) ;
#2093 = DIRECTION ( 'NONE',  ( -1.000000000000000000, -1.350228159821300116E-16, -0.000000000000000000 ) ) ;
#2094 = EDGE_LOOP ( 'NONE', ( #2294, #717, #1311, #2415 ) ) ;
#2095 = ORIENTED_EDGE ( 'NONE', *, *, #371, .F. ) ;
#2096 = AXIS2_PLACEMENT_3D ( 'NONE', #634, #2316, #912 ) ;
#2097 = EDGE_LOOP ( 'NONE', ( #905, #1899, #607, #3542 ) ) ;
#2098 = CARTESIAN_POINT ( 'NONE',  ( 51.16499999999999915, -4.226517343411737806E-15, -8.000000000000000000 ) ) ;
#2099 = CARTESIAN_POINT ( 'NONE',  ( 48.60049140560456493, -4.000000000000000888, -5.200000000000000178 ) ) ;
#2100 = CARTESIAN_POINT ( 'NONE',  ( 3.948185437972715484, 4.400000000000001243, 4.517945522843342943 ) ) ;
#2101 = DIRECTION ( 'NONE',  ( -0.5214443283868435142, 0.8532853053892311967, 0.000000000000000000 ) ) ;
#2102 = AXIS2_PLACEMENT_3D ( 'NONE', #1057, #1542, #2670 ) ;
#2103 = AXIS2_PLACEMENT_3D ( 'NONE', #2279, #3421, #875 ) ;
#2104 = CARTESIAN_POINT ( 'NONE',  ( 49.28994010404510817, 5.279882440875892868, 5.400000000000000355 ) ) ;
#2105 = FACE_OUTER_BOUND ( 'NONE', #1770, .T. ) ;
#2106 = EDGE_CURVE ( 'NONE', #2352, #3318, #1116, .T. ) ;
#2107 = AXIS2_PLACEMENT_3D ( 'NONE', #1916, #3352, #2834 ) ;
#2108 = CARTESIAN_POINT ( 'NONE',  ( 3.954868973806354493, 4.432742504939980677, -4.512104850635340725 ) ) ;
#2109 = ORIENTED_EDGE ( 'NONE', *, *, #2733, .T. ) ;
#2110 = VERTEX_POINT ( 'NONE', #241 ) ;
#2111 = DIRECTION ( 'NONE',  ( 0.000000000000000000, 0.000000000000000000, 1.000000000000000000 ) ) ;
#2112 = AXIS2_PLACEMENT_3D ( 'NONE', #872, #3434, #623 ) ;
#2113 = CARTESIAN_POINT ( 'NONE',  ( 48.95151308287940140, 9.174862382812488448, 2.200000000000000178 ) ) ;
#2114 = ADVANCED_FACE ( 'NONE', ( #2213 ), #2248, .T. ) ;
#2115 = ORIENTED_EDGE ( 'NONE', *, *, #2716, .F. ) ;
#2116 = ORIENTED_EDGE ( 'NONE', *, *, #3023, .F. ) ;
#2117 = DIRECTION ( 'NONE',  ( 0.3479176161606249429, -0.9375251102584442053, 0.000000000000000000 ) ) ;
#2118 = DIRECTION ( 'NONE',  ( 0.000000000000000000, 1.000000000000000000, -0.000000000000000000 ) ) ;
#2119 = FACE_OUTER_BOUND ( 'NONE', #1260, .T. ) ;
#2120 = ORIENTED_EDGE ( 'NONE', *, *, #1489, .T. ) ;
#2121 = DIRECTION ( 'NONE',  ( 0.000000000000000000, 0.000000000000000000, 1.000000000000000000 ) ) ;
#2122 = CARTESIAN_POINT ( 'NONE',  ( 47.46488495469115776, 8.266381009738202224, 5.200000000000000178 ) ) ;
#2123 = EDGE_CURVE ( 'NONE', #2923, #2694, #580, .T. ) ;
#2124 = DIRECTION ( 'NONE',  ( 0.000000000000000000, 0.000000000000000000, -1.000000000000000000 ) ) ;
#2125 = ORIENTED_EDGE ( 'NONE', *, *, #46, .T. ) ;
#2126 = VERTEX_POINT ( 'NONE', #2039 ) ;
#2127 = CARTESIAN_POINT ( 'NONE',  ( 48.06184152795736253, 8.591200351342457964, -7.500000000000000000 ) ) ;
#2128 = EDGE_CURVE ( 'NONE', #88, #1817, #3425, .T. ) ;
#2129 = CARTESIAN_POINT ( 'NONE',  ( 0.000000000000000000, 4.000000000000000000, -8.000000000000000000 ) ) ;
#2130 = DIRECTION ( 'NONE',  ( 1.000000000000000000, -0.000000000000000000, 0.000000000000000000 ) ) ;
#2131 = ORIENTED_EDGE ( 'NONE', *, *, #2754, .F. ) ;
#2132 = ORIENTED_EDGE ( 'NONE', *, *, #3546, .F. ) ;
#2133 = DIRECTION ( 'NONE',  ( -0.000000000000000000, -0.000000000000000000, -1.000000000000000000 ) ) ;
#2134 = CARTESIAN_POINT ( 'NONE',  ( -1.040834085586084257E-14, 4.400000000000000355, 5.200000000000000178 ) ) ;
#2135 = CARTESIAN_POINT ( 'NONE',  ( 52.14000000000000057, -3.500000000000000888, 8.000000000000000000 ) ) ;
#2136 = AXIS2_PLACEMENT_3D ( 'NONE', #2538, #1733, #895 ) ;
#2137 = CIRCLE ( 'NONE', #1247, 3.499999999999997780 ) ;
#2138 = CARTESIAN_POINT ( 'NONE',  ( 51.16499999999999915, -4.226517343411737806E-15, 6.599999999999999645 ) ) ;
#2139 = DIRECTION ( 'NONE',  ( -0.000000000000000000, -0.000000000000000000, 1.000000000000000000 ) ) ;
#2140 = AXIS2_PLACEMENT_3D ( 'NONE', #1722, #50, #319 ) ;
#2141 = CYLINDRICAL_SURFACE ( 'NONE', #1069, 5.499999999999976907 ) ;
#2142 = ORIENTED_EDGE ( 'NONE', *, *, #3485, .F. ) ;
#2143 = ORIENTED_EDGE ( 'NONE', *, *, #2007, .T. ) ;
#2144 = DIRECTION ( 'NONE',  ( -2.977001517945642039E-43, -1.000000000000000000, 6.718616533275050369E-59 ) ) ;
#2145 = LINE ( 'NONE', #1589, #3044 ) ;
#2146 = DIRECTION ( 'NONE',  ( 1.000000000000000000, 0.000000000000000000, 0.000000000000000000 ) ) ;
#2147 = CIRCLE ( 'NONE', #2494, 1.474999999999999867 ) ;
#2148 = ORIENTED_EDGE ( 'NONE', *, *, #1632, .T. ) ;
#2149 = EDGE_CURVE ( 'NONE', #2965, #111, #2000, .T. ) ;
#2150 = VERTEX_POINT ( 'NONE', #1783 ) ;
#2151 = DIRECTION ( 'NONE',  ( 1.000000000000000000, 0.000000000000000000, 0.000000000000000000 ) ) ;
#2152 = VECTOR ( 'NONE', #1940, 1000.000000000000000 ) ;
#2153 = DIRECTION ( 'NONE',  ( -1.000000000000000000, -0.000000000000000000, -0.000000000000000000 ) ) ;
#2154 = CARTESIAN_POINT ( 'NONE',  ( 52.14000000000000057, -4.345920406328604417E-15, 6.599999999999999645 ) ) ;
#2155 = AXIS2_PLACEMENT_3D ( 'NONE', #789, #225, #1598 ) ;
#2156 = DIRECTION ( 'NONE',  ( 0.8532853053892337503, 0.5214443283868394063, 0.000000000000000000 ) ) ;
#2157 = CIRCLE ( 'NONE', #2926, 1.000000000000000444 ) ;
#2158 = CIRCLE ( 'NONE', #1153, 175.2599999999999625 ) ;
#2159 = CARTESIAN_POINT ( 'NONE',  ( 52.14000000000000057, -4.345920406328604417E-15, 5.600000000000014744 ) ) ;
#2160 = ORIENTED_EDGE ( 'NONE', *, *, #1307, .T. ) ;
#2161 = AXIS2_PLACEMENT_3D ( 'NONE', #790, #3042, #863 ) ;
#2162 = ADVANCED_FACE ( 'NONE', ( #2335 ), #668, .F. ) ;
#2163 = ORIENTED_EDGE ( 'NONE', *, *, #3057, .F. ) ;
#2164 = AXIS2_PLACEMENT_3D ( 'NONE', #91, #1203, #1780 ) ;
#2165 = CARTESIAN_POINT ( 'NONE',  ( 1.273632671113246685E-15, 4.400000000000000355, -5.200000000000000178 ) ) ;
#2166 = DIRECTION ( 'NONE',  ( -0.8532853053892311967, -0.5214443283868436252, -0.000000000000000000 ) ) ;
#2167 = ORIENTED_EDGE ( 'NONE', *, *, #538, .F. ) ;
#2168 = EDGE_LOOP ( 'NONE', ( #406, #307, #1330, #3119 ) ) ;
#2169 = EDGE_CURVE ( 'NONE', #2049, #3590, #389, .T. ) ;
#2170 = ORIENTED_EDGE ( 'NONE', *, *, #3292, .T. ) ;
#2171 = DIRECTION ( 'NONE',  ( 0.000000000000000000, 0.000000000000000000, 1.000000000000000000 ) ) ;
#2172 = CARTESIAN_POINT ( 'NONE',  ( 22.50049140560457417, -2.000000000000004441, -2.200000000000000178 ) ) ;
#2173 = ADVANCED_FACE ( 'NONE', ( #94 ), #3481, .F. ) ;
#2174 = DIRECTION ( 'NONE',  ( 0.000000000000000000, 0.000000000000000000, -1.000000000000000000 ) ) ;
#2175 = ORIENTED_EDGE ( 'NONE', *, *, #2941, .F. ) ;
#2176 = DIRECTION ( 'NONE',  ( 0.000000000000000000, 0.000000000000000000, -1.000000000000000000 ) ) ;
#2177 = EDGE_CURVE ( 'NONE', #1010, #2475, #2854, .T. ) ;
#2178 = EDGE_CURVE ( 'NONE', #2899, #2910, #686, .T. ) ;
#2179 = LINE ( 'NONE', #2769, #2607 ) ;
#2180 = ORIENTED_EDGE ( 'NONE', *, *, #150, .T. ) ;
#2181 = EDGE_LOOP ( 'NONE', ( #713, #441, #2420, #1032 ) ) ;
#2182 = DIRECTION ( 'NONE',  ( -0.000000000000000000, 1.000000000000000000, -0.000000000000000000 ) ) ;
#2183 = DIRECTION ( 'NONE',  ( 2.977001517945642039E-43, 1.000000000000000000, -6.718616533275052138E-59 ) ) ;
#2184 = VERTEX_POINT ( 'NONE', #2593 ) ;
#2185 = ORIENTED_EDGE ( 'NONE', *, *, #864, .F. ) ;
#2186 = FACE_BOUND ( 'NONE', #749, .T. ) ;
#2187 = ADVANCED_FACE ( 'NONE', ( #2353 ), #3238, .F. ) ;
#2188 = CARTESIAN_POINT ( 'NONE',  ( 2.500681100491073166E-42, 4.400000000000000355, 5.233300849860817998E-34 ) ) ;
#2189 = DIRECTION ( 'NONE',  ( 0.000000000000000000, 0.000000000000000000, 1.000000000000000000 ) ) ;
#2190 = EDGE_CURVE ( 'NONE', #160, #2489, #370, .T. ) ;
#2191 = CARTESIAN_POINT ( 'NONE',  ( 5.582114294781146846, -4.000000000000007105, -2.200000000000000178 ) ) ;
#2192 = CARTESIAN_POINT ( 'NONE',  ( 49.28994010404510817, 5.279882440875892868, -2.200000000000000622 ) ) ;
#2193 = AXIS2_PLACEMENT_3D ( 'NONE', #596, #2249, #3445 ) ;
#2194 = FACE_OUTER_BOUND ( 'NONE', #2168, .T. ) ;
#2195 = CIRCLE ( 'NONE', #136, 3.024999999999999911 ) ;
#2196 = EDGE_CURVE ( 'NONE', #1657, #2719, #74, .T. ) ;
#2197 = CIRCLE ( 'NONE', #728, 0.5000000000000008882 ) ;
#2198 = LINE ( 'NONE', #543, #3629 ) ;
#2199 = VERTEX_POINT ( 'NONE', #2614 ) ;
#2200 = AXIS2_PLACEMENT_3D ( 'NONE', #2897, #374, #429 ) ;
#2201 = CARTESIAN_POINT ( 'NONE',  ( 24.00049140560457772, -4.000000000000000888, 2.199999999999997069 ) ) ;
#2202 = LINE ( 'NONE', #1067, #2009 ) ;
#2203 = ORIENTED_EDGE ( 'NONE', *, *, #37, .T. ) ;
#2204 = EDGE_LOOP ( 'NONE', ( #890, #3411, #2924, #648 ) ) ;
#2205 = LINE ( 'NONE', #3378, #1432 ) ;
#2206 = LINE ( 'NONE', #2794, #3482 ) ;
#2207 = CIRCLE ( 'NONE', #2795, 3.500000000000003109 ) ;
#2208 = FACE_OUTER_BOUND ( 'NONE', #1572, .T. ) ;
#2209 = ORIENTED_EDGE ( 'NONE', *, *, #1851, .T. ) ;
#2210 = AXIS2_PLACEMENT_3D ( 'NONE', #2127, #2111, #3250 ) ;
#2211 = CARTESIAN_POINT ( 'NONE',  ( 45.78994010404510817, 5.279882440875892868, 5.200000000000000178 ) ) ;
#2212 = PLANE ( 'NONE',  #1445 ) ;
#2213 = FACE_OUTER_BOUND ( 'NONE', #3226, .T. ) ;
#2214 = CIRCLE ( 'NONE', #97, 3.024999999999999911 ) ;
#2215 = VECTOR ( 'NONE', #292, 1000.000000000000114 ) ;
#2216 = ADVANCED_FACE ( 'NONE', ( #1187 ), #637, .F. ) ;
#2217 = LINE ( 'NONE', #1919, #81 ) ;
#2218 = CIRCLE ( 'NONE', #457, 3.424999999999996714 ) ;
#2219 = ORIENTED_EDGE ( 'NONE', *, *, #2594, .F. ) ;
#2220 = ORIENTED_EDGE ( 'NONE', *, *, #1766, .T. ) ;
#2221 = PLANE ( 'NONE',  #3277 ) ;
#2222 = LINE ( 'NONE', #493, #1545 ) ;
#2223 = VECTOR ( 'NONE', #948, 1000.000000000000000 ) ;
#2224 = VERTEX_POINT ( 'NONE', #878 ) ;
#2225 = CIRCLE ( 'NONE', #638, 3.024999999999999911 ) ;
#2226 = CARTESIAN_POINT ( 'NONE',  ( 52.14000000000000057, -4.000000000000005329, -5.200000000000000178 ) ) ;
#2227 = CARTESIAN_POINT ( 'NONE',  ( 43.91061364692284030, 9.715569391309669456, -2.200000000000000178 ) ) ;
#2228 = DIRECTION ( 'NONE',  ( 0.000000000000000000, 0.000000000000000000, 1.000000000000000000 ) ) ;
#2229 = EDGE_LOOP ( 'NONE', ( #1417, #2735, #2410, #252, #756, #2116, #2026, #681, #996, #2287, #1911, #2473, #2904, #83, #750, #943, #3471, #1846, #956, #2930 ) ) ;
#2230 = CARTESIAN_POINT ( 'NONE',  ( -1.185846126156020167E-17, -3.500000000000000000, -7.500000000000000000 ) ) ;
#2231 = DIRECTION ( 'NONE',  ( 0.000000000000000000, 0.000000000000000000, 1.000000000000000000 ) ) ;
#2232 = CYLINDRICAL_SURFACE ( 'NONE', #3046, 3.500000000000003109 ) ;
#2234 = EDGE_CURVE ( 'NONE', #3551, #677, #3136, .T. ) ;
#2233 = LINE ( 'NONE', #795, #2371 ) ;
#2235 = EDGE_LOOP ( 'NONE', ( #1223, #2850, #358, #3576 ) ) ;
#2236 = ADVANCED_FACE ( 'NONE', ( #1731 ), #332, .F. ) ;
#2237 = CARTESIAN_POINT ( 'NONE',  ( 55.16499999999999915, -4.345920406328604417E-15, -5.600000000000006750 ) ) ;
#2238 = LINE ( 'NONE', #3247, #396 ) ;
#2239 = DIRECTION ( 'NONE',  ( 0.000000000000000000, 0.000000000000000000, 1.000000000000000000 ) ) ;
#2240 = EDGE_CURVE ( 'NONE', #1694, #3535, #1098, .T. ) ;
#2241 = CARTESIAN_POINT ( 'NONE',  ( 46.12501084212602365, -2.000000000000001332, 5.400000000000000355 ) ) ;
#2242 = DIRECTION ( 'NONE',  ( -0.000000000000000000, -0.000000000000000000, -1.000000000000000000 ) ) ;
#2243 = DIRECTION ( 'NONE',  ( 0.000000000000000000, 0.000000000000000000, 1.000000000000000000 ) ) ;
#2244 = ORIENTED_EDGE ( 'NONE', *, *, #3499, .T. ) ;
#2245 = ORIENTED_EDGE ( 'NONE', *, *, #1217, .T. ) ;
#2246 = CARTESIAN_POINT ( 'NONE',  ( 7.582114294781146846, -2.000000000000006661, 5.400000000000000355 ) ) ;
#2247 = DIRECTION ( 'NONE',  ( 1.000000000000000000, -1.381365446071397979E-15, -0.000000000000000000 ) ) ;
#2248 = CYLINDRICAL_SURFACE ( 'NONE', #915, 3.000000000000002665 ) ;
#2249 = DIRECTION ( 'NONE',  ( 0.000000000000000000, -1.000000000000000000, 0.000000000000000000 ) ) ;
#2250 = VERTEX_POINT ( 'NONE', #60 ) ;
#2251 = CARTESIAN_POINT ( 'NONE',  ( 49.28994010404510817, 5.279882440875892868, -5.400000000000000355 ) ) ;
#2252 = CIRCLE ( 'NONE', #431, 0.9749999999999999778 ) ;
#2253 = DIRECTION ( 'NONE',  ( -1.000000000000000000, 0.000000000000000000, 0.000000000000000000 ) ) ;
#2254 = AXIS2_PLACEMENT_3D ( 'NONE', #1176, #32, #1755 ) ;
#2255 = DIRECTION ( 'NONE',  ( 1.000000000000000000, 0.000000000000000000, 0.000000000000000000 ) ) ;
#2256 = DIRECTION ( 'NONE',  ( 1.000000000000000000, 0.000000000000000000, 0.000000000000000000 ) ) ;
#2257 = FACE_OUTER_BOUND ( 'NONE', #2181, .T. ) ;
#2258 = DIRECTION ( 'NONE',  ( -1.000000000000000000, 0.000000000000000000, 0.000000000000000000 ) ) ;
#2259 = EDGE_CURVE ( 'NONE', #1500, #210, #1171, .T. ) ;
#2260 = ORIENTED_EDGE ( 'NONE', *, *, #3045, .F. ) ;
#2261 = LINE ( 'NONE', #1394, #2989 ) ;
#2262 = DIRECTION ( 'NONE',  ( 0.000000000000000000, 0.000000000000000000, -1.000000000000000000 ) ) ;
#2263 = CARTESIAN_POINT ( 'NONE',  ( 55.55314122155692758, 2.085777313547375833, 5.200000000000000178 ) ) ;
#2264 = AXIS2_PLACEMENT_3D ( 'NONE', #3071, #3058, #1690 ) ;
#2265 = AXIS2_PLACEMENT_3D ( 'NONE', #1902, #3029, #510 ) ;
#2266 = DIRECTION ( 'NONE',  ( 0.000000000000000000, 0.000000000000000000, 1.000000000000000000 ) ) ;
#2267 = CIRCLE ( 'NONE', #512, 0.5000000000000018874 ) ;
#2268 = VERTEX_POINT ( 'NONE', #2019 ) ;
#2269 = ORIENTED_EDGE ( 'NONE', *, *, #1720, .T. ) ;
#2270 = VECTOR ( 'NONE', #3518, 1000.000000000000000 ) ;
#2271 = DIRECTION ( 'NONE',  ( -0.5214443283868438472, 0.8532853053892310857, 0.000000000000000000 ) ) ;
#2272 = AXIS2_PLACEMENT_3D ( 'NONE', #3194, #2891, #407 ) ;
#2273 = DIRECTION ( 'NONE',  ( 1.000000000000000000, 0.000000000000000000, 0.000000000000000000 ) ) ;
#2274 = CARTESIAN_POINT ( 'NONE',  ( 3.024999999999998579, 0.000000000000000000, -6.600000000000000533 ) ) ;
#2275 = DIRECTION ( 'NONE',  ( 1.350228159821300363E-16, -1.000000000000000000, 0.000000000000000000 ) ) ;
#2276 = ORIENTED_EDGE ( 'NONE', *, *, #3571, .T. ) ;
#2277 = AXIS2_PLACEMENT_3D ( 'NONE', #344, #1460, #3455 ) ;
#2278 = ORIENTED_EDGE ( 'NONE', *, *, #1376, .F. ) ;
#2279 = CARTESIAN_POINT ( 'NONE',  ( 16.50000000000000000, -5.566772252322746972, 3.700000000000000178 ) ) ;
#2280 = ADVANCED_FACE ( 'NONE', ( #2315 ), #3461, .T. ) ;
#2281 = FACE_OUTER_BOUND ( 'NONE', #3640, .T. ) ;
#2282 = DIRECTION ( 'NONE',  ( -0.9988526604587394386, -0.04788906654444345656, 0.000000000000000000 ) ) ;
#2283 = EDGE_CURVE ( 'NONE', #2046, #2878, #3273, .T. ) ;
#2284 = AXIS2_PLACEMENT_3D ( 'NONE', #2885, #660, #364 ) ;
#2285 = ADVANCED_FACE ( 'NONE', ( #2727 ), #2423, .F. ) ;
#2286 = CARTESIAN_POINT ( 'NONE',  ( 53.11499999999999488, -4.345920406328604417E-15, 6.599999999999999645 ) ) ;
#2287 = ORIENTED_EDGE ( 'NONE', *, *, #2643, .T. ) ;
#2288 = EDGE_LOOP ( 'NONE', ( #2631, #3612 ) ) ;
#2289 = EDGE_CURVE ( 'NONE', #3457, #962, #3290, .T. ) ;
#2290 = DIRECTION ( 'NONE',  ( 0.000000000000000000, -0.000000000000000000, -1.000000000000000000 ) ) ;
#2291 = LINE ( 'NONE', #2906, #320 ) ;
#2292 = CARTESIAN_POINT ( 'NONE',  ( 22.50049140560457417, -5.566772252322746972, 2.200000000000000178 ) ) ;
#2293 = DIRECTION ( 'NONE',  ( 0.000000000000000000, 0.000000000000000000, 1.000000000000000000 ) ) ;
#2294 = ORIENTED_EDGE ( 'NONE', *, *, #666, .F. ) ;
#2295 = EDGE_CURVE ( 'NONE', #1817, #2470, #1397, .T. ) ;
#2296 = CARTESIAN_POINT ( 'NONE',  ( 4.458287489416092875, 5.667323904260572753, -7.500000000000000000 ) ) ;
#2297 = DIRECTION ( 'NONE',  ( -1.000000000000000000, 1.224646799147349509E-16, 0.000000000000000000 ) ) ;
#2298 = DIRECTION ( 'NONE',  ( -0.000000000000000000, 1.000000000000000000, -0.000000000000000000 ) ) ;
#2299 = DIRECTION ( 'NONE',  ( 1.000000000000000000, 0.000000000000000000, -0.000000000000000000 ) ) ;
#2300 = EDGE_CURVE ( 'NONE', #183, #2562, #3179, .T. ) ;
#2301 = ORIENTED_EDGE ( 'NONE', *, *, #478, .F. ) ;
#2302 = ORIENTED_EDGE ( 'NONE', *, *, #1510, .F. ) ;
#2303 = AXIS2_PLACEMENT_3D ( 'NONE', #1970, #2837, #2578 ) ;
#2304 = LINE ( 'NONE', #1490, #1727 ) ;
#2305 = ORIENTED_EDGE ( 'NONE', *, *, #1403, .T. ) ;
#2306 = VERTEX_POINT ( 'NONE', #2135 ) ;
#2307 = DIRECTION ( 'NONE',  ( 0.3479176161606249429, -0.9375251102584442053, 0.000000000000000000 ) ) ;
#2308 = FACE_OUTER_BOUND ( 'NONE', #2859, .T. ) ;
#2309 = DIRECTION ( 'NONE',  ( 0.000000000000000000, 0.000000000000000000, -1.000000000000000000 ) ) ;
#2310 = CIRCLE ( 'NONE', #1367, 0.9749999999999999778 ) ;
#2311 = ORIENTED_EDGE ( 'NONE', *, *, #1512, .F. ) ;
#2312 = ORIENTED_EDGE ( 'NONE', *, *, #3240, .F. ) ;
#2313 = DIRECTION ( 'NONE',  ( 0.000000000000000000, 0.000000000000000000, -1.000000000000000000 ) ) ;
#2314 = LINE ( 'NONE', #2057, #1803 ) ;
#2315 = FACE_OUTER_BOUND ( 'NONE', #883, .T. ) ;
#2316 = DIRECTION ( 'NONE',  ( 0.000000000000000000, -1.000000000000000000, 0.000000000000000000 ) ) ;
#2317 = FACE_OUTER_BOUND ( 'NONE', #2598, .T. ) ;
#2318 = ORIENTED_EDGE ( 'NONE', *, *, #744, .T. ) ;
#2319 = CIRCLE ( 'NONE', #209, 1.474999999999999867 ) ;
#2320 = ADVANCED_FACE ( 'NONE', ( #201 ), #1822, .T. ) ;
#2321 = CARTESIAN_POINT ( 'NONE',  ( 3.958287489416092431, 5.667323904260572753, -8.000000000000000000 ) ) ;
#2322 = AXIS2_PLACEMENT_3D ( 'NONE', #2748, #1005, #188 ) ;
#2323 = APPLICATION_CONTEXT ( 'automotive_design' ) ;
#2324 = ORIENTED_EDGE ( 'NONE', *, *, #2737, .F. ) ;
#2325 = EDGE_LOOP ( 'NONE', ( #1243, #1499, #1812, #1372 ) ) ;
#2326 = DIRECTION ( 'NONE',  ( 1.000000000000000000, 0.000000000000000000, 0.000000000000000000 ) ) ;
#2327 = EDGE_CURVE ( 'NONE', #2022, #2613, #1641, .T. ) ;
#2328 = CARTESIAN_POINT ( 'NONE',  ( 3.958287489416092431, 5.667323904260572753, 7.500000000000000000 ) ) ;
#2329 = LINE ( 'NONE', #69, #3575 ) ;
#2330 = VECTOR ( 'NONE', #1748, 1000.000000000000000 ) ;
#2331 = ORIENTED_EDGE ( 'NONE', *, *, #3354, .F. ) ;
#2332 = ORIENTED_EDGE ( 'NONE', *, *, #478, .T. ) ;
#2333 = FACE_BOUND ( 'NONE', #1196, .T. ) ;
#2334 = DIRECTION ( 'NONE',  ( -1.000000000000000000, -0.000000000000000000, -0.000000000000000000 ) ) ;
#2335 = FACE_OUTER_BOUND ( 'NONE', #900, .T. ) ;
#2336 = VECTOR ( 'NONE', #257, 1000.000000000000000 ) ;
#2337 = FACE_OUTER_BOUND ( 'NONE', #1475, .T. ) ;
#2338 = DIRECTION ( 'NONE',  ( -1.000000000000000000, -1.350228159821300363E-16, -8.412083543212878325E-51 ) ) ;
#2339 = AXIS2_PLACEMENT_3D ( 'NONE', #784, #1126, #1095 ) ;
#2340 = EDGE_CURVE ( 'NONE', #677, #547, #1875, .T. ) ;
#2341 = DIRECTION ( 'NONE',  ( -0.000000000000000000, -0.000000000000000000, 1.000000000000000000 ) ) ;
#2342 = ORIENTED_EDGE ( 'NONE', *, *, #1033, .T. ) ;
#2343 = EDGE_CURVE ( 'NONE', #2065, #1877, #3244, .T. ) ;
#2344 = VERTEX_POINT ( 'NONE', #2373 ) ;
#2345 = DIRECTION ( 'NONE',  ( 1.000000000000000000, 0.000000000000000000, 0.000000000000000000 ) ) ;
#2346 = LINE ( 'NONE', #2292, #277 ) ;
#2347 = CARTESIAN_POINT ( 'NONE',  ( 7.582114294781146846, -2.000000000000006661, -5.200000000000000178 ) ) ;
#2348 = ORIENTED_EDGE ( 'NONE', *, *, #128, .T. ) ;
#2349 = EDGE_CURVE ( 'NONE', #529, #3555, #2441, .T. ) ;
#2350 = ORIENTED_EDGE ( 'NONE', *, *, #2283, .T. ) ;
#2351 = DIRECTION ( 'NONE',  ( -1.000000000000000000, 0.000000000000000000, 2.256840143605774710E-16 ) ) ;
#2352 = VERTEX_POINT ( 'NONE', #2952 ) ;
#2353 = FACE_OUTER_BOUND ( 'NONE', #385, .T. ) ;
#2354 = CARTESIAN_POINT ( 'NONE',  ( 4.458287489416092875, 5.667323904260572753, 8.000000000000000000 ) ) ;
#2355 = DIRECTION ( 'NONE',  ( 1.000000000000000000, 0.000000000000000000, 0.000000000000000000 ) ) ;
#2356 = CARTESIAN_POINT ( 'NONE',  ( 3.958287489416092431, 4.466065536086432530, -4.509097487428283202 ) ) ;
#2357 = VERTEX_POINT ( 'NONE', #969 ) ;
#2358 = ORIENTED_EDGE ( 'NONE', *, *, #2568, .T. ) ;
#2359 = CIRCLE ( 'NONE', #1838, 3.024999999999999911 ) ;
#2360 = FACE_OUTER_BOUND ( 'NONE', #89, .T. ) ;
#2361 = CARTESIAN_POINT ( 'NONE',  ( 48.89222750274525708, -3.708263902859309624, 5.200000000000000178 ) ) ;
#2362 = PRODUCT_DEFINITION ( '未知', '', #892, #3236 ) ;
#2363 = CARTESIAN_POINT ( 'NONE',  ( 5.836255134667300837, 9.059410066934752592, -1.420970698619197226 ) ) ;
#2364 = VECTOR ( 'NONE', #1674, 1000.000000000000000 ) ;
#2365 = ORIENTED_EDGE ( 'NONE', *, *, #1037, .T. ) ;
#2366 = ORIENTED_EDGE ( 'NONE', *, *, #1716, .F. ) ;
#2367 = ORIENTED_EDGE ( 'NONE', *, *, #2557, .F. ) ;
#2368 = DIRECTION ( 'NONE',  ( 1.000000000000000000, 0.000000000000000000, 0.000000000000000000 ) ) ;
#2369 = DIRECTION ( 'NONE',  ( 0.000000000000000000, 0.000000000000000000, 1.000000000000000000 ) ) ;
#2370 = UNCERTAINTY_MEASURE_WITH_UNIT (LENGTH_MEASURE( 1.000000000000000082E-05 ), #3114, 'distance_accuracy_value', 'NONE');
#2371 = VECTOR ( 'NONE', #3026, 1000.000000000000000 ) ;
#2372 = ADVANCED_FACE ( 'NONE', ( #3597 ), #151, .T. ) ;
#2373 = CARTESIAN_POINT ( 'NONE',  ( 0.9749999999999999778, 0.000000000000000000, -6.600000000000000533 ) ) ;
#2374 = AXIS2_PLACEMENT_3D ( 'NONE', #1399, #3181, #279 ) ;
#2375 = DIRECTION ( 'NONE',  ( 1.000000000000000000, 0.000000000000000000, 0.000000000000000000 ) ) ;
#2376 = CARTESIAN_POINT ( 'NONE',  ( 7.582114294781146846, -2.000000000000006661, 5.400000000000000355 ) ) ;
#2377 = AXIS2_PLACEMENT_3D ( 'NONE', #1741, #322, #1198 ) ;
#2378 = DIRECTION ( 'NONE',  ( -0.000000000000000000, -0.000000000000000000, 1.000000000000000000 ) ) ;
#2379 = CIRCLE ( 'NONE', #2210, 3.000000000000002665 ) ;
#2380 = VERTEX_POINT ( 'NONE', #133 ) ;
#2381 = ORIENTED_EDGE ( 'NONE', *, *, #1172, .T. ) ;
#2382 = DIRECTION ( 'NONE',  ( 1.000000000000000000, 0.000000000000000000, 0.000000000000000000 ) ) ;
#2383 = CARTESIAN_POINT ( 'NONE',  ( 56.14000000000000057, -4.345920406328604417E-15, 5.200000000000000178 ) ) ;
#2384 = VERTEX_POINT ( 'NONE', #3237 ) ;
#2385 = ORIENTED_EDGE ( 'NONE', *, *, #1145, .T. ) ;
#2386 = CIRCLE ( 'NONE', #1028, 1.499999999999999556 ) ;
#2387 = CARTESIAN_POINT ( 'NONE',  ( 0.000000000000000000, 0.000000000000000000, -8.000000000000000000 ) ) ;
#2388 = LINE ( 'NONE', #3255, #2983 ) ;
#2389 = DIRECTION ( 'NONE',  ( -1.000000000000000000, 0.000000000000000000, 0.000000000000000000 ) ) ;
#2390 = AXIS2_PLACEMENT_3D ( 'NONE', #2482, #812, #1660 ) ;
#2391 = VERTEX_POINT ( 'NONE', #707 ) ;
#2392 = ADVANCED_FACE ( 'NONE', ( #427 ), #1543, .T. ) ;
#2393 = AXIS2_PLACEMENT_3D ( 'NONE', #1763, #2931, #2351 ) ;
#2394 = FACE_OUTER_BOUND ( 'NONE', #460, .T. ) ;
#2395 = AXIS2_PLACEMENT_3D ( 'NONE', #893, #2894, #1525 ) ;
#2396 = CARTESIAN_POINT ( 'NONE',  ( 0.000000000000000000, 0.000000000000000000, 7.500000000000000000 ) ) ;
#2397 = ADVANCED_FACE ( 'NONE', ( #2119 ), #931, .T. ) ;
#2398 = VECTOR ( 'NONE', #2692, 1000.000000000000000 ) ;
#2399 = DIRECTION ( 'NONE',  ( 0.7071067811865502373, 8.659560562354966138E-17, -0.7071067811865447972 ) ) ;
#2400 = ORIENTED_EDGE ( 'NONE', *, *, #1831, .T. ) ;
#2401 = ORIENTED_EDGE ( 'NONE', *, *, #2575, .F. ) ;
#2402 = DIRECTION ( 'NONE',  ( 0.000000000000000000, 0.000000000000000000, 1.000000000000000000 ) ) ;
#2403 = AXIS2_PLACEMENT_3D ( 'NONE', #1164, #922, #383 ) ;
#2404 = PLANE ( 'NONE',  #2729 ) ;
#2405 = VERTEX_POINT ( 'NONE', #444 ) ;
#2406 = ORIENTED_EDGE ( 'NONE', *, *, #1563, .F. ) ;
#2407 = CARTESIAN_POINT ( 'NONE',  ( 48.71499999999998920, -4.345920406328604417E-15, 5.200000000000000178 ) ) ;
#2408 = CARTESIAN_POINT ( 'NONE',  ( 3.458287489416092431, 4.500000000000000888, 8.000000000000000000 ) ) ;
#2409 = CARTESIAN_POINT ( 'NONE',  ( 7.790675756510539784, 9.163308215866159401, -8.000000000000000000 ) ) ;
#2410 = ORIENTED_EDGE ( 'NONE', *, *, #328, .T. ) ;
#2411 = DIRECTION ( 'NONE',  ( 1.000000000000000000, 0.000000000000000000, 0.000000000000000000 ) ) ;
#2412 = DIRECTION ( 'NONE',  ( -0.000000000000000000, -0.000000000000000000, -1.000000000000000000 ) ) ;
#2413 = EDGE_CURVE ( 'NONE', #3412, #347, #3305, .T. ) ;
#2414 = CARTESIAN_POINT ( 'NONE',  ( -1.355252715606880543E-17, -3.500000000000000888, -8.000000000000000000 ) ) ;
#2415 = ORIENTED_EDGE ( 'NONE', *, *, #2300, .F. ) ;
#2416 = ORIENTED_EDGE ( 'NONE', *, *, #1746, .T. ) ;
#2417 = CARTESIAN_POINT ( 'NONE',  ( 15.00000000000000355, -4.000000000000000888, -3.700000000000002398 ) ) ;
#2418 = CARTESIAN_POINT ( 'NONE',  ( 7.582114294781146846, -2.000000000000006661, -5.400000000000000355 ) ) ;
#2419 = EDGE_LOOP ( 'NONE', ( #821, #1137, #3586, #48 ) ) ;
#2420 = ORIENTED_EDGE ( 'NONE', *, *, #212, .F. ) ;
#2421 = CARTESIAN_POINT ( 'NONE',  ( -1.355252715606880543E-17, -4.000000000000000888, -8.000000000000000000 ) ) ;
#2422 = CARTESIAN_POINT ( 'NONE',  ( 4.458287489416092875, 4.500000000000000888, -7.500000000000000000 ) ) ;
#2423 = CYLINDRICAL_SURFACE ( 'NONE', #2700, 1.500000000000000000 ) ;
#2424 = AXIS2_PLACEMENT_3D ( 'NONE', #3311, #1893, #2258 ) ;
#2425 = AXIS2_PLACEMENT_3D ( 'NONE', #3367, #2243, #3 ) ;
#2426 = DIRECTION ( 'NONE',  ( -0.000000000000000000, -0.000000000000000000, -1.000000000000000000 ) ) ;
#2427 = CARTESIAN_POINT ( 'NONE',  ( 44.13355199762366254, 3.366335551992456931, -2.200000000000000178 ) ) ;
#2428 = VERTEX_POINT ( 'NONE', #2409 ) ;
#2429 = VERTEX_POINT ( 'NONE', #1022 ) ;
#2430 = EDGE_CURVE ( 'NONE', #3457, #1275, #591, .T. ) ;
#2431 = DIRECTION ( 'NONE',  ( 0.000000000000000000, 0.000000000000000000, 1.000000000000000000 ) ) ;
#2432 = DIRECTION ( 'NONE',  ( -0.000000000000000000, -0.000000000000000000, 1.000000000000000000 ) ) ;
#2433 = AXIS2_PLACEMENT_3D ( 'NONE', #3474, #1476, #1758 ) ;
#2434 = EDGE_LOOP ( 'NONE', ( #342, #2717, #211, #1774 ) ) ;
#2435 = ORIENTED_EDGE ( 'NONE', *, *, #732, .F. ) ;
#2436 = ORIENTED_EDGE ( 'NONE', *, *, #3341, .F. ) ;
#2437 = EDGE_CURVE ( 'NONE', #497, #63, #2705, .T. ) ;
#2438 = CARTESIAN_POINT ( 'NONE',  ( 44.13355199762366254, 3.366335551992456931, -5.400000000000000355 ) ) ;
#2439 = CIRCLE ( 'NONE', #2092, 0.5000000000000002220 ) ;
#2440 = CARTESIAN_POINT ( 'NONE',  ( 55.12649856886230992, 1.825055149353954187, 7.500000000000000000 ) ) ;
#2441 = LINE ( 'NONE', #3581, #3249 ) ;
#2442 = CIRCLE ( 'NONE', #1565, 3.024999999999999911 ) ;
#2443 = VERTEX_POINT ( 'NONE', #2778 ) ;
#2444 = EDGE_CURVE ( 'NONE', #2268, #3125, #3390, .T. ) ;
#2445 = LINE ( 'NONE', #1639, #1380 ) ;
#2446 =( GEOMETRIC_REPRESENTATION_CONTEXT ( 3 ) GLOBAL_UNCERTAINTY_ASSIGNED_CONTEXT ( ( #132 ) ) GLOBAL_UNIT_ASSIGNED_CONTEXT ( ( #114, #1225, #1449 ) ) REPRESENTATION_CONTEXT ( 'NONE', 'WORKASPACE' ) );
#2447 = DIRECTION ( 'NONE',  ( -2.256840143605774710E-16, -0.000000000000000000, -1.000000000000000000 ) ) ;
#2448 = AXIS2_PLACEMENT_3D ( 'NONE', #323, #1163, #363 ) ;
#2449 = CARTESIAN_POINT ( 'NONE',  ( 22.50049140560457417, -4.000000000000000888, 0.7000000000000000666 ) ) ;
#2450 = ORIENTED_EDGE ( 'NONE', *, *, #3492, .T. ) ;
#2451 = EDGE_CURVE ( 'NONE', #2065, #833, #1389, .T. ) ;
#2452 = VECTOR ( 'NONE', #652, 1000.000000000000000 ) ;
#2453 = ORIENTED_EDGE ( 'NONE', *, *, #353, .T. ) ;
#2454 = CARTESIAN_POINT ( 'NONE',  ( 47.46488495469115776, 8.266381009738202224, -2.200000000000000622 ) ) ;
#2455 = ORIENTED_EDGE ( 'NONE', *, *, #334, .F. ) ;
#2456 = CARTESIAN_POINT ( 'NONE',  ( 55.16499999999999915, -4.345920406328604417E-15, -6.599999999999999645 ) ) ;
#2457 = EDGE_CURVE ( 'NONE', #1293, #3556, #792, .T. ) ;
#2458 = ORIENTED_EDGE ( 'NONE', *, *, #3217, .F. ) ;
#2459 = EDGE_LOOP ( 'NONE', ( #3248, #2741, #1201, #2492 ) ) ;
#2460 = ORIENTED_EDGE ( 'NONE', *, *, #3543, .T. ) ;
#2461 = DIRECTION ( 'NONE',  ( 2.977001517945642039E-43, 1.000000000000000000, -0.000000000000000000 ) ) ;
#2462 = CARTESIAN_POINT ( 'NONE',  ( 52.14000000000000057, -4.345920406328604417E-15, -7.500000000000000000 ) ) ;
#2463 = CARTESIAN_POINT ( 'NONE',  ( 0.000000000000000000, 0.000000000000000000, -7.500000000000000000 ) ) ;
#2464 = EDGE_CURVE ( 'NONE', #2890, #1611, #2739, .T. ) ;
#2465 = CARTESIAN_POINT ( 'NONE',  ( -1.355252715606880543E-17, -4.000000000000000888, 7.500000000000000000 ) ) ;
#2466 = TOROIDAL_SURFACE ( 'NONE', #876, 3.499999999999998224, 0.5000000000000000000 ) ;
#2467 = CARTESIAN_POINT ( 'NONE',  ( -1.173556874675002968E-15, 0.000000000000000000, 5.200000000000000178 ) ) ;
#2468 = ORIENTED_EDGE ( 'NONE', *, *, #1619, .F. ) ;
#2469 = CARTESIAN_POINT ( 'NONE',  ( 48.06184152795736253, 8.591200351342457964, 7.500000000000000000 ) ) ;
#2470 = VERTEX_POINT ( 'NONE', #3113 ) ;
#2471 = EDGE_CURVE ( 'NONE', #179, #49, #1930, .T. ) ;
#2472 = CARTESIAN_POINT ( 'NONE',  ( 6.000048608604464206, 4.611579252143188867, 0.3756954463570560954 ) ) ;
#2473 = ORIENTED_EDGE ( 'NONE', *, *, #150, .F. ) ;
#2474 = ORIENTED_EDGE ( 'NONE', *, *, #2758, .F. ) ;
#2475 = VERTEX_POINT ( 'NONE', #1963 ) ;
#2476 = CYLINDRICAL_SURFACE ( 'NONE', #1138, 0.5000000000000008882 ) ;
#2477 = DIRECTION ( 'NONE',  ( 0.000000000000000000, 0.000000000000000000, -1.000000000000000000 ) ) ;
#2478 = CARTESIAN_POINT ( 'NONE',  ( 47.46488495469115776, 8.266381009738202224, 5.200000000000000178 ) ) ;
#2479 = ORIENTED_EDGE ( 'NONE', *, *, #3144, .T. ) ;
#2480 = LINE ( 'NONE', #1933, #1035 ) ;
#2481 = EDGE_CURVE ( 'NONE', #3627, #1870, #572, .T. ) ;
#2482 = CARTESIAN_POINT ( 'NONE',  ( 52.14000000000000057, -4.345920406328604417E-15, -5.600000000000006750 ) ) ;
#2483 = VECTOR ( 'NONE', #3427, 999.9999999999998863 ) ;
#2484 = DIRECTION ( 'NONE',  ( -1.000000000000000000, 0.000000000000000000, 0.000000000000000000 ) ) ;
#2485 = AXIS2_PLACEMENT_3D ( 'NONE', #1109, #2812, #1051 ) ;
#2486 = CIRCLE ( 'NONE', #1670, 3.425000000000010925 ) ;
#2487 = DIRECTION ( 'NONE',  ( 0.8532853053892310857, 0.5214443283868436252, -0.000000000000000000 ) ) ;
#2488 = VERTEX_POINT ( 'NONE', #3073 ) ;
#2489 = VERTEX_POINT ( 'NONE', #1614 ) ;
#2490 = CARTESIAN_POINT ( 'NONE',  ( 13.50000000000000000, -4.000000000000000888, 3.699999999999999734 ) ) ;
#2491 = CARTESIAN_POINT ( 'NONE',  ( 5.582114294781143293, 4.514077340587451914, -2.200000000000000178 ) ) ;
#2492 = ORIENTED_EDGE ( 'NONE', *, *, #1632, .F. ) ;
#2493 = CARTESIAN_POINT ( 'NONE',  ( 46.06346891345411620, -168.0616090356724897, -5.400000000000000355 ) ) ;
#2494 = AXIS2_PLACEMENT_3D ( 'NONE', #2387, #3538, #1041 ) ;
#2495 = AXIS2_PLACEMENT_3D ( 'NONE', #3611, #20, #537 ) ;
#2496 = ORIENTED_EDGE ( 'NONE', *, *, #1255, .F. ) ;
#2497 = CIRCLE ( 'NONE', #2620, 0.5000000000000004441 ) ;
#2498 = EDGE_CURVE ( 'NONE', #1694, #3307, #2531, .T. ) ;
#2499 = CARTESIAN_POINT ( 'NONE',  ( 49.28994010404510817, 5.279882440875892868, 2.200000000000000178 ) ) ;
#2500 = CARTESIAN_POINT ( 'NONE',  ( 52.14000000000000057, -4.345920406328604417E-15, 5.200000000000000178 ) ) ;
#2501 = FACE_OUTER_BOUND ( 'NONE', #2459, .T. ) ;
#2502 = AXIS2_PLACEMENT_3D ( 'NONE', #2251, #3394, #1189 ) ;
#2503 = ADVANCED_FACE ( 'NONE', ( #1112 ), #1956, .T. ) ;
#2504 = AXIS2_PLACEMENT_3D ( 'NONE', #1170, #2932, #2369 ) ;
#2505 = DIRECTION ( 'NONE',  ( 0.9988526604587394386, 0.04788906654444345656, -0.000000000000000000 ) ) ;
#2506 = CLOSED_SHELL ( 'NONE', ( #79, #1878, #594, #702, #2822, #2542, #10, #1291, #2714, #1682, #437, #1331, #61, #794, #2173, #2003, #2236, #3592, #1678, #1943, #120, #479, #1269, #483, #2660, #1369, #3364, #2392, #3539, #3221, #1085, #276, #919, #758, #341, #2162, #1418, #123, #2320, #14, #2372, #3422, #711, #2887, #1154, #2028, #2114, #2943, #960, #220, #2545, #2053, #3382, #1532, #1631, #2615, #1081, #808, #237, #1059, #1306, #1809, #1165, #2919, #1858, #1517, #925, #1625, #3332, #2639, #2059, #2695, #482, #3103, #3263, #2551, #1602, #413, #1894, #1553, #882, #2550, #2841, #2397, #3002, #1700, #3360, #2513, #1620, #916, #2503, #1788, #947, #526, #2280, #1703, #773, #1246, #3050, #3442, #2077, #176, #1283, #2040, #3517, #2732, #1392, #321, #2187, #2216, #2836, #1736, #1045, #299, #1824, #2285 ) ) ;
#2507 = EDGE_CURVE ( 'NONE', #217, #1745, #1074, .T. ) ;
#2508 = ORIENTED_EDGE ( 'NONE', *, *, #976, .F. ) ;
#2509 = ORIENTED_EDGE ( 'NONE', *, *, #1398, .T. ) ;
#2510 = CARTESIAN_POINT ( 'NONE',  ( 0.000000000000000000, 3.500000000000000000, 8.000000000000000000 ) ) ;
#2511 = CARTESIAN_POINT ( 'NONE',  ( 52.14000000000000057, -4.000000000000005329, -5.200000000000000178 ) ) ;
#2512 = VECTOR ( 'NONE', #524, 1000.000000000000000 ) ;
#2513 = ADVANCED_FACE ( 'NONE', ( #2257 ), #2541, .T. ) ;
#2514 = LINE ( 'NONE', #1339, #1615 ) ;
#2515 = DIRECTION ( 'NONE',  ( -0.3479176161606249984, 0.9375251102584443164, 0.000000000000000000 ) ) ;
#2516 = DIRECTION ( 'NONE',  ( -0.000000000000000000, 1.000000000000000000, -0.000000000000000000 ) ) ;
#2517 = SURFACE_SIDE_STYLE ('',( #856 ) ) ;
#2518 = ORIENTED_EDGE ( 'NONE', *, *, #1002, .F. ) ;
#2519 = CARTESIAN_POINT ( 'NONE',  ( 3.458287489416092431, 4.000000000000000000, 5.200000000000000178 ) ) ;
#2520 = FACE_OUTER_BOUND ( 'NONE', #2094, .T. ) ;
#2521 = CARTESIAN_POINT ( 'NONE',  ( 3.458287489416092431, 4.500000000000000888, 7.500000000000000000 ) ) ;
#2522 = CIRCLE ( 'NONE', #3115, 3.500000000000003109 ) ;
#2523 = DIRECTION ( 'NONE',  ( 1.000000000000000000, 0.000000000000000000, 0.000000000000000000 ) ) ;
#2524 = ORIENTED_EDGE ( 'NONE', *, *, #1357, .T. ) ;
#2525 = ORIENTED_EDGE ( 'NONE', *, *, #440, .F. ) ;
#2526 = CARTESIAN_POINT ( 'NONE',  ( 0.000000000000000000, 0.000000000000000000, -8.000000000000000000 ) ) ;
#2527 = EDGE_CURVE ( 'NONE', #3094, #2722, #724, .T. ) ;
#2528 = CARTESIAN_POINT ( 'NONE',  ( 5.720593556941764746, 4.546560642474104519, -1.848633150528384839 ) ) ;
#2529 = CARTESIAN_POINT ( 'NONE',  ( 50.66499999999999915, -4.165285003454370232E-15, -7.500000000000000000 ) ) ;
#2530 = CARTESIAN_POINT ( 'NONE',  ( 0.000000000000000000, 3.500000000000000000, -7.500000000000000000 ) ) ;
#2531 = LINE ( 'NONE', #1371, #778 ) ;
#2532 = VERTEX_POINT ( 'NONE', #2478 ) ;
#2533 = CARTESIAN_POINT ( 'NONE',  ( 3.458287489416092431, 4.000000000000000000, 7.500000000000000000 ) ) ;
#2534 = DIRECTION ( 'NONE',  ( 0.000000000000000000, 0.000000000000000000, 1.000000000000000000 ) ) ;
#2535 = DIRECTION ( 'NONE',  ( 0.000000000000000000, 0.000000000000000000, -1.000000000000000000 ) ) ;
#2536 = CIRCLE ( 'NONE', #1007, 3.000000000000002665 ) ;
#2537 = EDGE_CURVE ( 'NONE', #2126, #2923, #2797, .T. ) ;
#2538 = CARTESIAN_POINT ( 'NONE',  ( 49.28994010404510817, 5.279882440875892868, 5.200000000000000178 ) ) ;
#2539 = ORIENTED_EDGE ( 'NONE', *, *, #3243, .F. ) ;
#2540 = ORIENTED_EDGE ( 'NONE', *, *, #11, .T. ) ;
#2541 = TOROIDAL_SURFACE ( 'NONE', #1364, 3.500000000000000000, 0.5000000000000000000 ) ;
#2542 = ADVANCED_FACE ( 'NONE', ( #3346 ), #1601, .T. ) ;
#2543 = DIRECTION ( 'NONE',  ( -1.000000000000000000, 0.000000000000000000, 0.000000000000000000 ) ) ;
#2544 = AXIS2_PLACEMENT_3D ( 'NONE', #994, #1530, #2124 ) ;
#2545 = ADVANCED_FACE ( 'NONE', ( #785, #236 ), #1353, .F. ) ;
#2546 = DIRECTION ( 'NONE',  ( 0.000000000000000000, 0.000000000000000000, 1.000000000000000000 ) ) ;
#2547 = DIRECTION ( 'NONE',  ( 1.000000000000000000, 0.000000000000000000, 0.000000000000000000 ) ) ;
#2548 = DIRECTION ( 'NONE',  ( 0.5214443283868435142, -0.8532853053892311967, -0.000000000000000000 ) ) ;
#2549 = APPLICATION_PROTOCOL_DEFINITION ( 'draft international standard', 'automotive_design', 1998, #690 ) ;
#2550 = ADVANCED_FACE ( 'NONE', ( #2208 ), #807, .F. ) ;
#2551 = ADVANCED_FACE ( 'NONE', ( #1478 ), #1498, .T. ) ;
#2552 = VERTEX_POINT ( 'NONE', #942 ) ;
#2553 = CARTESIAN_POINT ( 'NONE',  ( 0.000000000000000000, 4.000000000000000000, 5.200000000000000178 ) ) ;
#2554 = CARTESIAN_POINT ( 'NONE',  ( 0.000000000000000000, 0.000000000000000000, 8.000000000000000000 ) ) ;
#2555 = DIRECTION ( 'NONE',  ( 0.8532853053892310857, 0.5214443283868436252, 0.000000000000000000 ) ) ;
#2556 = AXIS2_PLACEMENT_3D ( 'NONE', #766, #1541, #751 ) ;
#2557 = EDGE_CURVE ( 'NONE', #2898, #1040, #2195, .T. ) ;
#2558 = DIRECTION ( 'NONE',  ( 0.000000000000000000, 0.000000000000000000, 1.000000000000000000 ) ) ;
#2559 = ORIENTED_EDGE ( 'NONE', *, *, #3521, .T. ) ;
#2560 = AXIS2_PLACEMENT_3D ( 'NONE', #1487, #2084, #2637 ) ;
#2561 = ORIENTED_EDGE ( 'NONE', *, *, #1746, .F. ) ;
#2562 = VERTEX_POINT ( 'NONE', #645 ) ;
#2563 = AXIS2_PLACEMENT_3D ( 'NONE', #2635, #667, #2592 ) ;
#2564 = VERTEX_POINT ( 'NONE', #904 ) ;
#2565 = AXIS2_PLACEMENT_3D ( 'NONE', #2499, #2802, #3648 ) ;
#2566 = DIRECTION ( 'NONE',  ( 0.000000000000000000, 0.000000000000000000, -1.000000000000000000 ) ) ;
#2567 = CARTESIAN_POINT ( 'NONE',  ( 46.06346891345411620, -168.0616090356724897, 5.400000000000000355 ) ) ;
#2568 = EDGE_CURVE ( 'NONE', #3116, #2580, #3148, .T. ) ;
#2569 = VECTOR ( 'NONE', #1750, 1000.000000000000000 ) ;
#2570 = CARTESIAN_POINT ( 'NONE',  ( 2.729660544970658798, -5.566772252322746972, -2.200000000000000178 ) ) ;
#2571 = ORIENTED_EDGE ( 'NONE', *, *, #3546, .T. ) ;
#2572 = CONICAL_SURFACE ( 'NONE', #1391, 3.425000000000010925, 0.7853981633974521648 ) ;
#2573 = LINE ( 'NONE', #1481, #977 ) ;
#2574 = LINE ( 'NONE', #59, #219 ) ;
#2575 = EDGE_CURVE ( 'NONE', #3033, #1150, #2137, .T. ) ;
#2576 = DIRECTION ( 'NONE',  ( -1.000000000000000000, 0.000000000000000000, 0.000000000000000000 ) ) ;
#2577 = VECTOR ( 'NONE', #3490, 1000.000000000000000 ) ;
#2578 = DIRECTION ( 'NONE',  ( 0.000000000000000000, 0.000000000000000000, -1.000000000000000000 ) ) ;
#2579 = ORIENTED_EDGE ( 'NONE', *, *, #744, .F. ) ;
#2580 = VERTEX_POINT ( 'NONE', #2032 ) ;
#2581 = FACE_OUTER_BOUND ( 'NONE', #2759, .T. ) ;
#2582 = EDGE_LOOP ( 'NONE', ( #84, #573, #260, #2982, #3602, #3436, #1558, #2571, #1623, #1097, #3383 ) ) ;
#2583 = DIRECTION ( 'NONE',  ( 0.000000000000000000, 0.000000000000000000, 1.000000000000000000 ) ) ;
#2584 = CARTESIAN_POINT ( 'NONE',  ( 55.64000000000000057, -4.345920406328604417E-15, 8.000000000000000000 ) ) ;
#2585 = EDGE_CURVE ( 'NONE', #2728, #111, #3446, .T. ) ;
#2586 = CARTESIAN_POINT ( 'NONE',  ( 46.06346891345411620, -168.0616090356724897, -5.400000000000000355 ) ) ;
#2587 = ORIENTED_EDGE ( 'NONE', *, *, #2585, .T. ) ;
#2588 = ORIENTED_EDGE ( 'NONE', *, *, #2001, .F. ) ;
#2589 = ORIENTED_EDGE ( 'NONE', *, *, #1584, .T. ) ;
#2590 = FACE_OUTER_BOUND ( 'NONE', #3049, .T. ) ;
#2591 = EDGE_CURVE ( 'NONE', #2839, #1853, #2252, .T. ) ;
#2592 = DIRECTION ( 'NONE',  ( 0.000000000000000000, 0.000000000000000000, -1.000000000000000000 ) ) ;
#2593 = CARTESIAN_POINT ( 'NONE',  ( 4.458287489416092875, 4.500000000000000888, -8.000000000000000000 ) ) ;
#2594 = EDGE_CURVE ( 'NONE', #1551, #3601, #3021, .T. ) ;
#2595 = DIRECTION ( 'NONE',  ( -0.000000000000000000, -0.000000000000000000, 1.000000000000000000 ) ) ;
#2596 = LINE ( 'NONE', #335, #2675 ) ;
#2597 = ORIENTED_EDGE ( 'NONE', *, *, #107, .F. ) ;
#2598 = EDGE_LOOP ( 'NONE', ( #924, #122, #1310, #627 ) ) ;
#2599 = AXIS2_PLACEMENT_3D ( 'NONE', #880, #1191, #1118 ) ;
#2600 = FACE_OUTER_BOUND ( 'NONE', #1852, .T. ) ;
#2601 = ORIENTED_EDGE ( 'NONE', *, *, #26, .F. ) ;
#2602 = AXIS2_PLACEMENT_3D ( 'NONE', #109, #2293, #1220 ) ;
#2603 = EDGE_CURVE ( 'NONE', #2110, #3590, #2329, .T. ) ;
#2604 = FACE_OUTER_BOUND ( 'NONE', #3201, .T. ) ;
#2605 = LINE ( 'NONE', #2645, #815 ) ;
#2606 = DIRECTION ( 'NONE',  ( 0.000000000000000000, 0.000000000000000000, 1.000000000000000000 ) ) ;
#2607 = VECTOR ( 'NONE', #2487, 1000.000000000000114 ) ;
#2608 = ORIENTED_EDGE ( 'NONE', *, *, #2481, .T. ) ;
#2609 = ORIENTED_EDGE ( 'NONE', *, *, #860, .F. ) ;
#2610 = EDGE_LOOP ( 'NONE', ( #1222, #1939, #1453, #2435 ) ) ;
#2611 = DIRECTION ( 'NONE',  ( -0.000000000000000000, -0.000000000000000000, -1.000000000000000000 ) ) ;
#2612 = SURFACE_STYLE_FILL_AREA ( #1781 ) ;
#2613 = VERTEX_POINT ( 'NONE', #2629 ) ;
#2614 = CARTESIAN_POINT ( 'NONE',  ( 13.49999999999999822, -2.000000000000005773, 5.200000000000000178 ) ) ;
#2615 = ADVANCED_FACE ( 'NONE', ( #3435, #3477 ), #1726, .F. ) ;
#2616 = DIRECTION ( 'NONE',  ( 0.000000000000000000, 0.000000000000000000, 1.000000000000000000 ) ) ;
#2617 = VECTOR ( 'NONE', #1405, 1000.000000000000000 ) ;
#2618 = EDGE_CURVE ( 'NONE', #2799, #3574, #1723, .T. ) ;
#2619 = FACE_OUTER_BOUND ( 'NONE', #1942, .T. ) ;
#2620 = AXIS2_PLACEMENT_3D ( 'NONE', #3128, #1440, #2566 ) ;
#2621 = EDGE_CURVE ( 'NONE', #1685, #297, #888, .T. ) ;
#2622 = CARTESIAN_POINT ( 'NONE',  ( 55.56500000000001194, -3.926478877620635430E-15, 5.200000000000000178 ) ) ;
#2623 = AXIS2_PLACEMENT_3D ( 'NONE', #3099, #2534, #273 ) ;
#2624 = ORIENTED_EDGE ( 'NONE', *, *, #1468, .F. ) ;
#2625 = VERTEX_POINT ( 'NONE', #2071 ) ;
#2626 = DIRECTION ( 'NONE',  ( -1.000000000000000000, 0.000000000000000000, 0.000000000000000000 ) ) ;
#2627 = AXIS2_PLACEMENT_3D ( 'NONE', #2422, #1341, #1613 ) ;
#2628 = DIRECTION ( 'NONE',  ( -1.000000000000000000, 0.000000000000000000, -0.000000000000000000 ) ) ;
#2629 = CARTESIAN_POINT ( 'NONE',  ( 0.000000000000000000, 3.500000000000000000, -8.000000000000000000 ) ) ;
#2630 = VECTOR ( 'NONE', #3130, 1000.000000000000000 ) ;
#2631 = ORIENTED_EDGE ( 'NONE', *, *, #1327, .T. ) ;
#2632 = ORIENTED_EDGE ( 'NONE', *, *, #1210, .F. ) ;
#2633 = ORIENTED_EDGE ( 'NONE', *, *, #2777, .F. ) ;
#2634 = FACE_OUTER_BOUND ( 'NONE', #1428, .T. ) ;
#2635 = CARTESIAN_POINT ( 'NONE',  ( 4.458287489416092875, 4.500000000000000888, 7.500000000000000000 ) ) ;
#2636 = CARTESIAN_POINT ( 'NONE',  ( 55.55314122155692758, 2.085777313547375833, -8.000000000000000000 ) ) ;
#2637 = DIRECTION ( 'NONE',  ( -1.000000000000000000, 0.000000000000000000, 0.000000000000000000 ) ) ;
#2638 = LINE ( 'NONE', #1211, #3329 ) ;
#2639 = ADVANCED_FACE ( 'NONE', ( #587, #1708 ), #2829, .T. ) ;
#2640 = CARTESIAN_POINT ( 'NONE',  ( 5.582114294781143293, 4.400000000000001243, -2.200000000000000178 ) ) ;
#2641 = ORIENTED_EDGE ( 'NONE', *, *, #1967, .T. ) ;
#2642 = ORIENTED_EDGE ( 'NONE', *, *, #3418, .F. ) ;
#2643 = EDGE_CURVE ( 'NONE', #347, #2199, #376, .T. ) ;
#2644 = PLANE ( 'NONE',  #970 ) ;
#2645 = CARTESIAN_POINT ( 'NONE',  ( 43.91061364692284030, 9.715569391309669456, 2.200000000000000178 ) ) ;
#2646 = CARTESIAN_POINT ( 'NONE',  ( 53.11499999999999488, -4.345920406328604417E-15, -6.599999999999999645 ) ) ;
#2647 = AXIS2_PLACEMENT_3D ( 'NONE', #2154, #1910, #826 ) ;
#2648 = AXIS2_PLACEMENT_3D ( 'NONE', #806, #3643, #1406 ) ;
#2649 = ORIENTED_EDGE ( 'NONE', *, *, #2289, .F. ) ;
#2650 = ORIENTED_EDGE ( 'NONE', *, *, #2656, .T. ) ;
#2651 = DIRECTION ( 'NONE',  ( 0.000000000000000000, 0.000000000000000000, 1.000000000000000000 ) ) ;
#2652 = PRESENTATION_STYLE_ASSIGNMENT (( #705 ) ) ;
#2653 = DIRECTION ( 'NONE',  ( -0.000000000000000000, -0.000000000000000000, -1.000000000000000000 ) ) ;
#2654 = CARTESIAN_POINT ( 'NONE',  ( 52.14000000000000057, -4.345920406328604417E-15, -6.599999999999999645 ) ) ;
#2655 = DIRECTION ( 'NONE',  ( -0.04788906654444582967, 0.9988526604587394386, 0.000000000000000000 ) ) ;
#2656 = EDGE_CURVE ( 'NONE', #776, #1551, #27, .T. ) ;
#2657 = CARTESIAN_POINT ( 'NONE',  ( 44.13355199762368386, 3.366335551992464481, -5.400000000000000355 ) ) ;
#2658 = ORIENTED_EDGE ( 'NONE', *, *, #971, .F. ) ;
#2659 = ORIENTED_EDGE ( 'NONE', *, *, #2289, .T. ) ;
#2660 = ADVANCED_FACE ( 'NONE', ( #326 ), #1443, .T. ) ;
#2661 = CIRCLE ( 'NONE', #1063, 0.5000000000000000000 ) ;
#2662 = DIRECTION ( 'NONE',  ( 0.000000000000000000, -1.000000000000000000, 0.000000000000000000 ) ) ;
#2663 = DIRECTION ( 'NONE',  ( -1.000000000000000000, 0.000000000000000000, 0.000000000000000000 ) ) ;
#2664 = CARTESIAN_POINT ( 'NONE',  ( 5.223366791857634084, 8.592577168598964477, 2.963161753294697220 ) ) ;
#2665 = EDGE_CURVE ( 'NONE', #1610, #1075, #1849, .T. ) ;
#2666 = CIRCLE ( 'NONE', #3323, 0.9749999999999967581 ) ;
#2667 = EDGE_LOOP ( 'NONE', ( #2801, #564 ) ) ;
#2668 = VERTEX_POINT ( 'NONE', #1590 ) ;
#2669 = CARTESIAN_POINT ( 'NONE',  ( 15.00000000000000355, -4.000000000000000888, -3.700000000000001954 ) ) ;
#2670 = DIRECTION ( 'NONE',  ( 1.000000000000000000, 0.000000000000000000, -0.000000000000000000 ) ) ;
#2671 = CIRCLE ( 'NONE', #1486, 1.474999999999997202 ) ;
#2672 = DIRECTION ( 'NONE',  ( -1.000000000000000000, 0.000000000000000000, 0.000000000000000000 ) ) ;
#2673 = EDGE_CURVE ( 'NONE', #1275, #3457, #2666, .T. ) ;
#2674 = VERTEX_POINT ( 'NONE', #1016 ) ;
#2675 = VECTOR ( 'NONE', #2558, 1000.000000000000000 ) ;
#2676 = DIRECTION ( 'NONE',  ( 0.9375251102584443164, 0.3479176161606249984, -0.000000000000000000 ) ) ;
#2677 = CARTESIAN_POINT ( 'NONE',  ( 7.582114294781146846, -2.000000000000006661, -5.400000000000000355 ) ) ;
#2678 = VECTOR ( 'NONE', #550, 1000.000000000000000 ) ;
#2679 = DIRECTION ( 'NONE',  ( 1.000000000000000000, 0.000000000000000000, 0.000000000000000000 ) ) ;
#2680 = AXIS2_PLACEMENT_3D ( 'NONE', #1363, #1050, #1107 ) ;
#2681 = VERTEX_POINT ( 'NONE', #181 ) ;
#2682 = ORIENTED_EDGE ( 'NONE', *, *, #666, .T. ) ;
#2683 = CARTESIAN_POINT ( 'NONE',  ( 0.000000000000000000, 0.000000000000000000, -6.600000000000000533 ) ) ;
#2684 = FACE_OUTER_BOUND ( 'NONE', #66, .T. ) ;
#2685 = CIRCLE ( 'NONE', #2155, 0.5000000000000000000 ) ;
#2686 = CARTESIAN_POINT ( 'NONE',  ( 3.424999999999994937, 0.000000000000000000, -5.200000000000001066 ) ) ;
#2687 = EDGE_LOOP ( 'NONE', ( #1711, #2312, #1779, #2742 ) ) ;
#2688 = AXIS2_PLACEMENT_3D ( 'NONE', #1466, #1523, #3235 ) ;
#2689 = CARTESIAN_POINT ( 'NONE',  ( 0.000000000000000000, 0.000000000000000000, -5.200000000000001066 ) ) ;
#2690 = LINE ( 'NONE', #168, #1384 ) ;
#2691 = ORIENTED_EDGE ( 'NONE', *, *, #3292, .F. ) ;
#2692 = DIRECTION ( 'NONE',  ( 0.000000000000000000, 0.000000000000000000, 1.000000000000000000 ) ) ;
#2693 = AXIS2_PLACEMENT_3D ( 'NONE', #23, #239, #308 ) ;
#2694 = VERTEX_POINT ( 'NONE', #2646 ) ;
#2695 = ADVANCED_FACE ( 'NONE', ( #1297 ), #3266, .T. ) ;
#2696 = DIRECTION ( 'NONE',  ( 1.000000000000000000, 0.000000000000000000, 0.000000000000000000 ) ) ;
#2697 = DIRECTION ( 'NONE',  ( 0.000000000000000000, 0.000000000000000000, -1.000000000000000000 ) ) ;
#2698 = AXIS2_PLACEMENT_3D ( 'NONE', #704, #1872, #1020 ) ;
#2699 = LINE ( 'NONE', #978, #28 ) ;
#2700 = AXIS2_PLACEMENT_3D ( 'NONE', #2988, #1265, #2174 ) ;
#2701 = ORIENTED_EDGE ( 'NONE', *, *, #2498, .T. ) ;
#2702 = ORIENTED_EDGE ( 'NONE', *, *, #3450, .F. ) ;
#2703 = DIRECTION ( 'NONE',  ( 0.000000000000000000, 0.000000000000000000, 1.000000000000000000 ) ) ;
#2704 = CARTESIAN_POINT ( 'NONE',  ( 5.408281379604705563, 8.749958986398608474, -2.601735224668043411 ) ) ;
#2705 = CIRCLE ( 'NONE', #1913, 1.474999999999997202 ) ;
#2706 = EDGE_LOOP ( 'NONE', ( #1747, #1771, #1233, #2458 ) ) ;
#2707 = ORIENTED_EDGE ( 'NONE', *, *, #3045, .T. ) ;
#2708 = DIRECTION ( 'NONE',  ( -0.000000000000000000, -0.000000000000000000, 1.000000000000000000 ) ) ;
#2709 = CARTESIAN_POINT ( 'NONE',  ( 0.000000000000000000, 4.000000000000000000, 7.500000000000000000 ) ) ;
#2710 = DIRECTION ( 'NONE',  ( 1.000000000000000000, 0.000000000000000000, -0.000000000000000000 ) ) ;
#2711 = EDGE_LOOP ( 'NONE', ( #3467, #927, #2830, #1317 ) ) ;
#2712 = DIRECTION ( 'NONE',  ( 0.000000000000000000, 0.000000000000000000, 1.000000000000000000 ) ) ;
#2713 = SHAPE_DEFINITION_REPRESENTATION ( #1377, #3439 ) ;
#2714 = ADVANCED_FACE ( 'NONE', ( #998 ), #672, .T. ) ;
#2715 = CARTESIAN_POINT ( 'NONE',  ( 52.14000000000000057, -4.345920406328604417E-15, 5.600000000000014744 ) ) ;
#2716 = EDGE_CURVE ( 'NONE', #3627, #2002, #2768, .T. ) ;
#2717 = ORIENTED_EDGE ( 'NONE', *, *, #1584, .F. ) ;
#2718 = ORIENTED_EDGE ( 'NONE', *, *, #2430, .F. ) ;
#2719 = VERTEX_POINT ( 'NONE', #144 ) ;
#2720 = PLANE ( 'NONE',  #3339 ) ;
#2721 = CARTESIAN_POINT ( 'NONE',  ( 4.204804155061189874, 7.056692945441714215, 4.280565799098398294 ) ) ;
#2722 = VERTEX_POINT ( 'NONE', #2383 ) ;
#2723 = VERTEX_POINT ( 'NONE', #2113 ) ;
#2724 = ORIENTED_EDGE ( 'NONE', *, *, #2527, .T. ) ;
#2725 = DIRECTION ( 'NONE',  ( -0.000000000000000000, -0.000000000000000000, -1.000000000000000000 ) ) ;
#2726 = DIRECTION ( 'NONE',  ( 1.000000000000000000, -0.000000000000000000, -0.000000000000000000 ) ) ;
#2727 = FACE_OUTER_BOUND ( 'NONE', #809, .T. ) ;
#2728 = VERTEX_POINT ( 'NONE', #2686 ) ;
#2729 = AXIS2_PLACEMENT_3D ( 'NONE', #230, #1404, #2772 ) ;
#2730 = CYLINDRICAL_SURFACE ( 'NONE', #156, 0.5000000000000004441 ) ;
#2731 = AXIS2_PLACEMENT_3D ( 'NONE', #2826, #1990, #3127 ) ;
#2732 = ADVANCED_FACE ( 'NONE', ( #164 ), #2404, .F. ) ;
#2733 = EDGE_CURVE ( 'NONE', #1168, #3126, #531, .T. ) ;
#2734 = CARTESIAN_POINT ( 'NONE',  ( 0.000000000000000000, 0.000000000000000000, -8.000000000000000000 ) ) ;
#2735 = ORIENTED_EDGE ( 'NONE', *, *, #1263, .T. ) ;
#2736 = EDGE_LOOP ( 'NONE', ( #357, #2088, #435, #1515 ) ) ;
#2737 = EDGE_CURVE ( 'NONE', #2150, #210, #1673, .T. ) ;
#2738 = CARTESIAN_POINT ( 'NONE',  ( 0.9749999999999999778, 0.000000000000000000, 7.500000000000000000 ) ) ;
#2739 = CIRCLE ( 'NONE', #2495, 175.2599999999999625 ) ;
#2740 = ORIENTED_EDGE ( 'NONE', *, *, #2575, .T. ) ;
#2741 = ORIENTED_EDGE ( 'NONE', *, *, #1210, .T. ) ;
#2742 = ORIENTED_EDGE ( 'NONE', *, *, #1229, .F. ) ;
#2743 = DIRECTION ( 'NONE',  ( 0.000000000000000000, -1.000000000000000000, 0.000000000000000000 ) ) ;
#2744 = VECTOR ( 'NONE', #932, 1000.000000000000000 ) ;
#2745 = CARTESIAN_POINT ( 'NONE',  ( 16.50000000000000355, -4.000000000000000888, -2.200000000000000622 ) ) ;
#2746 = DIRECTION ( 'NONE',  ( -0.000000000000000000, -0.000000000000000000, 1.000000000000000000 ) ) ;
#2747 = AXIS2_PLACEMENT_3D ( 'NONE', #2554, #41, #1078 ) ;
#2748 = CARTESIAN_POINT ( 'NONE',  ( -1.173556874675002968E-15, 0.000000000000000000, 5.600000000000007638 ) ) ;
#2749 = AXIS2_PLACEMENT_3D ( 'NONE', #1204, #2334, #3440 ) ;
#2750 = AXIS2_PLACEMENT_3D ( 'NONE', #1169, #1464, #3459 ) ;
#2751 = CARTESIAN_POINT ( 'NONE',  ( 52.14000000000000057, -4.345920406328604417E-15, -7.500000000000000000 ) ) ;
#2752 = AXIS2_PLACEMENT_3D ( 'NONE', #354, #410, #2915 ) ;
#2753 = VERTEX_POINT ( 'NONE', #1650 ) ;
#2754 = EDGE_CURVE ( 'NONE', #3094, #2774, #2222, .T. ) ;
#2755 = DIRECTION ( 'NONE',  ( -1.000000000000000000, 0.000000000000000000, 0.000000000000000000 ) ) ;
#2756 = DIRECTION ( 'NONE',  ( -0.000000000000000000, -0.000000000000000000, -1.000000000000000000 ) ) ;
#2757 = ORIENTED_EDGE ( 'NONE', *, *, #1465, .F. ) ;
#2758 = EDGE_CURVE ( 'NONE', #782, #3555, #1941, .T. ) ;
#2759 = EDGE_LOOP ( 'NONE', ( #3402, #1881, #1202, #3334 ) ) ;
#2760 = CIRCLE ( 'NONE', #1160, 3.425000000000011369 ) ;
#2761 = LINE ( 'NONE', #1633, #3031 ) ;
#2762 = DIRECTION ( 'NONE',  ( 0.000000000000000000, 0.000000000000000000, -1.000000000000000000 ) ) ;
#2763 = DIRECTION ( 'NONE',  ( 0.000000000000000000, 0.000000000000000000, 1.000000000000000000 ) ) ;
#2764 = ORIENTED_EDGE ( 'NONE', *, *, #2471, .T. ) ;
#2765 = CARTESIAN_POINT ( 'NONE',  ( 13.50000000000000355, -4.000000000000007105, -5.200000000000000178 ) ) ;
#2766 = CARTESIAN_POINT ( 'NONE',  ( 50.19505479143043658, 9.894811172309568192, 7.500000000000000000 ) ) ;
#2767 = CARTESIAN_POINT ( 'NONE',  ( 44.13355199762366254, 3.366335551992456931, 5.400000000000000355 ) ) ;
#2768 = B_SPLINE_CURVE_WITH_KNOTS ( 'NONE', 3,
 ( #2961, #730, #3511, #3573, #127, #2721, #439, #3554, #3231, #3282, #2980, #2664, #3533, #3589, #748, #1557, #459, #961, #2998, #1237, #1315, #985, #2363, #473, #1575, #2704, #2945, #1036, #3209, #701, #1256, #680, #1816, #1797, #403, #1519, #422, #1537 ),
 .UNSPECIFIED., .F., .F.,
 ( 4, 2, 2, 2, 2, 2, 2, 2, 2, 2, 2, 2, 2, 2, 2, 2, 2, 2, 4 ),
 ( 0.000000000000000000, 0.0008608844671240420496, 0.001291326700686061882, 0.001721768934248081931, 0.002582653401372122463, 0.003443537868496162127, 0.004304422335620202225, 0.005165306802744241456, 0.006026191269868281554, 0.006887075736992321652, 0.007747960204116360015, 0.008608844671240399246, 0.009469729138364437609, 0.009900171371926457659, 0.01033061360548847597, 0.01119149807261251781, 0.01205238253973655790, 0.01291326700686059974, 0.01377415147398463983 ),
 .UNSPECIFIED. ) ;
#2769 = CARTESIAN_POINT ( 'NONE',  ( 8.738421351847287966, -15.39943706616431918, 2.200000000000000178 ) ) ;
#2770 = ORIENTED_EDGE ( 'NONE', *, *, #37, .F. ) ;
#2771 = CARTESIAN_POINT ( 'NONE',  ( 14.86954308122128232, 4.399999999999987033, -5.200000000000000178 ) ) ;
#2772 = DIRECTION ( 'NONE',  ( 0.000000000000000000, 0.000000000000000000, -1.000000000000000000 ) ) ;
#2773 = ORIENTED_EDGE ( 'NONE', *, *, #3330, .F. ) ;
#2774 = VERTEX_POINT ( 'NONE', #3638 ) ;
#2775 = DIRECTION ( 'NONE',  ( -1.000000000000000000, -1.350228159821300116E-16, -0.000000000000000000 ) ) ;
#2776 = DIRECTION ( 'NONE',  ( -0.000000000000000000, -0.000000000000000000, 1.000000000000000000 ) ) ;
#2777 = EDGE_CURVE ( 'NONE', #2625, #469, #567, .T. ) ;
#2778 = CARTESIAN_POINT ( 'NONE',  ( 55.55314122155692758, 2.085777313547375833, -7.500000000000000000 ) ) ;
#2779 = ORIENTED_EDGE ( 'NONE', *, *, #3309, .F. ) ;
#2780 = CARTESIAN_POINT ( 'NONE',  ( 46.12501084212602365, -2.000000000000001332, 2.200000000000000178 ) ) ;
#2781 = CARTESIAN_POINT ( 'NONE',  ( 0.000000000000000000, 0.000000000000000000, 8.000000000000000000 ) ) ;
#2782 = VECTOR ( 'NONE', #208, 1000.000000000000114 ) ;
#2783 = EDGE_CURVE ( 'NONE', #171, #1834, #1840, .T. ) ;
#2784 = EDGE_CURVE ( 'NONE', #3577, #2910, #950, .T. ) ;
#2785 = DIRECTION ( 'NONE',  ( 1.000000000000000000, 0.000000000000000000, 0.000000000000000000 ) ) ;
#2786 = AXIS2_PLACEMENT_3D ( 'NONE', #285, #2183, #1957 ) ;
#2787 = AXIS2_PLACEMENT_3D ( 'NONE', #3373, #3615, #527 ) ;
#2788 = DIRECTION ( 'NONE',  ( 1.000000000000000000, 0.000000000000000000, 0.000000000000000000 ) ) ;
#2789 = ORIENTED_EDGE ( 'NONE', *, *, #2861, .T. ) ;
#2790 = DIRECTION ( 'NONE',  ( 2.977001517945642039E-43, 1.000000000000000000, -6.718616533275052138E-59 ) ) ;
#2791 = CARTESIAN_POINT ( 'NONE',  ( 5.999975620523200881, 4.611562317516867182, -0.1890109696147891372 ) ) ;
#2792 = ORIENTED_EDGE ( 'NONE', *, *, #2070, .F. ) ;
#2793 = FACE_BOUND ( 'NONE', #2038, .T. ) ;
#2794 = CARTESIAN_POINT ( 'NONE',  ( 7.582114294781146846, -2.000000000000006661, -5.400000000000000355 ) ) ;
#2795 = AXIS2_PLACEMENT_3D ( 'NONE', #3146, #601, #622 ) ;
#2796 = VECTOR ( 'NONE', #839, 1000.000000000000000 ) ;
#2797 = LINE ( 'NONE', #519, #555 ) ;
#2798 = LINE ( 'NONE', #1129, #430 ) ;
#2799 = VERTEX_POINT ( 'NONE', #2511 ) ;
#2800 = AXIS2_PLACEMENT_3D ( 'NONE', #545, #3375, #1346 ) ;
#2801 = ORIENTED_EDGE ( 'NONE', *, *, #3222, .T. ) ;
#2802 = DIRECTION ( 'NONE',  ( -0.000000000000000000, -0.000000000000000000, -1.000000000000000000 ) ) ;
#2803 = CARTESIAN_POINT ( 'NONE',  ( 4.458287489416092875, 5.667323904260572753, 7.500000000000000000 ) ) ;
#2804 = DIRECTION ( 'NONE',  ( 2.977001517945642039E-43, 1.000000000000000000, -0.000000000000000000 ) ) ;
#2805 = CIRCLE ( 'NONE', #3344, 4.000000000000003553 ) ;
#2806 = EDGE_CURVE ( 'NONE', #2910, #3204, #2202, .T. ) ;
#2807 = AXIS2_PLACEMENT_3D ( 'NONE', #2078, #684, #2297 ) ;
#2808 = FACE_OUTER_BOUND ( 'NONE', #3067, .T. ) ;
#2809 = CIRCLE ( 'NONE', #162, 0.5000000000000004441 ) ;
#2810 = ORIENTED_EDGE ( 'NONE', *, *, #2234, .F. ) ;
#2811 = PLANE ( 'NONE',  #1027 ) ;
#2812 = DIRECTION ( 'NONE',  ( 0.5214443283868441803, -0.8532853053892308637, 0.000000000000000000 ) ) ;
#2813 = DIRECTION ( 'NONE',  ( -0.000000000000000000, -0.000000000000000000, -1.000000000000000000 ) ) ;
#2814 = DIRECTION ( 'NONE',  ( 0.000000000000000000, 0.000000000000000000, 1.000000000000000000 ) ) ;
#2815 = DIRECTION ( 'NONE',  ( 0.5214443283868435142, -0.8532853053892311967, -0.000000000000000000 ) ) ;
#2816 = SURFACE_STYLE_USAGE ( .BOTH. , #2517 ) ;
#2817 = ORIENTED_EDGE ( 'NONE', *, *, #353, .F. ) ;
#2818 = CARTESIAN_POINT ( 'NONE',  ( 3.958287489416092431, 5.667323904260572753, -8.000000000000000000 ) ) ;
#2819 = CARTESIAN_POINT ( 'NONE',  ( 2.729660544970658798, -5.566772252322746972, 2.200000000000000178 ) ) ;
#2820 = PLANE ( 'NONE',  #339 ) ;
#2821 = EDGE_CURVE ( 'NONE', #306, #1040, #3069, .T. ) ;
#2822 = ADVANCED_FACE ( 'NONE', ( #3338 ), #250, .T. ) ;
#2823 = DIRECTION ( 'NONE',  ( -0.000000000000000000, -0.000000000000000000, 1.000000000000000000 ) ) ;
#2824 = ORIENTED_EDGE ( 'NONE', *, *, #3166, .F. ) ;
#2825 = EDGE_CURVE ( 'NONE', #3307, #2443, #1895, .T. ) ;
#2826 = CARTESIAN_POINT ( 'NONE',  ( 52.14000000000000057, -3.500000000000005329, -7.500000000000000000 ) ) ;
#2827 = CARTESIAN_POINT ( 'NONE',  ( 52.14000000000000057, -4.345920406328604417E-15, 7.500000000000000000 ) ) ;
#2828 = DIRECTION ( 'NONE',  ( 0.9988526604587394386, 0.04788906654444408800, 0.000000000000000000 ) ) ;
#2829 = PLANE ( 'NONE',  #3082 ) ;
#2830 = ORIENTED_EDGE ( 'NONE', *, *, #621, .F. ) ;
#2831 = ORIENTED_EDGE ( 'NONE', *, *, #1268, .F. ) ;
#2832 = FACE_OUTER_BOUND ( 'NONE', #116, .T. ) ;
#2833 = CARTESIAN_POINT ( 'NONE',  ( 52.14000000000000057, -3.500000000000005329, 7.500000000000000000 ) ) ;
#2834 = DIRECTION ( 'NONE',  ( 1.000000000000000000, 0.000000000000000000, 0.000000000000000000 ) ) ;
#2835 = AXIS2_PLACEMENT_3D ( 'NONE', #691, #1528, #2655 ) ;
#2836 = ADVANCED_FACE ( 'NONE', ( #835 ), #3604, .F. ) ;
#2837 = DIRECTION ( 'NONE',  ( 1.000000000000000000, 0.000000000000000000, -0.000000000000000000 ) ) ;
#2838 = VECTOR ( 'NONE', #3456, 1000.000000000000000 ) ;
#2839 = VERTEX_POINT ( 'NONE', #2738 ) ;
#2840 = VERTEX_POINT ( 'NONE', #3300 ) ;
#2841 = ADVANCED_FACE ( 'NONE', ( #3030 ), #513, .T. ) ;
#2842 = AXIS2_PLACEMENT_3D ( 'NONE', #2321, #2543, #898 ) ;
#2843 = LINE ( 'NONE', #1420, #894 ) ;
#2844 = VECTOR ( 'NONE', #2085, 1000.000000000000000 ) ;
#2845 = EDGE_CURVE ( 'NONE', #171, #2774, #3268, .T. ) ;
#2846 = DIRECTION ( 'NONE',  ( 0.000000000000000000, 1.000000000000000000, 0.000000000000000000 ) ) ;
#2847 = DIRECTION ( 'NONE',  ( 1.000000000000000000, 0.000000000000000000, 0.000000000000000000 ) ) ;
#2848 = DIRECTION ( 'NONE',  ( 1.000000000000000000, 0.000000000000000000, 0.000000000000000000 ) ) ;
#2849 = ORIENTED_EDGE ( 'NONE', *, *, #3632, .F. ) ;
#2850 = ORIENTED_EDGE ( 'NONE', *, *, #3303, .F. ) ;
#2851 = DIRECTION ( 'NONE',  ( 8.710239979799103075E-16, -1.000000000000000000, 0.000000000000000000 ) ) ;
#2852 = VECTOR ( 'NONE', #2117, 1000.000000000000114 ) ;
#2853 = PLANE ( 'NONE',  #2862 ) ;
#2854 = LINE ( 'NONE', #1802, #1340 ) ;
#2855 = AXIS2_PLACEMENT_3D ( 'NONE', #1423, #2546, #2273 ) ;
#2856 = CARTESIAN_POINT ( 'NONE',  ( 50.62169744412505423, 10.15553333650298917, -8.000000000000000000 ) ) ;
#2857 = AXIS2_PLACEMENT_3D ( 'NONE', #2500, #3118, #3405 ) ;
#2858 = ORIENTED_EDGE ( 'NONE', *, *, #2464, .F. ) ;
#2859 = EDGE_LOOP ( 'NONE', ( #2707, #2276, #2658, #1393 ) ) ;
#2860 = EDGE_CURVE ( 'NONE', #173, #166, #2902, .T. ) ;
#2861 = EDGE_CURVE ( 'NONE', #914, #2728, #300, .T. ) ;
#2862 = AXIS2_PLACEMENT_3D ( 'NONE', #2893, #1184, #630 ) ;
#2863 = CARTESIAN_POINT ( 'NONE',  ( 1.474999999999999867, 0.000000000000000000, -8.000000000000000000 ) ) ;
#2864 = VERTEX_POINT ( 'NONE', #3184 ) ;
#2865 = DIRECTION ( 'NONE',  ( 0.000000000000000000, 0.000000000000000000, 1.000000000000000000 ) ) ;
#2866 = CYLINDRICAL_SURFACE ( 'NONE', #2277, 0.9749999999999999778 ) ;
#2867 = VECTOR ( 'NONE', #2804, 1000.000000000000000 ) ;
#2868 = CARTESIAN_POINT ( 'NONE',  ( 52.14000000000000057, -4.345920406328604417E-15, -5.600000000000006750 ) ) ;
#2869 = EDGE_CURVE ( 'NONE', #3479, #2903, #2197, .T. ) ;
#2870 = ORIENTED_EDGE ( 'NONE', *, *, #1358, .F. ) ;
#2871 = EDGE_LOOP ( 'NONE', ( #3567, #2455, #2381, #3142 ) ) ;
#2872 = CYLINDRICAL_SURFACE ( 'NONE', #1507, 3.024999999999999911 ) ;
#2873 = CARTESIAN_POINT ( 'NONE',  ( 22.50049140560457417, -2.000000000000004441, 0.7000000000000000666 ) ) ;
#2874 = DIRECTION ( 'NONE',  ( -0.000000000000000000, -0.000000000000000000, 1.000000000000000000 ) ) ;
#2875 = CARTESIAN_POINT ( 'NONE',  ( 22.50049140560457417, -4.000000000000000888, 2.200000000000000622 ) ) ;
#2876 = FACE_OUTER_BOUND ( 'NONE', #1789, .T. ) ;
#2877 = EDGE_CURVE ( 'NONE', #677, #1390, #2843, .T. ) ;
#2878 = VERTEX_POINT ( 'NONE', #3413 ) ;
#2879 = ORIENTED_EDGE ( 'NONE', *, *, #3222, .F. ) ;
#2880 = ORIENTED_EDGE ( 'NONE', *, *, #3416, .F. ) ;
#2881 = CARTESIAN_POINT ( 'NONE',  ( 51.16499999999999915, -4.226517343411737806E-15, -6.599999999999999645 ) ) ;
#2882 = ORIENTED_EDGE ( 'NONE', *, *, #1766, .F. ) ;
#2883 = ORIENTED_EDGE ( 'NONE', *, *, #2072, .T. ) ;
#2884 = CARTESIAN_POINT ( 'NONE',  ( 0.000000000000000000, 0.000000000000000000, 5.200000000000000178 ) ) ;
#2885 = CARTESIAN_POINT ( 'NONE',  ( 22.50049140560457417, -2.000000000000000888, -0.7000000000000000666 ) ) ;
#2886 = DIRECTION ( 'NONE',  ( 0.000000000000000000, 0.000000000000000000, 1.000000000000000000 ) ) ;
#2887 = ADVANCED_FACE ( 'NONE', ( #884 ), #64, .T. ) ;
#2888 = ORIENTED_EDGE ( 'NONE', *, *, #2754, .T. ) ;
#2889 = ORIENTED_EDGE ( 'NONE', *, *, #1529, .F. ) ;
#2890 = VERTEX_POINT ( 'NONE', #3164 ) ;
#2891 = DIRECTION ( 'NONE',  ( -0.000000000000000000, -0.000000000000000000, 1.000000000000000000 ) ) ;
#2892 = EDGE_CURVE ( 'NONE', #2049, #2681, #2304, .T. ) ;
#2893 = CARTESIAN_POINT ( 'NONE',  ( 46.00860221814055251, 4.062170784313704708, 5.200000000000000178 ) ) ;
#2894 = DIRECTION ( 'NONE',  ( -0.000000000000000000, -0.000000000000000000, -1.000000000000000000 ) ) ;
#2895 = EDGE_CURVE ( 'NONE', #1559, #2405, #639, .T. ) ;
#2896 = CARTESIAN_POINT ( 'NONE',  ( 14.86954308122128232, 4.399999999999987033, -5.400000000000000355 ) ) ;
#2897 = CARTESIAN_POINT ( 'NONE',  ( 52.14000000000000057, -4.345920406328604417E-15, -8.000000000000000000 ) ) ;
#2898 = VERTEX_POINT ( 'NONE', #2047 ) ;
#2899 = VERTEX_POINT ( 'NONE', #1473 ) ;
#2900 = VERTEX_POINT ( 'NONE', #2863 ) ;
#2901 = STYLED_ITEM ( 'NONE', ( #3074 ), #3439 ) ;
#2902 = LINE ( 'NONE', #3145, #843 ) ;
#2903 = VERTEX_POINT ( 'NONE', #656 ) ;
#2904 = ORIENTED_EDGE ( 'NONE', *, *, #2007, .F. ) ;
#2905 = AXIS2_PLACEMENT_3D ( 'NONE', #661, #384, #54 ) ;
#2906 = CARTESIAN_POINT ( 'NONE',  ( 49.11500000000000199, -3.975464749586530436E-15, -6.599999999999999645 ) ) ;
#2907 = CARTESIAN_POINT ( 'NONE',  ( 46.12501084212602365, -2.000000000000001332, 5.400000000000000355 ) ) ;
#2908 = DIRECTION ( 'NONE',  ( -1.000000000000000000, 0.000000000000000000, 0.000000000000000000 ) ) ;
#2909 = VECTOR ( 'NONE', #2378, 1000.000000000000000 ) ;
#2910 = VERTEX_POINT ( 'NONE', #3470 ) ;
#2911 = ORIENTED_EDGE ( 'NONE', *, *, #732, .T. ) ;
#2912 = VERTEX_POINT ( 'NONE', #1772 ) ;
#2913 = LINE ( 'NONE', #1502, #278 ) ;
#2914 = DIRECTION ( 'NONE',  ( 1.000000000000000000, 0.000000000000000000, 0.000000000000000000 ) ) ;
#2915 = DIRECTION ( 'NONE',  ( -1.000000000000000000, 0.000000000000000000, 0.000000000000000000 ) ) ;
#2916 = LINE ( 'NONE', #1973, #3281 ) ;
#2917 = AXIS2_PLACEMENT_3D ( 'NONE', #3595, #2171, #2368 ) ;
#2918 = LINE ( 'NONE', #1787, #613 ) ;
#2919 = ADVANCED_FACE ( 'NONE', ( #2600 ), #2008, .T. ) ;
#2920 = AXIS2_PLACEMENT_3D ( 'NONE', #3588, #400, #1516 ) ;
#2921 = LINE ( 'NONE', #2657, #1132 ) ;
#2922 = VECTOR ( 'NONE', #1227, 1000.000000000000000 ) ;
#2923 = VERTEX_POINT ( 'NONE', #2881 ) ;
#2924 = ORIENTED_EDGE ( 'NONE', *, *, #1327, .F. ) ;
#2925 = DIRECTION ( 'NONE',  ( -0.000000000000000000, -0.000000000000000000, 1.000000000000000000 ) ) ;
#2926 = AXIS2_PLACEMENT_3D ( 'NONE', #2408, #1856, #1579 ) ;
#2927 = DIRECTION ( 'NONE',  ( -0.3479176161606249984, 0.9375251102584443164, 0.000000000000000000 ) ) ;
#2928 = DIRECTION ( 'NONE',  ( -1.000000000000000000, 0.000000000000000000, 0.000000000000000000 ) ) ;
#2929 = ORIENTED_EDGE ( 'NONE', *, *, #418, .T. ) ;
#2930 = ORIENTED_EDGE ( 'NONE', *, *, #3606, .T. ) ;
#2931 = DIRECTION ( 'NONE',  ( -2.256840143605774710E-16, 0.000000000000000000, -1.000000000000000000 ) ) ;
#2932 = DIRECTION ( 'NONE',  ( -1.000000000000000000, 0.000000000000000000, 0.000000000000000000 ) ) ;
#2933 = DIRECTION ( 'NONE',  ( 0.000000000000000000, 0.000000000000000000, 1.000000000000000000 ) ) ;
#2934 = VECTOR ( 'NONE', #3216, 1000.000000000000000 ) ;
#2935 = FACE_OUTER_BOUND ( 'NONE', #3010, .T. ) ;
#2936 = CARTESIAN_POINT ( 'NONE',  ( 55.55314122155692758, 2.085777313547375833, 7.500000000000000000 ) ) ;
#2937 = EDGE_CURVE ( 'NONE', #2428, #2564, #359, .T. ) ;
#2938 = CARTESIAN_POINT ( 'NONE',  ( 24.00049140560457772, -2.000000000000000888, 2.199999999999997069 ) ) ;
#2939 = VERTEX_POINT ( 'NONE', #3451 ) ;
#2940 = ORIENTED_EDGE ( 'NONE', *, *, #552, .F. ) ;
#2941 = EDGE_CURVE ( 'NONE', #776, #2912, #501, .T. ) ;
#2942 = CARTESIAN_POINT ( 'NONE',  ( -1.173556874675002968E-15, 0.000000000000000000, -6.600000000000000533 ) ) ;
#2943 = ADVANCED_FACE ( 'NONE', ( #2581 ), #340, .T. ) ;
#2944 = DIRECTION ( 'NONE',  ( 0.000000000000000000, 0.000000000000000000, -1.000000000000000000 ) ) ;
#2945 = CARTESIAN_POINT ( 'NONE',  ( 5.348507953654661584, 8.699846250988514385, -2.722336143404012532 ) ) ;
#2946 = EDGE_LOOP ( 'NONE', ( #1447, #3076, #424, #935 ) ) ;
#2947 = EDGE_LOOP ( 'NONE', ( #3032, #2005, #1362, #1332 ) ) ;
#2948 = ORIENTED_EDGE ( 'NONE', *, *, #3008, .F. ) ;
#2949 = PLANE ( 'NONE',  #1395 ) ;
#2950 = DIRECTION ( 'NONE',  ( 0.000000000000000000, 0.000000000000000000, 1.000000000000000000 ) ) ;
#2951 = ORIENTED_EDGE ( 'NONE', *, *, #716, .T. ) ;
#2952 = CARTESIAN_POINT ( 'NONE',  ( 44.13355199762368386, 3.366335551992464481, 5.400000000000000355 ) ) ;
#2953 = ORIENTED_EDGE ( 'NONE', *, *, #3283, .T. ) ;
#2954 = CARTESIAN_POINT ( 'NONE',  ( 47.46488495469115776, 8.266381009738202224, 5.200000000000000178 ) ) ;
#2955 = DIRECTION ( 'NONE',  ( 1.000000000000000000, 0.000000000000000000, 0.000000000000000000 ) ) ;
#2956 = CARTESIAN_POINT ( 'NONE',  ( 49.28994010404510817, 5.279882440875892868, -2.200000000000000178 ) ) ;
#2957 = ORIENTED_EDGE ( 'NONE', *, *, #1847, .F. ) ;
#2958 = ORIENTED_EDGE ( 'NONE', *, *, #879, .T. ) ;
#2959 = CIRCLE ( 'NONE', #1361, 177.2599999999999625 ) ;
#2960 = DIRECTION ( 'NONE',  ( -0.000000000000000000, -0.000000000000000000, -1.000000000000000000 ) ) ;
#2961 = CARTESIAN_POINT ( 'NONE',  ( 3.958287489416092431, 5.667323904260574530, 4.509097487428283202 ) ) ;
#2962 = AXIS2_PLACEMENT_3D ( 'NONE', #553, #2763, #3092 ) ;
#2963 = ORIENTED_EDGE ( 'NONE', *, *, #2444, .F. ) ;
#2964 = EDGE_CURVE ( 'NONE', #2268, #1853, #1975, .T. ) ;
#2965 = VERTEX_POINT ( 'NONE', #1705 ) ;
#2966 = CARTESIAN_POINT ( 'NONE',  ( 47.46488495469115776, 8.266381009738202224, -5.200000000000000178 ) ) ;
#2967 = DIRECTION ( 'NONE',  ( 0.000000000000000000, 0.000000000000000000, -1.000000000000000000 ) ) ;
#2968 = TOROIDAL_SURFACE ( 'NONE', #436, 2.500000000000001776, 0.5000000000000000000 ) ;
#2969 = DIRECTION ( 'NONE',  ( 1.000000000000000000, 0.000000000000000000, 0.000000000000000000 ) ) ;
#2970 = LINE ( 'NONE', #3022, #266 ) ;
#2971 = CARTESIAN_POINT ( 'NONE',  ( 52.14000000000000057, -4.345920406328604417E-15, -8.000000000000000000 ) ) ;
#2972 = AXIS2_PLACEMENT_3D ( 'NONE', #3454, #343, #921 ) ;
#2973 = DIRECTION ( 'NONE',  ( 1.000000000000000000, 0.000000000000000000, 0.000000000000000000 ) ) ;
#2974 = AXIS2_PLACEMENT_3D ( 'NONE', #1992, #106, #2345 ) ;
#2975 = ORIENTED_EDGE ( 'NONE', *, *, #3098, .F. ) ;
#2976 = ORIENTED_EDGE ( 'NONE', *, *, #2618, .T. ) ;
#2977 = FACE_OUTER_BOUND ( 'NONE', #191, .T. ) ;
#2978 = DIRECTION ( 'NONE',  ( 0.000000000000000000, -0.000000000000000000, 1.000000000000000000 ) ) ;
#2979 = CIRCLE ( 'NONE', #2502, 5.499999999999976907 ) ;
#2980 = CARTESIAN_POINT ( 'NONE',  ( 4.955644948310870213, 8.317047597931525260, 3.391971604354991676 ) ) ;
#2981 = EDGE_LOOP ( 'NONE', ( #1676, #1728, #2305, #3172, #3607, #3452, #146, #3393, #246, #2740, #3348 ) ) ;
#2982 = ORIENTED_EDGE ( 'NONE', *, *, #1234, .T. ) ;
#2983 = VECTOR ( 'NONE', #719, 1000.000000000000000 ) ;
#2984 = ORIENTED_EDGE ( 'NONE', *, *, #393, .T. ) ;
#2985 = FACE_OUTER_BOUND ( 'NONE', #270, .T. ) ;
#2986 = CARTESIAN_POINT ( 'NONE',  ( 47.91817432832402801, 11.58775833271867484, -7.500000000000000000 ) ) ;
#2987 = EDGE_CURVE ( 'NONE', #350, #2391, #1312, .T. ) ;
#2988 = CARTESIAN_POINT ( 'NONE',  ( 22.50049140560457417, -5.566772252322746972, 0.7000000000000000666 ) ) ;
#2989 = VECTOR ( 'NONE', #3324, 1000.000000000000000 ) ;
#2990 = EDGE_LOOP ( 'NONE', ( #259, #251 ) ) ;
#2991 = CARTESIAN_POINT ( 'NONE',  ( 1.474999999999999867, 0.000000000000000000, 8.000000000000000000 ) ) ;
#2992 = EDGE_CURVE ( 'NONE', #166, #159, #612, .T. ) ;
#2993 = CARTESIAN_POINT ( 'NONE',  ( 7.790675756510539784, 9.163308215866159401, 8.000000000000000000 ) ) ;
#2994 = ORIENTED_EDGE ( 'NONE', *, *, #231, .F. ) ;
#2995 = ORIENTED_EDGE ( 'NONE', *, *, #1124, .T. ) ;
#2996 = DIRECTION ( 'NONE',  ( 0.000000000000000000, 0.000000000000000000, 1.000000000000000000 ) ) ;
#2997 = LINE ( 'NONE', #458, #577 ) ;
#2998 = CARTESIAN_POINT ( 'NONE',  ( 6.000119426843709469, 9.155242747588577146, 0.2870235551287628750 ) ) ;
#2999 = ORIENTED_EDGE ( 'NONE', *, *, #2149, .T. ) ;
#3000 = ORIENTED_EDGE ( 'NONE', *, *, #2806, .F. ) ;
#3001 = DIRECTION ( 'NONE',  ( 0.000000000000000000, -1.000000000000000000, 0.000000000000000000 ) ) ;
#3002 = ADVANCED_FACE ( 'NONE', ( #1438 ), #2968, .T. ) ;
#3003 = FACE_BOUND ( 'NONE', #1604, .T. ) ;
#3004 = DIRECTION ( 'NONE',  ( 1.000000000000000000, 0.000000000000000000, 0.000000000000000000 ) ) ;
#3005 = EDGE_CURVE ( 'NONE', #350, #1629, #1161, .T. ) ;
#3006 = DIRECTION ( 'NONE',  ( 1.350228159821300363E-16, -1.000000000000000000, 0.000000000000000000 ) ) ;
#3007 = CARTESIAN_POINT ( 'NONE',  ( 3.458287489416092431, 4.500000000000000888, -5.200000000000001066 ) ) ;
#3008 = EDGE_CURVE ( 'NONE', #1533, #2723, #1844, .T. ) ;
#3009 = FACE_OUTER_BOUND ( 'NONE', #765, .T. ) ;
#3010 = EDGE_LOOP ( 'NONE', ( #3507, #2245, #990, #2115, #2608, #494 ) ) ;
#3011 = ORIENTED_EDGE ( 'NONE', *, *, #317, .F. ) ;
#3012 = CARTESIAN_POINT ( 'NONE',  ( 52.14000000000000057, -4.345920406328604417E-15, -5.200000000000000178 ) ) ;
#3013 = ORIENTED_EDGE ( 'NONE', *, *, #3543, .F. ) ;
#3014 = CARTESIAN_POINT ( 'NONE',  ( 7.790675756510539784, 9.163308215866159401, -7.500000000000000000 ) ) ;
#3015 = ORIENTED_EDGE ( 'NONE', *, *, #1826, .F. ) ;
#3016 = ORIENTED_EDGE ( 'NONE', *, *, #3473, .F. ) ;
#3017 = CARTESIAN_POINT ( 'NONE',  ( -1.173556874675002968E-15, 0.000000000000000000, -6.600000000000000533 ) ) ;
#3018 = PLANE ( 'NONE',  #910 ) ;
#3019 = DIRECTION ( 'NONE',  ( -0.000000000000000000, -0.000000000000000000, 1.000000000000000000 ) ) ;
#3020 = VECTOR ( 'NONE', #3491, 1000.000000000000000 ) ;
#3021 = CIRCLE ( 'NONE', #1185, 0.5000000000000004441 ) ;
#3022 = CARTESIAN_POINT ( 'NONE',  ( 24.00049140560457772, -4.000000000000000888, -0.7000000000000000666 ) ) ;
#3023 = EDGE_CURVE ( 'NONE', #1745, #315, #3526, .T. ) ;
#3024 = VECTOR ( 'NONE', #3331, 1000.000000000000000 ) ;
#3025 = EDGE_CURVE ( 'NONE', #3096, #65, #559, .T. ) ;
#3026 = DIRECTION ( 'NONE',  ( 0.000000000000000000, 0.000000000000000000, 1.000000000000000000 ) ) ;
#3027 = ORIENTED_EDGE ( 'NONE', *, *, #2343, .F. ) ;
#3028 = EDGE_LOOP ( 'NONE', ( #502, #1025, #1038, #3657, #338, #775, #2976, #1053, #1240, #3497 ) ) ;
#3029 = DIRECTION ( 'NONE',  ( 2.977001517945642039E-43, 1.000000000000000000, 0.000000000000000000 ) ) ;
#3030 = FACE_OUTER_BOUND ( 'NONE', #1018, .T. ) ;
#3031 = VECTOR ( 'NONE', #2743, 1000.000000000000000 ) ;
#3032 = ORIENTED_EDGE ( 'NONE', *, *, #3023, .T. ) ;
#3033 = VERTEX_POINT ( 'NONE', #2993 ) ;
#3034 = DIRECTION ( 'NONE',  ( -0.000000000000000000, -0.000000000000000000, 1.000000000000000000 ) ) ;
#3035 = VECTOR ( 'NONE', #161, 1000.000000000000000 ) ;
#3036 = DIRECTION ( 'NONE',  ( 1.000000000000000000, 0.000000000000000000, 0.000000000000000000 ) ) ;
#3037 = VECTOR ( 'NONE', #3198, 1000.000000000000114 ) ;
#3038 = ORIENTED_EDGE ( 'NONE', *, *, #2106, .F. ) ;
#3039 = CARTESIAN_POINT ( 'NONE',  ( 56.14000000000000057, -4.345920406328604417E-15, 7.500000000000000000 ) ) ;
#3040 = DIRECTION ( 'NONE',  ( 0.000000000000000000, -1.000000000000000000, 0.000000000000000000 ) ) ;
#3041 = CIRCLE ( 'NONE', #1622, 3.024999999999999911 ) ;
#3042 = DIRECTION ( 'NONE',  ( -0.000000000000000000, -0.000000000000000000, -1.000000000000000000 ) ) ;
#3043 = EDGE_CURVE ( 'NONE', #63, #497, #2671, .T. ) ;
#3044 = VECTOR ( 'NONE', #2069, 1000.000000000000000 ) ;
#3045 = EDGE_CURVE ( 'NONE', #802, #1381, #2310, .T. ) ;
#3046 = AXIS2_PLACEMENT_3D ( 'NONE', #1715, #2535, #2484 ) ;
#3047 = DIRECTION ( 'NONE',  ( 1.000000000000000000, 0.000000000000000000, 0.000000000000000000 ) ) ;
#3048 = VERTEX_POINT ( 'NONE', #1811 ) ;
#3049 = EDGE_LOOP ( 'NONE', ( #1821, #3186, #615, #2940 ) ) ;
#3050 = ADVANCED_FACE ( 'NONE', ( #1585 ), #1864, .T. ) ;
#3051 = DIRECTION ( 'NONE',  ( 0.000000000000000000, 0.000000000000000000, 1.000000000000000000 ) ) ;
#3052 = CARTESIAN_POINT ( 'NONE',  ( 3.024999999999998579, 3.704556567420743261E-16, 5.600000000000007638 ) ) ;
#3053 = DIRECTION ( 'NONE',  ( 0.000000000000000000, -0.000000000000000000, 1.000000000000000000 ) ) ;
#3054 = ORIENTED_EDGE ( 'NONE', *, *, #2737, .T. ) ;
#3055 = ORIENTED_EDGE ( 'NONE', *, *, #2716, .T. ) ;
#3056 = AXIS2_PLACEMENT_3D ( 'NONE', #2567, #1795, #86 ) ;
#3057 = EDGE_CURVE ( 'NONE', #2668, #65, #2921, .T. ) ;
#3058 = DIRECTION ( 'NONE',  ( 0.000000000000000000, 0.000000000000000000, 1.000000000000000000 ) ) ;
#3059 = DIRECTION ( 'NONE',  ( 1.000000000000000000, 7.105427357600997126E-15, 0.000000000000000000 ) ) ;
#3060 = DIRECTION ( 'NONE',  ( -0.000000000000000000, -0.000000000000000000, -1.000000000000000000 ) ) ;
#3061 = VERTEX_POINT ( 'NONE', #955 ) ;
#3062 = DIRECTION ( 'NONE',  ( 1.000000000000000000, 0.000000000000000000, -0.000000000000000000 ) ) ;
#3063 = LINE ( 'NONE', #1999, #689 ) ;
#3064 = DIRECTION ( 'NONE',  ( 1.000000000000000000, 0.000000000000000000, 0.000000000000000000 ) ) ;
#3065 = LINE ( 'NONE', #1328, #3079 ) ;
#3066 = EDGE_CURVE ( 'NONE', #3204, #160, #870, .T. ) ;
#3067 = EDGE_LOOP ( 'NONE', ( #5, #3149, #2175, #3314 ) ) ;
#3068 = DIRECTION ( 'NONE',  ( 0.000000000000000000, 0.000000000000000000, 1.000000000000000000 ) ) ;
#3069 = LINE ( 'NONE', #2456, #1008 ) ;
#3070 = EDGE_LOOP ( 'NONE', ( #1983, #1753, #2219, #1514 ) ) ;
#3071 = CARTESIAN_POINT ( 'NONE',  ( 0.000000000000000000, 0.000000000000000000, 8.000000000000000000 ) ) ;
#3072 = DIRECTION ( 'NONE',  ( 0.000000000000000000, 0.000000000000000000, 1.000000000000000000 ) ) ;
#3073 = CARTESIAN_POINT ( 'NONE',  ( 15.00000000000000355, -2.000000000000005773, -3.700000000000001510 ) ) ;
#3074 = PRESENTATION_STYLE_ASSIGNMENT (( #2816 ) ) ;
#3075 = EDGE_CURVE ( 'NONE', #2443, #3535, #3224, .T. ) ;
#3076 = ORIENTED_EDGE ( 'NONE', *, *, #2783, .T. ) ;
#3077 = DIRECTION ( 'NONE',  ( -0.000000000000000000, -0.000000000000000000, -1.000000000000000000 ) ) ;
#3078 = DIRECTION ( 'NONE',  ( -1.000000000000000000, 0.000000000000000000, 0.000000000000000000 ) ) ;
#3079 = VECTOR ( 'NONE', #3655, 1000.000000000000000 ) ;
#3080 = CARTESIAN_POINT ( 'NONE',  ( 49.11500000000000199, -4.345920406328604417E-15, 6.599999999999999645 ) ) ;
#3081 = COLOUR_RGB ( '',0.7921568627450980005, 0.8196078431372548767, 0.9333333333333333481 ) ;
#3082 = AXIS2_PLACEMENT_3D ( 'NONE', #1425, #873, #36 ) ;
#3083 = CIRCLE ( 'NONE', #3200, 1.500000000000000000 ) ;
#3084 = DIRECTION ( 'NONE',  ( -0.000000000000000000, -0.000000000000000000, 1.000000000000000000 ) ) ;
#3085 = VERTEX_POINT ( 'NONE', #2640 ) ;
#3086 = EDGE_LOOP ( 'NONE', ( #3357, #2496, #3185, #3141 ) ) ;
#3087 = DIRECTION ( 'NONE',  ( 0.000000000000000000, 0.000000000000000000, 1.000000000000000000 ) ) ;
#3088 = CARTESIAN_POINT ( 'NONE',  ( 5.824192613333464941, 4.570697873654367527, -1.489380639741122669 ) ) ;
#3089 = LINE ( 'NONE', #1775, #3584 ) ;
#3090 = CYLINDRICAL_SURFACE ( 'NONE', #3594, 4.000000000000003553 ) ;
#3091 = CONICAL_SURFACE ( 'NONE', #1491, 3.425000000000011369, 0.7853981633974445042 ) ;
#3092 = DIRECTION ( 'NONE',  ( 1.000000000000000000, 0.000000000000000000, 0.000000000000000000 ) ) ;
#3093 = DIRECTION ( 'NONE',  ( -1.000000000000000000, 0.000000000000000000, 0.000000000000000000 ) ) ;
#3094 = VERTEX_POINT ( 'NONE', #1550 ) ;
#3095 = AXIS2_PLACEMENT_3D ( 'NONE', #2654, #3239, #2060 ) ;
#3096 = VERTEX_POINT ( 'NONE', #936 ) ;
#3097 = DIRECTION ( 'NONE',  ( 0.000000000000000000, 0.000000000000000000, 1.000000000000000000 ) ) ;
#3098 = EDGE_CURVE ( 'NONE', #49, #1293, #2699, .T. ) ;
#3099 = CARTESIAN_POINT ( 'NONE',  ( 52.14000000000000057, -4.345920406328604417E-15, 5.200000000000000178 ) ) ;
#3100 = LINE ( 'NONE', #3387, #2512 ) ;
#3101 = AXIS2_PLACEMENT_3D ( 'NONE', #1949, #1356, #24 ) ;
#3102 = AXIS2_PLACEMENT_3D ( 'NONE', #2833, #1101, #2231 ) ;
#3103 = ADVANCED_FACE ( 'NONE', ( #3566 ), #2141, .T. ) ;
#3104 = CARTESIAN_POINT ( 'NONE',  ( -3.025000000000001243, 0.000000000000000000, 6.600000000000000533 ) ) ;
#3105 = AXIS2_PLACEMENT_3D ( 'NONE', #2230, #272, #6 ) ;
#3106 = ORIENTED_EDGE ( 'NONE', *, *, #3008, .T. ) ;
#3107 = CARTESIAN_POINT ( 'NONE',  ( 49.11500000000000199, -3.975464749586530436E-15, -6.599999999999999645 ) ) ;
#3108 = EDGE_CURVE ( 'NONE', #2384, #1366, #1784, .T. ) ;
#3109 = CARTESIAN_POINT ( 'NONE',  ( -0.9749999999999999778, 1.194030629168669322E-16, -8.000000000000000000 ) ) ;
#3110 = VECTOR ( 'NONE', #1743, 1000.000000000000000 ) ;
#3111 = CARTESIAN_POINT ( 'NONE',  ( -0.4204519536220550080, 8.769633295748443302, 7.500000000000000000 ) ) ;
#3112 = CARTESIAN_POINT ( 'NONE',  ( 50.60374229506292920, 10.18454290402474172, 5.200000000000000178 ) ) ;
#3113 = CARTESIAN_POINT ( 'NONE',  ( 47.46488495469115776, 8.266381009738202224, 2.200000000000000178 ) ) ;
#3114 =( LENGTH_UNIT ( ) NAMED_UNIT ( * ) SI_UNIT ( .MILLI., .METRE. ) );
#3115 = AXIS2_PLACEMENT_3D ( 'NONE', #1672, #2242, #3059 ) ;
#3116 = VERTEX_POINT ( 'NONE', #741 ) ;
#3117 = DIRECTION ( 'NONE',  ( 0.000000000000000000, 0.000000000000000000, 1.000000000000000000 ) ) ;
#3118 = DIRECTION ( 'NONE',  ( 0.000000000000000000, 0.000000000000000000, 1.000000000000000000 ) ) ;
#3119 = ORIENTED_EDGE ( 'NONE', *, *, #3326, .T. ) ;
#3120 = FACE_OUTER_BOUND ( 'NONE', #1830, .T. ) ;
#3121 = EDGE_CURVE ( 'NONE', #1629, #2613, #200, .T. ) ;
#3122 = ORIENTED_EDGE ( 'NONE', *, *, #2821, .F. ) ;
#3123 = DIRECTION ( 'NONE',  ( 1.000000000000000000, 0.000000000000000000, 0.000000000000000000 ) ) ;
#3124 = EDGE_CURVE ( 'NONE', #1870, #197, #1549, .T. ) ;
#3125 = VERTEX_POINT ( 'NONE', #157 ) ;
#3126 = VERTEX_POINT ( 'NONE', #1274 ) ;
#3127 = DIRECTION ( 'NONE',  ( 0.000000000000000000, 0.000000000000000000, 1.000000000000000000 ) ) ;
#3128 = CARTESIAN_POINT ( 'NONE',  ( 3.458287489416092431, 3.500000000000000000, -7.500000000000000000 ) ) ;
#3129 = DIRECTION ( 'NONE',  ( 1.224646799147353207E-16, 1.000000000000000000, -0.000000000000000000 ) ) ;
#3130 = DIRECTION ( 'NONE',  ( -0.000000000000000000, -0.000000000000000000, -1.000000000000000000 ) ) ;
#3131 = DIRECTION ( 'NONE',  ( -0.000000000000000000, -0.000000000000000000, -1.000000000000000000 ) ) ;
#3132 = ORIENTED_EDGE ( 'NONE', *, *, #976, .T. ) ;
#3133 = ORIENTED_EDGE ( 'NONE', *, *, #3571, .F. ) ;
#3134 = FACE_OUTER_BOUND ( 'NONE', #3528, .T. ) ;
#3135 = DIRECTION ( 'NONE',  ( 0.000000000000000000, 0.000000000000000000, 1.000000000000000000 ) ) ;
#3136 = LINE ( 'NONE', #1450, #2223 ) ;
#3137 = CIRCLE ( 'NONE', #1544, 3.499999999999997780 ) ;
#3138 = LINE ( 'NONE', #356, #1952 ) ;
#3139 = AXIS2_PLACEMENT_3D ( 'NONE', #304, #1693, #485 ) ;
#3140 = AXIS2_PLACEMENT_3D ( 'NONE', #1833, #1869, #2146 ) ;
#3141 = ORIENTED_EDGE ( 'NONE', *, *, #1898, .F. ) ;
#3142 = ORIENTED_EDGE ( 'NONE', *, *, #3057, .T. ) ;
#3143 = AXIS2_PLACEMENT_3D ( 'NONE', #2956, #3203, #121 ) ;
#3144 = EDGE_CURVE ( 'NONE', #1593, #399, #2082, .T. ) ;
#3145 = CARTESIAN_POINT ( 'NONE',  ( 3.458287489416092431, 4.000000000000000000, 5.200000000000000178 ) ) ;
#3146 = CARTESIAN_POINT ( 'NONE',  ( 52.14000000000000057, -4.345920406328604417E-15, -8.000000000000000000 ) ) ;
#3147 = LINE ( 'NONE', #1179, #3110 ) ;
#3148 = LINE ( 'NONE', #303, #2838 ) ;
#3149 = ORIENTED_EDGE ( 'NONE', *, *, #3406, .F. ) ;
#3150 = EDGE_LOOP ( 'NONE', ( #3027, #3160 ) ) ;
#3151 = CARTESIAN_POINT ( 'NONE',  ( -1.173556874675002968E-15, 0.000000000000000000, -5.200000000000001066 ) ) ;
#3152 = VECTOR ( 'NONE', #3622, 1000.000000000000000 ) ;
#3153 = CARTESIAN_POINT ( 'NONE',  ( 46.06346891345411620, -168.0616090356724897, -2.200000000000000178 ) ) ;
#3154 = CARTESIAN_POINT ( 'NONE',  ( 3.948185437972731027, 4.400000000000000355, -4.517945522843360706 ) ) ;
#3155 = TOROIDAL_SURFACE ( 'NONE', #1439, 3.500000000000000888, 0.5000000000000000000 ) ;
#3156 = AXIS2_PLACEMENT_3D ( 'NONE', #2803, #3386, #2262 ) ;
#3157 = LINE ( 'NONE', #846, #889 ) ;
#3158 = PRESENTATION_LAYER_ASSIGNMENT (  '', '', ( #3466 ) ) ;
#3159 = ORIENTED_EDGE ( 'NONE', *, *, #1117, .T. ) ;
#3160 = ORIENTED_EDGE ( 'NONE', *, *, #1314, .F. ) ;
#3161 = EDGE_CURVE ( 'NONE', #1136, #195, #2198, .T. ) ;
#3162 = EDGE_CURVE ( 'NONE', #2357, #2126, #3508, .T. ) ;
#3163 = VECTOR ( 'NONE', #811, 1000.000000000000000 ) ;
#3164 = CARTESIAN_POINT ( 'NONE',  ( 7.582114294781146846, 2.921585889185336793, -5.400000000000000355 ) ) ;
#3165 = ORIENTED_EDGE ( 'NONE', *, *, #3418, .T. ) ;
#3166 = EDGE_CURVE ( 'NONE', #3577, #2022, #1104, .T. ) ;
#3167 = ORIENTED_EDGE ( 'NONE', *, *, #1190, .F. ) ;
#3168 = DIRECTION ( 'NONE',  ( 1.000000000000000000, 0.000000000000000000, 0.000000000000000000 ) ) ;
#3169 = FACE_OUTER_BOUND ( 'NONE', #1173, .T. ) ;
#3170 = AXIS2_PLACEMENT_3D ( 'NONE', #3498, #2933, #42 ) ;
#3171 = CARTESIAN_POINT ( 'NONE',  ( 0.000000000000000000, 3.500000000000000000, 7.500000000000000000 ) ) ;
#3172 = ORIENTED_EDGE ( 'NONE', *, *, #3406, .T. ) ;
#3173 = EDGE_CURVE ( 'NONE', #56, #776, #2233, .T. ) ;
#3174 = ORIENTED_EDGE ( 'NONE', *, *, #445, .T. ) ;
#3175 = EDGE_LOOP ( 'NONE', ( #2889, #3298, #1646, #380 ) ) ;
#3176 = CYLINDRICAL_SURFACE ( 'NONE', #2272, 0.9749999999999999778 ) ;
#3177 = CARTESIAN_POINT ( 'NONE',  ( -1.474999999999999867, 1.806354028742346048E-16, 8.000000000000000000 ) ) ;
#3178 = DIRECTION ( 'NONE',  ( 0.3479176161606249429, -0.9375251102584442053, 0.000000000000000000 ) ) ;
#3179 = CIRCLE ( 'NONE', #3548, 3.425000000000011369 ) ;
#3180 = CARTESIAN_POINT ( 'NONE',  ( 7.958287489416090210, 5.667323904260573642, -8.000000000000000000 ) ) ;
#3181 = DIRECTION ( 'NONE',  ( 0.5214443283868436252, -0.8532853053892313078, 0.000000000000000000 ) ) ;
#3182 = ORIENTED_EDGE ( 'NONE', *, *, #2568, .F. ) ;
#3183 = AXIS2_PLACEMENT_3D ( 'NONE', #3541, #989, #2710 ) ;
#3184 = CARTESIAN_POINT ( 'NONE',  ( 13.50000000000000533, -2.000000000000005773, -5.200000000000000178 ) ) ;
#3185 = ORIENTED_EDGE ( 'NONE', *, *, #1582, .T. ) ;
#3186 = ORIENTED_EDGE ( 'NONE', *, *, #2083, .T. ) ;
#3187 = CARTESIAN_POINT ( 'NONE',  ( 50.19505479143043658, 9.894811172309568192, 8.000000000000000000 ) ) ;
#3188 = DIRECTION ( 'NONE',  ( -0.000000000000000000, -0.000000000000000000, -1.000000000000000000 ) ) ;
#3189 = LINE ( 'NONE', #1994, #2630 ) ;
#3190 = DIRECTION ( 'NONE',  ( -2.256840143605774710E-16, -0.000000000000000000, -1.000000000000000000 ) ) ;
#3191 = ORIENTED_EDGE ( 'NONE', *, *, #3651, .T. ) ;
#3192 = ORIENTED_EDGE ( 'NONE', *, *, #334, .T. ) ;
#3193 = ORIENTED_EDGE ( 'NONE', *, *, #231, .T. ) ;
#3194 = CARTESIAN_POINT ( 'NONE',  ( 0.000000000000000000, 0.000000000000000000, -8.000000000000000000 ) ) ;
#3195 = CARTESIAN_POINT ( 'NONE',  ( 3.958287489416092431, 4.500000000000000888, 4.509097487428283202 ) ) ;
#3196 = EDGE_CURVE ( 'NONE', #1559, #833, #781, .T. ) ;
#3197 = DIRECTION ( 'NONE',  ( -0.5214443283868436252, 0.8532853053892313078, 0.000000000000000000 ) ) ;
#3198 = DIRECTION ( 'NONE',  ( -0.8532853053892311967, -0.5214443283868436252, -0.000000000000000000 ) ) ;
#3199 = DIRECTION ( 'NONE',  ( -0.000000000000000000, -0.000000000000000000, 1.000000000000000000 ) ) ;
#3200 = AXIS2_PLACEMENT_3D ( 'NONE', #2449, #814, #507 ) ;
#3201 = EDGE_LOOP ( 'NONE', ( #2367, #2682, #3015, #2331 ) ) ;
#3202 = PRESENTATION_LAYER_ASSIGNMENT (  '', '', ( #2901 ) ) ;
#3203 = DIRECTION ( 'NONE',  ( -0.000000000000000000, -0.000000000000000000, 1.000000000000000000 ) ) ;
#3204 = VERTEX_POINT ( 'NONE', #1897 ) ;
#3205 = ORIENTED_EDGE ( 'NONE', *, *, #2992, .F. ) ;
#3206 = AXIS2_PLACEMENT_3D ( 'NONE', #223, #2228, #1127 ) ;
#3207 = LINE ( 'NONE', #871, #390 ) ;
#3208 = LINE ( 'NONE', #887, #980 ) ;
#3209 = CARTESIAN_POINT ( 'NONE',  ( 5.156500263819460805, 8.523764408816877136, -3.070267640173713897 ) ) ;
#3210 = VECTOR ( 'NONE', #82, 1000.000000000000000 ) ;
#3211 = ORIENTED_EDGE ( 'NONE', *, *, #548, .F. ) ;
#3212 = EDGE_LOOP ( 'NONE', ( #2702, #3582, #2220, #2524 ) ) ;
#3213 = ORIENTED_EDGE ( 'NONE', *, *, #3162, .T. ) ;
#3214 = CARTESIAN_POINT ( 'NONE',  ( 55.16499999999999915, -3.975464749586530436E-15, 6.599999999999999645 ) ) ;
#3215 = DIRECTION ( 'NONE',  ( 1.350228159821300363E-16, -1.000000000000000000, 0.000000000000000000 ) ) ;
#3216 = DIRECTION ( 'NONE',  ( -0.7071067811865517916, 8.659560562354985860E-17, 0.7071067811865433539 ) ) ;
#3217 = EDGE_CURVE ( 'NONE', #2429, #2443, #2013, .T. ) ;
#3218 = CARTESIAN_POINT ( 'NONE',  ( 0.000000000000000000, 0.000000000000000000, -7.500000000000000000 ) ) ;
#3219 = AXIS2_PLACEMENT_3D ( 'NONE', #852, #2813, #286 ) ;
#3220 = DIRECTION ( 'NONE',  ( -1.156482317317871133E-15, 0.000000000000000000, -1.000000000000000000 ) ) ;
#3221 = ADVANCED_FACE ( 'NONE', ( #3009 ), #1084, .F. ) ;
#3222 = EDGE_CURVE ( 'NONE', #3556, #1293, #2486, .T. ) ;
#3223 = VECTOR ( 'NONE', #2144, 1000.000000000000000 ) ;
#3224 = LINE ( 'NONE', #3504, #1606 ) ;
#3225 = AXIS2_PLACEMENT_3D ( 'NONE', #3463, #2676, #1469 ) ;
#3226 = EDGE_LOOP ( 'NONE', ( #165, #2958, #3159, #496, #3016, #2561, #2883, #2509 ) ) ;
#3227 = ORIENTED_EDGE ( 'NONE', *, *, #511, .T. ) ;
#3228 = FACE_OUTER_BOUND ( 'NONE', #2325, .T. ) ;
#3229 = AXIS2_PLACEMENT_3D ( 'NONE', #2188, #3540, #1021 ) ;
#3230 = LINE ( 'NONE', #143, #3295 ) ;
#3231 = CARTESIAN_POINT ( 'NONE',  ( 4.545874870876426499, 7.767358355333475295, 3.921845627696268544 ) ) ;
#3232 = CIRCLE ( 'NONE', #2565, 3.500000000000003109 ) ;
#3233 = ORIENTED_EDGE ( 'NONE', *, *, #1580, .T. ) ;
#3234 = CARTESIAN_POINT ( 'NONE',  ( 3.958287489416092431, 4.500000000000000888, 4.509097487428283202 ) ) ;
#3235 = DIRECTION ( 'NONE',  ( 1.000000000000000000, 0.000000000000000000, 0.000000000000000000 ) ) ;
#3236 = PRODUCT_DEFINITION_CONTEXT ( 'detailed design', #690, 'design' ) ;
#3237 = CARTESIAN_POINT ( 'NONE',  ( -3.025000000000001243, 3.704556567420743261E-16, -6.600000000000000533 ) ) ;
#3238 = CONICAL_SURFACE ( 'NONE', #2395, 3.425000000000010925, 0.7853981633974521648 ) ;
#3239 = DIRECTION ( 'NONE',  ( 0.000000000000000000, 0.000000000000000000, 1.000000000000000000 ) ) ;
#3240 = EDGE_CURVE ( 'NONE', #1192, #1610, #2217, .T. ) ;
#3241 = CARTESIAN_POINT ( 'NONE',  ( 52.14000000000000057, -4.345920406328604417E-15, -8.000000000000000000 ) ) ;
#3242 = TOROIDAL_SURFACE ( 'NONE', #1935, 1.474999999999999867, 0.5000000000000000000 ) ;
#3243 = EDGE_CURVE ( 'NONE', #2470, #2723, #2179, .T. ) ;
#3244 = CIRCLE ( 'NONE', #1526, 3.024999999999999911 ) ;
#3245 = CARTESIAN_POINT ( 'NONE',  ( 3.958287489416092431, 4.500000000000000888, -4.509097487428283202 ) ) ;
#3246 = ORIENTED_EDGE ( 'NONE', *, *, #1056, .T. ) ;
#3247 = CARTESIAN_POINT ( 'NONE',  ( -2.993325909419154218, -4.000000000000007105, -5.200000000000000178 ) ) ;
#3248 = ORIENTED_EDGE ( 'NONE', *, *, #1234, .F. ) ;
#3249 = VECTOR ( 'NONE', #3519, 1000.000000000000000 ) ;
#3250 = DIRECTION ( 'NONE',  ( 1.000000000000000000, 0.000000000000000000, 0.000000000000000000 ) ) ;
#3251 = CARTESIAN_POINT ( 'NONE',  ( 46.12501084212602365, -2.000000000000001332, -2.200000000000000178 ) ) ;
#3252 = ORIENTED_EDGE ( 'NONE', *, *, #897, .F. ) ;
#3253 = ORIENTED_EDGE ( 'NONE', *, *, #2860, .F. ) ;
#3254 = FACE_OUTER_BOUND ( 'NONE', #1039, .T. ) ;
#3255 = CARTESIAN_POINT ( 'NONE',  ( 47.46488495469115776, 8.266381009738202224, 5.200000000000000178 ) ) ;
#3256 = CARTESIAN_POINT ( 'NONE',  ( 3.458287489416092431, 4.500000000000000888, -7.500000000000000000 ) ) ;
#3257 = EDGE_LOOP ( 'NONE', ( #2995, #2244, #218, #2948, #1905, #2148, #2633, #3358 ) ) ;
#3258 = DIRECTION ( 'NONE',  ( -1.000000000000000000, 0.000000000000000000, 0.000000000000000000 ) ) ;
#3259 = CARTESIAN_POINT ( 'NONE',  ( 50.62169744412505423, 10.15553333650298917, -7.500000000000000000 ) ) ;
#3260 = DIRECTION ( 'NONE',  ( 1.000000000000000000, 0.000000000000000000, 0.000000000000000000 ) ) ;
#3261 = ORIENTED_EDGE ( 'NONE', *, *, #754, .T. ) ;
#3262 = EDGE_LOOP ( 'NONE', ( #2957, #3428, #2014, #534, #816, #761, #1773, #721, #2642, #2539, #1953, #1652 ) ) ;
#3263 = ADVANCED_FACE ( 'NONE', ( #258 ), #226, .T. ) ;
#3264 = AXIS2_PLACEMENT_3D ( 'NONE', #62, #1157, #2523 ) ;
#3265 = DIRECTION ( 'NONE',  ( 1.224646799147353207E-16, 1.000000000000000000, -0.000000000000000000 ) ) ;
#3266 = PLANE ( 'NONE',  #1066 ) ;
#3267 =( GEOMETRIC_REPRESENTATION_CONTEXT ( 3 ) GLOBAL_UNCERTAINTY_ASSIGNED_CONTEXT ( ( #967 ) ) GLOBAL_UNIT_ASSIGNED_CONTEXT ( ( #772, #1147, #3401 ) ) REPRESENTATION_CONTEXT ( 'NONE', 'WORKASPACE' ) );
#3268 = CIRCLE ( 'NONE', #3391, 4.000000000000003553 ) ;
#3269 = EDGE_LOOP ( 'NONE', ( #1714, #2999, #1323, #1887 ) ) ;
#3270 = FACE_OUTER_BOUND ( 'NONE', #1281, .T. ) ;
#3271 = CARTESIAN_POINT ( 'NONE',  ( 13.50000000000000178, -4.000000000000007105, 5.200000000000000178 ) ) ;
#3272 = AXIS2_PLACEMENT_3D ( 'NONE', #2734, #774, #3356 ) ;
#3273 = LINE ( 'NONE', #1304, #2398 ) ;
#3274 = CARTESIAN_POINT ( 'NONE',  ( 13.50000000000000355, -2.000000000000005329, -3.700000000000002842 ) ) ;
#3275 = AXIS2_PLACEMENT_3D ( 'NONE', #1594, #2725, #167 ) ;
#3276 = DIRECTION ( 'NONE',  ( -0.000000000000000000, -0.000000000000000000, 1.000000000000000000 ) ) ;
#3277 = AXIS2_PLACEMENT_3D ( 'NONE', #3359, #3087, #1333 ) ;
#3278 = ORIENTED_EDGE ( 'NONE', *, *, #3303, .T. ) ;
#3279 = ORIENTED_EDGE ( 'NONE', *, *, #2240, .F. ) ;
#3280 = CYLINDRICAL_SURFACE ( 'NONE', #2920, 0.5000000000000004441 ) ;
#3281 = VECTOR ( 'NONE', #1805, 1000.000000000000000 ) ;
#3282 = CARTESIAN_POINT ( 'NONE',  ( 4.813881494163378960, 8.150752081575269870, 3.587812206526066916 ) ) ;
#3283 = EDGE_CURVE ( 'NONE', #1168, #217, #3083, .T. ) ;
#3284 = ORIENTED_EDGE ( 'NONE', *, *, #1506, .T. ) ;
#3285 = ORIENTED_EDGE ( 'NONE', *, *, #1263, .F. ) ;
#3286 = CIRCLE ( 'NONE', #1861, 0.5000000000000017764 ) ;
#3287 = DIRECTION ( 'NONE',  ( -0.000000000000000000, -0.000000000000000000, 1.000000000000000000 ) ) ;
#3288 = FACE_OUTER_BOUND ( 'NONE', #2706, .T. ) ;
#3289 = ORIENTED_EDGE ( 'NONE', *, *, #371, .T. ) ;
#3290 = LINE ( 'NONE', #481, #1455 ) ;
#3291 = AXIS2_PLACEMENT_3D ( 'NONE', #498, #3097, #1076 ) ;
#3292 = EDGE_CURVE ( 'NONE', #197, #2903, #3633, .T. ) ;
#3293 = ORIENTED_EDGE ( 'NONE', *, *, #412, .F. ) ;
#3294 = CARTESIAN_POINT ( 'NONE',  ( 3.458287489416092431, 4.500000000000000888, -8.000000000000000000 ) ) ;
#3295 = VECTOR ( 'NONE', #1535, 1000.000000000000000 ) ;
#3296 = CYLINDRICAL_SURFACE ( 'NONE', #488, 3.024999999999999911 ) ;
#3297 = ORIENTED_EDGE ( 'NONE', *, *, #3614, .T. ) ;
#3298 = ORIENTED_EDGE ( 'NONE', *, *, #3217, .T. ) ;
#3299 = LINE ( 'NONE', #1922, #1561 ) ;
#3300 = CARTESIAN_POINT ( 'NONE',  ( -1.474999999999999867, 1.806354028742346048E-16, -8.000000000000000000 ) ) ;
#3301 = EDGE_LOOP ( 'NONE', ( #3468, #187 ) ) ;
#3302 = DIRECTION ( 'NONE',  ( 1.000000000000000000, 0.000000000000000000, 0.000000000000000000 ) ) ;
#3303 = EDGE_CURVE ( 'NONE', #1075, #1593, #3065, .T. ) ;
#3304 = FACE_OUTER_BOUND ( 'NONE', #3593, .T. ) ;
#3305 = CIRCLE ( 'NONE', #822, 1.500000000000001332 ) ;
#3306 = DIRECTION ( 'NONE',  ( 0.000000000000000000, 0.000000000000000000, 1.000000000000000000 ) ) ;
#3307 = VERTEX_POINT ( 'NONE', #487 ) ;
#3308 = VERTEX_POINT ( 'NONE', #1951 ) ;
#3309 = EDGE_CURVE ( 'NONE', #3472, #179, #2066, .T. ) ;
#3310 = DIRECTION ( 'NONE',  ( 1.000000000000000000, 1.065814103640149648E-14, 0.000000000000000000 ) ) ;
#3311 = CARTESIAN_POINT ( 'NONE',  ( 49.28994010404510817, 5.279882440875892868, 2.200000000000000178 ) ) ;
#3312 = DIRECTION ( 'NONE',  ( -0.9375251102584443164, -0.3479176161606249984, 0.000000000000000000 ) ) ;
#3313 = ORIENTED_EDGE ( 'NONE', *, *, #2123, .T. ) ;
#3314 = ORIENTED_EDGE ( 'NONE', *, *, #1193, .F. ) ;
#3315 = FACE_OUTER_BOUND ( 'NONE', #1637, .T. ) ;
#3316 = DIRECTION ( 'NONE',  ( -0.04788906654444425454, 0.9988526604587394386, 0.000000000000000000 ) ) ;
#3317 = ORIENTED_EDGE ( 'NONE', *, *, #1019, .F. ) ;
#3318 = VERTEX_POINT ( 'NONE', #3600 ) ;
#3319 = CIRCLE ( 'NONE', #2006, 3.500000000000003109 ) ;
#3320 = CARTESIAN_POINT ( 'NONE',  ( 0.000000000000000000, 4.000000000000000000, -8.000000000000000000 ) ) ;
#3321 = CARTESIAN_POINT ( 'NONE',  ( 7.958287489416090210, 5.667323904260573642, -7.500000000000000000 ) ) ;
#3322 = FACE_OUTER_BOUND ( 'NONE', #2946, .T. ) ;
#3323 = AXIS2_PLACEMENT_3D ( 'NONE', #1279, #2432, #2928 ) ;
#3324 = DIRECTION ( 'NONE',  ( -0.000000000000000000, -0.000000000000000000, 1.000000000000000000 ) ) ;
#3325 = VECTOR ( 'NONE', #869, 1000.000000000000114 ) ;
#3326 = EDGE_CURVE ( 'NONE', #833, #1559, #2359, .T. ) ;
#3327 = CYLINDRICAL_SURFACE ( 'NONE', #1917, 0.5000000000000000000 ) ;
#3328 = CARTESIAN_POINT ( 'NONE',  ( 46.00860221814055251, 4.062170784313706484, 5.200000000000000178 ) ) ;
#3329 = VECTOR ( 'NONE', #2139, 1000.000000000000000 ) ;
#3330 = EDGE_CURVE ( 'NONE', #65, #529, #1309, .T. ) ;
#3331 = DIRECTION ( 'NONE',  ( -1.000000000000000000, 0.000000000000000000, 0.000000000000000000 ) ) ;
#3332 = ADVANCED_FACE ( 'NONE', ( #1029 ), #3296, .F. ) ;
#3333 = ORIENTED_EDGE ( 'NONE', *, *, #1582, .F. ) ;
#3334 = ORIENTED_EDGE ( 'NONE', *, *, #1255, .T. ) ;
#3335 = CIRCLE ( 'NONE', #152, 3.024999999999999911 ) ;
#3336 = DIRECTION ( 'NONE',  ( -0.000000000000000000, -0.000000000000000000, -1.000000000000000000 ) ) ;
#3337 = DIRECTION ( 'NONE',  ( -0.000000000000000000, 1.000000000000000000, -0.000000000000000000 ) ) ;
#3338 = FACE_OUTER_BOUND ( 'NONE', #1471, .T. ) ;
#3339 = AXIS2_PLACEMENT_3D ( 'NONE', #2942, #2996, #1034 ) ;
#3340 = ORIENTED_EDGE ( 'NONE', *, *, #3309, .T. ) ;
#3341 = EDGE_CURVE ( 'NONE', #874, #1577, #3138, .T. ) ;
#3342 = ORIENTED_EDGE ( 'NONE', *, *, #1124, .F. ) ;
#3343 = DIRECTION ( 'NONE',  ( 0.04788906654444333860, -0.9988526604587394386, 0.000000000000000000 ) ) ;
#3344 = AXIS2_PLACEMENT_3D ( 'NONE', #466, #757, #3310 ) ;
#3345 = CARTESIAN_POINT ( 'NONE',  ( 46.00860221814055251, 4.062170784313706484, 5.200000000000000178 ) ) ;
#3346 = FACE_OUTER_BOUND ( 'NONE', #2711, .T. ) ;
#3347 = CIRCLE ( 'NONE', #2627, 0.5000000000000004441 ) ;
#3348 = ORIENTED_EDGE ( 'NONE', *, *, #533, .T. ) ;
#3349 = CARTESIAN_POINT ( 'NONE',  ( 3.958287489416092431, -4.000000000000007105, 4.509097487428283202 ) ) ;
#3350 = CARTESIAN_POINT ( 'NONE',  ( 40.94941422704341960, 25.02426757450731998, 8.000000000000000000 ) ) ;
#3351 = VECTOR ( 'NONE', #558, 1000.000000000000000 ) ;
#3352 = DIRECTION ( 'NONE',  ( 0.000000000000000000, 0.000000000000000000, 1.000000000000000000 ) ) ;
#3353 = VECTOR ( 'NONE', #3077, 1000.000000000000000 ) ;
#3354 = EDGE_CURVE ( 'NONE', #1040, #2562, #3157, .T. ) ;
#3355 = VECTOR ( 'NONE', #2282, 1000.000000000000114 ) ;
#3356 = DIRECTION ( 'NONE',  ( 1.000000000000000000, 0.000000000000000000, 0.000000000000000000 ) ) ;
#3357 = ORIENTED_EDGE ( 'NONE', *, *, #2783, .F. ) ;
#3358 = ORIENTED_EDGE ( 'NONE', *, *, #2072, .F. ) ;
#3359 = CARTESIAN_POINT ( 'NONE',  ( 0.000000000000000000, 0.000000000000000000, -8.000000000000000000 ) ) ;
#3360 = ADVANCED_FACE ( 'NONE', ( #77 ), #1752, .T. ) ;
#3361 = DIRECTION ( 'NONE',  ( 0.000000000000000000, 0.000000000000000000, 1.000000000000000000 ) ) ;
#3362 = ORIENTED_EDGE ( 'NONE', *, *, #2300, .T. ) ;
#3363 = AXIS2_PLACEMENT_3D ( 'NONE', #1908, #2828, #1424 ) ;
#3364 = ADVANCED_FACE ( 'NONE', ( #2876 ), #12, .F. ) ;
#3365 = CARTESIAN_POINT ( 'NONE',  ( 50.66499999999999915, -4.165285003454369443E-15, 8.000000000000000000 ) ) ;
#3366 = FACE_OUTER_BOUND ( 'NONE', #3561, .T. ) ;
#3367 = CARTESIAN_POINT ( 'NONE',  ( 52.14000000000000057, -4.345920406328604417E-15, 7.500000000000000000 ) ) ;
#3368 = ORIENTED_EDGE ( 'NONE', *, *, #641, .T. ) ;
#3369 = EDGE_LOOP ( 'NONE', ( #2518, #896, #3252, #3285 ) ) ;
#3370 = LINE ( 'NONE', #3349, #1386 ) ;
#3371 = LINE ( 'NONE', #830, #2030 ) ;
#3372 = CARTESIAN_POINT ( 'NONE',  ( 0.000000000000000000, 4.000000000000000000, -7.500000000000000000 ) ) ;
#3373 = CARTESIAN_POINT ( 'NONE',  ( 52.14000000000000057, -4.345920406328604417E-15, -7.500000000000000000 ) ) ;
#3374 = ORIENTED_EDGE ( 'NONE', *, *, #3610, .F. ) ;
#3375 = DIRECTION ( 'NONE',  ( 0.000000000000000000, -1.000000000000000000, 0.000000000000000000 ) ) ;
#3376 = DIRECTION ( 'NONE',  ( 1.000000000000000000, 0.000000000000000000, 0.000000000000000000 ) ) ;
#3377 = EDGE_CURVE ( 'NONE', #2903, #2110, #2536, .T. ) ;
#3378 = CARTESIAN_POINT ( 'NONE',  ( 46.12501084212602365, -2.000000000000001332, -5.400000000000000355 ) ) ;
#3379 = LINE ( 'NONE', #1351, #283 ) ;
#3380 = CARTESIAN_POINT ( 'NONE',  ( -2.993325909419153774, -4.000000000000007105, 5.200000000000000178 ) ) ;
#3381 = CARTESIAN_POINT ( 'NONE',  ( 46.00860221814055251, 4.062170784313706484, 2.200000000000000178 ) ) ;
#3382 = ADVANCED_FACE ( 'NONE', ( #2317 ), #296, .F. ) ;
#3383 = ORIENTED_EDGE ( 'NONE', *, *, #3330, .T. ) ;
#3384 = ORIENTED_EDGE ( 'NONE', *, *, #1884, .T. ) ;
#3385 = FACE_OUTER_BOUND ( 'NONE', #3070, .T. ) ;
#3386 = DIRECTION ( 'NONE',  ( 0.000000000000000000, -1.000000000000000000, 0.000000000000000000 ) ) ;
#3387 = CARTESIAN_POINT ( 'NONE',  ( 50.60374229506292920, 10.18454290402474349, -8.000000000000000000 ) ) ;
#3388 = AXIS2_PLACEMENT_3D ( 'NONE', #2570, #1166, #1744 ) ;
#3389 = CARTESIAN_POINT ( 'NONE',  ( 55.64000000000000057, -4.345920406328604417E-15, -8.000000000000000000 ) ) ;
#3390 = CIRCLE ( 'NONE', #1071, 0.9749999999999999778 ) ;
#3391 = AXIS2_PLACEMENT_3D ( 'NONE', #1628, #2756, #600 ) ;
#3392 = CARTESIAN_POINT ( 'NONE',  ( -3.025000000000001243, 3.704556567420743261E-16, -6.600000000000000533 ) ) ;
#3393 = ORIENTED_EDGE ( 'NONE', *, *, #860, .T. ) ;
#3394 = DIRECTION ( 'NONE',  ( -0.000000000000000000, -0.000000000000000000, 1.000000000000000000 ) ) ;
#3395 = CARTESIAN_POINT ( 'NONE',  ( 52.14000000000000057, -4.345920406328604417E-15, -8.000000000000000000 ) ) ;
#3396 = FACE_OUTER_BOUND ( 'NONE', #1186, .T. ) ;
#3397 = DIRECTION ( 'NONE',  ( 1.000000000000000000, 0.000000000000000000, 0.000000000000000000 ) ) ;
#3398 = CIRCLE ( 'NONE', #2377, 4.000000000000003553 ) ;
#3399 = EDGE_CURVE ( 'NONE', #1338, #1463, #313, .T. ) ;
#3400 = CARTESIAN_POINT ( 'NONE',  ( 0.000000000000000000, 0.000000000000000000, 6.600000000000001421 ) ) ;
#3401 =( NAMED_UNIT ( * ) SI_UNIT ( $, .STERADIAN. ) SOLID_ANGLE_UNIT ( ) );
#3402 = ORIENTED_EDGE ( 'NONE', *, *, #1959, .F. ) ;
#3403 = CIRCLE ( 'NONE', #1912, 0.4999999999999991673 ) ;
#3404 = CARTESIAN_POINT ( 'NONE',  ( 3.024999999999998579, 3.704556567420743261E-16, 6.600000000000000533 ) ) ;
#3405 = DIRECTION ( 'NONE',  ( 1.000000000000000000, 0.000000000000000000, 0.000000000000000000 ) ) ;
#3406 = EDGE_CURVE ( 'NONE', #2912, #2306, #3465, .T. ) ;
#3407 = CARTESIAN_POINT ( 'NONE',  ( 3.958287489416092431, 5.667323904260574530, -4.509097487428283202 ) ) ;
#3408 = AXIS2_PLACEMENT_3D ( 'NONE', #3649, #592, #1713 ) ;
#3409 = DIRECTION ( 'NONE',  ( -0.5214443283868438472, 0.8532853053892310857, 0.000000000000000000 ) ) ;
#3410 = VECTOR ( 'NONE', #1410, 1000.000000000000000 ) ;
#3411 = ORIENTED_EDGE ( 'NONE', *, *, #2895, .T. ) ;
#3412 = VERTEX_POINT ( 'NONE', #1433 ) ;
#3413 = CARTESIAN_POINT ( 'NONE',  ( 0.000000000000000000, -4.000000000000007105, -5.200000000000000178 ) ) ;
#3414 = CIRCLE ( 'NONE', #1511, 177.2599999999999625 ) ;
#3415 = CARTESIAN_POINT ( 'NONE',  ( 7.582114294781146846, -2.000000000000006661, 5.200000000000000178 ) ) ;
#3416 = EDGE_CURVE ( 'NONE', #112, #1551, #2596, .T. ) ;
#3417 = CARTESIAN_POINT ( 'NONE',  ( -1.474999999999999867, 1.806354028742346048E-16, 7.500000000000000000 ) ) ;
#3418 = EDGE_CURVE ( 'NONE', #2723, #210, #2959, .T. ) ;
#3419 = DIRECTION ( 'NONE',  ( 0.000000000000000000, 0.000000000000000000, 1.000000000000000000 ) ) ;
#3420 = ORIENTED_EDGE ( 'NONE', *, *, #1217, .F. ) ;
#3421 = DIRECTION ( 'NONE',  ( 2.977001517945642039E-43, 1.000000000000000000, -0.000000000000000000 ) ) ;
#3422 = ADVANCED_FACE ( 'NONE', ( #913 ), #614, .T. ) ;
#3423 = DIRECTION ( 'NONE',  ( -1.000000000000000000, 0.000000000000000000, 0.000000000000000000 ) ) ;
#3424 = AXIS2_PLACEMENT_3D ( 'NONE', #3559, #1581, #2672 ) ;
#3425 = LINE ( 'NONE', #117, #2452 ) ;
#3426 = EDGE_CURVE ( 'NONE', #71, #2429, #75, .T. ) ;
#3427 = DIRECTION ( 'NONE',  ( -0.7071067811865464625, -0.7071067811865486830, 0.000000000000000000 ) ) ;
#3428 = ORIENTED_EDGE ( 'NONE', *, *, #255, .T. ) ;
#3429 = ORIENTED_EDGE ( 'NONE', *, *, #3066, .T. ) ;
#3430 = ORIENTED_EDGE ( 'NONE', *, *, #2149, .F. ) ;
#3431 = CARTESIAN_POINT ( 'NONE',  ( 3.024999999999998579, 0.000000000000000000, -5.599999999999993427 ) ) ;
#3432 = ORIENTED_EDGE ( 'NONE', *, *, #2784, .F. ) ;
#3433 = DIRECTION ( 'NONE',  ( 0.000000000000000000, -0.000000000000000000, -1.000000000000000000 ) ) ;
#3434 = DIRECTION ( 'NONE',  ( -0.000000000000000000, -0.000000000000000000, -1.000000000000000000 ) ) ;
#3435 = FACE_BOUND ( 'NONE', #2288, .T. ) ;
#3436 = ORIENTED_EDGE ( 'NONE', *, *, #2070, .T. ) ;
#3437 = EDGE_LOOP ( 'NONE', ( #3619, #139, #2027, #2882 ) ) ;
#3438 = CARTESIAN_POINT ( 'NONE',  ( 24.00049140560457772, -2.000000000000000888, -0.7000000000000000666 ) ) ;
#3439 = ADVANCED_BREP_SHAPE_REPRESENTATION ( '指杆', ( #1494, #3139 ), #3267 ) ;
#3440 = DIRECTION ( 'NONE',  ( 0.000000000000000000, 0.000000000000000000, -1.000000000000000000 ) ) ;
#3441 = DIRECTION ( 'NONE',  ( 0.8532853053892337503, 0.5214443283868394063, 0.000000000000000000 ) ) ;
#3442 = ADVANCED_FACE ( 'NONE', ( #2808 ), #635, .T. ) ;
#3443 = VECTOR ( 'NONE', #2299, 1000.000000000000000 ) ;
#3444 = EDGE_CURVE ( 'NONE', #2306, #1834, #1181, .T. ) ;
#3445 = DIRECTION ( 'NONE',  ( 0.000000000000000000, 0.000000000000000000, -1.000000000000000000 ) ) ;
#3446 = CIRCLE ( 'NONE', #1308, 3.424999999999996714 ) ;
#3447 = ORIENTED_EDGE ( 'NONE', *, *, #1480, .T. ) ;
#3448 = ORIENTED_EDGE ( 'NONE', *, *, #1337, .F. ) ;
#3449 = AXIS2_PLACEMENT_3D ( 'NONE', #177, #1292, #3486 ) ;
#3450 = EDGE_CURVE ( 'NONE', #2384, #2965, #2021, .T. ) ;
#3451 = CARTESIAN_POINT ( 'NONE',  ( 22.50049140560457417, -2.000000000000004441, 2.200000000000000178 ) ) ;
#3452 = ORIENTED_EDGE ( 'NONE', *, *, #1898, .T. ) ;
#3453 = EDGE_LOOP ( 'NONE', ( #2589, #1031 ) ) ;
#3454 = CARTESIAN_POINT ( 'NONE',  ( 52.14000000000000057, -4.345920406328604417E-15, -5.600000000000006750 ) ) ;
#3455 = DIRECTION ( 'NONE',  ( 1.000000000000000000, 0.000000000000000000, 0.000000000000000000 ) ) ;
#3456 = DIRECTION ( 'NONE',  ( -0.000000000000000000, -0.000000000000000000, -1.000000000000000000 ) ) ;
#3457 = VERTEX_POINT ( 'NONE', #2286 ) ;
#3458 = ORIENTED_EDGE ( 'NONE', *, *, #3075, .F. ) ;
#3459 = DIRECTION ( 'NONE',  ( -1.000000000000000000, 0.000000000000000000, 0.000000000000000000 ) ) ;
#3460 = AXIS2_PLACEMENT_3D ( 'NONE', #1178, #2846, #67 ) ;
#3461 = CYLINDRICAL_SURFACE ( 'NONE', #1278, 0.5000000000000018874 ) ;
#3462 = CIRCLE ( 'NONE', #1140, 5.499999999999976907 ) ;
#3463 = CARTESIAN_POINT ( 'NONE',  ( 44.13355199762366254, 3.366335551992456931, 5.400000000000000355 ) ) ;
#3464 = CIRCLE ( 'NONE', #2322, 3.024999999999999911 ) ;
#3465 = LINE ( 'NONE', #1174, #3443 ) ;
#3466 = STYLED_ITEM ( 'NONE', ( #2652 ), #1494 ) ;
#3467 = ORIENTED_EDGE ( 'NONE', *, *, #2437, .F. ) ;
#3468 = ORIENTED_EDGE ( 'NONE', *, *, #345, .T. ) ;
#3469 = TOROIDAL_SURFACE ( 'NONE', #2033, 3.500000000000000000, 0.5000000000000000000 ) ;
#3470 = CARTESIAN_POINT ( 'NONE',  ( 3.958287489416092431, 4.500000000000000888, -7.500000000000000000 ) ) ;
#3471 = ORIENTED_EDGE ( 'NONE', *, *, #2349, .F. ) ;
#3472 = VERTEX_POINT ( 'NONE', #3104 ) ;
#3473 = EDGE_CURVE ( 'NONE', #2681, #2110, #581, .T. ) ;
#3474 = CARTESIAN_POINT ( 'NONE',  ( 49.28994010404510817, 5.279882440875892868, -5.200000000000000178 ) ) ;
#3475 = PLANE ( 'NONE',  #348 ) ;
#3476 = AXIS2_PLACEMENT_3D ( 'NONE', #1725, #2628, #108 ) ;
#3477 = FACE_OUTER_BOUND ( 'NONE', #847, .T. ) ;
#3478 = CIRCLE ( 'NONE', #2698, 0.9749999999999999778 ) ;
#3479 = VERTEX_POINT ( 'NONE', #29 ) ;
#3480 = CARTESIAN_POINT ( 'NONE',  ( 55.16499999999999915, -4.345920406328604417E-15, -6.599999999999999645 ) ) ;
#3481 = CYLINDRICAL_SURFACE ( 'NONE', #1156, 3.024999999999999911 ) ;
#3482 = VECTOR ( 'NONE', #1978, 1000.000000000000000 ) ;
#3483 = PLANE ( 'NONE',  #3095 ) ;
#3484 = LINE ( 'NONE', #2677, #145 ) ;
#3485 = EDGE_CURVE ( 'NONE', #88, #1964, #1663, .T. ) ;
#3486 = DIRECTION ( 'NONE',  ( 0.000000000000000000, 0.000000000000000000, -1.000000000000000000 ) ) ;
#3487 = ORIENTED_EDGE ( 'NONE', *, *, #2196, .T. ) ;
#3488 = ORIENTED_EDGE ( 'NONE', *, *, #2895, .F. ) ;
#3489 = DIRECTION ( 'NONE',  ( -0.9988526604587394386, -0.04788906654444408800, 0.000000000000000000 ) ) ;
#3490 = DIRECTION ( 'NONE',  ( -0.000000000000000000, -0.000000000000000000, 1.000000000000000000 ) ) ;
#3491 = DIRECTION ( 'NONE',  ( 0.000000000000000000, 1.000000000000000000, 6.230120059358115239E-35 ) ) ;
#3492 = EDGE_CURVE ( 'NONE', #780, #2428, #3137, .T. ) ;
#3493 = ORIENTED_EDGE ( 'NONE', *, *, #26, .T. ) ;
#3494 = ORIENTED_EDGE ( 'NONE', *, *, #486, .F. ) ;
#3495 = ORIENTED_EDGE ( 'NONE', *, *, #2673, .T. ) ;
#3496 = CARTESIAN_POINT ( 'NONE',  ( -1.173556874675002968E-15, 0.000000000000000000, -6.600000000000000533 ) ) ;
#3497 = ORIENTED_EDGE ( 'NONE', *, *, #1398, .F. ) ;
#3498 = CARTESIAN_POINT ( 'NONE',  ( -1.173556874675002968E-15, 0.000000000000000000, -5.599999999999993427 ) ) ;
#3499 = EDGE_CURVE ( 'NONE', #2532, #2470, #3501, .T. ) ;
#3500 = CYLINDRICAL_SURFACE ( 'NONE', #333, 3.999999999999998224 ) ;
#3501 = LINE ( 'NONE', #2122, #372 ) ;
#3502 = AXIS2_PLACEMENT_3D ( 'NONE', #1228, #3524, #3220 ) ;
#3503 = AXIS2_PLACEMENT_3D ( 'NONE', #1608, #2239, #3376 ) ;
#3504 = CARTESIAN_POINT ( 'NONE',  ( 50.62169744412505423, 10.15553333650299095, -7.500000000000000000 ) ) ;
#3505 = EDGE_LOOP ( 'NONE', ( #2773, #2163, #3174, #557 ) ) ;
#3506 = CYLINDRICAL_SURFACE ( 'NONE', #2448, 5.499999999999976907 ) ;
#3507 = ORIENTED_EDGE ( 'NONE', *, *, #295, .F. ) ;
#3508 = CIRCLE ( 'NONE', #1426, 0.9749999999999967581 ) ;
#3509 = FACE_OUTER_BOUND ( 'NONE', #100, .T. ) ;
#3510 = CARTESIAN_POINT ( 'NONE',  ( -1.173556874675002968E-15, 0.000000000000000000, -5.599999999999993427 ) ) ;
#3511 = CARTESIAN_POINT ( 'NONE',  ( 3.989720200705457742, 6.242561055196112818, 4.482057648210434841 ) ) ;
#3512 = AXIS2_PLACEMENT_3D ( 'NONE', #137, #695, #3260 ) ;
#3513 = ORIENTED_EDGE ( 'NONE', *, *, #2537, .T. ) ;
#3514 = ORIENTED_EDGE ( 'NONE', *, *, #2444, .T. ) ;
#3515 = ORIENTED_EDGE ( 'NONE', *, *, #1847, .T. ) ;
#3516 = DIRECTION ( 'NONE',  ( -0.000000000000000000, -0.000000000000000000, -1.000000000000000000 ) ) ;
#3517 = ADVANCED_FACE ( 'NONE', ( #2061 ), #1901, .T. ) ;
#3518 = DIRECTION ( 'NONE',  ( 0.000000000000000000, 0.000000000000000000, 1.000000000000000000 ) ) ;
#3519 = DIRECTION ( 'NONE',  ( 1.000000000000000000, -0.000000000000000000, -0.000000000000000000 ) ) ;
#3520 = CIRCLE ( 'NONE', #849, 0.9749999999999967581 ) ;
#3521 = EDGE_CURVE ( 'NONE', #2352, #1010, #671, .T. ) ;
#3522 = CARTESIAN_POINT ( 'NONE',  ( 47.91817432832402801, 11.58775833271867484, -8.000000000000000000 ) ) ;
#3523 = CIRCLE ( 'NONE', #2974, 0.9749999999999967581 ) ;
#3524 = DIRECTION ( 'NONE',  ( -0.000000000000000000, 1.000000000000000000, -0.000000000000000000 ) ) ;
#3525 = CIRCLE ( 'NONE', #2680, 3.024999999999999911 ) ;
#3526 = LINE ( 'NONE', #2938, #1843 ) ;
#3527 = CIRCLE ( 'NONE', #330, 1.474999999999999867 ) ;
#3528 = EDGE_LOOP ( 'NONE', ( #3133, #1472, #1064, #1436 ) ) ;
#3529 = ORIENTED_EDGE ( 'NONE', *, *, #101, .T. ) ;
#3530 = DIRECTION ( 'NONE',  ( 1.000000000000000000, 0.000000000000000000, 0.000000000000000000 ) ) ;
#3531 = CIRCLE ( 'NONE', #2688, 1.474999999999997202 ) ;
#3532 = DIRECTION ( 'NONE',  ( 1.000000000000000000, 0.000000000000000000, 0.000000000000000000 ) ) ;
#3533 = CARTESIAN_POINT ( 'NONE',  ( 5.351295510903035790, 8.704530730278676742, 2.727464849760772747 ) ) ;
#3534 = AXIS2_PLACEMENT_3D ( 'NONE', #908, #1729, #331 ) ;
#3535 = VERTEX_POINT ( 'NONE', #3259 ) ;
#3536 = ORIENTED_EDGE ( 'NONE', *, *, #101, .F. ) ;
#3537 = EDGE_CURVE ( 'NONE', #1538, #539, #3319, .T. ) ;
#3538 = DIRECTION ( 'NONE',  ( 0.000000000000000000, 0.000000000000000000, 1.000000000000000000 ) ) ;
#3539 = ADVANCED_FACE ( 'NONE', ( #2619 ), #1842, .F. ) ;
#3540 = DIRECTION ( 'NONE',  ( 0.000000000000000000, -1.000000000000000000, 0.000000000000000000 ) ) ;
#3541 = CARTESIAN_POINT ( 'NONE',  ( 2.729660544970658798, -5.566772252322746972, -2.200000000000000178 ) ) ;
#3542 = ORIENTED_EDGE ( 'NONE', *, *, #1668, .T. ) ;
#3543 = EDGE_CURVE ( 'NONE', #547, #1778, #175, .T. ) ;
#3544 = CARTESIAN_POINT ( 'NONE',  ( 45.78994010404510817, 5.279882440875892868, 5.200000000000000178 ) ) ;
#3545 = DIRECTION ( 'NONE',  ( 1.000000000000000000, 0.000000000000000000, 0.000000000000000000 ) ) ;
#3546 = EDGE_CURVE ( 'NONE', #3085, #3048, #3563, .T. ) ;
#3547 = AXIS2_PLACEMENT_3D ( 'NONE', #551, #1961, #1654 ) ;
#3548 = AXIS2_PLACEMENT_3D ( 'NONE', #1044, #1004, #3004 ) ;
#3549 = DIRECTION ( 'NONE',  ( -0.000000000000000000, -0.000000000000000000, -1.000000000000000000 ) ) ;
#3550 = EDGE_CURVE ( 'NONE', #2864, #1685, #1290, .T. ) ;
#3551 = VERTEX_POINT ( 'NONE', #2376 ) ;
#3552 = EDGE_LOOP ( 'NONE', ( #1757, #3211, #3038, #2559 ) ) ;
#3553 = LINE ( 'NONE', #2165, #3035 ) ;
#3554 = CARTESIAN_POINT ( 'NONE',  ( 4.416553233598905059, 7.545177483990613609, 4.064271801406677653 ) ) ;
#3555 = VERTEX_POINT ( 'NONE', #1509 ) ;
#3556 = VERTEX_POINT ( 'NONE', #394 ) ;
#3557 = DIRECTION ( 'NONE',  ( -1.000000000000000000, 0.000000000000000000, 2.168404344971008868E-16 ) ) ;
#3558 = LINE ( 'NONE', #1303, #453 ) ;
#3559 = CARTESIAN_POINT ( 'NONE',  ( 46.06346891345411620, -168.0616090356724897, 5.400000000000000355 ) ) ;
#3560 = ORIENTED_EDGE ( 'NONE', *, *, #3521, .F. ) ;
#3561 = EDGE_LOOP ( 'NONE', ( #626, #2260, #147, #416 ) ) ;
#3562 = DIRECTION ( 'NONE',  ( 1.000000000000000000, 0.000000000000000000, 0.000000000000000000 ) ) ;
#3563 = LINE ( 'NONE', #1488, #21 ) ;
#3564 = B_SPLINE_CURVE_WITH_KNOTS ( 'NONE', 3,
 ( #425, #461, #1578, #3234 ),
 .UNSPECIFIED., .F., .F.,
 ( 4, 4 ),
 ( 8.673617379884035472E-19, 0.0001008976668415619292 ),
 .UNSPECIFIED. ) ;
#3565 = EDGE_CURVE ( 'NONE', #979, #2380, #1245, .T. ) ;
#3566 = FACE_OUTER_BOUND ( 'NONE', #2871, .T. ) ;
#3567 = ORIENTED_EDGE ( 'NONE', *, *, #3025, .F. ) ;
#3568 = ORIENTED_EDGE ( 'NONE', *, *, #1851, .F. ) ;
#3569 = AXIS2_PLACEMENT_3D ( 'NONE', #1135, #2266, #3545 ) ;
#3570 = FACE_OUTER_BOUND ( 'NONE', #3301, .T. ) ;
#3571 = EDGE_CURVE ( 'NONE', #1381, #2250, #2638, .T. ) ;
#3572 = CARTESIAN_POINT ( 'NONE',  ( 48.60049140560456493, -4.000000000000000888, -8.000000000000000000 ) ) ;
#3573 = CARTESIAN_POINT ( 'NONE',  ( 4.080361261531042061, 6.658179190006854320, 4.399128207480039521 ) ) ;
#3574 = VERTEX_POINT ( 'NONE', #654 ) ;
#3575 = VECTOR ( 'NONE', #2548, 1000.000000000000114 ) ;
#3576 = ORIENTED_EDGE ( 'NONE', *, *, #897, .T. ) ;
#3577 = VERTEX_POINT ( 'NONE', #1769 ) ;
#3578 = CARTESIAN_POINT ( 'NONE',  ( 15.00000000000000000, -2.000000000000005773, 3.699999999999999734 ) ) ;
#3579 = CARTESIAN_POINT ( 'NONE',  ( 55.16499999999999915, -3.975464749586530436E-15, 5.600000000000014744 ) ) ;
#3580 = AXIS2_PLACEMENT_3D ( 'NONE', #1790, #3549, #2679 ) ;
#3581 = CARTESIAN_POINT ( 'NONE',  ( 49.00049140560457772, -2.000000000000000888, -2.200000000000000178 ) ) ;
#3582 = ORIENTED_EDGE ( 'NONE', *, *, #345, .F. ) ;
#3583 = DIRECTION ( 'NONE',  ( -1.000000000000000000, -0.000000000000000000, -0.000000000000000000 ) ) ;
#3584 = VECTOR ( 'NONE', #2307, 1000.000000000000227 ) ;
#3585 = DIRECTION ( 'NONE',  ( -0.000000000000000000, -0.000000000000000000, -1.000000000000000000 ) ) ;
#3586 = ORIENTED_EDGE ( 'NONE', *, *, #3399, .F. ) ;
#3587 = ORIENTED_EDGE ( 'NONE', *, *, #506, .F. ) ;
#3588 = CARTESIAN_POINT ( 'NONE',  ( -1.355252715606880543E-17, -3.500000000000000888, -7.500000000000000000 ) ) ;
#3589 = CARTESIAN_POINT ( 'NONE',  ( 5.578087984856408887, 8.885348577648928270, 2.227187146355717573 ) ) ;
#3590 = VERTEX_POINT ( 'NONE', #2936 ) ;
#3591 = EDGE_LOOP ( 'NONE', ( #1239, #3193, #1149, #2951, #3013, #1718 ) ) ;
#3592 = ADVANCED_FACE ( 'NONE', ( #2105 ), #1548, .T. ) ;
#3593 = EDGE_LOOP ( 'NONE', ( #1835, #3167, #2132, #2209, #714 ) ) ;
#3594 = AXIS2_PLACEMENT_3D ( 'NONE', #1691, #536, #3397 ) ;
#3595 = CARTESIAN_POINT ( 'NONE',  ( 52.14000000000000057, -4.345920406328604417E-15, -5.600000000000006750 ) ) ;
#3596 = CARTESIAN_POINT ( 'NONE',  ( 50.62169744412505423, 10.15553333650298917, -5.200000000000000178 ) ) ;
#3597 = FACE_OUTER_BOUND ( 'NONE', #1131, .T. ) ;
#3598 = CARTESIAN_POINT ( 'NONE',  ( 22.50049140560457417, -4.000000000000000888, -2.200000000000000622 ) ) ;
#3599 = TOROIDAL_SURFACE ( 'NONE', #1982, 1.000000000000000000, 0.5000000000000000000 ) ;
#3600 = CARTESIAN_POINT ( 'NONE',  ( 46.12501084212602365, -2.000000000000001332, 5.400000000000000355 ) ) ;
#3601 = VERTEX_POINT ( 'NONE', #155 ) ;
#3602 = ORIENTED_EDGE ( 'NONE', *, *, #138, .T. ) ;
#3603 = LINE ( 'NONE', #762, #624 ) ;
#3604 = CYLINDRICAL_SURFACE ( 'NONE', #2786, 1.499999999999999556 ) ;
#3605 = ORIENTED_EDGE ( 'NONE', *, *, #2591, .T. ) ;
#3606 = EDGE_CURVE ( 'NONE', #981, #1685, #3484, .T. ) ;
#3607 = ORIENTED_EDGE ( 'NONE', *, *, #3444, .T. ) ;
#3608 = DIRECTION ( 'NONE',  ( 1.224646799147353207E-16, 1.000000000000000000, -0.000000000000000000 ) ) ;
#3609 = FACE_OUTER_BOUND ( 'NONE', #3028, .T. ) ;
#3610 = EDGE_CURVE ( 'NONE', #3479, #3033, #2918, .T. ) ;
#3611 = CARTESIAN_POINT ( 'NONE',  ( 46.06346891345411620, -168.0616090356724897, -5.400000000000000355 ) ) ;
#3612 = ORIENTED_EDGE ( 'NONE', *, *, #1413, .T. ) ;
#3613 = DIRECTION ( 'NONE',  ( 0.000000000000000000, 0.000000000000000000, -1.000000000000000000 ) ) ;
#3614 = EDGE_CURVE ( 'NONE', #399, #169, #1122, .T. ) ;
#3615 = DIRECTION ( 'NONE',  ( 0.000000000000000000, 0.000000000000000000, 1.000000000000000000 ) ) ;
#3616 = ORIENTED_EDGE ( 'NONE', *, *, #1299, .T. ) ;
#3617 = DIRECTION ( 'NONE',  ( -1.000000000000000000, 0.000000000000000000, -0.000000000000000000 ) ) ;
#3618 = DIRECTION ( 'NONE',  ( -0.000000000000000000, -0.000000000000000000, -1.000000000000000000 ) ) ;
#3619 = ORIENTED_EDGE ( 'NONE', *, *, #3108, .F. ) ;
#3620 = ORIENTED_EDGE ( 'NONE', *, *, #1172, .F. ) ;
#3621 = AXIS2_PLACEMENT_3D ( 'NONE', #2396, #1272, #952 ) ;
#3622 = DIRECTION ( 'NONE',  ( 1.000000000000000000, -1.381365446071397979E-15, -0.000000000000000000 ) ) ;
#3623 = EDGE_CURVE ( 'NONE', #2564, #1657, #305, .T. ) ;
#3624 = DIRECTION ( 'NONE',  ( 1.000000000000000000, 0.000000000000000000, 0.000000000000000000 ) ) ;
#3625 = DIRECTION ( 'NONE',  ( -0.000000000000000000, 0.000000000000000000, 1.000000000000000000 ) ) ;
#3626 = AXIS2_PLACEMENT_3D ( 'NONE', #779, #1667, #820 ) ;
#3627 = VERTEX_POINT ( 'NONE', #135 ) ;
#3628 = DIRECTION ( 'NONE',  ( -0.000000000000000000, 1.000000000000000000, -0.000000000000000000 ) ) ;
#3629 = VECTOR ( 'NONE', #1062, 1000.000000000000000 ) ;
#3630 = DIRECTION ( 'NONE',  ( 1.000000000000000000, 0.000000000000000000, 0.000000000000000000 ) ) ;
#3631 = CARTESIAN_POINT ( 'NONE',  ( 7.766731223238317661, 9.662734546095530064, -8.000000000000000000 ) ) ;
#3632 = EDGE_CURVE ( 'NONE', #2489, #423, #2661, .T. ) ;
#3633 = LINE ( 'NONE', #1938, #605 ) ;
#3634 = VERTEX_POINT ( 'NONE', #1980 ) ;
#3635 = CIRCLE ( 'NONE', #739, 175.2599999999999625 ) ;
#3636 = DIRECTION ( 'NONE',  ( 1.000000000000000000, 0.000000000000000000, 0.000000000000000000 ) ) ;
#3637 = ORIENTED_EDGE ( 'NONE', *, *, #377, .F. ) ;
#3638 = CARTESIAN_POINT ( 'NONE',  ( 52.14000000000000057, -4.000000000000005329, 7.500000000000000000 ) ) ;
#3639 = AXIS2_PLACEMENT_3D ( 'NONE', #1014, #997, #2382 ) ;
#3640 = EDGE_LOOP ( 'NONE', ( #3340, #2764, #2342, #2770 ) ) ;
#3641 = DIRECTION ( 'NONE',  ( -0.000000000000000000, -0.000000000000000000, -1.000000000000000000 ) ) ;
#3642 = CIRCLE ( 'NONE', #1326, 3.500000000000003109 ) ;
#3643 = DIRECTION ( 'NONE',  ( 0.000000000000000000, 0.000000000000000000, 1.000000000000000000 ) ) ;
#3644 = DIRECTION ( 'NONE',  ( 1.000000000000000000, 0.000000000000000000, 0.000000000000000000 ) ) ;
#3645 = TOROIDAL_SURFACE ( 'NONE', #1687, 3.500000000000000888, 0.5000000000000000000 ) ;
#3646 = ORIENTED_EDGE ( 'NONE', *, *, #2083, .F. ) ;
#3647 = VERTEX_POINT ( 'NONE', #3381 ) ;
#3648 = DIRECTION ( 'NONE',  ( 1.000000000000000000, 3.469446951953611033E-15, 0.000000000000000000 ) ) ;
#3649 = CARTESIAN_POINT ( 'NONE',  ( 2.729660544970658798, -5.566772252322746972, 2.200000000000000178 ) ) ;
#3650 = DIRECTION ( 'NONE',  ( 0.5214443283868437362, -0.8532853053892311967, 0.000000000000000000 ) ) ;
#3651 = EDGE_CURVE ( 'NONE', #833, #349, #2798, .T. ) ;
#3652 = AXIS2_PLACEMENT_3D ( 'NONE', #930, #2058, #3441 ) ;
#3653 = CIRCLE ( 'NONE', #2556, 4.000000000000000000 ) ;
#3654 = EDGE_CURVE ( 'NONE', #1778, #2580, #836, .T. ) ;
#3655 = DIRECTION ( 'NONE',  ( -2.977001517945642039E-43, -1.000000000000000000, 0.000000000000000000 ) ) ;
#3656 = ORIENTED_EDGE ( 'NONE', *, *, #1987, .T. ) ;
#3657 = ORIENTED_EDGE ( 'NONE', *, *, #595, .T. ) ;
#3658 = FACE_OUTER_BOUND ( 'NONE', #1221, .T. ) ;
ENDSEC;
END-ISO-10303-21;
